year,site,hybrid,predicted_yield_mg_ha
2024,deh1,01CSI6/LH287,7.932996921901814
2024,deh1,01DIB2/LH287,7.932996921901814
2024,deh1,01DIB2/PHP02,7.771298135201032
2024,deh1,2369/LH123HT,9.594776141030069
2024,deh1,2FACC/PHP02,8.119948097058401
2024,deh1,6F629/LH287,7.982253585742018
2024,deh1,6F629/PHP02,7.820554799041239
2024,deh1,B14A/OH43,7.464946093184708
2024,deh1,B37/H95,7.3872880129534995
2024,deh1,B73/MO17,8.948851822100488
2024,deh1,B73/PHN82,9.625074436154385
2024,deh1,B73/TX779,6.782879319735302
2024,deh1,CG119/CG108,4.182139011483939
2024,deh1,CG44/CGR01,6.205052061402685
2024,deh1,DK3IIH6/LH244,9.104750697945592
2024,deh1,DKFBHJ/LH287,7.932996921901814
2024,deh1,DKFBHJ/PHP02,7.771298135201032
2024,deh1,FBLL/LH287,7.932996921901814
2024,deh1,FBLL/PHP02,7.771298135201032
2024,deh1,GEMS-0061_3AZA1_0001/LH287,7.932996921901814
2024,deh1,GEMS-0061_3AZA1_0001/PHP02,7.771298135201032
2024,deh1,GEMS-0061_3AZA1_0004/PHP02,7.771298135201032
2024,deh1,GEMS-0061_3AZA1_0005/PHP02,7.771298135201032
2024,deh1,GEMS-0061_3AZA1_0006/LH287,7.932996921901814
2024,deh1,GEMS-0061_3AZA1_0007/PHP02,7.771298135201032
2024,deh1,GEMS-0061_3AZA1_0009/LH287,7.932996921901814
2024,deh1,GEMS-0061_3AZA1_0009/PHP02,7.771298135201032
2024,deh1,GEMS-0061_3AZA1_0010/PHP02,7.771298135201032
2024,deh1,GEMS-0061_3AZA1_0012/PHP02,7.771298135201032
2024,deh1,GEMS-0061_3AZA1_0013/LH287,7.932996921901814
2024,deh1,GEMS-0061_3AZA1_0013/PHP02,7.771298135201032
2024,deh1,GEMS-0061_3AZA1_0016/PHP02,7.771298135201032
2024,deh1,GEMS-0061_3AZA1_0017/PHP02,7.771298135201032
2024,deh1,GEMS-0061_3AZA1_0021/LH287,7.932996921901814
2024,deh1,GEMS-0061_3AZA1_0021/PHP02,7.771298135201032
2024,deh1,GEMS-0061_3AZA1_0023/PHP02,7.771298135201032
2024,deh1,GEMS-0061_FBLL_0002/PHP02,7.771298135201032
2024,deh1,GEMS-0061_FBLL_0004/PHP02,7.771298135201032
2024,deh1,GEMS-0061_FBLL_0005/LH287,7.932996921901814
2024,deh1,GEMS-0061_FBLL_0005/PHP02,7.771298135201032
2024,deh1,GEMS-0061_FBLL_0008/LH287,7.932996921901814
2024,deh1,GEMS-0061_FBLL_0008/PHP02,7.771298135201032
2024,deh1,GEMS-0061_FBLL_0009/LH287,7.932996921901814
2024,deh1,GEMS-0061_FBLL_0009/PHP02,7.771298135201032
2024,deh1,GEMS-0061_FBLL_0010/LH287,7.932996921901814
2024,deh1,GEMS-0061_FBLL_0010/PHP02,7.771298135201032
2024,deh1,GEMS-0061_FBLL_0014/PHP02,7.771298135201032
2024,deh1,GEMS-0061_FBLL_0015/PHP02,7.771298135201032
2024,deh1,GEMS-0061_FBLL_0016/LH287,7.932996921901814
2024,deh1,GEMS-0061_FBLL_0016/PHP02,7.771298135201032
2024,deh1,GEMS-0061_FBLL_0017/PHP02,7.771298135201032
2024,deh1,GEMS-0061_FBLL_0019/PHP02,7.771298135201032
2024,deh1,GEMS-0061_FBLL_0023/LH287,7.932996921901814
2024,deh1,GEMS-0061_FBLL_0024/LH287,7.932996921901814
2024,deh1,GEMS-0061_FBLL_0025/PHP02,7.771298135201032
2024,deh1,GEMS-0061_FBLL_0026/LH287,7.932996921901814
2024,deh1,GEMS-0061_FBLL_0029/LH287,7.932996921901814
2024,deh1,GEMS-0061_FBLL_0029/PHP02,7.771298135201032
2024,deh1,GEMS-0061_FBLL_0031/LH287,7.932996921901814
2024,deh1,GEMS-0061_FBLL_0031/PHP02,7.771298135201032
2024,deh1,GEMS-0061_FBLL_0032/PHP02,7.771298135201032
2024,deh1,GEMS-0061_FBLL_0033/PHP02,7.771298135201032
2024,deh1,GEMS-0061_FBLL_0034/LH287,7.932996921901814
2024,deh1,GEMS-0061_FBLL_0035/PHP02,7.771298135201032
2024,deh1,GEMS-0061_FBLL_0039/LH287,7.932996921901814
2024,deh1,GEMS-0061_FBLL_0039/PHP02,7.771298135201032
2024,deh1,GEMS-0061_FBLL_0040/LH287,7.932996921901814
2024,deh1,GEMS-0061_FBLL_0040/PHP02,7.771298135201032
2024,deh1,GEMS-0061_FBLL_0042/PHP02,7.771298135201032
2024,deh1,GEMS-0061_FBLL_0044/LH287,7.932996921901814
2024,deh1,GEMS-0061_FBLL_0044/PHP02,7.771298135201032
2024,deh1,GEMS-0061_FBLL_0047/PHP02,7.771298135201032
2024,deh1,GEMS-0061_FBLL_0050/LH287,7.932996921901814
2024,deh1,GEMS-0061_FBLL_0050/PHP02,7.771298135201032
2024,deh1,GEMS-0061_PHB47_0001/LH287,7.932996921901814
2024,deh1,GEMS-0061_PHB47_0001/PHP02,7.771298135201032
2024,deh1,GEMS-0061_PHB47_0003/LH287,7.932996921901814
2024,deh1,GEMS-0061_PHB47_0004/LH287,7.932996921901814
2024,deh1,GEMS-0061_PHB47_0004/PHP02,7.771298135201032
2024,deh1,GEMS-0061_PHBW8_0002/PHP02,7.771298135201032
2024,deh1,GEMS-0113_3AZA1_0001/LH287,7.932996921901814
2024,deh1,GEMS-0113_3AZA1_0001/PHP02,7.771298135201032
2024,deh1,GEMS-0113_3AZA1_0002/LH287,7.932996921901814
2024,deh1,GEMS-0113_3AZA1_0003/PHP02,7.771298135201032
2024,deh1,GEMS-0113_3AZA1_0004/LH287,7.932996921901814
2024,deh1,GEMS-0113_3AZA1_0004/PHP02,7.771298135201032
2024,deh1,GEMS-0113_3AZA1_0005/PHP02,7.771298135201032
2024,deh1,GEMS-0113_3AZA1_0006/LH287,7.932996921901814
2024,deh1,GEMS-0113_3AZA1_0006/PHP02,7.771298135201032
2024,deh1,GEMS-0113_3AZA1_0007/PHP02,7.771298135201032
2024,deh1,GEMS-0113_3AZA1_0010/PHP02,7.771298135201032
2024,deh1,GEMS-0113_3AZA1_0011/PHP02,7.771298135201032
2024,deh1,GEMS-0113_3AZA1_0013/LH287,7.932996921901814
2024,deh1,GEMS-0113_3AZA1_0013/PHP02,7.771298135201032
2024,deh1,GEMS-0113_3AZA1_0014/PHP02,7.771298135201032
2024,deh1,GEMS-0113_3AZA1_0015/PHP02,7.771298135201032
2024,deh1,GEMS-0113_3AZA1_0016/LH287,7.932996921901814
2024,deh1,GEMS-0113_3AZA1_0016/PHP02,7.771298135201032
2024,deh1,GEMS-0113_3AZA1_0017/LH287,7.932996921901814
2024,deh1,GEMS-0113_3AZA1_0017/PHP02,7.771298135201032
2024,deh1,GEMS-0113_3AZA1_0018/PHP02,7.771298135201032
2024,deh1,GEMS-0113_3AZA1_0019/PHP02,7.771298135201032
2024,deh1,GEMS-0113_3AZA1_0025/LH287,7.932996921901814
2024,deh1,GEMS-0113_3AZA1_0025/PHP02,7.771298135201032
2024,deh1,GEMS-0113_3AZA1_0026/LH287,7.932996921901814
2024,deh1,GEMS-0113_3AZA1_0026/PHP02,7.771298135201032
2024,deh1,GEMS-0113_3AZA1_0027/PHP02,7.771298135201032
2024,deh1,GEMS-0113_3AZA1_0028/LH287,7.932996921901814
2024,deh1,GEMS-0113_3AZA1_0028/PHP02,7.771298135201032
2024,deh1,GEMS-0113_3AZA1_0029/PHP02,7.771298135201032
2024,deh1,GEMS-0113_3AZA1_0031/LH287,7.932996921901814
2024,deh1,GEMS-0113_3AZA1_0031/PHP02,7.771298135201032
2024,deh1,GEMS-0113_3AZA1_0038/LH287,7.932996921901814
2024,deh1,GEMS-0113_3AZA1_0038/PHP02,7.771298135201032
2024,deh1,GEMS-0113_FBLL_0002/PHP02,7.771298135201032
2024,deh1,GEMS-0113_FBLL_0003/PHP02,7.771298135201032
2024,deh1,GEMS-0113_FBLL_0004/PHP02,7.771298135201032
2024,deh1,GEMS-0113_FBLL_0005/LH287,7.932996921901814
2024,deh1,GEMS-0113_FBLL_0005/PHP02,7.771298135201032
2024,deh1,GEMS-0113_FBLL_0006/LH287,7.932996921901814
2024,deh1,GEMS-0113_FBLL_0008/LH287,7.932996921901814
2024,deh1,GEMS-0113_FBLL_0008/PHP02,7.771298135201032
2024,deh1,GEMS-0113_FBLL_0010/PHP02,7.771298135201032
2024,deh1,GEMS-0113_FBLL_0015/LH287,7.932996921901814
2024,deh1,GEMS-0113_PHB47_0001/PHP02,7.771298135201032
2024,deh1,GEMS-0113_PHB47_0003/PHP02,7.771298135201032
2024,deh1,GEMS-0113_PHB47_0004/LH287,7.932996921901814
2024,deh1,GEMS-0113_PHB47_0005/PHP02,7.771298135201032
2024,deh1,GEMS-0113_PHB47_0006/PHP02,7.771298135201032
2024,deh1,GEMS-0113_PHB47_0007/LH287,7.932996921901814
2024,deh1,GEMS-0113_PHB47_0007/PHP02,7.771298135201032
2024,deh1,GEMS-0113_PHB47_0009/LH287,7.932996921901814
2024,deh1,GEMS-0113_PHB47_0011/PHP02,7.771298135201032
2024,deh1,GEMS-0113_PHB47_0012/PHP02,7.771298135201032
2024,deh1,GEMS-0113_PHB47_0013/LH287,7.932996921901814
2024,deh1,GEMS-0113_PHB47_0013/PHP02,7.771298135201032
2024,deh1,GEMS-0113_PHB47_0014/PHP02,7.771298135201032
2024,deh1,GEMS-0113_PHB47_0015/LH287,7.932996921901814
2024,deh1,GEMS-0113_PHB47_0015/PHP02,7.771298135201032
2024,deh1,GEMS-0113_PHB47_0017/LH287,7.932996921901814
2024,deh1,GEMS-0113_PHB47_0017/PHP02,7.771298135201032
2024,deh1,GEMS-0113_PHB47_0019/LH287,7.932996921901814
2024,deh1,GEMS-0113_PHB47_0019/PHP02,7.771298135201032
2024,deh1,GEMS-0113_PHB47_0020/PHP02,7.771298135201032
2024,deh1,GEMS-0113_PHB47_0021/PHP02,7.771298135201032
2024,deh1,GEMS-0113_PHBW8_0002/LH287,7.932996921901814
2024,deh1,GEMS-0113_PHBW8_0002/PHP02,7.771298135201032
2024,deh1,GEMS-0113_PHBW8_0004/PHP02,7.771298135201032
2024,deh1,GEMS-0113_PHBW8_0005/PHP02,7.771298135201032
2024,deh1,GEMS-0113_PHBW8_0006/LH287,7.932996921901814
2024,deh1,GEMS-0113_PHBW8_0006/PHP02,7.771298135201032
2024,deh1,GEMS-0113_PHBW8_0007/LH287,7.932996921901814
2024,deh1,GEMS-0113_PHBW8_0008/PHP02,7.771298135201032
2024,deh1,GEMS-0113_PHBW8_0010/PHP02,7.771298135201032
2024,deh1,GEMS-0113_PHBW8_0011/LH287,7.932996921901814
2024,deh1,GEMS-0113_PHBW8_0011/PHP02,7.771298135201032
2024,deh1,GEMS-0113_PHBW8_0012/LH287,7.932996921901814
2024,deh1,GEMS-0113_PHBW8_0012/PHP02,7.771298135201032
2024,deh1,GEMS-0113_PHBW8_0013/LH287,7.932996921901814
2024,deh1,GEMS-0113_PHBW8_0014/LH287,7.932996921901814
2024,deh1,GEMS-0113_PHBW8_0014/PHP02,7.771298135201032
2024,deh1,GEMS-0113_PHBW8_0017/LH287,7.932996921901814
2024,deh1,GEMS-0113_PHBW8_0017/PHP02,7.771298135201032
2024,deh1,GEMS-0219_3AZA1_0001/LH287,7.932996921901814
2024,deh1,GEMS-0219_3AZA1_0002/PHP02,7.771298135201032
2024,deh1,GEMS-0219_3AZA1_0003/PHP02,7.771298135201032
2024,deh1,GEMS-0219_3AZA1_0004/PHP02,7.771298135201032
2024,deh1,GEMS-0219_3AZA1_0005/LH287,7.932996921901814
2024,deh1,GEMS-0219_3AZA1_0005/PHP02,7.771298135201032
2024,deh1,GEMS-0219_3AZA1_0007/LH287,7.932996921901814
2024,deh1,GEMS-0219_3AZA1_0007/PHP02,7.771298135201032
2024,deh1,GEMS-0219_3AZA1_0008/LH287,7.932996921901814
2024,deh1,GEMS-0219_3AZA1_0008/PHP02,7.771298135201032
2024,deh1,GEMS-0219_3AZA1_0009/PHP02,7.771298135201032
2024,deh1,GEMS-0219_3AZA1_0010/PHP02,7.771298135201032
2024,deh1,GEMS-0219_3AZA1_0012/LH287,7.932996921901814
2024,deh1,GEMS-0219_3AZA1_0012/PHP02,7.771298135201032
2024,deh1,GEMS-0219_3AZA1_0014/PHP02,7.771298135201032
2024,deh1,GEMS-0219_FBLL_0002/PHP02,7.771298135201032
2024,deh1,GEMS-0219_FBLL_0003/PHP02,7.771298135201032
2024,deh1,GEMS-0219_FBLL_0004/LH287,7.932996921901814
2024,deh1,GEMS-0219_FBLL_0004/PHP02,7.771298135201032
2024,deh1,GEMS-0219_FBLL_0005/LH287,7.932996921901814
2024,deh1,GEMS-0219_FBLL_0005/PHP02,7.771298135201032
2024,deh1,GEMS-0219_FBLL_0006/LH287,7.932996921901814
2024,deh1,GEMS-0219_FBLL_0006/PHP02,7.771298135201032
2024,deh1,GEMS-0219_FBLL_0007/PHP02,7.771298135201032
2024,deh1,GEMS-0219_FBLL_0008/LH287,7.932996921901814
2024,deh1,GEMS-0219_FBLL_0008/PHP02,7.771298135201032
2024,deh1,GEMS-0219_FBLL_0009/PHP02,7.771298135201032
2024,deh1,GEMS-0219_FBLL_0010/PHP02,7.771298135201032
2024,deh1,GEMS-0219_FBLL_0011/LH287,7.932996921901814
2024,deh1,GEMS-0219_FBLL_0012/LH287,7.932996921901814
2024,deh1,GEMS-0219_FBLL_0012/PHP02,7.771298135201032
2024,deh1,GEMS-0219_FBLL_0013/LH287,7.932996921901814
2024,deh1,GEMS-0219_FBLL_0013/PHP02,7.771298135201032
2024,deh1,GEMS-0219_FBLL_0015/LH287,7.932996921901814
2024,deh1,GEMS-0219_FBLL_0015/PHP02,7.771298135201032
2024,deh1,GEMS-0219_FBLL_0017/PHP02,7.771298135201032
2024,deh1,GEMS-0219_FBLL_0018/LH287,7.932996921901814
2024,deh1,GEMS-0219_FBLL_0019/PHP02,7.771298135201032
2024,deh1,GEMS-0219_FBLL_0020/LH287,7.932996921901814
2024,deh1,GEMS-0219_FBLL_0020/PHP02,7.771298135201032
2024,deh1,GEMS-0219_FBLL_0021/PHP02,7.771298135201032
2024,deh1,GEMS-0219_FBLL_0022/PHP02,7.771298135201032
2024,deh1,GEMS-0219_FBLL_0023/LH287,7.932996921901814
2024,deh1,GEMS-0219_FBLL_0025/LH287,7.932996921901814
2024,deh1,GEMS-0219_FBLL_0025/PHP02,7.771298135201032
2024,deh1,GEMS-0219_FBLL_0027/PHP02,7.771298135201032
2024,deh1,GEMS-0219_FBLL_0028/LH287,7.932996921901814
2024,deh1,GEMS-0219_FBLL_0030/PHP02,7.771298135201032
2024,deh1,GEMS-0219_PHB47_0001/LH287,7.932996921901814
2024,deh1,GEMS-0219_PHB47_0001/PHP02,7.771298135201032
2024,deh1,GEMS-0219_PHB47_0002/PHP02,7.771298135201032
2024,deh1,GEMS-0219_PHB47_0003/LH287,7.932996921901814
2024,deh1,GEMS-0219_PHB47_0003/PHP02,7.771298135201032
2024,deh1,GEMS-0219_PHB47_0004/PHP02,7.771298135201032
2024,deh1,GEMS-0219_PHB47_0006/LH287,7.932996921901814
2024,deh1,GEMS-0219_PHB47_0006/PHP02,7.771298135201032
2024,deh1,GEMS-0219_PHB47_0011/PHP02,7.771298135201032
2024,deh1,GEMS-0219_PHB47_0014/LH287,7.932996921901814
2024,deh1,GEMS-0219_PHB47_0017/LH287,7.932996921901814
2024,deh1,GEMS-0219_PHB47_0017/PHP02,7.771298135201032
2024,deh1,GEMS-0219_PHBW8_0001/LH287,7.932996921901814
2024,deh1,GEMS-0219_PHBW8_0001/PHP02,7.771298135201032
2024,deh1,GEMS-0219_PHBW8_0002/PHP02,7.771298135201032
2024,deh1,GEMS-0219_PHBW8_0003/LH287,7.932996921901814
2024,deh1,GEMS-0219_PHBW8_0003/PHP02,7.771298135201032
2024,deh1,GEMS-0219_PHBW8_0004/PHP02,7.771298135201032
2024,deh1,GEMS-0219_PHBW8_0006/PHP02,7.771298135201032
2024,deh1,GEMS-0219_PHBW8_0008/LH287,7.932996921901814
2024,deh1,GEMS-0219_PHBW8_0008/PHP02,7.771298135201032
2024,deh1,GEMS-0227_3AZA1_0002/PHP02,7.771298135201032
2024,deh1,GEMS-0227_3AZA1_0003/LH287,7.932996921901814
2024,deh1,GEMS-0227_3AZA1_0003/PHP02,7.771298135201032
2024,deh1,GEMS-0227_3AZA1_0004/PHP02,7.771298135201032
2024,deh1,GEMS-0227_3AZA1_0006/PHP02,7.771298135201032
2024,deh1,GEMS-0227_3AZA1_0007/LH287,7.932996921901814
2024,deh1,GEMS-0227_3AZA1_0007/PHP02,7.771298135201032
2024,deh1,GEMS-0227_3AZA1_0008/LH287,7.932996921901814
2024,deh1,GEMS-0227_3AZA1_0008/PHP02,7.771298135201032
2024,deh1,GEMS-0227_3AZA1_0009/PHP02,7.771298135201032
2024,deh1,GEMS-0227_3AZA1_0010/LH287,7.932996921901814
2024,deh1,GEMS-0227_3AZA1_0011/PHP02,7.771298135201032
2024,deh1,GEMS-0227_3AZA1_0012/PHP02,7.771298135201032
2024,deh1,GEMS-0227_3AZA1_0013/LH287,7.932996921901814
2024,deh1,GEMS-0227_3AZA1_0013/PHP02,7.771298135201032
2024,deh1,GEMS-0227_3AZA1_0014/LH287,7.932996921901814
2024,deh1,GEMS-0227_3AZA1_0015/PHP02,7.771298135201032
2024,deh1,GEMS-0227_3AZA1_0016/LH287,7.932996921901814
2024,deh1,GEMS-0227_3AZA1_0016/PHP02,7.771298135201032
2024,deh1,GEMS-0227_3AZA1_0017/LH287,7.932996921901814
2024,deh1,GEMS-0227_3AZA1_0018/LH287,7.932996921901814
2024,deh1,GEMS-0227_3AZA1_0018/PHP02,7.771298135201032
2024,deh1,GEMS-0227_3AZA1_0022/LH287,7.932996921901814
2024,deh1,GEMS-0227_3AZA1_0023/LH287,7.932996921901814
2024,deh1,GEMS-0227_3AZA1_0024/LH287,7.932996921901814
2024,deh1,GEMS-0227_3AZA1_0025/PHP02,7.771298135201032
2024,deh1,GEMS-0227_3AZA1_0029/LH287,7.932996921901814
2024,deh1,GEMS-0227_3AZA1_0029/PHP02,7.771298135201032
2024,deh1,GEMS-0227_3AZA1_0030/LH287,7.932996921901814
2024,deh1,GEMS-0227_3AZA1_0030/PHP02,7.771298135201032
2024,deh1,GEMS-0227_3AZA1_0031/LH287,7.932996921901814
2024,deh1,GEMS-0227_3AZA1_0034/PHP02,7.771298135201032
2024,deh1,GEMS-0227_3AZA1_0035/LH287,7.932996921901814
2024,deh1,GEMS-0227_3AZA1_0036/PHP02,7.771298135201032
2024,deh1,GEMS-0227_3AZA1_0040/LH287,7.932996921901814
2024,deh1,GEMS-0227_3AZA1_0040/PHP02,7.771298135201032
2024,deh1,GEMS-0227_3AZA1_0043/LH287,7.932996921901814
2024,deh1,GEMS-0227_3AZA1_0043/PHP02,7.771298135201032
2024,deh1,GEMS-0227_3AZA1_0045/PHP02,7.771298135201032
2024,deh1,GEMS-0227_3AZA1_0046/PHP02,7.771298135201032
2024,deh1,GEMS-0227_3AZA1_0049/PHP02,7.771298135201032
2024,deh1,GEMS-0227_FBLL_0001/LH287,7.932996921901814
2024,deh1,GEMS-0227_FBLL_0002/LH287,7.932996921901814
2024,deh1,GEMS-0227_FBLL_0002/PHP02,7.771298135201032
2024,deh1,GEMS-0227_FBLL_0004/LH287,7.932996921901814
2024,deh1,GEMS-0227_FBLL_0004/PHP02,7.771298135201032
2024,deh1,GEMS-0227_FBLL_0005/LH287,7.932996921901814
2024,deh1,GEMS-0227_FBLL_0005/PHP02,7.771298135201032
2024,deh1,GEMS-0227_FBLL_0008/LH287,7.932996921901814
2024,deh1,GEMS-0227_FBLL_0010/LH287,7.932996921901814
2024,deh1,GEMS-0227_FBLL_0010/PHP02,7.771298135201032
2024,deh1,GEMS-0227_FBLL_0013/LH287,7.932996921901814
2024,deh1,GEMS-0227_FBLL_0014/LH287,7.932996921901814
2024,deh1,GEMS-0227_FBLL_0014/PHP02,7.771298135201032
2024,deh1,GEMS-0227_FBLL_0015/PHP02,7.771298135201032
2024,deh1,GEMS-0227_FBLL_0017/LH287,7.932996921901814
2024,deh1,GEMS-0227_FBLL_0017/PHP02,7.771298135201032
2024,deh1,GEMS-0227_FBLL_0018/PHP02,7.771298135201032
2024,deh1,GEMS-0227_FBLL_0020/PHP02,7.771298135201032
2024,deh1,GEMS-0227_FBLL_0021/LH287,7.932996921901814
2024,deh1,GEMS-0227_FBLL_0021/PHP02,7.771298135201032
2024,deh1,GEMS-0227_FBLL_0022/PHP02,7.771298135201032
2024,deh1,GEMS-0227_FBLL_0023/LH287,7.932996921901814
2024,deh1,GEMS-0227_FBLL_0025/PHP02,7.771298135201032
2024,deh1,GEMS-0227_FBLL_0026/LH287,7.932996921901814
2024,deh1,GEMS-0227_FBLL_0026/PHP02,7.771298135201032
2024,deh1,GEMS-0227_FBLL_0027/PHP02,7.771298135201032
2024,deh1,GEMS-0227_FBLL_0028/LH287,7.932996921901814
2024,deh1,GEMS-0227_FBLL_0028/PHP02,7.771298135201032
2024,deh1,GEMS-0227_FBLL_0029/LH287,7.932996921901814
2024,deh1,GEMS-0227_FBLL_0030/PHP02,7.771298135201032
2024,deh1,GEMS-0227_FBLL_0032/PHP02,7.771298135201032
2024,deh1,GEMS-0227_FBLL_0033/PHP02,7.771298135201032
2024,deh1,GEMS-0227_FBLL_0034/LH287,7.932996921901814
2024,deh1,GEMS-0227_FBLL_0034/PHP02,7.771298135201032
2024,deh1,GEMS-0227_FBLL_0035/PHP02,7.771298135201032
2024,deh1,GEMS-0227_FBLL_0036/PHP02,7.771298135201032
2024,deh1,GEMS-0227_FBLL_0037/PHP02,7.771298135201032
2024,deh1,GEMS-0227_FBLL_0038/PHP02,7.771298135201032
2024,deh1,GEMS-0227_FBLL_0039/LH287,7.932996921901814
2024,deh1,GEMS-0227_FBLL_0040/PHP02,7.771298135201032
2024,deh1,GEMS-0227_FBLL_0041/LH287,7.932996921901814
2024,deh1,GEMS-0227_FBLL_0041/PHP02,7.771298135201032
2024,deh1,GEMS-0227_FBLL_0042/LH287,7.932996921901814
2024,deh1,GEMS-0227_FBLL_0043/LH287,7.932996921901814
2024,deh1,GEMS-0227_FBLL_0043/PHP02,7.771298135201032
2024,deh1,GEMS-0227_FBLL_0044/LH287,7.932996921901814
2024,deh1,GEMS-0227_FBLL_0044/PHP02,7.771298135201032
2024,deh1,GEMS-0227_FBLL_0045/PHP02,7.771298135201032
2024,deh1,GEMS-0227_FBLL_0047/LH287,7.932996921901814
2024,deh1,GEMS-0227_FBLL_0047/PHP02,7.771298135201032
2024,deh1,GEMS-0227_FBLL_0048/PHP02,7.771298135201032
2024,deh1,GEMS-0227_FBLL_0049/PHP02,7.771298135201032
2024,deh1,GEMS-0227_FBLL_0050/LH287,7.932996921901814
2024,deh1,GEMS-0227_FBLL_0051/LH287,7.932996921901814
2024,deh1,GEMS-0227_FBLL_0051/PHP02,7.771298135201032
2024,deh1,GEMS-0227_FBLL_0052/LH287,7.932996921901814
2024,deh1,GEMS-0227_FBLL_0052/PHP02,7.771298135201032
2024,deh1,GEMS-0227_FBLL_0053/PHP02,7.771298135201032
2024,deh1,GEMS-0227_FBLL_0054/PHP02,7.771298135201032
2024,deh1,GEMS-0227_FBLL_0055/PHP02,7.771298135201032
2024,deh1,GEMS-0227_FBLL_0056/LH287,7.932996921901814
2024,deh1,GEMS-0227_FBLL_0056/PHP02,7.771298135201032
2024,deh1,GEMS-0227_FBLL_0057/LH287,7.932996921901814
2024,deh1,GEMS-0227_FBLL_0057/PHP02,7.771298135201032
2024,deh1,GEMS-0227_FBLL_0058/PHP02,7.771298135201032
2024,deh1,GEMS-0227_FBLL_0059/LH287,7.932996921901814
2024,deh1,GEMS-0227_FBLL_0062/PHP02,7.771298135201032
2024,deh1,GEMS-0227_FBLL_0063/PHP02,7.771298135201032
2024,deh1,GEMS-0227_FBLL_0064/LH287,7.932996921901814
2024,deh1,GEMS-0227_FBLL_0064/PHP02,7.771298135201032
2024,deh1,GEMS-0227_FBLL_0066/PHP02,7.771298135201032
2024,deh1,GEMS-0227_FBLL_0067/PHP02,7.771298135201032
2024,deh1,GEMS-0227_FBLL_0071/LH287,7.932996921901814
2024,deh1,GEMS-0227_FBLL_0071/PHP02,7.771298135201032
2024,deh1,GEMS-0227_FBLL_0073/PHP02,7.771298135201032
2024,deh1,GEMS-0227_FBLL_0075/LH287,7.932996921901814
2024,deh1,GEMS-0227_FBLL_0075/PHP02,7.771298135201032
2024,deh1,GEMS-0227_FBLL_0079/PHP02,7.771298135201032
2024,deh1,GEMS-0227_FBLL_0082/PHP02,7.771298135201032
2024,deh1,GEMS-0227_FBLL_0084/LH287,7.932996921901814
2024,deh1,GEMS-0227_FBLL_0085/LH287,7.932996921901814
2024,deh1,GEMS-0227_FBLL_0085/PHP02,7.771298135201032
2024,deh1,GEMS-0227_FBLL_0086/PHP02,7.771298135201032
2024,deh1,GEMS-0227_FBLL_0087/PHP02,7.771298135201032
2024,deh1,GEMS-0227_FBLL_0088/LH287,7.932996921901814
2024,deh1,GEMS-0227_FBLL_0089/LH287,7.932996921901814
2024,deh1,GEMS-0227_FBLL_0090/PHP02,7.771298135201032
2024,deh1,GEMS-0227_FBLL_0093/PHP02,7.771298135201032
2024,deh1,GEMS-0227_FBLL_0094/PHP02,7.771298135201032
2024,deh1,GEMS-0227_FBLL_0095/PHP02,7.771298135201032
2024,deh1,GEMS-0227_FBLL_0097/LH287,7.932996921901814
2024,deh1,GEMS-0227_FBLL_0097/PHP02,7.771298135201032
2024,deh1,GEMS-0227_FBLL_0098/LH287,7.932996921901814
2024,deh1,GEMS-0227_FBLL_0098/PHP02,7.771298135201032
2024,deh1,GEMS-0227_FBLL_0101/PHP02,7.771298135201032
2024,deh1,GEMS-0227_FBLL_0102/PHP02,7.771298135201032
2024,deh1,GEMS-0227_FBLL_0104/PHP02,7.771298135201032
2024,deh1,GEMS-0227_FBLL_0105/PHP02,7.771298135201032
2024,deh1,GEMS-0227_FBLL_0107/PHP02,7.771298135201032
2024,deh1,GEMS-0227_FBLL_0110/LH287,7.932996921901814
2024,deh1,GEMS-0227_FBLL_0110/PHP02,7.771298135201032
2024,deh1,GEMS-0227_FBLL_0111/PHP02,7.771298135201032
2024,deh1,GEMS-0227_FBLL_0113/LH287,7.932996921901814
2024,deh1,GEMS-0227_FBLL_0113/PHP02,7.771298135201032
2024,deh1,GEMS-0227_FBLL_0114/LH287,7.932996921901814
2024,deh1,GEMS-0227_FBLL_0114/PHP02,7.771298135201032
2024,deh1,GEMS-0227_FBLL_0115/LH287,7.932996921901814
2024,deh1,GEMS-0227_FBLL_0115/PHP02,7.771298135201032
2024,deh1,GEMS-0227_FBLL_0116/PHP02,7.771298135201032
2024,deh1,GEMS-0227_FBLL_0117/PHP02,7.771298135201032
2024,deh1,GEMS-0227_FBLL_0121/LH287,7.932996921901814
2024,deh1,GEMS-0227_FBLL_0121/PHP02,7.771298135201032
2024,deh1,GEMS-0227_FBLL_0124/PHP02,7.771298135201032
2024,deh1,GEMS-0227_FBLL_0125/PHP02,7.771298135201032
2024,deh1,GEMS-0227_FBLL_0127/PHP02,7.771298135201032
2024,deh1,GEMS-0227_FBLL_0133/LH287,7.932996921901814
2024,deh1,GEMS-0227_FBLL_0133/PHP02,7.771298135201032
2024,deh1,GEMS-0227_FBLL_0136/PHP02,7.771298135201032
2024,deh1,GEMS-0227_FBLL_0140/PHP02,7.771298135201032
2024,deh1,GEMS-0227_FBLL_0141/LH287,7.932996921901814
2024,deh1,GEMS-0227_FBLL_0141/PHP02,7.771298135201032
2024,deh1,GEMS-0227_PHB47_0001/LH287,7.932996921901814
2024,deh1,GEMS-0227_PHB47_0002/LH287,7.932996921901814
2024,deh1,GEMS-0227_PHB47_0002/PHP02,7.771298135201032
2024,deh1,GEMS-0227_PHB47_0003/LH287,7.932996921901814
2024,deh1,GEMS-0227_PHB47_0004/PHP02,7.771298135201032
2024,deh1,GEMS-0227_PHB47_0007/PHP02,7.771298135201032
2024,deh1,GEMS-0227_PHB47_0009/LH287,7.932996921901814
2024,deh1,GEMS-0227_PHB47_0010/PHP02,7.771298135201032
2024,deh1,GEMS-0227_PHB47_0011/PHP02,7.771298135201032
2024,deh1,GEMS-0227_PHB47_0012/PHP02,7.771298135201032
2024,deh1,GEMS-0227_PHB47_0014/PHP02,7.771298135201032
2024,deh1,GEMS-0227_PHB47_0016/PHP02,7.771298135201032
2024,deh1,GEMS-0227_PHB47_0022/PHP02,7.771298135201032
2024,deh1,GEMS-0227_PHB47_0023/PHP02,7.771298135201032
2024,deh1,GEMS-0227_PHB47_0024/LH287,7.932996921901814
2024,deh1,GEMS-0227_PHB47_0024/PHP02,7.771298135201032
2024,deh1,GEMS-0227_PHB47_0025/PHP02,7.771298135201032
2024,deh1,GEMS-0227_PHB47_0026/LH287,7.932996921901814
2024,deh1,GEMS-0227_PHB47_0026/PHP02,7.771298135201032
2024,deh1,GEMS-0227_PHBW8_0001/PHP02,7.771298135201032
2024,deh1,GEMS-0227_PHBW8_0003/PHP02,7.771298135201032
2024,deh1,GEMS-0227_PHBW8_0004/PHP02,7.771298135201032
2024,deh1,GEMS-0227_PHBW8_0005/LH287,7.932996921901814
2024,deh1,GEMS-0227_PHBW8_0005/PHP02,7.771298135201032
2024,deh1,GEMS-0227_PHBW8_0006/PHP02,7.771298135201032
2024,deh1,GEMS-0227_PHBW8_0007/PHP02,7.771298135201032
2024,deh1,GEMS-0227_PHBW8_0009/LH287,7.932996921901814
2024,deh1,GEMS-0227_PHBW8_0009/PHP02,7.771298135201032
2024,deh1,GEMS-0227_PHBW8_0010/PHP02,7.771298135201032
2024,deh1,GEMS-0227_PHBW8_0011/LH287,7.932996921901814
2024,deh1,GEMS-0227_PHBW8_0012/PHP02,7.771298135201032
2024,deh1,GEMS-0227_PHBW8_0013/PHP02,7.771298135201032
2024,deh1,GEMS-0227_PHBW8_0015/LH287,7.932996921901814
2024,deh1,GEMS-0227_PHBW8_0016/PHP02,7.771298135201032
2024,deh1,GEMS-0227_PHBW8_0017/PHP02,7.771298135201032
2024,deh1,GEMS-0227_PHBW8_0018/PHP02,7.771298135201032
2024,deh1,GEMS-0227_PHBW8_0019/LH287,7.932996921901814
2024,deh1,GEMS-0227_PHBW8_0020/PHP02,7.771298135201032
2024,deh1,GEMS-0227_PHBW8_0021/LH287,7.932996921901814
2024,deh1,GEMS-0227_PHBW8_0021/PHP02,7.771298135201032
2024,deh1,GEMS-0227_PHBW8_0022/LH287,7.932996921901814
2024,deh1,GEMS-0227_PHBW8_0022/PHP02,7.771298135201032
2024,deh1,GEMS-0227_PHBW8_0024/PHP02,7.771298135201032
2024,deh1,LH132/LH287,8.0268631087771265
2024,deh1,LH192/LH287,7.932996921901814
2024,deh1,LH193/PHP02,7.771298135201032
2024,deh1,LH195/LH287,8.1926043682812
2024,deh1,LH195/PHP02,8.043416810336486
2024,deh1,LH195/PHZ51,7.67150649755067
2024,deh1,LH197/LH287,7.932996921901814
2024,deh1,LH197/PHP02,7.771298135201032
2024,deh1,LH198/LH287,7.9214206984333435
2024,deh1,LH200/LH287,7.932996921901814
2024,deh1,LH204/LH287,7.932996921901814
2024,deh1,LH204/PHP02,7.771298135201032
2024,deh1,LH224/LH287,7.932996921901814
2024,deh1,LH224/PHP02,7.771298135201032
2024,deh1,LH225/LH287,7.932996921901814
2024,deh1,LH225/PHP02,7.771298135201032
2024,deh1,LH226HT/LH287,7.932996921901814
2024,deh1,LH226HT/PHP02,7.771298135201032
2024,deh1,LH228/PHP02,7.771298135201032
2024,deh1,LH231/PHP02,7.771298135201032
2024,deh1,LH234/LH287,7.932996921901814
2024,deh1,LH235/LH287,7.932996921901814
2024,deh1,LH235/PHP02,7.771298135201032
2024,deh1,LH236/PHP02,7.771298135201032
2024,deh1,LH237/LH287,7.932996921901814
2024,deh1,LH237/PHP02,7.771298135201032
2024,deh1,LH238/PHP02,7.771298135201032
2024,deh1,LH244/PHK76,7.812632185709453
2024,deh1,LH244/PHP02,8.065377609206296
2024,deh1,LH264/PHP02,7.771298135201032
2024,deh1,LH286/PHP02,7.771298135201032
2024,deh1,LH287/LH244,9.75496820734611
2024,deh1,LH292/LH287,7.932996921901814
2024,deh1,LH292/PHP02,7.771298135201032
2024,deh1,LH82/LH244,7.9903739601997525
2024,deh1,MM501D/LH244,9.04899858479328
2024,deh1,NKH8431/LH287,7.900520074520296
2024,deh1,PH05F/PHP02,7.771298135201032
2024,deh1,PH05G/PHP02,7.771298135201032
2024,deh1,PH05W/PHP02,7.771298135201032
2024,deh1,PH06N/LH287,7.932996921901814
2024,deh1,PH07D/PHP02,7.771298135201032
2024,deh1,PH080/PHP02,7.771298135201032
2024,deh1,PH09B/PHP02,7.771298135201032
2024,deh1,PH0B4/LH287,7.932996921901814
2024,deh1,PH0B4/PHP02,7.771298135201032
2024,deh1,PH12C/LH287,7.932996921901814
2024,deh1,PH1CA/LH287,7.932996921901814
2024,deh1,PH1CA/PHP02,7.771298135201032
2024,deh1,PH1GC/LH287,7.932996921901814
2024,deh1,PH1GC/PHP02,7.771298135201032
2024,deh1,PH1GG/LH287,7.932996921901814
2024,deh1,PH1GG/PHP02,7.771298135201032
2024,deh1,PH1TB/LH287,7.932996921901814
2024,deh1,PH1TB/PHP02,7.771298135201032
2024,deh1,PH1W2/LH287,7.932996921901814
2024,deh1,PH1W2/PHP02,7.771298135201032
2024,deh1,PH24E/LH244,9.309753771062812
2024,deh1,PH38D/PHP02,7.771298135201032
2024,deh1,PH42B/PHP02,7.771298135201032
2024,deh1,PH44A/LH287,7.932996921901814
2024,deh1,PH44A/PHP02,7.771298135201032
2024,deh1,PH55C/PHP02,7.771298135201032
2024,deh1,PH63A/PHP02,7.771298135201032
2024,deh1,PH79A/PHP02,7.771298135201032
2024,deh1,PHB47/PHN82,8.844583754441562
2024,deh1,PHB47/PHZ51,7.545793021979737
2024,deh1,PHBW8/LH287,7.932996921901814
2024,deh1,PHBW8/PHP02,7.771298135201032
2024,deh1,PHEW7/PHP02,7.771298135201032
2024,deh1,PHG29/PHG47,6.591296338935496
2024,deh1,PHG39/PHN82,8.971755989475914
2024,deh1,PHJ40/PHAJ0,4.771911601476109
2024,deh1,PHJ89/LH244,8.763523789278576
2024,deh1,PHJR5/LH287,7.932996921901814
2024,deh1,PHJR5/PHP02,7.771298135201032
2024,deh1,PHK56/LH244,9.124169788387377
2024,deh1,PHKV0/PHP02,7.771298135201032
2024,deh1,PHN41/PHP02,7.771298135201032
2024,deh1,PHN46/LH244,7.620606151998441
2024,deh1,PHN66/PHP02,7.771298135201032
2024,deh1,PHNJ2/PHP02,7.771298135201032
2024,deh1,PHP02/LH244,9.124169788387377
2024,deh1,PHP38/LH287,7.9669234645273015
2024,deh1,PHP38/PHP02,7.8052246778265255
2024,deh1,PHPR5/PHP02,7.771298135201032
2024,deh1,PHR03/LH244,9.433159049943024
2024,deh1,PHR61/PHP02,7.771298135201032
2024,deh1,PHRE1/PHTD5,5.594388760392793
2024,deh1,PHT10/LH287,7.932996921901814
2024,deh1,PHT10/PHP02,7.771298135201032
2024,deh1,PHT11/PHP02,7.771298135201032
2024,deh1,PHT47/LH287,7.932996921901814
2024,deh1,PHT47/PHP02,7.771298135201032
2024,deh1,PHTP9/LH287,7.932996921901814
2024,deh1,PHTP9/PHP02,7.771298135201032
2024,deh1,PHTV7/PHP02,7.771298135201032
2024,deh1,PHV37/LH287,7.932996921901814
2024,deh1,PHV37/PHP02,7.771298135201032
2024,deh1,PHVA9/PHP02,7.771298135201032
2024,deh1,PHVJ5/LH287,7.932996921901814
2024,deh1,PHVJ5/PHP02,7.771298135201032
2024,deh1,PHW30/LH244,8.888236120699672
2024,deh1,PHW52/LH287,8.143014680978126
2024,deh1,PHW52/PHM49,8.2215558733631
2024,deh1,TX777/LH195,7.186916030780132
2024,deh1,W10004_0018/PHP02,7.771298135201032
2024,deh1,W10004_0031/PHP02,8.87824986799735
2024,deh1,W10004_0062/PHP02,7.771298135201032
2024,deh1,W10004_0095/LH287,7.898430146163232
2024,deh1,W10004_0095/PHP02,7.376423165106326
2024,deh1,W10004_0103/LH287,7.932996921901814
2024,deh1,W10004_0103/PHP02,8.635338632236605
2024,deh1,W10004_0122/PHP02,8.547255781188532
2024,deh1,W10004_0133/PHP02,8.610134314781659
2024,deh1,W10004_0138/LH287,7.932996921901814
2024,deh1,W10004_0138/PHP02,8.251739341870426
2024,deh1,W10004_0146/LH287,7.932996921901814
2024,deh1,W10004_0146/PHP02,8.635338632236605
2024,deh1,W10004_0160/PHP02,8.635338632236605
2024,deh1,W10004_0167/LH287,7.905372359583249
2024,deh1,W10004_0167/PHP02,8.268548578033924
2024,deh1,W10004_0168/LH287,7.932996921901814
2024,deh1,W10004_0168/PHP02,8.490852842464136
2024,deh1,W10004_0189/PHP02,9.104374967662277
2024,deh1,W10004_0238/LH287,7.932996921901814
2024,deh1,W10004_0238/PHP02,8.598808842389566
2024,deh1,W10004_0258/PHP02,8.894478291248928
2024,deh1,W10004_0270/LH287,7.932996921901814
2024,deh1,W10004_0311/PHP02,7.882425979137346
2024,deh1,W10004_0346/LH287,7.932996921901814
2024,deh1,W10004_0389/PHP02,8.35399509672782
2024,deh1,W10004_0409/LH287,8.159140427659135
2024,deh1,W10004_0412/LH287,7.932996921901814
2024,deh1,W10004_0412/PHP02,8.511467629540956
2024,deh1,W10004_0476/LH287,7.795244056132522
2024,deh1,W10004_0476/PHP02,7.7572691761187
2024,deh1,W10004_0601/LH287,8.150445694687747
2024,deh1,W10004_0608/LH287,7.932996921901814
2024,deh1,W10004_0608/PHP02,7.708347890848696
2024,deh1,W10004_0637/LH287,7.932996921901814
2024,deh1,W10004_0637/PHP02,8.635338632236605
2024,deh1,W10004_0658/LH287,7.932996921901814
2024,deh1,W10004_0658/PHP02,9.442327225489867
2024,deh1,W10004_0688/PHP02,8.206336795625019
2024,deh1,W10004_0691/LH287,7.696569007435257
2024,deh1,W10004_0691/PHP02,7.060560252283169
2024,deh1,W10004_0714/LH287,7.932778402998081
2024,deh1,W10004_0714/PHP02,8.511249110637223
2024,deh1,W10004_0715/LH287,7.932996921901814
2024,deh1,W10004_0747/PHP02,9.113044062488783
2024,deh1,W10004_0776/PHP02,8.598808842389566
2024,deh1,W10004_0801/PHP02,9.08439418382902
2024,deh1,W10004_0822/LH287,7.932996921901814
2024,deh1,W10004_0822/PHP02,8.598808842389566
2024,deh1,W10004_0859/LH287,7.914101390172542
2024,deh1,W10004_0859/PHP02,8.20040174866643
2024,deh1,W10004_0866/PHP02,9.004620340097253
2024,deh1,W10004_0949/LH287,7.932996921901814
2024,deh1,W10004_0969/LH287,7.932996921901814
2024,deh1,W10004_0969/PHP02,8.114900739520222
2024,deh1,W10004_1014/PHP02,8.547255781188532
2024,deh1,WQCD10/LH287,7.932996921901814
2024,deh1,ZS01459/LH287,7.932996921901814
2024,deh1,ZS01459/PHP02,7.771298135201032
2024,deh1,ZS0510/LH287,7.932996921901814
2024,gah1,01CSI6/LH287,7.450280112316252
2024,gah1,01DIB2/LH287,7.450280112316252
2024,gah1,2369/LH123HT,8.879895864903599
2024,gah1,2FACC/LH287,7.491808440121629
2024,gah1,6F629/LH287,7.486716815053919
2024,gah1,B14A/OH43,6.853483563687476
2024,gah1,B37/H95,6.703551590634269
2024,gah1,B73/MO17,8.588365539390026
2024,gah1,B73/PHN82,9.446602462659019
2024,gah1,CG119/CG108,3.1755902778019625
2024,gah1,CG44/CGR01,6.03498762596461
2024,gah1,DK3IIH6/LH244,8.71845140496844
2024,gah1,DKFBHJ/LH287,7.450280112316252
2024,gah1,FBLL/LH287,7.450280112316252
2024,gah1,GEMS-0061_3AZA1_0001/LH287,7.450280112316252
2024,gah1,GEMS-0061_3AZA1_0007/LH287,7.450280112316252
2024,gah1,GEMS-0061_3AZA1_0009/LH287,7.450280112316252
2024,gah1,GEMS-0061_3AZA1_0010/LH287,7.450280112316252
2024,gah1,GEMS-0061_3AZA1_0012/LH287,7.450280112316252
2024,gah1,GEMS-0061_3AZA1_0013/LH287,7.450280112316252
2024,gah1,GEMS-0061_3AZA1_0014/LH287,7.450280112316252
2024,gah1,GEMS-0061_3AZA1_0017/LH287,7.450280112316252
2024,gah1,GEMS-0061_3AZA1_0021/LH287,7.450280112316252
2024,gah1,GEMS-0061_FBLL_0004/LH287,7.450280112316252
2024,gah1,GEMS-0061_FBLL_0005/LH287,7.450280112316252
2024,gah1,GEMS-0061_FBLL_0008/LH287,7.450280112316252
2024,gah1,GEMS-0061_FBLL_0009/LH287,7.450280112316252
2024,gah1,GEMS-0061_FBLL_0010/LH287,7.450280112316252
2024,gah1,GEMS-0061_FBLL_0015/LH287,7.450280112316252
2024,gah1,GEMS-0061_FBLL_0016/LH287,7.450280112316252
2024,gah1,GEMS-0061_FBLL_0017/LH287,7.450280112316252
2024,gah1,GEMS-0061_FBLL_0019/LH287,7.450280112316252
2024,gah1,GEMS-0061_FBLL_0022/LH287,7.450280112316252
2024,gah1,GEMS-0061_FBLL_0023/LH287,7.450280112316252
2024,gah1,GEMS-0061_FBLL_0025/LH287,7.450280112316252
2024,gah1,GEMS-0061_FBLL_0029/LH287,7.450280112316252
2024,gah1,GEMS-0061_FBLL_0035/LH287,7.450280112316252
2024,gah1,GEMS-0061_FBLL_0037/LH287,7.450280112316252
2024,gah1,GEMS-0061_FBLL_0039/LH287,7.450280112316252
2024,gah1,GEMS-0061_FBLL_0040/LH287,7.450280112316252
2024,gah1,GEMS-0061_FBLL_0044/LH287,7.450280112316252
2024,gah1,GEMS-0061_FBLL_0050/LH287,7.450280112316252
2024,gah1,GEMS-0061_PHB47_0001/LH287,7.450280112316252
2024,gah1,GEMS-0061_PHB47_0003/LH287,7.450280112316252
2024,gah1,GEMS-0061_PHB47_0004/LH287,7.450280112316252
2024,gah1,GEMS-0061_PHBW8_0001/LH287,7.450280112316252
2024,gah1,GEMS-0061_PHBW8_0002/LH287,7.450280112316252
2024,gah1,GEMS-0113_3AZA1_0001/LH287,7.450280112316252
2024,gah1,GEMS-0113_3AZA1_0002/LH287,7.450280112316252
2024,gah1,GEMS-0113_3AZA1_0004/LH287,7.450280112316252
2024,gah1,GEMS-0113_3AZA1_0005/LH287,7.450280112316252
2024,gah1,GEMS-0113_3AZA1_0006/LH287,7.450280112316252
2024,gah1,GEMS-0113_3AZA1_0007/LH287,7.450280112316252
2024,gah1,GEMS-0113_3AZA1_0018/LH287,7.450280112316252
2024,gah1,GEMS-0113_3AZA1_0021/LH287,7.450280112316252
2024,gah1,GEMS-0113_3AZA1_0022/LH287,7.450280112316252
2024,gah1,GEMS-0113_3AZA1_0023/LH287,7.450280112316252
2024,gah1,GEMS-0113_3AZA1_0025/LH287,7.450280112316252
2024,gah1,GEMS-0113_3AZA1_0027/LH287,7.450280112316252
2024,gah1,GEMS-0113_3AZA1_0028/LH287,7.450280112316252
2024,gah1,GEMS-0113_3AZA1_0029/LH287,7.450280112316252
2024,gah1,GEMS-0113_3AZA1_0031/LH287,7.450280112316252
2024,gah1,GEMS-0113_3AZA1_0038/LH287,7.450280112316252
2024,gah1,GEMS-0113_FBLL_0002/LH287,7.450280112316252
2024,gah1,GEMS-0113_FBLL_0003/LH287,7.450280112316252
2024,gah1,GEMS-0113_FBLL_0004/LH287,7.450280112316252
2024,gah1,GEMS-0113_FBLL_0006/LH287,7.450280112316252
2024,gah1,GEMS-0113_FBLL_0007/LH287,7.450280112316252
2024,gah1,GEMS-0113_FBLL_0008/LH287,7.450280112316252
2024,gah1,GEMS-0113_FBLL_0010/LH287,7.450280112316252
2024,gah1,GEMS-0113_FBLL_0011/LH287,7.450280112316252
2024,gah1,GEMS-0113_FBLL_0013/LH287,7.450280112316252
2024,gah1,GEMS-0113_PHB47_0001/LH287,7.450280112316252
2024,gah1,GEMS-0113_PHB47_0007/LH287,7.450280112316252
2024,gah1,GEMS-0113_PHB47_0008/LH287,7.450280112316252
2024,gah1,GEMS-0113_PHB47_0009/LH287,7.450280112316252
2024,gah1,GEMS-0113_PHB47_0011/LH287,7.450280112316252
2024,gah1,GEMS-0113_PHB47_0012/LH287,7.450280112316252
2024,gah1,GEMS-0113_PHB47_0013/LH287,7.450280112316252
2024,gah1,GEMS-0113_PHB47_0014/LH287,7.450280112316252
2024,gah1,GEMS-0113_PHB47_0017/LH287,7.450280112316252
2024,gah1,GEMS-0113_PHB47_0019/LH287,7.450280112316252
2024,gah1,GEMS-0113_PHB47_0020/LH287,7.450280112316252
2024,gah1,GEMS-0113_PHB47_0021/LH287,7.450280112316252
2024,gah1,GEMS-0113_PHBW8_0001/LH287,7.450280112316252
2024,gah1,GEMS-0113_PHBW8_0002/LH287,7.450280112316252
2024,gah1,GEMS-0113_PHBW8_0004/LH287,7.450280112316252
2024,gah1,GEMS-0113_PHBW8_0007/LH287,7.450280112316252
2024,gah1,GEMS-0113_PHBW8_0010/LH287,7.450280112316252
2024,gah1,GEMS-0113_PHBW8_0011/LH287,7.450280112316252
2024,gah1,GEMS-0113_PHBW8_0013/LH287,7.450280112316252
2024,gah1,GEMS-0113_PHBW8_0014/LH287,7.450280112316252
2024,gah1,GEMS-0219_3AZA1_0002/LH287,7.450280112316252
2024,gah1,GEMS-0219_3AZA1_0004/LH287,7.450280112316252
2024,gah1,GEMS-0219_3AZA1_0006/LH287,7.450280112316252
2024,gah1,GEMS-0219_3AZA1_0007/LH287,7.450280112316252
2024,gah1,GEMS-0219_3AZA1_0008/LH287,7.450280112316252
2024,gah1,GEMS-0219_3AZA1_0009/LH287,7.450280112316252
2024,gah1,GEMS-0219_3AZA1_0012/LH287,7.450280112316252
2024,gah1,GEMS-0219_3AZA1_0014/LH287,7.450280112316252
2024,gah1,GEMS-0219_FBLL_0005/LH287,7.450280112316252
2024,gah1,GEMS-0219_FBLL_0007/LH287,7.450280112316252
2024,gah1,GEMS-0219_FBLL_0008/LH287,7.450280112316252
2024,gah1,GEMS-0219_FBLL_0009/LH287,7.450280112316252
2024,gah1,GEMS-0219_FBLL_0013/LH287,7.450280112316252
2024,gah1,GEMS-0219_FBLL_0014/LH287,7.450280112316252
2024,gah1,GEMS-0219_FBLL_0015/LH287,7.450280112316252
2024,gah1,GEMS-0219_FBLL_0017/LH287,7.450280112316252
2024,gah1,GEMS-0219_FBLL_0018/LH287,7.450280112316252
2024,gah1,GEMS-0219_FBLL_0019/LH287,7.450280112316252
2024,gah1,GEMS-0219_FBLL_0020/LH287,7.450280112316252
2024,gah1,GEMS-0219_FBLL_0021/LH287,7.450280112316252
2024,gah1,GEMS-0219_FBLL_0025/LH287,7.450280112316252
2024,gah1,GEMS-0219_FBLL_0028/LH287,7.450280112316252
2024,gah1,GEMS-0219_FBLL_0030/LH287,7.450280112316252
2024,gah1,GEMS-0219_PHB47_0001/LH287,7.450280112316252
2024,gah1,GEMS-0219_PHB47_0003/LH287,7.450280112316252
2024,gah1,GEMS-0219_PHB47_0006/LH287,7.450280112316252
2024,gah1,GEMS-0219_PHB47_0011/LH287,7.450280112316252
2024,gah1,GEMS-0219_PHB47_0014/LH287,7.450280112316252
2024,gah1,GEMS-0219_PHBW8_0001/LH287,7.450280112316252
2024,gah1,GEMS-0219_PHBW8_0002/LH287,7.450280112316252
2024,gah1,GEMS-0219_PHBW8_0003/LH287,7.450280112316252
2024,gah1,GEMS-0219_PHBW8_0004/LH287,7.450280112316252
2024,gah1,GEMS-0219_PHBW8_0006/LH287,7.450280112316252
2024,gah1,GEMS-0219_PHBW8_0009/LH287,7.450280112316252
2024,gah1,GEMS-0227_3AZA1_0003/LH287,7.450280112316252
2024,gah1,GEMS-0227_3AZA1_0004/LH287,7.450280112316252
2024,gah1,GEMS-0227_3AZA1_0007/LH287,7.450280112316252
2024,gah1,GEMS-0227_3AZA1_0008/LH287,7.450280112316252
2024,gah1,GEMS-0227_3AZA1_0009/LH287,7.450280112316252
2024,gah1,GEMS-0227_3AZA1_0010/LH287,7.450280112316252
2024,gah1,GEMS-0227_3AZA1_0011/LH287,7.450280112316252
2024,gah1,GEMS-0227_3AZA1_0012/LH287,7.450280112316252
2024,gah1,GEMS-0227_3AZA1_0013/LH287,7.450280112316252
2024,gah1,GEMS-0227_3AZA1_0014/LH287,7.450280112316252
2024,gah1,GEMS-0227_3AZA1_0015/LH287,7.450280112316252
2024,gah1,GEMS-0227_3AZA1_0018/LH287,7.450280112316252
2024,gah1,GEMS-0227_3AZA1_0019/LH287,7.450280112316252
2024,gah1,GEMS-0227_3AZA1_0021/LH287,7.450280112316252
2024,gah1,GEMS-0227_3AZA1_0022/LH287,7.450280112316252
2024,gah1,GEMS-0227_3AZA1_0025/LH287,7.450280112316252
2024,gah1,GEMS-0227_3AZA1_0028/LH287,7.450280112316252
2024,gah1,GEMS-0227_3AZA1_0029/LH287,7.450280112316252
2024,gah1,GEMS-0227_3AZA1_0030/LH287,7.450280112316252
2024,gah1,GEMS-0227_3AZA1_0031/LH287,7.450280112316252
2024,gah1,GEMS-0227_3AZA1_0032/LH287,7.450280112316252
2024,gah1,GEMS-0227_3AZA1_0035/LH287,7.450280112316252
2024,gah1,GEMS-0227_3AZA1_0036/LH287,7.450280112316252
2024,gah1,GEMS-0227_3AZA1_0040/LH287,7.450280112316252
2024,gah1,GEMS-0227_3AZA1_0041/LH287,7.450280112316252
2024,gah1,GEMS-0227_3AZA1_0046/LH287,7.450280112316252
2024,gah1,GEMS-0227_3AZA1_0048/LH287,7.450280112316252
2024,gah1,GEMS-0227_3AZA1_0049/LH287,7.450280112316252
2024,gah1,GEMS-0227_FBLL_0001/LH287,7.450280112316252
2024,gah1,GEMS-0227_FBLL_0002/LH287,7.450280112316252
2024,gah1,GEMS-0227_FBLL_0003/LH287,7.450280112316252
2024,gah1,GEMS-0227_FBLL_0005/LH287,7.450280112316252
2024,gah1,GEMS-0227_FBLL_0007/LH287,7.450280112316252
2024,gah1,GEMS-0227_FBLL_0009/LH287,7.450280112316252
2024,gah1,GEMS-0227_FBLL_0010/LH287,7.450280112316252
2024,gah1,GEMS-0227_FBLL_0013/LH287,7.450280112316252
2024,gah1,GEMS-0227_FBLL_0014/LH287,7.450280112316252
2024,gah1,GEMS-0227_FBLL_0015/LH287,7.450280112316252
2024,gah1,GEMS-0227_FBLL_0016/LH287,7.450280112316252
2024,gah1,GEMS-0227_FBLL_0017/LH287,7.450280112316252
2024,gah1,GEMS-0227_FBLL_0018/LH287,7.450280112316252
2024,gah1,GEMS-0227_FBLL_0019/LH287,7.450280112316252
2024,gah1,GEMS-0227_FBLL_0021/LH287,7.450280112316252
2024,gah1,GEMS-0227_FBLL_0022/LH287,7.450280112316252
2024,gah1,GEMS-0227_FBLL_0024/LH287,7.450280112316252
2024,gah1,GEMS-0227_FBLL_0026/LH287,7.450280112316252
2024,gah1,GEMS-0227_FBLL_0027/LH287,7.450280112316252
2024,gah1,GEMS-0227_FBLL_0031/LH287,7.450280112316252
2024,gah1,GEMS-0227_FBLL_0032/LH287,7.450280112316252
2024,gah1,GEMS-0227_FBLL_0036/LH287,7.450280112316252
2024,gah1,GEMS-0227_FBLL_0037/LH287,7.450280112316252
2024,gah1,GEMS-0227_FBLL_0038/LH287,7.450280112316252
2024,gah1,GEMS-0227_FBLL_0040/LH287,7.450280112316252
2024,gah1,GEMS-0227_FBLL_0043/LH287,7.450280112316252
2024,gah1,GEMS-0227_FBLL_0044/LH287,7.450280112316252
2024,gah1,GEMS-0227_FBLL_0045/LH287,7.450280112316252
2024,gah1,GEMS-0227_FBLL_0047/LH287,7.450280112316252
2024,gah1,GEMS-0227_FBLL_0048/LH287,7.450280112316252
2024,gah1,GEMS-0227_FBLL_0052/LH287,7.450280112316252
2024,gah1,GEMS-0227_FBLL_0054/LH287,7.450280112316252
2024,gah1,GEMS-0227_FBLL_0055/LH287,7.450280112316252
2024,gah1,GEMS-0227_FBLL_0056/LH287,7.450280112316252
2024,gah1,GEMS-0227_FBLL_0057/LH287,7.450280112316252
2024,gah1,GEMS-0227_FBLL_0058/LH287,7.450280112316252
2024,gah1,GEMS-0227_FBLL_0060/LH287,7.450280112316252
2024,gah1,GEMS-0227_FBLL_0064/LH287,7.450280112316252
2024,gah1,GEMS-0227_FBLL_0066/LH287,7.450280112316252
2024,gah1,GEMS-0227_FBLL_0069/LH287,7.450280112316252
2024,gah1,GEMS-0227_FBLL_0070/LH287,7.450280112316252
2024,gah1,GEMS-0227_FBLL_0071/LH287,7.450280112316252
2024,gah1,GEMS-0227_FBLL_0072/LH287,7.450280112316252
2024,gah1,GEMS-0227_FBLL_0075/LH287,7.450280112316252
2024,gah1,GEMS-0227_FBLL_0077/LH287,7.450280112316252
2024,gah1,GEMS-0227_FBLL_0078/LH287,7.450280112316252
2024,gah1,GEMS-0227_FBLL_0079/LH287,7.450280112316252
2024,gah1,GEMS-0227_FBLL_0082/LH287,7.450280112316252
2024,gah1,GEMS-0227_FBLL_0085/LH287,7.450280112316252
2024,gah1,GEMS-0227_FBLL_0086/LH287,7.450280112316252
2024,gah1,GEMS-0227_FBLL_0087/LH287,7.450280112316252
2024,gah1,GEMS-0227_FBLL_0088/LH287,7.450280112316252
2024,gah1,GEMS-0227_FBLL_0089/LH287,7.450280112316252
2024,gah1,GEMS-0227_FBLL_0090/LH287,7.450280112316252
2024,gah1,GEMS-0227_FBLL_0094/LH287,7.450280112316252
2024,gah1,GEMS-0227_FBLL_0095/LH287,7.450280112316252
2024,gah1,GEMS-0227_FBLL_0096/LH287,7.450280112316252
2024,gah1,GEMS-0227_FBLL_0097/LH287,7.450280112316252
2024,gah1,GEMS-0227_FBLL_0098/LH287,7.450280112316252
2024,gah1,GEMS-0227_FBLL_0101/LH287,7.450280112316252
2024,gah1,GEMS-0227_FBLL_0102/LH287,7.450280112316252
2024,gah1,GEMS-0227_FBLL_0104/LH287,7.450280112316252
2024,gah1,GEMS-0227_FBLL_0105/LH287,7.450280112316252
2024,gah1,GEMS-0227_FBLL_0113/LH287,7.450280112316252
2024,gah1,GEMS-0227_FBLL_0114/LH287,7.450280112316252
2024,gah1,GEMS-0227_FBLL_0115/LH287,7.450280112316252
2024,gah1,GEMS-0227_FBLL_0116/LH287,7.450280112316252
2024,gah1,GEMS-0227_FBLL_0117/LH287,7.450280112316252
2024,gah1,GEMS-0227_FBLL_0118/LH287,7.450280112316252
2024,gah1,GEMS-0227_FBLL_0125/LH287,7.450280112316252
2024,gah1,GEMS-0227_FBLL_0134/LH287,7.450280112316252
2024,gah1,GEMS-0227_FBLL_0136/LH287,7.450280112316252
2024,gah1,GEMS-0227_PHB47_0001/LH287,7.450280112316252
2024,gah1,GEMS-0227_PHB47_0002/LH287,7.450280112316252
2024,gah1,GEMS-0227_PHB47_0003/LH287,7.450280112316252
2024,gah1,GEMS-0227_PHB47_0004/LH287,7.450280112316252
2024,gah1,GEMS-0227_PHB47_0006/LH287,7.450280112316252
2024,gah1,GEMS-0227_PHB47_0007/LH287,7.450280112316252
2024,gah1,GEMS-0227_PHB47_0009/LH287,7.450280112316252
2024,gah1,GEMS-0227_PHB47_0011/LH287,7.450280112316252
2024,gah1,GEMS-0227_PHB47_0012/LH287,7.450280112316252
2024,gah1,GEMS-0227_PHB47_0014/LH287,7.450280112316252
2024,gah1,GEMS-0227_PHB47_0022/LH287,7.450280112316252
2024,gah1,GEMS-0227_PHB47_0024/LH287,7.450280112316252
2024,gah1,GEMS-0227_PHBW8_0003/LH287,7.450280112316252
2024,gah1,GEMS-0227_PHBW8_0004/LH287,7.450280112316252
2024,gah1,GEMS-0227_PHBW8_0006/LH287,7.450280112316252
2024,gah1,GEMS-0227_PHBW8_0010/LH287,7.450280112316252
2024,gah1,GEMS-0227_PHBW8_0011/LH287,7.450280112316252
2024,gah1,GEMS-0227_PHBW8_0013/LH287,7.450280112316252
2024,gah1,GEMS-0227_PHBW8_0015/LH287,7.450280112316252
2024,gah1,GEMS-0227_PHBW8_0016/LH287,7.450280112316252
2024,gah1,GEMS-0227_PHBW8_0017/LH287,7.450280112316252
2024,gah1,GEMS-0227_PHBW8_0019/LH287,7.450280112316252
2024,gah1,GEMS-0227_PHBW8_0020/LH287,7.450280112316252
2024,gah1,GEMS-0227_PHBW8_0021/LH287,7.450280112316252
2024,gah1,GEMS-0227_PHBW8_0024/LH287,7.450280112316252
2024,gah1,LH132/LH287,7.396537493047441
2024,gah1,LH146HT/LH287,7.450280112316252
2024,gah1,LH192/LH287,7.450280112316252
2024,gah1,LH193/LH287,7.450280112316252
2024,gah1,LH195/LH287,7.810014703897013
2024,gah1,LH195/PHZ51,7.181851984797816
2024,gah1,LH198/LH287,7.469958315089619
2024,gah1,LH200/LH287,7.450280112316252
2024,gah1,LH220HT/LH287,7.450280112316252
2024,gah1,LH224/LH287,7.450280112316252
2024,gah1,LH225/LH287,7.450280112316252
2024,gah1,LH228/LH287,7.450280112316252
2024,gah1,LH234/LH287,7.450280112316252
2024,gah1,LH235/LH287,7.450280112316252
2024,gah1,LH236/LH287,7.450280112316252
2024,gah1,LH237/LH287,7.450280112316252
2024,gah1,LH244/PHK76,7.318402522510855
2024,gah1,LH264/LH287,7.450280112316252
2024,gah1,LH273/LH287,7.450280112316252
2024,gah1,LH287/LH244,9.460914784757414
2024,gah1,LH82/LH244,7.43920495326731
2024,gah1,MM501D/LH244,8.6082185304809
2024,gah1,NKH8431/LH287,7.417803264934733
2024,gah1,PH05F/LH287,7.450280112316252
2024,gah1,PH05G/LH287,7.450280112316252
2024,gah1,PH06N/LH287,7.450280112316252
2024,gah1,PH07D/LH287,7.450280112316252
2024,gah1,PH08A/LH287,7.450280112316252
2024,gah1,PH09B/LH287,7.450280112316252
2024,gah1,PH09E/LH287,7.450280112316252
2024,gah1,PH0B4/LH287,7.450280112316252
2024,gah1,PH0CD/LH287,7.450280112316252
2024,gah1,PH19V/LH287,7.450280112316252
2024,gah1,PH1CA/LH287,7.450280112316252
2024,gah1,PH1GC/LH287,7.450280112316252
2024,gah1,PH1TB/LH287,7.450280112316252
2024,gah1,PH1W2/LH287,7.450280112316252
2024,gah1,PH24E/LH244,8.716834157497928
2024,gah1,PH24M/LH287,7.450280112316252
2024,gah1,PH37C/LH287,7.450280112316252
2024,gah1,PH38D/LH287,7.450280112316252
2024,gah1,PH42B/LH287,7.450280112316252
2024,gah1,PH44A/LH287,7.450280112316252
2024,gah1,PH55C/LH287,7.450280112316252
2024,gah1,PH63A/LH287,7.450280112316252
2024,gah1,PHB47/LH287,7.46083870205014
2024,gah1,PHB47/PHN82,8.394808929300591
2024,gah1,PHB47/PHZ51,6.797405630502983
2024,gah1,PHBW8/LH287,7.450280112316252
2024,gah1,PHDG1/LH287,7.450280112316252
2024,gah1,PHG29/PHG47,6.562380334448519
2024,gah1,PHG39/PHN82,8.597657838694547
2024,gah1,PHJ40/PHAJ0,4.330915286556727
2024,gah1,PHJ89/LH244,8.149855880106632
2024,gah1,PHJR5/LH287,7.450280112316252
2024,gah1,PHK56/LH244,8.616517746582204
2024,gah1,PHN41/LH287,7.450280112316252
2024,gah1,PHN46/LH244,7.073093485663113
2024,gah1,PHN66/LH287,7.450280112316252
2024,gah1,PHNJ2/LH287,7.450280112316252
2024,gah1,PHP02/LH244,8.616517746582204
2024,gah1,PHP38/LH287,7.527371407417673
2024,gah1,PHPR5/LH287,7.450280112316252
2024,gah1,PHR03/LH244,8.820365906709458
2024,gah1,PHRE1/PHTD5,5.365812325024989
2024,gah1,PHT10/LH287,7.450280112316252
2024,gah1,PHT47/LH287,7.450280112316252
2024,gah1,PHTV7/LH287,7.450280112316252
2024,gah1,PHV37/LH287,7.450280112316252
2024,gah1,PHVA9/LH287,7.450280112316252
2024,gah1,PHVJ5/LH287,7.450280112316252
2024,gah1,PHW30/LH244,8.405994200491923
2024,gah1,PHW52/LH287,7.622663984685008
2024,gah1,PHW52/PHM49,7.731500489862923
2024,gah1,W10004_0055/LH287,7.450280112316252
2024,gah1,W10004_0062/LH287,7.450280112316252
2024,gah1,W10004_0095/LH287,7.12554043092127
2024,gah1,W10004_0103/LH287,7.450280112316252
2024,gah1,W10004_0122/LH287,7.450280112316252
2024,gah1,W10004_0133/LH287,7.450280112316252
2024,gah1,W10004_0160/LH287,7.450280112316252
2024,gah1,W10004_0167/LH287,7.422655549997687
2024,gah1,W10004_0189/LH287,7.450280112316252
2024,gah1,W10004_0236/LH287,7.450280112316252
2024,gah1,W10004_0311/LH287,7.4102285267664865
2024,gah1,W10004_0389/LH287,7.450280112316252
2024,gah1,W10004_0403/LH287,7.450280112316252
2024,gah1,W10004_0412/LH287,7.450280112316252
2024,gah1,W10004_0601/LH287,7.540795287477781
2024,gah1,W10004_0658/LH287,7.503946854571417
2024,gah1,W10004_0691/LH287,7.634856415577931
2024,gah1,W10004_0714/LH287,7.380267156749304
2024,gah1,W10004_0715/LH287,7.450280112316252
2024,gah1,W10004_0747/LH287,7.450280112316252
2024,gah1,W10004_0776/LH287,7.450280112316252
2024,gah1,W10004_0801/LH287,7.450280112316252
2024,gah1,W10004_0858/LH287,7.450280112316252
2024,gah1,W10004_0859/LH287,7.43138458058698
2024,gah1,W10004_0949/LH287,7.450280112316252
2024,gah1,W10004_0969/LH287,7.450280112316252
2024,gah1,W10004_1018/LH287,7.450280112316252
2024,gah1,WQCD10/LH287,7.450280112316252
2024,gah1,ZS01459/LH287,7.450280112316252
2024,gah1,ZS0510/LH287,7.450280112316252
2024,gah2,01CSI6/LH287,7.7645760273149715
2024,gah2,01DIB2/LH287,7.7645760273149715
2024,gah2,2369/LH123HT,8.936045667920492
2024,gah2,6F629/LH287,7.83093746928571
2024,gah2,B14A/OH43,7.454123730078833
2024,gah2,B37/H95,7.066718557876329
2024,gah2,B73/MO17,8.946436740446172
2024,gah2,B73/PHN82,9.07078363396232
2024,gah2,CG119/CG108,4.151669323254291
2024,gah2,CG44/CGR01,5.978503112676135
2024,gah2,DK3IIH6/LH244,8.78467463424264
2024,gah2,FBLA/LH287,7.7645760273149715
2024,gah2,GEMS-0061_3AZA1_0005/LH287,7.7645760273149715
2024,gah2,GEMS-0061_3AZA1_0006/LH287,7.7645760273149715
2024,gah2,GEMS-0061_3AZA1_0007/LH287,7.7645760273149715
2024,gah2,GEMS-0061_3AZA1_0009/LH287,7.7645760273149715
2024,gah2,GEMS-0061_3AZA1_0013/LH287,7.7645760273149715
2024,gah2,GEMS-0061_3AZA1_0014/LH287,7.7645760273149715
2024,gah2,GEMS-0061_3AZA1_0015/LH287,7.7645760273149715
2024,gah2,GEMS-0061_3AZA1_0017/LH287,7.7645760273149715
2024,gah2,GEMS-0061_3AZA1_0023/LH287,7.7645760273149715
2024,gah2,GEMS-0061_FBLL_0002/LH287,7.7645760273149715
2024,gah2,GEMS-0061_FBLL_0004/LH287,7.7645760273149715
2024,gah2,GEMS-0061_FBLL_0007/LH287,7.7645760273149715
2024,gah2,GEMS-0061_FBLL_0008/LH287,7.7645760273149715
2024,gah2,GEMS-0061_FBLL_0011/LH287,7.7645760273149715
2024,gah2,GEMS-0061_FBLL_0017/LH287,7.7645760273149715
2024,gah2,GEMS-0061_FBLL_0018/LH287,7.7645760273149715
2024,gah2,GEMS-0061_FBLL_0019/LH287,7.7645760273149715
2024,gah2,GEMS-0061_FBLL_0024/LH287,7.7645760273149715
2024,gah2,GEMS-0061_FBLL_0026/LH287,7.7645760273149715
2024,gah2,GEMS-0061_FBLL_0031/LH287,7.7645760273149715
2024,gah2,GEMS-0061_FBLL_0032/LH287,7.7645760273149715
2024,gah2,GEMS-0061_FBLL_0033/LH287,7.7645760273149715
2024,gah2,GEMS-0061_FBLL_0034/LH287,7.7645760273149715
2024,gah2,GEMS-0061_FBLL_0035/LH287,7.7645760273149715
2024,gah2,GEMS-0061_FBLL_0038/LH287,7.7645760273149715
2024,gah2,GEMS-0061_FBLL_0039/LH287,7.7645760273149715
2024,gah2,GEMS-0061_PHB47_0001/LH287,7.7645760273149715
2024,gah2,GEMS-0061_PHB47_0003/LH287,7.7645760273149715
2024,gah2,GEMS-0061_PHB47_0004/LH287,7.7645760273149715
2024,gah2,GEMS-0061_PHBW8_0001/LH287,7.7645760273149715
2024,gah2,GEMS-0061_PHBW8_0002/LH287,7.7645760273149715
2024,gah2,GEMS-0113_3AZA1_0001/LH287,7.7645760273149715
2024,gah2,GEMS-0113_3AZA1_0002/LH287,7.7645760273149715
2024,gah2,GEMS-0113_3AZA1_0003/LH287,7.7645760273149715
2024,gah2,GEMS-0113_3AZA1_0004/LH287,7.7645760273149715
2024,gah2,GEMS-0113_3AZA1_0006/LH287,7.7645760273149715
2024,gah2,GEMS-0113_3AZA1_0007/LH287,7.7645760273149715
2024,gah2,GEMS-0113_3AZA1_0008/LH287,7.7645760273149715
2024,gah2,GEMS-0113_3AZA1_0010/LH287,7.7645760273149715
2024,gah2,GEMS-0113_3AZA1_0011/LH287,7.7645760273149715
2024,gah2,GEMS-0113_3AZA1_0013/LH287,7.7645760273149715
2024,gah2,GEMS-0113_3AZA1_0015/LH287,7.7645760273149715
2024,gah2,GEMS-0113_3AZA1_0016/LH287,7.7645760273149715
2024,gah2,GEMS-0113_3AZA1_0017/LH287,7.7645760273149715
2024,gah2,GEMS-0113_3AZA1_0018/LH287,7.7645760273149715
2024,gah2,GEMS-0113_3AZA1_0019/LH287,7.7645760273149715
2024,gah2,GEMS-0113_3AZA1_0021/LH287,7.7645760273149715
2024,gah2,GEMS-0113_3AZA1_0024/LH287,7.7645760273149715
2024,gah2,GEMS-0113_3AZA1_0025/LH287,7.7645760273149715
2024,gah2,GEMS-0113_3AZA1_0026/LH287,7.7645760273149715
2024,gah2,GEMS-0113_3AZA1_0027/LH287,7.7645760273149715
2024,gah2,GEMS-0113_3AZA1_0031/LH287,7.7645760273149715
2024,gah2,GEMS-0113_FBLL_0003/LH287,7.7645760273149715
2024,gah2,GEMS-0113_FBLL_0004/LH287,7.7645760273149715
2024,gah2,GEMS-0113_FBLL_0005/LH287,7.7645760273149715
2024,gah2,GEMS-0113_FBLL_0006/LH287,7.7645760273149715
2024,gah2,GEMS-0113_FBLL_0010/LH287,7.7645760273149715
2024,gah2,GEMS-0113_FBLL_0011/LH287,7.7645760273149715
2024,gah2,GEMS-0113_FBLL_0013/LH287,7.7645760273149715
2024,gah2,GEMS-0113_FBLL_0015/LH287,7.7645760273149715
2024,gah2,GEMS-0113_PHB47_0003/LH287,7.7645760273149715
2024,gah2,GEMS-0113_PHB47_0004/LH287,7.7645760273149715
2024,gah2,GEMS-0113_PHB47_0005/LH287,7.7645760273149715
2024,gah2,GEMS-0113_PHB47_0006/LH287,7.7645760273149715
2024,gah2,GEMS-0113_PHB47_0008/LH287,7.7645760273149715
2024,gah2,GEMS-0113_PHB47_0009/LH287,7.7645760273149715
2024,gah2,GEMS-0113_PHB47_0012/LH287,7.7645760273149715
2024,gah2,GEMS-0113_PHB47_0015/LH287,7.7645760273149715
2024,gah2,GEMS-0113_PHB47_0017/LH287,7.7645760273149715
2024,gah2,GEMS-0113_PHB47_0019/LH287,7.7645760273149715
2024,gah2,GEMS-0113_PHB47_0020/LH287,7.7645760273149715
2024,gah2,GEMS-0113_PHB47_0021/LH287,7.7645760273149715
2024,gah2,GEMS-0113_PHBW8_0004/LH287,7.7645760273149715
2024,gah2,GEMS-0113_PHBW8_0005/LH287,7.7645760273149715
2024,gah2,GEMS-0113_PHBW8_0006/LH287,7.7645760273149715
2024,gah2,GEMS-0113_PHBW8_0008/LH287,7.7645760273149715
2024,gah2,GEMS-0113_PHBW8_0009/LH287,7.7645760273149715
2024,gah2,GEMS-0113_PHBW8_0010/LH287,7.7645760273149715
2024,gah2,GEMS-0113_PHBW8_0011/LH287,7.7645760273149715
2024,gah2,GEMS-0113_PHBW8_0012/LH287,7.7645760273149715
2024,gah2,GEMS-0113_PHBW8_0013/LH287,7.7645760273149715
2024,gah2,GEMS-0113_PHBW8_0014/LH287,7.7645760273149715
2024,gah2,GEMS-0113_PHBW8_0017/LH287,7.7645760273149715
2024,gah2,GEMS-0219_3AZA1_0001/LH287,7.7645760273149715
2024,gah2,GEMS-0219_3AZA1_0003/LH287,7.7645760273149715
2024,gah2,GEMS-0219_3AZA1_0005/LH287,7.7645760273149715
2024,gah2,GEMS-0219_3AZA1_0006/LH287,7.7645760273149715
2024,gah2,GEMS-0219_3AZA1_0008/LH287,7.7645760273149715
2024,gah2,GEMS-0219_3AZA1_0010/LH287,7.7645760273149715
2024,gah2,GEMS-0219_3AZA1_0012/LH287,7.7645760273149715
2024,gah2,GEMS-0219_FBLL_0002/LH287,7.7645760273149715
2024,gah2,GEMS-0219_FBLL_0003/LH287,7.7645760273149715
2024,gah2,GEMS-0219_FBLL_0004/LH287,7.7645760273149715
2024,gah2,GEMS-0219_FBLL_0006/LH287,7.7645760273149715
2024,gah2,GEMS-0219_FBLL_0007/LH287,7.7645760273149715
2024,gah2,GEMS-0219_FBLL_0008/LH287,7.7645760273149715
2024,gah2,GEMS-0219_FBLL_0009/LH287,7.7645760273149715
2024,gah2,GEMS-0219_FBLL_0010/LH287,7.7645760273149715
2024,gah2,GEMS-0219_FBLL_0011/LH287,7.7645760273149715
2024,gah2,GEMS-0219_FBLL_0012/LH287,7.7645760273149715
2024,gah2,GEMS-0219_FBLL_0013/LH287,7.7645760273149715
2024,gah2,GEMS-0219_FBLL_0021/LH287,7.7645760273149715
2024,gah2,GEMS-0219_FBLL_0022/LH287,7.7645760273149715
2024,gah2,GEMS-0219_FBLL_0023/LH287,7.7645760273149715
2024,gah2,GEMS-0219_FBLL_0027/LH287,7.7645760273149715
2024,gah2,GEMS-0219_FBLL_0030/LH287,7.7645760273149715
2024,gah2,GEMS-0219_PHB47_0001/LH287,7.7645760273149715
2024,gah2,GEMS-0219_PHB47_0002/LH287,7.7645760273149715
2024,gah2,GEMS-0219_PHB47_0003/LH287,7.7645760273149715
2024,gah2,GEMS-0219_PHB47_0005/LH287,7.7645760273149715
2024,gah2,GEMS-0219_PHB47_0006/LH287,7.7645760273149715
2024,gah2,GEMS-0219_PHB47_0011/LH287,7.7645760273149715
2024,gah2,GEMS-0219_PHB47_0014/LH287,7.7645760273149715
2024,gah2,GEMS-0219_PHB47_0017/LH287,7.7645760273149715
2024,gah2,GEMS-0219_PHBW8_0002/LH287,7.7645760273149715
2024,gah2,GEMS-0219_PHBW8_0003/LH287,7.7645760273149715
2024,gah2,GEMS-0219_PHBW8_0004/LH287,7.7645760273149715
2024,gah2,GEMS-0219_PHBW8_0008/LH287,7.7645760273149715
2024,gah2,GEMS-0219_PHBW8_0009/LH287,7.7645760273149715
2024,gah2,GEMS-0219_PHBW8_0011/LH287,7.7645760273149715
2024,gah2,GEMS-0227_3AZA1_0001/LH287,7.7645760273149715
2024,gah2,GEMS-0227_3AZA1_0002/LH287,7.7645760273149715
2024,gah2,GEMS-0227_3AZA1_0003/LH287,7.7645760273149715
2024,gah2,GEMS-0227_3AZA1_0004/LH287,7.7645760273149715
2024,gah2,GEMS-0227_3AZA1_0005/LH287,7.7645760273149715
2024,gah2,GEMS-0227_3AZA1_0006/LH287,7.7645760273149715
2024,gah2,GEMS-0227_3AZA1_0008/LH287,7.7645760273149715
2024,gah2,GEMS-0227_3AZA1_0009/LH287,7.7645760273149715
2024,gah2,GEMS-0227_3AZA1_0010/LH287,7.7645760273149715
2024,gah2,GEMS-0227_3AZA1_0011/LH287,7.7645760273149715
2024,gah2,GEMS-0227_3AZA1_0012/LH287,7.7645760273149715
2024,gah2,GEMS-0227_3AZA1_0013/LH287,7.7645760273149715
2024,gah2,GEMS-0227_3AZA1_0015/LH287,7.7645760273149715
2024,gah2,GEMS-0227_3AZA1_0016/LH287,7.7645760273149715
2024,gah2,GEMS-0227_3AZA1_0017/LH287,7.7645760273149715
2024,gah2,GEMS-0227_3AZA1_0018/LH287,7.7645760273149715
2024,gah2,GEMS-0227_3AZA1_0019/LH287,7.7645760273149715
2024,gah2,GEMS-0227_3AZA1_0023/LH287,7.7645760273149715
2024,gah2,GEMS-0227_3AZA1_0024/LH287,7.7645760273149715
2024,gah2,GEMS-0227_3AZA1_0028/LH287,7.7645760273149715
2024,gah2,GEMS-0227_3AZA1_0029/LH287,7.7645760273149715
2024,gah2,GEMS-0227_3AZA1_0030/LH287,7.7645760273149715
2024,gah2,GEMS-0227_3AZA1_0034/LH287,7.7645760273149715
2024,gah2,GEMS-0227_3AZA1_0036/LH287,7.7645760273149715
2024,gah2,GEMS-0227_3AZA1_0040/LH287,7.7645760273149715
2024,gah2,GEMS-0227_3AZA1_0043/LH287,7.7645760273149715
2024,gah2,GEMS-0227_3AZA1_0045/LH287,7.7645760273149715
2024,gah2,GEMS-0227_3AZA1_0046/LH287,7.7645760273149715
2024,gah2,GEMS-0227_3AZA1_0048/LH287,7.7645760273149715
2024,gah2,GEMS-0227_FBLL_0001/LH287,7.7645760273149715
2024,gah2,GEMS-0227_FBLL_0004/LH287,7.7645760273149715
2024,gah2,GEMS-0227_FBLL_0005/LH287,7.7645760273149715
2024,gah2,GEMS-0227_FBLL_0007/LH287,7.7645760273149715
2024,gah2,GEMS-0227_FBLL_0008/LH287,7.7645760273149715
2024,gah2,GEMS-0227_FBLL_0010/LH287,7.7645760273149715
2024,gah2,GEMS-0227_FBLL_0020/LH287,7.7645760273149715
2024,gah2,GEMS-0227_FBLL_0021/LH287,7.7645760273149715
2024,gah2,GEMS-0227_FBLL_0022/LH287,7.7645760273149715
2024,gah2,GEMS-0227_FBLL_0023/LH287,7.7645760273149715
2024,gah2,GEMS-0227_FBLL_0025/LH287,7.7645760273149715
2024,gah2,GEMS-0227_FBLL_0027/LH287,7.7645760273149715
2024,gah2,GEMS-0227_FBLL_0028/LH287,7.7645760273149715
2024,gah2,GEMS-0227_FBLL_0029/LH287,7.7645760273149715
2024,gah2,GEMS-0227_FBLL_0030/LH287,7.7645760273149715
2024,gah2,GEMS-0227_FBLL_0031/LH287,7.7645760273149715
2024,gah2,GEMS-0227_FBLL_0033/LH287,7.7645760273149715
2024,gah2,GEMS-0227_FBLL_0034/LH287,7.7645760273149715
2024,gah2,GEMS-0227_FBLL_0035/LH287,7.7645760273149715
2024,gah2,GEMS-0227_FBLL_0038/LH287,7.7645760273149715
2024,gah2,GEMS-0227_FBLL_0039/LH287,7.7645760273149715
2024,gah2,GEMS-0227_FBLL_0041/LH287,7.7645760273149715
2024,gah2,GEMS-0227_FBLL_0042/LH287,7.7645760273149715
2024,gah2,GEMS-0227_FBLL_0043/LH287,7.7645760273149715
2024,gah2,GEMS-0227_FBLL_0044/LH287,7.7645760273149715
2024,gah2,GEMS-0227_FBLL_0046/LH287,7.7645760273149715
2024,gah2,GEMS-0227_FBLL_0048/LH287,7.7645760273149715
2024,gah2,GEMS-0227_FBLL_0049/LH287,7.7645760273149715
2024,gah2,GEMS-0227_FBLL_0050/LH287,7.7645760273149715
2024,gah2,GEMS-0227_FBLL_0051/LH287,7.7645760273149715
2024,gah2,GEMS-0227_FBLL_0053/LH287,7.7645760273149715
2024,gah2,GEMS-0227_FBLL_0058/LH287,7.7645760273149715
2024,gah2,GEMS-0227_FBLL_0059/LH287,7.7645760273149715
2024,gah2,GEMS-0227_FBLL_0062/LH287,7.7645760273149715
2024,gah2,GEMS-0227_FBLL_0063/LH287,7.7645760273149715
2024,gah2,GEMS-0227_FBLL_0064/LH287,7.7645760273149715
2024,gah2,GEMS-0227_FBLL_0066/LH287,7.7645760273149715
2024,gah2,GEMS-0227_FBLL_0067/LH287,7.7645760273149715
2024,gah2,GEMS-0227_FBLL_0068/LH287,7.7645760273149715
2024,gah2,GEMS-0227_FBLL_0073/LH287,7.7645760273149715
2024,gah2,GEMS-0227_FBLL_0074/LH287,7.7645760273149715
2024,gah2,GEMS-0227_FBLL_0078/LH287,7.7645760273149715
2024,gah2,GEMS-0227_FBLL_0080/LH287,7.7645760273149715
2024,gah2,GEMS-0227_FBLL_0082/LH287,7.7645760273149715
2024,gah2,GEMS-0227_FBLL_0084/LH287,7.7645760273149715
2024,gah2,GEMS-0227_FBLL_0086/LH287,7.7645760273149715
2024,gah2,GEMS-0227_FBLL_0087/LH287,7.7645760273149715
2024,gah2,GEMS-0227_FBLL_0090/LH287,7.7645760273149715
2024,gah2,GEMS-0227_FBLL_0093/LH287,7.7645760273149715
2024,gah2,GEMS-0227_FBLL_0095/LH287,7.7645760273149715
2024,gah2,GEMS-0227_FBLL_0096/LH287,7.7645760273149715
2024,gah2,GEMS-0227_FBLL_0097/LH287,7.7645760273149715
2024,gah2,GEMS-0227_FBLL_0098/LH287,7.7645760273149715
2024,gah2,GEMS-0227_FBLL_0101/LH287,7.7645760273149715
2024,gah2,GEMS-0227_FBLL_0102/LH287,7.7645760273149715
2024,gah2,GEMS-0227_FBLL_0104/LH287,7.7645760273149715
2024,gah2,GEMS-0227_FBLL_0106/LH287,7.7645760273149715
2024,gah2,GEMS-0227_FBLL_0107/LH287,7.7645760273149715
2024,gah2,GEMS-0227_FBLL_0110/LH287,7.7645760273149715
2024,gah2,GEMS-0227_FBLL_0111/LH287,7.7645760273149715
2024,gah2,GEMS-0227_FBLL_0113/LH287,7.7645760273149715
2024,gah2,GEMS-0227_FBLL_0114/LH287,7.7645760273149715
2024,gah2,GEMS-0227_FBLL_0116/LH287,7.7645760273149715
2024,gah2,GEMS-0227_FBLL_0117/LH287,7.7645760273149715
2024,gah2,GEMS-0227_FBLL_0121/LH287,7.7645760273149715
2024,gah2,GEMS-0227_FBLL_0124/LH287,7.7645760273149715
2024,gah2,GEMS-0227_FBLL_0127/LH287,7.7645760273149715
2024,gah2,GEMS-0227_FBLL_0133/LH287,7.7645760273149715
2024,gah2,GEMS-0227_FBLL_0136/LH287,7.7645760273149715
2024,gah2,GEMS-0227_FBLL_0140/LH287,7.7645760273149715
2024,gah2,GEMS-0227_FBLL_0141/LH287,7.7645760273149715
2024,gah2,GEMS-0227_PHB47_0001/LH287,7.7645760273149715
2024,gah2,GEMS-0227_PHB47_0002/LH287,7.7645760273149715
2024,gah2,GEMS-0227_PHB47_0003/LH287,7.7645760273149715
2024,gah2,GEMS-0227_PHB47_0004/LH287,7.7645760273149715
2024,gah2,GEMS-0227_PHB47_0006/LH287,7.7645760273149715
2024,gah2,GEMS-0227_PHB47_0010/LH287,7.7645760273149715
2024,gah2,GEMS-0227_PHB47_0011/LH287,7.7645760273149715
2024,gah2,GEMS-0227_PHB47_0016/LH287,7.7645760273149715
2024,gah2,GEMS-0227_PHB47_0022/LH287,7.7645760273149715
2024,gah2,GEMS-0227_PHB47_0024/LH287,7.7645760273149715
2024,gah2,GEMS-0227_PHB47_0025/LH287,7.7645760273149715
2024,gah2,GEMS-0227_PHB47_0026/LH287,7.7645760273149715
2024,gah2,GEMS-0227_PHBW8_0001/LH287,7.7645760273149715
2024,gah2,GEMS-0227_PHBW8_0002/LH287,7.7645760273149715
2024,gah2,GEMS-0227_PHBW8_0003/LH287,7.7645760273149715
2024,gah2,GEMS-0227_PHBW8_0005/LH287,7.7645760273149715
2024,gah2,GEMS-0227_PHBW8_0006/LH287,7.7645760273149715
2024,gah2,GEMS-0227_PHBW8_0007/LH287,7.7645760273149715
2024,gah2,GEMS-0227_PHBW8_0009/LH287,7.7645760273149715
2024,gah2,GEMS-0227_PHBW8_0010/LH287,7.7645760273149715
2024,gah2,GEMS-0227_PHBW8_0011/LH287,7.7645760273149715
2024,gah2,GEMS-0227_PHBW8_0012/LH287,7.7645760273149715
2024,gah2,GEMS-0227_PHBW8_0016/LH287,7.7645760273149715
2024,gah2,GEMS-0227_PHBW8_0017/LH287,7.7645760273149715
2024,gah2,GEMS-0227_PHBW8_0018/LH287,7.7645760273149715
2024,gah2,GEMS-0227_PHBW8_0019/LH287,7.7645760273149715
2024,gah2,GEMS-0227_PHBW8_0020/LH287,7.7645760273149715
2024,gah2,GEMS-0227_PHBW8_0021/LH287,7.7645760273149715
2024,gah2,GEMS-0227_PHBW8_0022/LH287,7.7645760273149715
2024,gah2,LH132/LH287,7.87261981856105
2024,gah2,LH146HT/LH287,7.7645760273149715
2024,gah2,LH192/LH287,7.7645760273149715
2024,gah2,LH193/LH287,7.7645760273149715
2024,gah2,LH194/LH287,7.7645760273149715
2024,gah2,LH195/LH287,8.256793108782233
2024,gah2,LH195/PHZ51,7.738132311699418
2024,gah2,LH197/LH287,7.7645760273149715
2024,gah2,LH198/LH287,7.784254230088339
2024,gah2,LH200/LH287,7.7645760273149715
2024,gah2,LH204/LH287,7.7645760273149715
2024,gah2,LH224/LH287,7.7645760273149715
2024,gah2,LH225/LH287,7.7645760273149715
2024,gah2,LH226HT/LH287,7.7645760273149715
2024,gah2,LH228/LH287,7.7645760273149715
2024,gah2,LH231/LH287,7.7645760273149715
2024,gah2,LH235/LH287,7.7645760273149715
2024,gah2,LH236/LH287,7.7645760273149715
2024,gah2,LH238/LH287,7.7645760273149715
2024,gah2,LH244/PHK76,7.8670699819445
2024,gah2,LH264/LH287,7.7645760273149715
2024,gah2,LH273/LH287,7.7645760273149715
2024,gah2,LH286/LH287,7.7645760273149715
2024,gah2,LH287/LH244,9.318384806818953
2024,gah2,LH292/LH287,7.7645760273149715
2024,gah2,LH82/LH244,7.932731815135163
2024,gah2,MM501D/LH244,8.728922521090327
2024,gah2,NKH8431/LH287,7.725798981817441
2024,gah2,PH05W/LH287,7.7645760273149715
2024,gah2,PH07D/LH287,7.7645760273149715
2024,gah2,PH080/LH287,7.7645760273149715
2024,gah2,PH09B/LH287,7.7645760273149715
2024,gah2,PH0CD/LH287,7.7645760273149715
2024,gah2,PH0GP/LH287,7.7645760273149715
2024,gah2,PH12C/LH287,7.7645760273149715
2024,gah2,PH1CA/LH287,7.7645760273149715
2024,gah2,PH1GG/LH287,7.7645760273149715
2024,gah2,PH1TB/LH287,7.7645760273149715
2024,gah2,PH1W2/LH287,7.7645760273149715
2024,gah2,PH24E/LH244,8.906660380601222
2024,gah2,PH38D/LH287,7.7645760273149715
2024,gah2,PH42B/LH287,7.7645760273149715
2024,gah2,PH44A/LH287,7.7645760273149715
2024,gah2,PH55C/LH287,7.7645760273149715
2024,gah2,PH79A/LH287,7.7645760273149715
2024,gah2,PHB47/LH287,7.862264613284173
2024,gah2,PHB47/PHN82,8.201044958126147
2024,gah2,PHB47/PHZ51,7.297853192142687
2024,gah2,PHBW8/LH287,7.7645760273149715
2024,gah2,PHDG1/LH287,7.7645760273149715
2024,gah2,PHEW7/LH287,7.7645760273149715
2024,gah2,PHG29/PHG47,6.569248532224858
2024,gah2,PHG39/PHN82,8.25073195976748
2024,gah2,PHHB9/LH287,8.280527934599393
2024,gah2,PHJ40/PHAJ0,4.5681236896195285
2024,gah2,PHJ89/LH244,8.471529421739831
2024,gah2,PHK56/LH244,8.753478638905063
2024,gah2,PHKV0/LH287,7.7645760273149715
2024,gah2,PHN41/LH287,7.7645760273149715
2024,gah2,PHN46/LH244,7.645032701117408
2024,gah2,PHN66/LH287,7.712094079696989
2024,gah2,PHP02/LH244,8.753478638905063
2024,gah2,PHPR5/LH287,7.7645760273149715
2024,gah2,PHR03/LH244,9.120605775667062
2024,gah2,PHR61/LH287,7.7645760273149715
2024,gah2,PHRE1/PHTD5,5.931900881872719
2024,gah2,PHT10/LH287,7.7645760273149715
2024,gah2,PHT11/LH287,7.7645760273149715
2024,gah2,PHTP9/LH287,7.7645760273149715
2024,gah2,PHVA9/LH287,7.7645760273149715
2024,gah2,PHW30/LH244,8.600952598020193
2024,gah2,PHW52/PHM49,8.021567890221183
2024,gah2,W10004_0018/LH287,7.7645760273149715
2024,gah2,W10004_0031/LH287,7.7645760273149715
2024,gah2,W10004_0034/LH287,7.7645760273149715
2024,gah2,W10004_0055/LH287,7.7645760273149715
2024,gah2,W10004_0122/LH287,7.7645760273149715
2024,gah2,W10004_0133/LH287,7.7645760273149715
2024,gah2,W10004_0138/LH287,7.7645760273149715
2024,gah2,W10004_0146/LH287,7.7645760273149715
2024,gah2,W10004_0168/LH287,7.7645760273149715
2024,gah2,W10004_0189/LH287,7.7645760273149715
2024,gah2,W10004_0238/LH287,7.7645760273149715
2024,gah2,W10004_0258/LH287,7.780804450566548
2024,gah2,W10004_0270/LH287,7.813009879340159
2024,gah2,W10004_0311/LH287,7.7645760273149715
2024,gah2,W10004_0346/LH287,7.7645760273149715
2024,gah2,W10004_0389/LH287,7.7645760273149715
2024,gah2,W10004_0403/LH287,7.7645760273149715
2024,gah2,W10004_0409/LH287,8.027272849116867
2024,gah2,W10004_0412/LH287,7.7645760273149715
2024,gah2,W10004_0476/LH287,7.683552807865532
2024,gah2,W10004_0608/LH287,7.7645760273149715
2024,gah2,W10004_0637/LH287,7.7645760273149715
2024,gah2,W10004_0658/LH287,7.7645760273149715
2024,gah2,W10004_0688/LH287,7.7645760273149715
2024,gah2,W10004_0754/LH287,7.7645760273149715
2024,gah2,W10004_0771/LH287,7.7645760273149715
2024,gah2,W10004_0776/LH287,7.7645760273149715
2024,gah2,W10004_0801/LH287,7.7645760273149715
2024,gah2,W10004_0822/LH287,7.7645760273149715
2024,gah2,W10004_0859/LH287,7.7456804955857
2024,gah2,W10004_0866/LH287,7.820823112956026
2024,gah2,W10004_0949/LH287,7.7645760273149715
2024,gah2,W10004_1014/LH287,7.7645760273149715
2024,gah2,W10004_1032/LH287,7.7645760273149715
2024,gah2,W10004_1080/LH287,7.7645760273149715
2024,gah2,ZS0510/LH287,7.7645760273149715
2024,iah2,01CSI6/LH287,10.665287622002241
2024,iah2,01DIB2/LH287,10.665287622002241
2024,iah2,2369/LH123HT,12.661416918666728
2024,iah2,2FACC/LH287,10.862441548954479
2024,iah2,6F629/LH287,10.714544285842448
2024,iah2,6F629/PHP02,10.514810245519692
2024,iah2,B14A/OH43,10.156689161908353
2024,iah2,B37/H95,9.994425223592975
2024,iah2,B73/MO17,12.179869165379248
2024,iah2,B73/PHN82,12.738418760464143
2024,iah2,B73/TX779,8.477106264162954
2024,iah2,CG119/CG108,5.491852345239509
2024,iah2,CG44/CGR01,8.756818756443062
2024,iah2,DK3IIH6/LH244,12.160532978437391
2024,iah2,DKFBHJ/LH287,10.665287622002241
2024,iah2,DKFBHJ/PHP02,10.465553581679485
2024,iah2,FBLA/LH287,10.665287622002241
2024,iah2,FBLA/PHP02,10.465553581679485
2024,iah2,FBLL/LH287,10.665287622002241
2024,iah2,FBLL/PHP02,10.465553581679485
2024,iah2,GEMS-0061_3AZA1_0001/LH287,10.665287622002241
2024,iah2,GEMS-0061_3AZA1_0001/PHP02,10.465553581679485
2024,iah2,GEMS-0061_3AZA1_0003/PHP02,10.465553581679485
2024,iah2,GEMS-0061_3AZA1_0004/PHP02,10.465553581679485
2024,iah2,GEMS-0061_3AZA1_0005/PHP02,10.465553581679485
2024,iah2,GEMS-0061_3AZA1_0006/LH287,10.665287622002241
2024,iah2,GEMS-0061_3AZA1_0007/LH287,10.665287622002241
2024,iah2,GEMS-0061_3AZA1_0007/PHP02,10.465553581679485
2024,iah2,GEMS-0061_3AZA1_0009/LH287,10.665287622002241
2024,iah2,GEMS-0061_3AZA1_0009/PHP02,10.465553581679485
2024,iah2,GEMS-0061_3AZA1_0010/LH287,10.665287622002241
2024,iah2,GEMS-0061_3AZA1_0010/PHP02,10.465553581679485
2024,iah2,GEMS-0061_3AZA1_0011/PHP02,10.465553581679485
2024,iah2,GEMS-0061_3AZA1_0012/LH287,10.665287622002241
2024,iah2,GEMS-0061_3AZA1_0012/PHP02,10.465553581679485
2024,iah2,GEMS-0061_3AZA1_0013/PHP02,10.465553581679485
2024,iah2,GEMS-0061_3AZA1_0014/LH287,10.665287622002241
2024,iah2,GEMS-0061_3AZA1_0014/PHP02,10.465553581679485
2024,iah2,GEMS-0061_3AZA1_0015/LH287,10.665287622002241
2024,iah2,GEMS-0061_3AZA1_0015/PHP02,10.465553581679485
2024,iah2,GEMS-0061_3AZA1_0016/PHP02,10.465553581679485
2024,iah2,GEMS-0061_3AZA1_0017/LH287,10.665287622002241
2024,iah2,GEMS-0061_3AZA1_0017/PHP02,10.465553581679485
2024,iah2,GEMS-0061_3AZA1_0023/PHP02,10.465553581679485
2024,iah2,GEMS-0061_FBLL_0002/PHP02,10.465553581679485
2024,iah2,GEMS-0061_FBLL_0004/LH287,10.665287622002241
2024,iah2,GEMS-0061_FBLL_0004/PHP02,10.465553581679485
2024,iah2,GEMS-0061_FBLL_0005/PHP02,10.465553581679485
2024,iah2,GEMS-0061_FBLL_0007/PHP02,10.465553581679485
2024,iah2,GEMS-0061_FBLL_0008/PHP02,10.465553581679485
2024,iah2,GEMS-0061_FBLL_0010/LH287,10.665287622002241
2024,iah2,GEMS-0061_FBLL_0011/PHP02,10.465553581679485
2024,iah2,GEMS-0061_FBLL_0014/PHP02,10.465553581679485
2024,iah2,GEMS-0061_FBLL_0015/LH287,10.665287622002241
2024,iah2,GEMS-0061_FBLL_0015/PHP02,10.465553581679485
2024,iah2,GEMS-0061_FBLL_0016/PHP02,10.465553581679485
2024,iah2,GEMS-0061_FBLL_0017/LH287,10.665287622002241
2024,iah2,GEMS-0061_FBLL_0018/LH287,10.665287622002241
2024,iah2,GEMS-0061_FBLL_0019/LH287,10.665287622002241
2024,iah2,GEMS-0061_FBLL_0019/PHP02,10.465553581679485
2024,iah2,GEMS-0061_FBLL_0021/PHP02,10.465553581679485
2024,iah2,GEMS-0061_FBLL_0022/LH287,10.665287622002241
2024,iah2,GEMS-0061_FBLL_0023/LH287,10.665287622002241
2024,iah2,GEMS-0061_FBLL_0023/PHP02,10.465553581679485
2024,iah2,GEMS-0061_FBLL_0024/LH287,10.665287622002241
2024,iah2,GEMS-0061_FBLL_0024/PHP02,10.465553581679485
2024,iah2,GEMS-0061_FBLL_0026/LH287,10.665287622002241
2024,iah2,GEMS-0061_FBLL_0029/LH287,10.665287622002241
2024,iah2,GEMS-0061_FBLL_0029/PHP02,10.465553581679485
2024,iah2,GEMS-0061_FBLL_0031/LH287,10.665287622002241
2024,iah2,GEMS-0061_FBLL_0031/PHP02,10.465553581679485
2024,iah2,GEMS-0061_FBLL_0032/PHP02,10.465553581679485
2024,iah2,GEMS-0061_FBLL_0033/PHP02,10.465553581679485
2024,iah2,GEMS-0061_FBLL_0034/LH287,10.665287622002241
2024,iah2,GEMS-0061_FBLL_0034/PHP02,10.465553581679485
2024,iah2,GEMS-0061_FBLL_0037/LH287,10.665287622002241
2024,iah2,GEMS-0061_FBLL_0039/LH287,10.665287622002241
2024,iah2,GEMS-0061_FBLL_0039/PHP02,10.465553581679485
2024,iah2,GEMS-0061_FBLL_0042/PHP02,10.465553581679485
2024,iah2,GEMS-0061_FBLL_0044/PHP02,10.465553581679485
2024,iah2,GEMS-0061_FBLL_0047/PHP02,10.465553581679485
2024,iah2,GEMS-0061_PHB47_0001/LH287,10.665287622002241
2024,iah2,GEMS-0061_PHB47_0001/PHP02,10.465553581679485
2024,iah2,GEMS-0061_PHB47_0003/LH287,10.665287622002241
2024,iah2,GEMS-0061_PHB47_0004/LH287,10.665287622002241
2024,iah2,GEMS-0061_PHB47_0004/PHP02,10.465553581679485
2024,iah2,GEMS-0061_PHBW8_0001/LH287,10.665287622002241
2024,iah2,GEMS-0061_PHBW8_0001/PHP02,10.465553581679485
2024,iah2,GEMS-0061_PHBW8_0002/LH287,10.665287622002241
2024,iah2,GEMS-0061_PHBW8_0002/PHP02,10.465553581679485
2024,iah2,GEMS-0113_3AZA1_0001/LH287,10.665287622002241
2024,iah2,GEMS-0113_3AZA1_0001/PHP02,10.465553581679485
2024,iah2,GEMS-0113_3AZA1_0002/LH287,10.665287622002241
2024,iah2,GEMS-0113_3AZA1_0002/PHP02,10.465553581679485
2024,iah2,GEMS-0113_3AZA1_0003/PHP02,10.465553581679485
2024,iah2,GEMS-0113_3AZA1_0005/PHP02,10.465553581679485
2024,iah2,GEMS-0113_3AZA1_0006/PHP02,10.465553581679485
2024,iah2,GEMS-0113_3AZA1_0007/LH287,10.665287622002241
2024,iah2,GEMS-0113_3AZA1_0007/PHP02,10.465553581679485
2024,iah2,GEMS-0113_3AZA1_0008/LH287,10.665287622002241
2024,iah2,GEMS-0113_3AZA1_0008/PHP02,10.465553581679485
2024,iah2,GEMS-0113_3AZA1_0010/PHP02,10.465553581679485
2024,iah2,GEMS-0113_3AZA1_0011/PHP02,10.465553581679485
2024,iah2,GEMS-0113_3AZA1_0013/PHP02,10.465553581679485
2024,iah2,GEMS-0113_3AZA1_0014/PHP02,10.465553581679485
2024,iah2,GEMS-0113_3AZA1_0015/LH287,10.665287622002241
2024,iah2,GEMS-0113_3AZA1_0015/PHP02,10.465553581679485
2024,iah2,GEMS-0113_3AZA1_0016/PHP02,10.465553581679485
2024,iah2,GEMS-0113_3AZA1_0017/LH287,10.665287622002241
2024,iah2,GEMS-0113_3AZA1_0017/PHP02,10.465553581679485
2024,iah2,GEMS-0113_3AZA1_0018/LH287,10.665287622002241
2024,iah2,GEMS-0113_3AZA1_0018/PHP02,10.465553581679485
2024,iah2,GEMS-0113_3AZA1_0021/LH287,10.665287622002241
2024,iah2,GEMS-0113_3AZA1_0021/PHP02,10.465553581679485
2024,iah2,GEMS-0113_3AZA1_0023/LH287,10.665287622002241
2024,iah2,GEMS-0113_3AZA1_0023/PHP02,10.465553581679485
2024,iah2,GEMS-0113_3AZA1_0025/PHP02,10.465553581679485
2024,iah2,GEMS-0113_3AZA1_0026/LH287,10.665287622002241
2024,iah2,GEMS-0113_3AZA1_0027/LH287,10.665287622002241
2024,iah2,GEMS-0113_3AZA1_0027/PHP02,10.465553581679485
2024,iah2,GEMS-0113_3AZA1_0028/LH287,10.665287622002241
2024,iah2,GEMS-0113_3AZA1_0028/PHP02,10.465553581679485
2024,iah2,GEMS-0113_3AZA1_0029/LH287,10.665287622002241
2024,iah2,GEMS-0113_3AZA1_0029/PHP02,10.465553581679485
2024,iah2,GEMS-0113_3AZA1_0031/PHP02,10.465553581679485
2024,iah2,GEMS-0113_FBLL_0002/LH287,10.665287622002241
2024,iah2,GEMS-0113_FBLL_0002/PHP02,10.465553581679485
2024,iah2,GEMS-0113_FBLL_0003/PHP02,10.465553581679485
2024,iah2,GEMS-0113_FBLL_0004/LH287,10.665287622002241
2024,iah2,GEMS-0113_FBLL_0005/LH287,10.665287622002241
2024,iah2,GEMS-0113_FBLL_0006/LH287,10.665287622002241
2024,iah2,GEMS-0113_FBLL_0006/PHP02,10.465553581679485
2024,iah2,GEMS-0113_FBLL_0007/LH287,10.665287622002241
2024,iah2,GEMS-0113_FBLL_0007/PHP02,10.465553581679485
2024,iah2,GEMS-0113_FBLL_0008/PHP02,10.465553581679485
2024,iah2,GEMS-0113_FBLL_0010/LH287,10.665287622002241
2024,iah2,GEMS-0113_FBLL_0010/PHP02,10.465553581679485
2024,iah2,GEMS-0113_FBLL_0011/LH287,10.665287622002241
2024,iah2,GEMS-0113_FBLL_0013/LH287,10.665287622002241
2024,iah2,GEMS-0113_FBLL_0015/LH287,10.665287622002241
2024,iah2,GEMS-0113_FBLL_0015/PHP02,10.465553581679485
2024,iah2,GEMS-0113_PHB47_0001/LH287,10.665287622002241
2024,iah2,GEMS-0113_PHB47_0001/PHP02,10.465553581679485
2024,iah2,GEMS-0113_PHB47_0003/PHP02,10.465553581679485
2024,iah2,GEMS-0113_PHB47_0004/PHP02,10.465553581679485
2024,iah2,GEMS-0113_PHB47_0005/PHP02,10.465553581679485
2024,iah2,GEMS-0113_PHB47_0006/PHP02,10.465553581679485
2024,iah2,GEMS-0113_PHB47_0007/LH287,10.665287622002241
2024,iah2,GEMS-0113_PHB47_0007/PHP02,10.465553581679485
2024,iah2,GEMS-0113_PHB47_0008/LH287,10.665287622002241
2024,iah2,GEMS-0113_PHB47_0011/PHP02,10.465553581679485
2024,iah2,GEMS-0113_PHB47_0013/LH287,10.665287622002241
2024,iah2,GEMS-0113_PHB47_0013/PHP02,10.465553581679485
2024,iah2,GEMS-0113_PHB47_0014/LH287,10.665287622002241
2024,iah2,GEMS-0113_PHB47_0015/LH287,10.665287622002241
2024,iah2,GEMS-0113_PHB47_0017/PHP02,10.465553581679485
2024,iah2,GEMS-0113_PHB47_0019/PHP02,10.465553581679485
2024,iah2,GEMS-0113_PHB47_0020/PHP02,10.465553581679485
2024,iah2,GEMS-0113_PHBW8_0001/LH287,10.665287622002241
2024,iah2,GEMS-0113_PHBW8_0001/PHP02,10.465553581679485
2024,iah2,GEMS-0113_PHBW8_0002/LH287,10.665287622002241
2024,iah2,GEMS-0113_PHBW8_0002/PHP02,10.465553581679485
2024,iah2,GEMS-0113_PHBW8_0004/LH287,10.665287622002241
2024,iah2,GEMS-0113_PHBW8_0004/PHP02,10.465553581679485
2024,iah2,GEMS-0113_PHBW8_0005/LH287,10.665287622002241
2024,iah2,GEMS-0113_PHBW8_0005/PHP02,10.465553581679485
2024,iah2,GEMS-0113_PHBW8_0006/LH287,10.665287622002241
2024,iah2,GEMS-0113_PHBW8_0006/PHP02,10.465553581679485
2024,iah2,GEMS-0113_PHBW8_0007/PHP02,10.465553581679485
2024,iah2,GEMS-0113_PHBW8_0008/PHP02,10.465553581679485
2024,iah2,GEMS-0113_PHBW8_0009/PHP02,10.465553581679485
2024,iah2,GEMS-0113_PHBW8_0010/PHP02,10.465553581679485
2024,iah2,GEMS-0113_PHBW8_0011/LH287,10.665287622002241
2024,iah2,GEMS-0113_PHBW8_0012/PHP02,10.465553581679485
2024,iah2,GEMS-0113_PHBW8_0013/LH287,10.665287622002241
2024,iah2,GEMS-0113_PHBW8_0014/LH287,10.665287622002241
2024,iah2,GEMS-0113_PHBW8_0017/PHP02,10.465553581679485
2024,iah2,GEMS-0219_3AZA1_0001/PHP02,10.465553581679485
2024,iah2,GEMS-0219_3AZA1_0002/LH287,10.665287622002241
2024,iah2,GEMS-0219_3AZA1_0002/PHP02,10.465553581679485
2024,iah2,GEMS-0219_3AZA1_0003/LH287,10.665287622002241
2024,iah2,GEMS-0219_3AZA1_0003/PHP02,10.465553581679485
2024,iah2,GEMS-0219_3AZA1_0005/LH287,10.665287622002241
2024,iah2,GEMS-0219_3AZA1_0005/PHP02,10.465553581679485
2024,iah2,GEMS-0219_3AZA1_0006/LH287,10.665287622002241
2024,iah2,GEMS-0219_3AZA1_0006/PHP02,10.465553581679485
2024,iah2,GEMS-0219_3AZA1_0007/PHP02,10.465553581679485
2024,iah2,GEMS-0219_3AZA1_0008/PHP02,10.465553581679485
2024,iah2,GEMS-0219_3AZA1_0010/LH287,10.665287622002241
2024,iah2,GEMS-0219_3AZA1_0012/LH287,10.665287622002241
2024,iah2,GEMS-0219_3AZA1_0012/PHP02,10.465553581679485
2024,iah2,GEMS-0219_3AZA1_0014/LH287,10.665287622002241
2024,iah2,GEMS-0219_3AZA1_0014/PHP02,10.465553581679485
2024,iah2,GEMS-0219_FBLL_0002/PHP02,10.465553581679485
2024,iah2,GEMS-0219_FBLL_0003/PHP02,10.465553581679485
2024,iah2,GEMS-0219_FBLL_0004/LH287,10.665287622002241
2024,iah2,GEMS-0219_FBLL_0006/PHP02,10.465553581679485
2024,iah2,GEMS-0219_FBLL_0008/LH287,10.665287622002241
2024,iah2,GEMS-0219_FBLL_0008/PHP02,10.465553581679485
2024,iah2,GEMS-0219_FBLL_0009/PHP02,10.465553581679485
2024,iah2,GEMS-0219_FBLL_0010/LH287,10.665287622002241
2024,iah2,GEMS-0219_FBLL_0010/PHP02,10.465553581679485
2024,iah2,GEMS-0219_FBLL_0011/LH287,10.665287622002241
2024,iah2,GEMS-0219_FBLL_0011/PHP02,10.465553581679485
2024,iah2,GEMS-0219_FBLL_0012/PHP02,10.465553581679485
2024,iah2,GEMS-0219_FBLL_0013/LH287,10.665287622002241
2024,iah2,GEMS-0219_FBLL_0013/PHP02,10.465553581679485
2024,iah2,GEMS-0219_FBLL_0014/PHP02,10.465553581679485
2024,iah2,GEMS-0219_FBLL_0015/PHP02,10.465553581679485
2024,iah2,GEMS-0219_FBLL_0017/LH287,10.665287622002241
2024,iah2,GEMS-0219_FBLL_0017/PHP02,10.465553581679485
2024,iah2,GEMS-0219_FBLL_0018/LH287,10.665287622002241
2024,iah2,GEMS-0219_FBLL_0019/LH287,10.665287622002241
2024,iah2,GEMS-0219_FBLL_0020/LH287,10.665287622002241
2024,iah2,GEMS-0219_FBLL_0022/PHP02,10.465553581679485
2024,iah2,GEMS-0219_FBLL_0023/LH287,10.665287622002241
2024,iah2,GEMS-0219_FBLL_0025/LH287,10.665287622002241
2024,iah2,GEMS-0219_FBLL_0027/LH287,10.665287622002241
2024,iah2,GEMS-0219_FBLL_0028/LH287,10.665287622002241
2024,iah2,GEMS-0219_FBLL_0030/LH287,10.665287622002241
2024,iah2,GEMS-0219_FBLL_0030/PHP02,10.465553581679485
2024,iah2,GEMS-0219_PHB47_0001/LH287,10.665287622002241
2024,iah2,GEMS-0219_PHB47_0001/PHP02,10.465553581679485
2024,iah2,GEMS-0219_PHB47_0002/PHP02,10.465553581679485
2024,iah2,GEMS-0219_PHB47_0003/LH287,10.665287622002241
2024,iah2,GEMS-0219_PHB47_0003/PHP02,10.465553581679485
2024,iah2,GEMS-0219_PHB47_0004/PHP02,10.465553581679485
2024,iah2,GEMS-0219_PHB47_0005/LH287,10.665287622002241
2024,iah2,GEMS-0219_PHB47_0005/PHP02,10.465553581679485
2024,iah2,GEMS-0219_PHB47_0006/LH287,10.665287622002241
2024,iah2,GEMS-0219_PHB47_0006/PHP02,10.465553581679485
2024,iah2,GEMS-0219_PHB47_0011/LH287,10.665287622002241
2024,iah2,GEMS-0219_PHB47_0014/PHP02,10.465553581679485
2024,iah2,GEMS-0219_PHB47_0017/PHP02,10.465553581679485
2024,iah2,GEMS-0219_PHBW8_0001/LH287,10.665287622002241
2024,iah2,GEMS-0219_PHBW8_0001/PHP02,10.465553581679485
2024,iah2,GEMS-0219_PHBW8_0002/LH287,10.665287622002241
2024,iah2,GEMS-0219_PHBW8_0002/PHP02,10.465553581679485
2024,iah2,GEMS-0219_PHBW8_0003/PHP02,10.465553581679485
2024,iah2,GEMS-0219_PHBW8_0004/PHP02,10.465553581679485
2024,iah2,GEMS-0219_PHBW8_0006/LH287,10.665287622002241
2024,iah2,GEMS-0219_PHBW8_0006/PHP02,10.465553581679485
2024,iah2,GEMS-0219_PHBW8_0008/LH287,10.665287622002241
2024,iah2,GEMS-0219_PHBW8_0009/LH287,10.665287622002241
2024,iah2,GEMS-0219_PHBW8_0009/PHP02,10.465553581679485
2024,iah2,GEMS-0219_PHBW8_0011/PHP02,10.465553581679485
2024,iah2,GEMS-0227_3AZA1_0001/LH287,10.665287622002241
2024,iah2,GEMS-0227_3AZA1_0001/PHP02,10.465553581679485
2024,iah2,GEMS-0227_3AZA1_0002/LH287,10.665287622002241
2024,iah2,GEMS-0227_3AZA1_0002/PHP02,10.465553581679485
2024,iah2,GEMS-0227_3AZA1_0003/LH287,10.665287622002241
2024,iah2,GEMS-0227_3AZA1_0004/PHP02,10.465553581679485
2024,iah2,GEMS-0227_3AZA1_0005/PHP02,10.465553581679485
2024,iah2,GEMS-0227_3AZA1_0006/LH287,10.665287622002241
2024,iah2,GEMS-0227_3AZA1_0006/PHP02,10.465553581679485
2024,iah2,GEMS-0227_3AZA1_0007/PHP02,10.465553581679485
2024,iah2,GEMS-0227_3AZA1_0008/LH287,10.665287622002241
2024,iah2,GEMS-0227_3AZA1_0008/PHP02,10.465553581679485
2024,iah2,GEMS-0227_3AZA1_0009/LH287,10.665287622002241
2024,iah2,GEMS-0227_3AZA1_0009/PHP02,10.465553581679485
2024,iah2,GEMS-0227_3AZA1_0010/LH287,10.665287622002241
2024,iah2,GEMS-0227_3AZA1_0011/LH287,10.665287622002241
2024,iah2,GEMS-0227_3AZA1_0012/LH287,10.665287622002241
2024,iah2,GEMS-0227_3AZA1_0012/PHP02,10.465553581679485
2024,iah2,GEMS-0227_3AZA1_0013/PHP02,10.465553581679485
2024,iah2,GEMS-0227_3AZA1_0014/LH287,10.665287622002241
2024,iah2,GEMS-0227_3AZA1_0015/LH287,10.665287622002241
2024,iah2,GEMS-0227_3AZA1_0015/PHP02,10.465553581679485
2024,iah2,GEMS-0227_3AZA1_0016/LH287,10.665287622002241
2024,iah2,GEMS-0227_3AZA1_0017/LH287,10.665287622002241
2024,iah2,GEMS-0227_3AZA1_0018/PHP02,10.465553581679485
2024,iah2,GEMS-0227_3AZA1_0019/LH287,10.665287622002241
2024,iah2,GEMS-0227_3AZA1_0019/PHP02,10.465553581679485
2024,iah2,GEMS-0227_3AZA1_0021/PHP02,10.465553581679485
2024,iah2,GEMS-0227_3AZA1_0022/LH287,10.665287622002241
2024,iah2,GEMS-0227_3AZA1_0023/LH287,10.665287622002241
2024,iah2,GEMS-0227_3AZA1_0023/PHP02,10.465553581679485
2024,iah2,GEMS-0227_3AZA1_0024/LH287,10.665287622002241
2024,iah2,GEMS-0227_3AZA1_0024/PHP02,10.465553581679485
2024,iah2,GEMS-0227_3AZA1_0028/PHP02,10.465553581679485
2024,iah2,GEMS-0227_3AZA1_0029/LH287,10.665287622002241
2024,iah2,GEMS-0227_3AZA1_0030/LH287,10.665287622002241
2024,iah2,GEMS-0227_3AZA1_0031/PHP02,10.465553581679485
2024,iah2,GEMS-0227_3AZA1_0032/LH287,10.665287622002241
2024,iah2,GEMS-0227_3AZA1_0032/PHP02,10.465553581679485
2024,iah2,GEMS-0227_3AZA1_0034/LH287,10.665287622002241
2024,iah2,GEMS-0227_3AZA1_0034/PHP02,10.465553581679485
2024,iah2,GEMS-0227_3AZA1_0035/LH287,10.665287622002241
2024,iah2,GEMS-0227_3AZA1_0035/PHP02,10.465553581679485
2024,iah2,GEMS-0227_3AZA1_0036/LH287,10.665287622002241
2024,iah2,GEMS-0227_3AZA1_0036/PHP02,10.465553581679485
2024,iah2,GEMS-0227_3AZA1_0040/LH287,10.665287622002241
2024,iah2,GEMS-0227_3AZA1_0040/PHP02,10.465553581679485
2024,iah2,GEMS-0227_3AZA1_0041/LH287,10.665287622002241
2024,iah2,GEMS-0227_3AZA1_0041/PHP02,10.465553581679485
2024,iah2,GEMS-0227_3AZA1_0043/LH287,10.665287622002241
2024,iah2,GEMS-0227_3AZA1_0045/LH287,10.665287622002241
2024,iah2,GEMS-0227_3AZA1_0045/PHP02,10.465553581679485
2024,iah2,GEMS-0227_3AZA1_0046/LH287,10.665287622002241
2024,iah2,GEMS-0227_3AZA1_0048/LH287,10.665287622002241
2024,iah2,GEMS-0227_3AZA1_0048/PHP02,10.465553581679485
2024,iah2,GEMS-0227_3AZA1_0049/LH287,10.665287622002241
2024,iah2,GEMS-0227_FBLL_0001/LH287,10.665287622002241
2024,iah2,GEMS-0227_FBLL_0001/PHP02,10.465553581679485
2024,iah2,GEMS-0227_FBLL_0002/PHP02,10.465553581679485
2024,iah2,GEMS-0227_FBLL_0003/LH287,10.665287622002241
2024,iah2,GEMS-0227_FBLL_0003/PHP02,10.465553581679485
2024,iah2,GEMS-0227_FBLL_0004/LH287,10.665287622002241
2024,iah2,GEMS-0227_FBLL_0007/PHP02,10.465553581679485
2024,iah2,GEMS-0227_FBLL_0008/PHP02,10.465553581679485
2024,iah2,GEMS-0227_FBLL_0009/LH287,10.665287622002241
2024,iah2,GEMS-0227_FBLL_0009/PHP02,10.465553581679485
2024,iah2,GEMS-0227_FBLL_0010/LH287,10.665287622002241
2024,iah2,GEMS-0227_FBLL_0012/PHP02,10.465553581679485
2024,iah2,GEMS-0227_FBLL_0013/LH287,10.665287622002241
2024,iah2,GEMS-0227_FBLL_0013/PHP02,10.465553581679485
2024,iah2,GEMS-0227_FBLL_0014/PHP02,10.465553581679485
2024,iah2,GEMS-0227_FBLL_0015/LH287,10.665287622002241
2024,iah2,GEMS-0227_FBLL_0016/LH287,10.665287622002241
2024,iah2,GEMS-0227_FBLL_0016/PHP02,10.465553581679485
2024,iah2,GEMS-0227_FBLL_0017/LH287,10.665287622002241
2024,iah2,GEMS-0227_FBLL_0017/PHP02,10.465553581679485
2024,iah2,GEMS-0227_FBLL_0018/LH287,10.665287622002241
2024,iah2,GEMS-0227_FBLL_0018/PHP02,10.465553581679485
2024,iah2,GEMS-0227_FBLL_0019/PHP02,10.465553581679485
2024,iah2,GEMS-0227_FBLL_0020/LH287,10.665287622002241
2024,iah2,GEMS-0227_FBLL_0020/PHP02,10.465553581679485
2024,iah2,GEMS-0227_FBLL_0021/PHP02,10.465553581679485
2024,iah2,GEMS-0227_FBLL_0022/LH287,10.665287622002241
2024,iah2,GEMS-0227_FBLL_0022/PHP02,10.465553581679485
2024,iah2,GEMS-0227_FBLL_0023/LH287,10.665287622002241
2024,iah2,GEMS-0227_FBLL_0023/PHP02,10.465553581679485
2024,iah2,GEMS-0227_FBLL_0024/PHP02,10.465553581679485
2024,iah2,GEMS-0227_FBLL_0025/LH287,10.665287622002241
2024,iah2,GEMS-0227_FBLL_0025/PHP02,10.465553581679485
2024,iah2,GEMS-0227_FBLL_0026/LH287,10.665287622002241
2024,iah2,GEMS-0227_FBLL_0026/PHP02,10.465553581679485
2024,iah2,GEMS-0227_FBLL_0027/LH287,10.665287622002241
2024,iah2,GEMS-0227_FBLL_0028/PHP02,10.465553581679485
2024,iah2,GEMS-0227_FBLL_0029/LH287,10.665287622002241
2024,iah2,GEMS-0227_FBLL_0029/PHP02,10.465553581679485
2024,iah2,GEMS-0227_FBLL_0031/LH287,10.665287622002241
2024,iah2,GEMS-0227_FBLL_0031/PHP02,10.465553581679485
2024,iah2,GEMS-0227_FBLL_0034/PHP02,10.465553581679485
2024,iah2,GEMS-0227_FBLL_0035/LH287,10.665287622002241
2024,iah2,GEMS-0227_FBLL_0035/PHP02,10.465553581679485
2024,iah2,GEMS-0227_FBLL_0036/LH287,10.665287622002241
2024,iah2,GEMS-0227_FBLL_0036/PHP02,10.465553581679485
2024,iah2,GEMS-0227_FBLL_0037/LH287,10.665287622002241
2024,iah2,GEMS-0227_FBLL_0037/PHP02,10.465553581679485
2024,iah2,GEMS-0227_FBLL_0038/LH287,10.665287622002241
2024,iah2,GEMS-0227_FBLL_0038/PHP02,10.465553581679485
2024,iah2,GEMS-0227_FBLL_0039/LH287,10.665287622002241
2024,iah2,GEMS-0227_FBLL_0040/LH287,10.665287622002241
2024,iah2,GEMS-0227_FBLL_0041/PHP02,10.465553581679485
2024,iah2,GEMS-0227_FBLL_0042/PHP02,10.465553581679485
2024,iah2,GEMS-0227_FBLL_0043/LH287,10.665287622002241
2024,iah2,GEMS-0227_FBLL_0043/PHP02,10.465553581679485
2024,iah2,GEMS-0227_FBLL_0044/LH287,10.665287622002241
2024,iah2,GEMS-0227_FBLL_0044/PHP02,10.465553581679485
2024,iah2,GEMS-0227_FBLL_0045/PHP02,10.465553581679485
2024,iah2,GEMS-0227_FBLL_0046/PHP02,10.465553581679485
2024,iah2,GEMS-0227_FBLL_0047/LH287,10.665287622002241
2024,iah2,GEMS-0227_FBLL_0047/PHP02,10.465553581679485
2024,iah2,GEMS-0227_FBLL_0049/LH287,10.665287622002241
2024,iah2,GEMS-0227_FBLL_0049/PHP02,10.465553581679485
2024,iah2,GEMS-0227_FBLL_0050/PHP02,10.465553581679485
2024,iah2,GEMS-0227_FBLL_0051/LH287,10.665287622002241
2024,iah2,GEMS-0227_FBLL_0054/LH287,10.665287622002241
2024,iah2,GEMS-0227_FBLL_0054/PHP02,10.465553581679485
2024,iah2,GEMS-0227_FBLL_0055/LH287,10.665287622002241
2024,iah2,GEMS-0227_FBLL_0055/PHP02,10.465553581679485
2024,iah2,GEMS-0227_FBLL_0056/PHP02,10.465553581679485
2024,iah2,GEMS-0227_FBLL_0057/LH287,10.665287622002241
2024,iah2,GEMS-0227_FBLL_0058/LH287,10.665287622002241
2024,iah2,GEMS-0227_FBLL_0059/LH287,10.665287622002241
2024,iah2,GEMS-0227_FBLL_0059/PHP02,10.465553581679485
2024,iah2,GEMS-0227_FBLL_0060/PHP02,10.465553581679485
2024,iah2,GEMS-0227_FBLL_0063/LH287,10.665287622002241
2024,iah2,GEMS-0227_FBLL_0063/PHP02,10.465553581679485
2024,iah2,GEMS-0227_FBLL_0064/LH287,10.665287622002241
2024,iah2,GEMS-0227_FBLL_0064/PHP02,10.465553581679485
2024,iah2,GEMS-0227_FBLL_0066/LH287,10.665287622002241
2024,iah2,GEMS-0227_FBLL_0066/PHP02,10.465553581679485
2024,iah2,GEMS-0227_FBLL_0067/PHP02,10.465553581679485
2024,iah2,GEMS-0227_FBLL_0068/LH287,10.665287622002241
2024,iah2,GEMS-0227_FBLL_0069/LH287,10.665287622002241
2024,iah2,GEMS-0227_FBLL_0069/PHP02,10.465553581679485
2024,iah2,GEMS-0227_FBLL_0071/PHP02,10.465553581679485
2024,iah2,GEMS-0227_FBLL_0073/PHP02,10.465553581679485
2024,iah2,GEMS-0227_FBLL_0074/LH287,10.665287622002241
2024,iah2,GEMS-0227_FBLL_0075/PHP02,10.465553581679485
2024,iah2,GEMS-0227_FBLL_0077/LH287,10.665287622002241
2024,iah2,GEMS-0227_FBLL_0078/PHP02,10.465553581679485
2024,iah2,GEMS-0227_FBLL_0079/LH287,10.665287622002241
2024,iah2,GEMS-0227_FBLL_0079/PHP02,10.465553581679485
2024,iah2,GEMS-0227_FBLL_0080/LH287,10.665287622002241
2024,iah2,GEMS-0227_FBLL_0085/LH287,10.665287622002241
2024,iah2,GEMS-0227_FBLL_0085/PHP02,10.465553581679485
2024,iah2,GEMS-0227_FBLL_0087/LH287,10.665287622002241
2024,iah2,GEMS-0227_FBLL_0087/PHP02,10.465553581679485
2024,iah2,GEMS-0227_FBLL_0088/LH287,10.665287622002241
2024,iah2,GEMS-0227_FBLL_0088/PHP02,10.465553581679485
2024,iah2,GEMS-0227_FBLL_0089/PHP02,10.465553581679485
2024,iah2,GEMS-0227_FBLL_0090/LH287,10.665287622002241
2024,iah2,GEMS-0227_FBLL_0090/PHP02,10.465553581679485
2024,iah2,GEMS-0227_FBLL_0093/LH287,10.665287622002241
2024,iah2,GEMS-0227_FBLL_0096/LH287,10.665287622002241
2024,iah2,GEMS-0227_FBLL_0097/LH287,10.665287622002241
2024,iah2,GEMS-0227_FBLL_0098/PHP02,10.465553581679485
2024,iah2,GEMS-0227_FBLL_0101/LH287,10.665287622002241
2024,iah2,GEMS-0227_FBLL_0104/PHP02,10.465553581679485
2024,iah2,GEMS-0227_FBLL_0105/LH287,10.665287622002241
2024,iah2,GEMS-0227_FBLL_0105/PHP02,10.465553581679485
2024,iah2,GEMS-0227_FBLL_0106/LH287,10.665287622002241
2024,iah2,GEMS-0227_FBLL_0106/PHP02,10.465553581679485
2024,iah2,GEMS-0227_FBLL_0110/LH287,10.665287622002241
2024,iah2,GEMS-0227_FBLL_0110/PHP02,10.465553581679485
2024,iah2,GEMS-0227_FBLL_0111/LH287,10.665287622002241
2024,iah2,GEMS-0227_FBLL_0111/PHP02,10.465553581679485
2024,iah2,GEMS-0227_FBLL_0113/LH287,10.665287622002241
2024,iah2,GEMS-0227_FBLL_0114/LH287,10.665287622002241
2024,iah2,GEMS-0227_FBLL_0115/LH287,10.665287622002241
2024,iah2,GEMS-0227_FBLL_0116/PHP02,10.465553581679485
2024,iah2,GEMS-0227_FBLL_0118/LH287,10.665287622002241
2024,iah2,GEMS-0227_FBLL_0118/PHP02,10.465553581679485
2024,iah2,GEMS-0227_FBLL_0121/LH287,10.665287622002241
2024,iah2,GEMS-0227_FBLL_0124/LH287,10.665287622002241
2024,iah2,GEMS-0227_FBLL_0125/LH287,10.665287622002241
2024,iah2,GEMS-0227_FBLL_0125/PHP02,10.465553581679485
2024,iah2,GEMS-0227_FBLL_0133/LH287,10.665287622002241
2024,iah2,GEMS-0227_FBLL_0133/PHP02,10.465553581679485
2024,iah2,GEMS-0227_FBLL_0136/LH287,10.665287622002241
2024,iah2,GEMS-0227_FBLL_0136/PHP02,10.465553581679485
2024,iah2,GEMS-0227_FBLL_0140/LH287,10.665287622002241
2024,iah2,GEMS-0227_FBLL_0140/PHP02,10.465553581679485
2024,iah2,GEMS-0227_FBLL_0141/PHP02,10.465553581679485
2024,iah2,GEMS-0227_PHB47_0001/LH287,10.665287622002241
2024,iah2,GEMS-0227_PHB47_0002/LH287,10.665287622002241
2024,iah2,GEMS-0227_PHB47_0002/PHP02,10.465553581679485
2024,iah2,GEMS-0227_PHB47_0003/PHP02,10.465553581679485
2024,iah2,GEMS-0227_PHB47_0004/PHP02,10.465553581679485
2024,iah2,GEMS-0227_PHB47_0006/LH287,10.665287622002241
2024,iah2,GEMS-0227_PHB47_0007/LH287,10.665287622002241
2024,iah2,GEMS-0227_PHB47_0009/LH287,10.665287622002241
2024,iah2,GEMS-0227_PHB47_0009/PHP02,10.465553581679485
2024,iah2,GEMS-0227_PHB47_0010/LH287,10.665287622002241
2024,iah2,GEMS-0227_PHB47_0010/PHP02,10.465553581679485
2024,iah2,GEMS-0227_PHB47_0011/LH287,10.665287622002241
2024,iah2,GEMS-0227_PHB47_0012/LH287,10.665287622002241
2024,iah2,GEMS-0227_PHB47_0012/PHP02,10.465553581679485
2024,iah2,GEMS-0227_PHB47_0014/LH287,10.665287622002241
2024,iah2,GEMS-0227_PHB47_0016/LH287,10.665287622002241
2024,iah2,GEMS-0227_PHB47_0024/LH287,10.665287622002241
2024,iah2,GEMS-0227_PHB47_0025/PHP02,10.465553581679485
2024,iah2,GEMS-0227_PHBW8_0001/LH287,10.665287622002241
2024,iah2,GEMS-0227_PHBW8_0001/PHP02,10.465553581679485
2024,iah2,GEMS-0227_PHBW8_0002/LH287,10.665287622002241
2024,iah2,GEMS-0227_PHBW8_0004/LH287,10.665287622002241
2024,iah2,GEMS-0227_PHBW8_0004/PHP02,10.465553581679485
2024,iah2,GEMS-0227_PHBW8_0005/LH287,10.665287622002241
2024,iah2,GEMS-0227_PHBW8_0006/LH287,10.665287622002241
2024,iah2,GEMS-0227_PHBW8_0007/LH287,10.665287622002241
2024,iah2,GEMS-0227_PHBW8_0007/PHP02,10.465553581679485
2024,iah2,GEMS-0227_PHBW8_0009/LH287,10.665287622002241
2024,iah2,GEMS-0227_PHBW8_0010/LH287,10.665287622002241
2024,iah2,GEMS-0227_PHBW8_0010/PHP02,10.465553581679485
2024,iah2,GEMS-0227_PHBW8_0012/LH287,10.665287622002241
2024,iah2,GEMS-0227_PHBW8_0012/PHP02,10.465553581679485
2024,iah2,GEMS-0227_PHBW8_0015/LH287,10.665287622002241
2024,iah2,GEMS-0227_PHBW8_0015/PHP02,10.465553581679485
2024,iah2,GEMS-0227_PHBW8_0016/LH287,10.665287622002241
2024,iah2,GEMS-0227_PHBW8_0017/LH287,10.665287622002241
2024,iah2,GEMS-0227_PHBW8_0018/LH287,10.665287622002241
2024,iah2,GEMS-0227_PHBW8_0019/LH287,10.665287622002241
2024,iah2,GEMS-0227_PHBW8_0020/LH287,10.665287622002241
2024,iah2,GEMS-0227_PHBW8_0020/PHP02,10.465553581679485
2024,iah2,GEMS-0227_PHBW8_0021/PHP02,10.465553581679485
2024,iah2,GEMS-0227_PHBW8_0022/LH287,10.665287622002241
2024,iah2,GEMS-0227_PHBW8_0022/PHP02,10.465553581679485
2024,iah2,GEMS-0227_PHBW8_0024/LH287,10.665287622002241
2024,iah2,GEMS-0227_PHBW8_0024/PHP02,10.465553581679485
2024,iah2,LH132/LH287,10.68709896416622
2024,iah2,LH132/PHP02,10.314759161749699
2024,iah2,LH192/PHP02,10.465553581679485
2024,iah2,LH193/LH287,10.665287622002241
2024,iah2,LH194/LH287,10.665287622002241
2024,iah2,LH194/PHP02,10.465553581679485
2024,iah2,LH195/LH287,10.95816859313647
2024,iah2,LH195/PHP02,10.741361684548206
2024,iah2,LH195/PHZ51,10.404209927960874
2024,iah2,LH197/PHP02,10.465553581679485
2024,iah2,LH198/LH287,10.65371139853377
2024,iah2,LH200/LH287,10.665287622002241
2024,iah2,LH200/PHP02,10.465553581679485
2024,iah2,LH204/LH287,10.665287622002241
2024,iah2,LH204/PHP02,10.465553581679485
2024,iah2,LH224/LH287,10.665287622002241
2024,iah2,LH224/PHP02,10.465553581679485
2024,iah2,LH225/LH287,10.665287622002241
2024,iah2,LH225/PHP02,10.465553581679485
2024,iah2,LH226HT/LH287,10.665287622002241
2024,iah2,LH226HT/PHP02,10.465553581679485
2024,iah2,LH228/PHP02,10.465553581679485
2024,iah2,LH231/LH287,10.665287622002241
2024,iah2,LH234/LH287,10.665287622002241
2024,iah2,LH234/PHP02,10.465553581679485
2024,iah2,LH235/LH287,10.665287622002241
2024,iah2,LH235/PHP02,10.465553581679485
2024,iah2,LH236/PHP02,10.465553581679485
2024,iah2,LH244/PHK76,10.144528369177113
2024,iah2,LH264/LH287,10.665287622002241
2024,iah2,LH264/PHP02,10.465553581679485
2024,iah2,LH273/LH287,10.665287622002241
2024,iah2,LH287/LH244,13.121485531885515
2024,iah2,LH292/LH287,10.665287622002241
2024,iah2,LH292/PHP02,10.465553581679485
2024,iah2,LH82/LH244,10.765664696750555
2024,iah2,MM501D/LH244,12.236743062182947
2024,iah2,NKH8431/LH287,10.665287622002241
2024,iah2,PH05F/LH287,10.665287622002241
2024,iah2,PH05F/PHP02,10.465553581679485
2024,iah2,PH05G/LH287,10.665287622002241
2024,iah2,PH05W/PHP02,10.465553581679485
2024,iah2,PH06N/PHP02,10.465553581679485
2024,iah2,PH07D/LH287,10.665287622002241
2024,iah2,PH07D/PHP02,10.465553581679485
2024,iah2,PH08A/LH287,10.665287622002241
2024,iah2,PH08A/PHP02,10.465553581679485
2024,iah2,PH09E/LH287,10.665287622002241
2024,iah2,PH09E/PHP02,10.465553581679485
2024,iah2,PH0B4/PHP02,10.465553581679485
2024,iah2,PH0CD/LH287,10.665287622002241
2024,iah2,PH0GP/PHP02,10.465553581679485
2024,iah2,PH12C/LH287,10.665287622002241
2024,iah2,PH12C/PHP02,10.465553581679485
2024,iah2,PH19V/LH287,10.665287622002241
2024,iah2,PH19V/PHP02,10.465553581679485
2024,iah2,PH1CA/LH287,10.665287622002241
2024,iah2,PH1CA/PHP02,10.465553581679485
2024,iah2,PH1GC/PHP02,10.465553581679485
2024,iah2,PH1GG/PHP02,10.465553581679485
2024,iah2,PH1TB/LH287,10.665287622002241
2024,iah2,PH1W2/LH287,10.665287622002241
2024,iah2,PH1W2/PHP02,10.465553581679485
2024,iah2,PH24E/LH244,12.459668225167624
2024,iah2,PH24M/LH287,10.665287622002241
2024,iah2,PH24M/PHP02,10.465553581679485
2024,iah2,PH32C/PHP02,10.465553581679485
2024,iah2,PH37C/LH287,10.665287622002241
2024,iah2,PH38D/LH287,10.665287622002241
2024,iah2,PH38D/PHP02,10.465553581679485
2024,iah2,PH42B/LH287,10.665287622002241
2024,iah2,PH44A/LH287,10.665287622002241
2024,iah2,PH44A/PHP02,10.465553581679485
2024,iah2,PH55C/PHP02,10.465553581679485
2024,iah2,PH63A/PHP02,10.465553581679485
2024,iah2,PH79A/LH287,10.665287622002241
2024,iah2,PH79A/PHP02,10.465553581679485
2024,iah2,PHB47/LH287,10.684421268876928
2024,iah2,PHB47/PHN82,11.67009985890519
2024,iah2,PHB47/PHZ51,10.133969118073765
2024,iah2,PHBW8/LH287,10.665287622002241
2024,iah2,PHEW7/LH287,10.665287622002241
2024,iah2,PHEW7/PHP02,10.465553581679485
2024,iah2,PHG29/PHG47,9.337023877174015
2024,iah2,PHG39/PHN82,11.727188116683296
2024,iah2,PHHB9/LH287,11.087954077927856
2024,iah2,PHHB9/PHP02,10.877467325146181
2024,iah2,PHJ40/PHAJ0,7.099819907168125
2024,iah2,PHJ89/LH244,11.828756299548191
2024,iah2,PHK56/LH244,12.197948939624691
2024,iah2,PHKV0/LH287,10.665287622002241
2024,iah2,PHKV0/PHP02,10.465553581679485
2024,iah2,PHN41/PHP02,10.465553581679485
2024,iah2,PHN46/LH244,10.41376762204762
2024,iah2,PHN66/LH287,10.665287622002241
2024,iah2,PHNJ2/LH287,10.665287622002241
2024,iah2,PHP02/LH244,12.197948939624691
2024,iah2,PHP38/LH287,10.687213536488107
2024,iah2,PHR03/LH244,12.522974958878809
2024,iah2,PHR61/LH287,10.665287622002241
2024,iah2,PHRE1/PHTD5,7.850591086382378
2024,iah2,PHT10/LH287,10.665287622002241
2024,iah2,PHT10/PHP02,10.465553581679485
2024,iah2,PHT47/LH287,10.665287622002241
2024,iah2,PHTP9/LH287,10.665287622002241
2024,iah2,PHV37/PHP02,10.465553581679485
2024,iah2,PHVA9/LH287,10.665287622002241
2024,iah2,PHVJ5/LH287,10.665287622002241
2024,iah2,PHW30/LH244,12.060824510558277
2024,iah2,PHW52/PHM49,11.044228720264167
2024,iah2,TX777/LH195,8.994176600166185
2024,iah2,W10004_0031/LH287,10.665287622002241
2024,iah2,W10004_0034/LH287,10.665287622002241
2024,iah2,W10004_0055/LH287,10.665287622002241
2024,iah2,W10004_0055/PHP02,11.78229137648923
2024,iah2,W10004_0062/PHP02,10.423422976829723
2024,iah2,W10004_0095/PHP02,9.945036563140345
2024,iah2,W10004_0103/LH287,10.665287622002241
2024,iah2,W10004_0122/PHP02,11.517440397681213
2024,iah2,W10004_0133/LH287,10.665287622002241
2024,iah2,W10004_0133/PHP02,11.590104141695024
2024,iah2,W10004_0138/LH287,10.665287622002241
2024,iah2,W10004_0138/PHP02,11.096629352049584
2024,iah2,W10004_0160/LH287,10.665287622002241
2024,iah2,W10004_0160/PHP02,11.67048140441932
2024,iah2,W10004_0168/LH287,10.665287622002241
2024,iah2,W10004_0168/PHP02,11.40543085804167
2024,iah2,W10004_0189/LH287,10.665287622002241
2024,iah2,W10004_0189/PHP02,12.148912108148416
2024,iah2,W10004_0236/LH287,10.665287622002241
2024,iah2,W10004_0236/PHP02,11.42604564511849
2024,iah2,W10004_0238/LH287,10.665287622002241
2024,iah2,W10004_0258/LH287,10.681516045253819
2024,iah2,W10004_0258/PHP02,11.913522786723954
2024,iah2,W10004_0311/LH287,10.665287622002241
2024,iah2,W10004_0311/PHP02,10.685171440692246
2024,iah2,W10004_0346/PHP02,12.164830236001302
2024,iah2,W10004_0389/LH287,10.665287622002241
2024,iah2,W10004_0389/PHP02,11.281107654763684
2024,iah2,W10004_0403/LH287,10.665287622002241
2024,iah2,W10004_0403/PHP02,11.578778669302931
2024,iah2,W10004_0409/LH287,10.950493420850664
2024,iah2,W10004_0409/PHP02,12.920624828897376
2024,iah2,W10004_0412/LH287,10.665287622002241
2024,iah2,W10004_0476/PHP02,10.616744283993455
2024,iah2,W10004_0601/PHP02,11.517344205090545
2024,iah2,W10004_0608/LH287,10.665287622002241
2024,iah2,W10004_0637/LH287,10.665287622002241
2024,iah2,W10004_0658/LH287,10.718954364257407
2024,iah2,W10004_0658/PHP02,12.697531662098486
2024,iah2,W10004_0688/LH287,10.665287622002241
2024,iah2,W10004_0691/LH287,10.268194726491602
2024,iah2,W10004_0691/PHP02,9.582035943424705
2024,iah2,W10004_0714/LH287,10.595274666435293
2024,iah2,W10004_0714/PHP02,11.356032689551542
2024,iah2,W10004_0715/LH287,10.665287622002241
2024,iah2,W10004_0715/PHP02,11.42604564511849
2024,iah2,W10004_0747/LH287,10.665287622002241
2024,iah2,W10004_0771/PHP02,11.590104141695024
2024,iah2,W10004_0822/LH287,10.665287622002241
2024,iah2,W10004_0858/LH287,10.665287622002241
2024,iah2,W10004_0858/PHP02,11.42604564511849
2024,iah2,W10004_0859/PHP02,11.080787271317607
2024,iah2,W10004_0866/LH287,10.665287622002241
2024,iah2,W10004_0866/PHP02,12.044417534874698
2024,iah2,W10004_0949/LH287,10.665287622002241
2024,iah2,W10004_0969/LH287,10.665287622002241
2024,iah2,W10004_0969/PHP02,10.884720503480139
2024,iah2,W10004_1014/PHP02,11.517440397681213
2024,iah2,W10004_1018/PHP02,11.09968280304688
2024,iah2,W10004_1032/LH287,10.665287622002241
2024,iah2,W10004_1032/PHP02,10.884720503480139
2024,iah2,W10004_1080/LH287,10.665287622002241
2024,iah2,WQCD10/LH287,10.665287622002241
2024,iah2,WQCD10/PHP02,10.465553581679485
2024,iah2,ZS01459/PHP02,10.465553581679485
2024,iah4,01CSI6/LH287,9.46763529470924
2024,iah4,01DIB2/LH287,9.46763529470924
2024,iah4,01DIB2/PHP02,9.363709352075025
2024,iah4,2369/LH123HT,10.954981389635046
2024,iah4,2FACC/PHP02,9.613099694876679
2024,iah4,6F629/PHP02,9.447328935888457
2024,iah4,B14A/OH43,8.99879592334148
2024,iah4,B37/H95,8.944476880492187
2024,iah4,B73/MO17,10.71158829208007
2024,iah4,B73/PHN82,11.06574822574829
2024,iah4,B73/TX779,6.9432226813452145
2024,iah4,CG119/CG108,5.30517014059471
2024,iah4,CG44/CGR01,7.860998182418388
2024,iah4,DK3IIH6/LH244,10.994018630186813
2024,iah4,DKFBHJ/LH287,9.46763529470924
2024,iah4,FBLA/LH287,9.46763529470924
2024,iah4,FBLA/PHP02,9.363709352075025
2024,iah4,FBLL/LH287,9.46763529470924
2024,iah4,GEMS-0061_3AZA1_0001/LH287,9.46763529470924
2024,iah4,GEMS-0061_3AZA1_0001/PHP02,9.363709352075025
2024,iah4,GEMS-0061_3AZA1_0004/PHP02,9.363709352075025
2024,iah4,GEMS-0061_3AZA1_0005/LH287,9.46763529470924
2024,iah4,GEMS-0061_3AZA1_0006/PHP02,9.363709352075025
2024,iah4,GEMS-0061_3AZA1_0007/LH287,9.46763529470924
2024,iah4,GEMS-0061_3AZA1_0007/PHP02,9.363709352075025
2024,iah4,GEMS-0061_3AZA1_0009/LH287,9.46763529470924
2024,iah4,GEMS-0061_3AZA1_0010/LH287,9.46763529470924
2024,iah4,GEMS-0061_3AZA1_0010/PHP02,9.363709352075025
2024,iah4,GEMS-0061_3AZA1_0011/PHP02,9.363709352075025
2024,iah4,GEMS-0061_3AZA1_0012/LH287,9.46763529470924
2024,iah4,GEMS-0061_3AZA1_0012/PHP02,9.363709352075025
2024,iah4,GEMS-0061_3AZA1_0013/LH287,9.46763529470924
2024,iah4,GEMS-0061_3AZA1_0013/PHP02,9.363709352075025
2024,iah4,GEMS-0061_3AZA1_0014/LH287,9.46763529470924
2024,iah4,GEMS-0061_3AZA1_0014/PHP02,9.363709352075025
2024,iah4,GEMS-0061_3AZA1_0015/LH287,9.46763529470924
2024,iah4,GEMS-0061_3AZA1_0015/PHP02,9.363709352075025
2024,iah4,GEMS-0061_3AZA1_0016/PHP02,9.363709352075025
2024,iah4,GEMS-0061_3AZA1_0017/LH287,9.46763529470924
2024,iah4,GEMS-0061_3AZA1_0017/PHP02,9.363709352075025
2024,iah4,GEMS-0061_3AZA1_0021/LH287,9.46763529470924
2024,iah4,GEMS-0061_3AZA1_0021/PHP02,9.363709352075025
2024,iah4,GEMS-0061_3AZA1_0023/PHP02,9.363709352075025
2024,iah4,GEMS-0061_FBLL_0002/LH287,9.46763529470924
2024,iah4,GEMS-0061_FBLL_0002/PHP02,9.363709352075025
2024,iah4,GEMS-0061_FBLL_0004/LH287,9.46763529470924
2024,iah4,GEMS-0061_FBLL_0005/PHP02,9.363709352075025
2024,iah4,GEMS-0061_FBLL_0008/LH287,9.46763529470924
2024,iah4,GEMS-0061_FBLL_0008/PHP02,9.363709352075025
2024,iah4,GEMS-0061_FBLL_0009/LH287,9.46763529470924
2024,iah4,GEMS-0061_FBLL_0009/PHP02,9.363709352075025
2024,iah4,GEMS-0061_FBLL_0010/LH287,9.46763529470924
2024,iah4,GEMS-0061_FBLL_0010/PHP02,9.363709352075025
2024,iah4,GEMS-0061_FBLL_0011/LH287,9.46763529470924
2024,iah4,GEMS-0061_FBLL_0011/PHP02,9.363709352075025
2024,iah4,GEMS-0061_FBLL_0014/PHP02,9.363709352075025
2024,iah4,GEMS-0061_FBLL_0015/LH287,9.46763529470924
2024,iah4,GEMS-0061_FBLL_0015/PHP02,9.363709352075025
2024,iah4,GEMS-0061_FBLL_0016/LH287,9.46763529470924
2024,iah4,GEMS-0061_FBLL_0016/PHP02,9.363709352075025
2024,iah4,GEMS-0061_FBLL_0017/LH287,9.46763529470924
2024,iah4,GEMS-0061_FBLL_0017/PHP02,9.363709352075025
2024,iah4,GEMS-0061_FBLL_0018/PHP02,9.363709352075025
2024,iah4,GEMS-0061_FBLL_0019/PHP02,9.363709352075025
2024,iah4,GEMS-0061_FBLL_0022/LH287,9.46763529470924
2024,iah4,GEMS-0061_FBLL_0022/PHP02,9.363709352075025
2024,iah4,GEMS-0061_FBLL_0023/LH287,9.46763529470924
2024,iah4,GEMS-0061_FBLL_0023/PHP02,9.363709352075025
2024,iah4,GEMS-0061_FBLL_0024/LH287,9.46763529470924
2024,iah4,GEMS-0061_FBLL_0024/PHP02,9.363709352075025
2024,iah4,GEMS-0061_FBLL_0025/LH287,9.46763529470924
2024,iah4,GEMS-0061_FBLL_0025/PHP02,9.363709352075025
2024,iah4,GEMS-0061_FBLL_0026/LH287,9.46763529470924
2024,iah4,GEMS-0061_FBLL_0029/LH287,9.46763529470924
2024,iah4,GEMS-0061_FBLL_0029/PHP02,9.363709352075025
2024,iah4,GEMS-0061_FBLL_0031/LH287,9.46763529470924
2024,iah4,GEMS-0061_FBLL_0032/LH287,9.46763529470924
2024,iah4,GEMS-0061_FBLL_0032/PHP02,9.363709352075025
2024,iah4,GEMS-0061_FBLL_0033/PHP02,9.363709352075025
2024,iah4,GEMS-0061_FBLL_0034/LH287,9.46763529470924
2024,iah4,GEMS-0061_FBLL_0035/LH287,9.46763529470924
2024,iah4,GEMS-0061_FBLL_0037/LH287,9.46763529470924
2024,iah4,GEMS-0061_FBLL_0038/LH287,9.46763529470924
2024,iah4,GEMS-0061_FBLL_0038/PHP02,9.363709352075025
2024,iah4,GEMS-0061_FBLL_0039/LH287,9.46763529470924
2024,iah4,GEMS-0061_FBLL_0040/LH287,9.46763529470924
2024,iah4,GEMS-0061_FBLL_0040/PHP02,9.363709352075025
2024,iah4,GEMS-0061_FBLL_0044/LH287,9.46763529470924
2024,iah4,GEMS-0061_FBLL_0047/PHP02,9.363709352075025
2024,iah4,GEMS-0061_FBLL_0050/LH287,9.46763529470924
2024,iah4,GEMS-0061_FBLL_0050/PHP02,9.363709352075025
2024,iah4,GEMS-0061_PHB47_0003/LH287,9.46763529470924
2024,iah4,GEMS-0061_PHB47_0004/PHP02,9.363709352075025
2024,iah4,GEMS-0061_PHBW8_0001/LH287,9.46763529470924
2024,iah4,GEMS-0061_PHBW8_0001/PHP02,9.363709352075025
2024,iah4,GEMS-0061_PHBW8_0002/LH287,9.46763529470924
2024,iah4,GEMS-0061_PHBW8_0002/PHP02,9.363709352075025
2024,iah4,GEMS-0113_3AZA1_0001/PHP02,9.363709352075025
2024,iah4,GEMS-0113_3AZA1_0002/LH287,9.46763529470924
2024,iah4,GEMS-0113_3AZA1_0002/PHP02,9.363709352075025
2024,iah4,GEMS-0113_3AZA1_0003/PHP02,9.363709352075025
2024,iah4,GEMS-0113_3AZA1_0004/LH287,9.46763529470924
2024,iah4,GEMS-0113_3AZA1_0004/PHP02,9.363709352075025
2024,iah4,GEMS-0113_3AZA1_0005/LH287,9.46763529470924
2024,iah4,GEMS-0113_3AZA1_0005/PHP02,9.363709352075025
2024,iah4,GEMS-0113_3AZA1_0006/LH287,9.46763529470924
2024,iah4,GEMS-0113_3AZA1_0008/LH287,9.46763529470924
2024,iah4,GEMS-0113_3AZA1_0010/LH287,9.46763529470924
2024,iah4,GEMS-0113_3AZA1_0010/PHP02,9.363709352075025
2024,iah4,GEMS-0113_3AZA1_0011/LH287,9.46763529470924
2024,iah4,GEMS-0113_3AZA1_0011/PHP02,9.363709352075025
2024,iah4,GEMS-0113_3AZA1_0013/LH287,9.46763529470924
2024,iah4,GEMS-0113_3AZA1_0013/PHP02,9.363709352075025
2024,iah4,GEMS-0113_3AZA1_0014/PHP02,9.363709352075025
2024,iah4,GEMS-0113_3AZA1_0015/LH287,9.46763529470924
2024,iah4,GEMS-0113_3AZA1_0015/PHP02,9.363709352075025
2024,iah4,GEMS-0113_3AZA1_0016/LH287,9.46763529470924
2024,iah4,GEMS-0113_3AZA1_0016/PHP02,9.363709352075025
2024,iah4,GEMS-0113_3AZA1_0017/LH287,9.46763529470924
2024,iah4,GEMS-0113_3AZA1_0018/LH287,9.46763529470924
2024,iah4,GEMS-0113_3AZA1_0018/PHP02,9.363709352075025
2024,iah4,GEMS-0113_3AZA1_0019/LH287,9.46763529470924
2024,iah4,GEMS-0113_3AZA1_0019/PHP02,9.363709352075025
2024,iah4,GEMS-0113_3AZA1_0021/PHP02,9.363709352075025
2024,iah4,GEMS-0113_3AZA1_0022/LH287,9.46763529470924
2024,iah4,GEMS-0113_3AZA1_0022/PHP02,9.363709352075025
2024,iah4,GEMS-0113_3AZA1_0024/PHP02,9.363709352075025
2024,iah4,GEMS-0113_3AZA1_0025/LH287,9.46763529470924
2024,iah4,GEMS-0113_3AZA1_0026/LH287,9.46763529470924
2024,iah4,GEMS-0113_3AZA1_0026/PHP02,9.363709352075025
2024,iah4,GEMS-0113_3AZA1_0027/LH287,9.46763529470924
2024,iah4,GEMS-0113_3AZA1_0027/PHP02,9.363709352075025
2024,iah4,GEMS-0113_3AZA1_0028/LH287,9.46763529470924
2024,iah4,GEMS-0113_3AZA1_0028/PHP02,9.363709352075025
2024,iah4,GEMS-0113_3AZA1_0029/LH287,9.46763529470924
2024,iah4,GEMS-0113_3AZA1_0031/LH287,9.46763529470924
2024,iah4,GEMS-0113_3AZA1_0031/PHP02,9.363709352075025
2024,iah4,GEMS-0113_3AZA1_0038/LH287,9.46763529470924
2024,iah4,GEMS-0113_3AZA1_0038/PHP02,9.363709352075025
2024,iah4,GEMS-0113_FBLL_0002/LH287,9.46763529470924
2024,iah4,GEMS-0113_FBLL_0002/PHP02,9.363709352075025
2024,iah4,GEMS-0113_FBLL_0003/LH287,9.46763529470924
2024,iah4,GEMS-0113_FBLL_0003/PHP02,9.363709352075025
2024,iah4,GEMS-0113_FBLL_0004/LH287,9.46763529470924
2024,iah4,GEMS-0113_FBLL_0004/PHP02,9.363709352075025
2024,iah4,GEMS-0113_FBLL_0005/LH287,9.46763529470924
2024,iah4,GEMS-0113_FBLL_0006/LH287,9.46763529470924
2024,iah4,GEMS-0113_FBLL_0006/PHP02,9.363709352075025
2024,iah4,GEMS-0113_FBLL_0007/PHP02,9.363709352075025
2024,iah4,GEMS-0113_FBLL_0008/LH287,9.46763529470924
2024,iah4,GEMS-0113_FBLL_0010/PHP02,9.363709352075025
2024,iah4,GEMS-0113_FBLL_0011/LH287,9.46763529470924
2024,iah4,GEMS-0113_FBLL_0013/LH287,9.46763529470924
2024,iah4,GEMS-0113_FBLL_0015/LH287,9.46763529470924
2024,iah4,GEMS-0113_PHB47_0001/LH287,9.46763529470924
2024,iah4,GEMS-0113_PHB47_0001/PHP02,9.363709352075025
2024,iah4,GEMS-0113_PHB47_0002/PHP02,9.363709352075025
2024,iah4,GEMS-0113_PHB47_0003/LH287,9.46763529470924
2024,iah4,GEMS-0113_PHB47_0003/PHP02,9.363709352075025
2024,iah4,GEMS-0113_PHB47_0004/LH287,9.46763529470924
2024,iah4,GEMS-0113_PHB47_0004/PHP02,9.363709352075025
2024,iah4,GEMS-0113_PHB47_0005/LH287,9.46763529470924
2024,iah4,GEMS-0113_PHB47_0006/LH287,9.46763529470924
2024,iah4,GEMS-0113_PHB47_0007/LH287,9.46763529470924
2024,iah4,GEMS-0113_PHB47_0008/LH287,9.46763529470924
2024,iah4,GEMS-0113_PHB47_0008/PHP02,9.363709352075025
2024,iah4,GEMS-0113_PHB47_0009/LH287,9.46763529470924
2024,iah4,GEMS-0113_PHB47_0011/LH287,9.46763529470924
2024,iah4,GEMS-0113_PHB47_0011/PHP02,9.363709352075025
2024,iah4,GEMS-0113_PHB47_0012/PHP02,9.363709352075025
2024,iah4,GEMS-0113_PHB47_0013/LH287,9.46763529470924
2024,iah4,GEMS-0113_PHB47_0013/PHP02,9.363709352075025
2024,iah4,GEMS-0113_PHB47_0014/LH287,9.46763529470924
2024,iah4,GEMS-0113_PHB47_0014/PHP02,9.363709352075025
2024,iah4,GEMS-0113_PHB47_0015/LH287,9.46763529470924
2024,iah4,GEMS-0113_PHB47_0017/PHP02,9.363709352075025
2024,iah4,GEMS-0113_PHB47_0019/PHP02,9.363709352075025
2024,iah4,GEMS-0113_PHB47_0020/PHP02,9.363709352075025
2024,iah4,GEMS-0113_PHB47_0021/LH287,9.46763529470924
2024,iah4,GEMS-0113_PHBW8_0001/LH287,9.46763529470924
2024,iah4,GEMS-0113_PHBW8_0001/PHP02,9.363709352075025
2024,iah4,GEMS-0113_PHBW8_0002/LH287,9.46763529470924
2024,iah4,GEMS-0113_PHBW8_0002/PHP02,9.363709352075025
2024,iah4,GEMS-0113_PHBW8_0004/LH287,9.46763529470924
2024,iah4,GEMS-0113_PHBW8_0004/PHP02,9.363709352075025
2024,iah4,GEMS-0113_PHBW8_0005/LH287,9.46763529470924
2024,iah4,GEMS-0113_PHBW8_0006/LH287,9.46763529470924
2024,iah4,GEMS-0113_PHBW8_0006/PHP02,9.363709352075025
2024,iah4,GEMS-0113_PHBW8_0007/PHP02,9.363709352075025
2024,iah4,GEMS-0113_PHBW8_0008/PHP02,9.363709352075025
2024,iah4,GEMS-0113_PHBW8_0009/LH287,9.46763529470924
2024,iah4,GEMS-0113_PHBW8_0009/PHP02,9.363709352075025
2024,iah4,GEMS-0113_PHBW8_0010/LH287,9.46763529470924
2024,iah4,GEMS-0113_PHBW8_0010/PHP02,9.363709352075025
2024,iah4,GEMS-0113_PHBW8_0011/LH287,9.46763529470924
2024,iah4,GEMS-0113_PHBW8_0012/LH287,9.46763529470924
2024,iah4,GEMS-0113_PHBW8_0012/PHP02,9.363709352075025
2024,iah4,GEMS-0113_PHBW8_0013/LH287,9.46763529470924
2024,iah4,GEMS-0113_PHBW8_0013/PHP02,9.363709352075025
2024,iah4,GEMS-0113_PHBW8_0014/LH287,9.46763529470924
2024,iah4,GEMS-0113_PHBW8_0014/PHP02,9.363709352075025
2024,iah4,GEMS-0113_PHBW8_0017/LH287,9.46763529470924
2024,iah4,GEMS-0113_PHBW8_0017/PHP02,9.363709352075025
2024,iah4,GEMS-0219_3AZA1_0001/LH287,9.46763529470924
2024,iah4,GEMS-0219_3AZA1_0002/LH287,9.46763529470924
2024,iah4,GEMS-0219_3AZA1_0002/PHP02,9.363709352075025
2024,iah4,GEMS-0219_3AZA1_0003/LH287,9.46763529470924
2024,iah4,GEMS-0219_3AZA1_0003/PHP02,9.363709352075025
2024,iah4,GEMS-0219_3AZA1_0004/LH287,9.46763529470924
2024,iah4,GEMS-0219_3AZA1_0005/LH287,9.46763529470924
2024,iah4,GEMS-0219_3AZA1_0005/PHP02,9.363709352075025
2024,iah4,GEMS-0219_3AZA1_0006/LH287,9.46763529470924
2024,iah4,GEMS-0219_3AZA1_0006/PHP02,9.363709352075025
2024,iah4,GEMS-0219_3AZA1_0007/PHP02,9.363709352075025
2024,iah4,GEMS-0219_3AZA1_0008/LH287,9.46763529470924
2024,iah4,GEMS-0219_3AZA1_0008/PHP02,9.363709352075025
2024,iah4,GEMS-0219_3AZA1_0009/LH287,9.46763529470924
2024,iah4,GEMS-0219_3AZA1_0009/PHP02,9.363709352075025
2024,iah4,GEMS-0219_3AZA1_0010/PHP02,9.363709352075025
2024,iah4,GEMS-0219_3AZA1_0012/PHP02,9.363709352075025
2024,iah4,GEMS-0219_3AZA1_0014/LH287,9.46763529470924
2024,iah4,GEMS-0219_FBLL_0002/LH287,9.46763529470924
2024,iah4,GEMS-0219_FBLL_0003/LH287,9.46763529470924
2024,iah4,GEMS-0219_FBLL_0003/PHP02,9.363709352075025
2024,iah4,GEMS-0219_FBLL_0004/LH287,9.46763529470924
2024,iah4,GEMS-0219_FBLL_0006/LH287,9.46763529470924
2024,iah4,GEMS-0219_FBLL_0006/PHP02,9.363709352075025
2024,iah4,GEMS-0219_FBLL_0007/LH287,9.46763529470924
2024,iah4,GEMS-0219_FBLL_0009/LH287,9.46763529470924
2024,iah4,GEMS-0219_FBLL_0009/PHP02,9.363709352075025
2024,iah4,GEMS-0219_FBLL_0010/LH287,9.46763529470924
2024,iah4,GEMS-0219_FBLL_0010/PHP02,9.363709352075025
2024,iah4,GEMS-0219_FBLL_0011/LH287,9.46763529470924
2024,iah4,GEMS-0219_FBLL_0011/PHP02,9.363709352075025
2024,iah4,GEMS-0219_FBLL_0012/LH287,9.46763529470924
2024,iah4,GEMS-0219_FBLL_0012/PHP02,9.363709352075025
2024,iah4,GEMS-0219_FBLL_0014/LH287,9.46763529470924
2024,iah4,GEMS-0219_FBLL_0015/LH287,9.46763529470924
2024,iah4,GEMS-0219_FBLL_0015/PHP02,9.363709352075025
2024,iah4,GEMS-0219_FBLL_0017/LH287,9.46763529470924
2024,iah4,GEMS-0219_FBLL_0017/PHP02,9.363709352075025
2024,iah4,GEMS-0219_FBLL_0018/PHP02,9.363709352075025
2024,iah4,GEMS-0219_FBLL_0019/LH287,9.46763529470924
2024,iah4,GEMS-0219_FBLL_0019/PHP02,9.363709352075025
2024,iah4,GEMS-0219_FBLL_0020/PHP02,9.363709352075025
2024,iah4,GEMS-0219_FBLL_0021/LH287,9.46763529470924
2024,iah4,GEMS-0219_FBLL_0023/PHP02,9.363709352075025
2024,iah4,GEMS-0219_FBLL_0025/LH287,9.46763529470924
2024,iah4,GEMS-0219_FBLL_0027/LH287,9.46763529470924
2024,iah4,GEMS-0219_FBLL_0027/PHP02,9.363709352075025
2024,iah4,GEMS-0219_FBLL_0028/LH287,9.46763529470924
2024,iah4,GEMS-0219_FBLL_0028/PHP02,9.363709352075025
2024,iah4,GEMS-0219_FBLL_0030/LH287,9.46763529470924
2024,iah4,GEMS-0219_FBLL_0030/PHP02,9.363709352075025
2024,iah4,GEMS-0219_PHB47_0001/PHP02,9.363709352075025
2024,iah4,GEMS-0219_PHB47_0002/LH287,9.46763529470924
2024,iah4,GEMS-0219_PHB47_0003/PHP02,9.363709352075025
2024,iah4,GEMS-0219_PHB47_0004/PHP02,9.363709352075025
2024,iah4,GEMS-0219_PHB47_0005/LH287,9.46763529470924
2024,iah4,GEMS-0219_PHB47_0006/LH287,9.46763529470924
2024,iah4,GEMS-0219_PHB47_0006/PHP02,9.363709352075025
2024,iah4,GEMS-0219_PHB47_0011/LH287,9.46763529470924
2024,iah4,GEMS-0219_PHB47_0011/PHP02,9.363709352075025
2024,iah4,GEMS-0219_PHB47_0014/LH287,9.46763529470924
2024,iah4,GEMS-0219_PHB47_0017/LH287,9.46763529470924
2024,iah4,GEMS-0219_PHBW8_0001/LH287,9.46763529470924
2024,iah4,GEMS-0219_PHBW8_0001/PHP02,9.363709352075025
2024,iah4,GEMS-0219_PHBW8_0002/LH287,9.46763529470924
2024,iah4,GEMS-0219_PHBW8_0002/PHP02,9.363709352075025
2024,iah4,GEMS-0219_PHBW8_0003/PHP02,9.363709352075025
2024,iah4,GEMS-0219_PHBW8_0004/LH287,9.46763529470924
2024,iah4,GEMS-0219_PHBW8_0006/PHP02,9.363709352075025
2024,iah4,GEMS-0219_PHBW8_0008/LH287,9.46763529470924
2024,iah4,GEMS-0219_PHBW8_0009/LH287,9.46763529470924
2024,iah4,GEMS-0219_PHBW8_0011/LH287,9.46763529470924
2024,iah4,GEMS-0219_PHBW8_0011/PHP02,9.363709352075025
2024,iah4,GEMS-0227_3AZA1_0001/LH287,9.46763529470924
2024,iah4,GEMS-0227_3AZA1_0002/LH287,9.46763529470924
2024,iah4,GEMS-0227_3AZA1_0002/PHP02,9.363709352075025
2024,iah4,GEMS-0227_3AZA1_0003/LH287,9.46763529470924
2024,iah4,GEMS-0227_3AZA1_0003/PHP02,9.363709352075025
2024,iah4,GEMS-0227_3AZA1_0004/LH287,9.46763529470924
2024,iah4,GEMS-0227_3AZA1_0004/PHP02,9.363709352075025
2024,iah4,GEMS-0227_3AZA1_0005/LH287,9.46763529470924
2024,iah4,GEMS-0227_3AZA1_0006/LH287,9.46763529470924
2024,iah4,GEMS-0227_3AZA1_0006/PHP02,9.363709352075025
2024,iah4,GEMS-0227_3AZA1_0007/PHP02,9.363709352075025
2024,iah4,GEMS-0227_3AZA1_0008/PHP02,9.363709352075025
2024,iah4,GEMS-0227_3AZA1_0009/LH287,9.46763529470924
2024,iah4,GEMS-0227_3AZA1_0009/PHP02,9.363709352075025
2024,iah4,GEMS-0227_3AZA1_0010/PHP02,9.363709352075025
2024,iah4,GEMS-0227_3AZA1_0011/LH287,9.46763529470924
2024,iah4,GEMS-0227_3AZA1_0011/PHP02,9.363709352075025
2024,iah4,GEMS-0227_3AZA1_0012/LH287,9.46763529470924
2024,iah4,GEMS-0227_3AZA1_0012/PHP02,9.363709352075025
2024,iah4,GEMS-0227_3AZA1_0013/LH287,9.46763529470924
2024,iah4,GEMS-0227_3AZA1_0014/LH287,9.46763529470924
2024,iah4,GEMS-0227_3AZA1_0014/PHP02,9.363709352075025
2024,iah4,GEMS-0227_3AZA1_0015/PHP02,9.363709352075025
2024,iah4,GEMS-0227_3AZA1_0016/LH287,9.46763529470924
2024,iah4,GEMS-0227_3AZA1_0017/LH287,9.46763529470924
2024,iah4,GEMS-0227_3AZA1_0017/PHP02,9.363709352075025
2024,iah4,GEMS-0227_3AZA1_0018/LH287,9.46763529470924
2024,iah4,GEMS-0227_3AZA1_0018/PHP02,9.363709352075025
2024,iah4,GEMS-0227_3AZA1_0019/PHP02,9.363709352075025
2024,iah4,GEMS-0227_3AZA1_0021/PHP02,9.363709352075025
2024,iah4,GEMS-0227_3AZA1_0022/LH287,9.46763529470924
2024,iah4,GEMS-0227_3AZA1_0022/PHP02,9.363709352075025
2024,iah4,GEMS-0227_3AZA1_0023/PHP02,9.363709352075025
2024,iah4,GEMS-0227_3AZA1_0024/PHP02,9.363709352075025
2024,iah4,GEMS-0227_3AZA1_0025/LH287,9.46763529470924
2024,iah4,GEMS-0227_3AZA1_0025/PHP02,9.363709352075025
2024,iah4,GEMS-0227_3AZA1_0028/LH287,9.46763529470924
2024,iah4,GEMS-0227_3AZA1_0028/PHP02,9.363709352075025
2024,iah4,GEMS-0227_3AZA1_0029/LH287,9.46763529470924
2024,iah4,GEMS-0227_3AZA1_0030/PHP02,9.363709352075025
2024,iah4,GEMS-0227_3AZA1_0031/LH287,9.46763529470924
2024,iah4,GEMS-0227_3AZA1_0031/PHP02,9.363709352075025
2024,iah4,GEMS-0227_3AZA1_0032/LH287,9.46763529470924
2024,iah4,GEMS-0227_3AZA1_0032/PHP02,9.363709352075025
2024,iah4,GEMS-0227_3AZA1_0034/LH287,9.46763529470924
2024,iah4,GEMS-0227_3AZA1_0034/PHP02,9.363709352075025
2024,iah4,GEMS-0227_3AZA1_0035/LH287,9.46763529470924
2024,iah4,GEMS-0227_3AZA1_0035/PHP02,9.363709352075025
2024,iah4,GEMS-0227_3AZA1_0036/LH287,9.46763529470924
2024,iah4,GEMS-0227_3AZA1_0036/PHP02,9.363709352075025
2024,iah4,GEMS-0227_3AZA1_0040/LH287,9.46763529470924
2024,iah4,GEMS-0227_3AZA1_0041/LH287,9.46763529470924
2024,iah4,GEMS-0227_3AZA1_0041/PHP02,9.363709352075025
2024,iah4,GEMS-0227_3AZA1_0043/PHP02,9.363709352075025
2024,iah4,GEMS-0227_3AZA1_0045/LH287,9.46763529470924
2024,iah4,GEMS-0227_3AZA1_0045/PHP02,9.363709352075025
2024,iah4,GEMS-0227_3AZA1_0046/LH287,9.46763529470924
2024,iah4,GEMS-0227_3AZA1_0046/PHP02,9.363709352075025
2024,iah4,GEMS-0227_3AZA1_0048/LH287,9.46763529470924
2024,iah4,GEMS-0227_3AZA1_0048/PHP02,9.363709352075025
2024,iah4,GEMS-0227_3AZA1_0049/LH287,9.46763529470924
2024,iah4,GEMS-0227_3AZA1_0049/PHP02,9.363709352075025
2024,iah4,GEMS-0227_FBLL_0001/LH287,9.46763529470924
2024,iah4,GEMS-0227_FBLL_0001/PHP02,9.363709352075025
2024,iah4,GEMS-0227_FBLL_0002/LH287,9.46763529470924
2024,iah4,GEMS-0227_FBLL_0002/PHP02,9.363709352075025
2024,iah4,GEMS-0227_FBLL_0003/LH287,9.46763529470924
2024,iah4,GEMS-0227_FBLL_0004/LH287,9.46763529470924
2024,iah4,GEMS-0227_FBLL_0004/PHP02,9.363709352075025
2024,iah4,GEMS-0227_FBLL_0007/LH287,9.46763529470924
2024,iah4,GEMS-0227_FBLL_0007/PHP02,9.363709352075025
2024,iah4,GEMS-0227_FBLL_0008/LH287,9.46763529470924
2024,iah4,GEMS-0227_FBLL_0008/PHP02,9.363709352075025
2024,iah4,GEMS-0227_FBLL_0009/LH287,9.46763529470924
2024,iah4,GEMS-0227_FBLL_0009/PHP02,9.363709352075025
2024,iah4,GEMS-0227_FBLL_0010/LH287,9.46763529470924
2024,iah4,GEMS-0227_FBLL_0013/LH287,9.46763529470924
2024,iah4,GEMS-0227_FBLL_0013/PHP02,9.363709352075025
2024,iah4,GEMS-0227_FBLL_0014/LH287,9.46763529470924
2024,iah4,GEMS-0227_FBLL_0015/LH287,9.46763529470924
2024,iah4,GEMS-0227_FBLL_0015/PHP02,9.363709352075025
2024,iah4,GEMS-0227_FBLL_0016/PHP02,9.363709352075025
2024,iah4,GEMS-0227_FBLL_0017/LH287,9.46763529470924
2024,iah4,GEMS-0227_FBLL_0017/PHP02,9.363709352075025
2024,iah4,GEMS-0227_FBLL_0018/LH287,9.46763529470924
2024,iah4,GEMS-0227_FBLL_0019/LH287,9.46763529470924
2024,iah4,GEMS-0227_FBLL_0019/PHP02,9.363709352075025
2024,iah4,GEMS-0227_FBLL_0020/LH287,9.46763529470924
2024,iah4,GEMS-0227_FBLL_0021/LH287,9.46763529470924
2024,iah4,GEMS-0227_FBLL_0022/LH287,9.46763529470924
2024,iah4,GEMS-0227_FBLL_0023/LH287,9.46763529470924
2024,iah4,GEMS-0227_FBLL_0024/LH287,9.46763529470924
2024,iah4,GEMS-0227_FBLL_0024/PHP02,9.363709352075025
2024,iah4,GEMS-0227_FBLL_0025/LH287,9.46763529470924
2024,iah4,GEMS-0227_FBLL_0025/PHP02,9.363709352075025
2024,iah4,GEMS-0227_FBLL_0027/LH287,9.46763529470924
2024,iah4,GEMS-0227_FBLL_0027/PHP02,9.363709352075025
2024,iah4,GEMS-0227_FBLL_0028/PHP02,9.363709352075025
2024,iah4,GEMS-0227_FBLL_0029/LH287,9.46763529470924
2024,iah4,GEMS-0227_FBLL_0029/PHP02,9.363709352075025
2024,iah4,GEMS-0227_FBLL_0030/LH287,9.46763529470924
2024,iah4,GEMS-0227_FBLL_0030/PHP02,9.363709352075025
2024,iah4,GEMS-0227_FBLL_0031/LH287,9.46763529470924
2024,iah4,GEMS-0227_FBLL_0032/LH287,9.46763529470924
2024,iah4,GEMS-0227_FBLL_0033/LH287,9.46763529470924
2024,iah4,GEMS-0227_FBLL_0033/PHP02,9.363709352075025
2024,iah4,GEMS-0227_FBLL_0034/PHP02,9.363709352075025
2024,iah4,GEMS-0227_FBLL_0035/LH287,9.46763529470924
2024,iah4,GEMS-0227_FBLL_0035/PHP02,9.363709352075025
2024,iah4,GEMS-0227_FBLL_0036/LH287,9.46763529470924
2024,iah4,GEMS-0227_FBLL_0037/LH287,9.46763529470924
2024,iah4,GEMS-0227_FBLL_0038/PHP02,9.363709352075025
2024,iah4,GEMS-0227_FBLL_0039/LH287,9.46763529470924
2024,iah4,GEMS-0227_FBLL_0039/PHP02,9.363709352075025
2024,iah4,GEMS-0227_FBLL_0040/LH287,9.46763529470924
2024,iah4,GEMS-0227_FBLL_0041/PHP02,9.363709352075025
2024,iah4,GEMS-0227_FBLL_0042/LH287,9.46763529470924
2024,iah4,GEMS-0227_FBLL_0042/PHP02,9.363709352075025
2024,iah4,GEMS-0227_FBLL_0043/LH287,9.46763529470924
2024,iah4,GEMS-0227_FBLL_0043/PHP02,9.363709352075025
2024,iah4,GEMS-0227_FBLL_0044/PHP02,9.363709352075025
2024,iah4,GEMS-0227_FBLL_0045/LH287,9.46763529470924
2024,iah4,GEMS-0227_FBLL_0045/PHP02,9.363709352075025
2024,iah4,GEMS-0227_FBLL_0046/LH287,9.46763529470924
2024,iah4,GEMS-0227_FBLL_0046/PHP02,9.363709352075025
2024,iah4,GEMS-0227_FBLL_0047/PHP02,9.363709352075025
2024,iah4,GEMS-0227_FBLL_0048/LH287,9.46763529470924
2024,iah4,GEMS-0227_FBLL_0048/PHP02,9.363709352075025
2024,iah4,GEMS-0227_FBLL_0049/LH287,9.46763529470924
2024,iah4,GEMS-0227_FBLL_0049/PHP02,9.363709352075025
2024,iah4,GEMS-0227_FBLL_0050/LH287,9.46763529470924
2024,iah4,GEMS-0227_FBLL_0050/PHP02,9.363709352075025
2024,iah4,GEMS-0227_FBLL_0051/LH287,9.46763529470924
2024,iah4,GEMS-0227_FBLL_0051/PHP02,9.363709352075025
2024,iah4,GEMS-0227_FBLL_0052/PHP02,9.363709352075025
2024,iah4,GEMS-0227_FBLL_0053/LH287,9.46763529470924
2024,iah4,GEMS-0227_FBLL_0053/PHP02,9.363709352075025
2024,iah4,GEMS-0227_FBLL_0054/LH287,9.46763529470924
2024,iah4,GEMS-0227_FBLL_0054/PHP02,9.363709352075025
2024,iah4,GEMS-0227_FBLL_0055/LH287,9.46763529470924
2024,iah4,GEMS-0227_FBLL_0056/LH287,9.46763529470924
2024,iah4,GEMS-0227_FBLL_0057/LH287,9.46763529470924
2024,iah4,GEMS-0227_FBLL_0057/PHP02,9.363709352075025
2024,iah4,GEMS-0227_FBLL_0058/PHP02,9.363709352075025
2024,iah4,GEMS-0227_FBLL_0059/LH287,9.46763529470924
2024,iah4,GEMS-0227_FBLL_0060/PHP02,9.363709352075025
2024,iah4,GEMS-0227_FBLL_0062/LH287,9.46763529470924
2024,iah4,GEMS-0227_FBLL_0063/LH287,9.46763529470924
2024,iah4,GEMS-0227_FBLL_0063/PHP02,9.363709352075025
2024,iah4,GEMS-0227_FBLL_0066/LH287,9.46763529470924
2024,iah4,GEMS-0227_FBLL_0068/LH287,9.46763529470924
2024,iah4,GEMS-0227_FBLL_0068/PHP02,9.363709352075025
2024,iah4,GEMS-0227_FBLL_0069/LH287,9.46763529470924
2024,iah4,GEMS-0227_FBLL_0069/PHP02,9.363709352075025
2024,iah4,GEMS-0227_FBLL_0070/LH287,9.46763529470924
2024,iah4,GEMS-0227_FBLL_0070/PHP02,9.363709352075025
2024,iah4,GEMS-0227_FBLL_0071/LH287,9.46763529470924
2024,iah4,GEMS-0227_FBLL_0071/PHP02,9.363709352075025
2024,iah4,GEMS-0227_FBLL_0073/LH287,9.46763529470924
2024,iah4,GEMS-0227_FBLL_0074/LH287,9.46763529470924
2024,iah4,GEMS-0227_FBLL_0074/PHP02,9.363709352075025
2024,iah4,GEMS-0227_FBLL_0075/LH287,9.46763529470924
2024,iah4,GEMS-0227_FBLL_0077/LH287,9.46763529470924
2024,iah4,GEMS-0227_FBLL_0078/LH287,9.46763529470924
2024,iah4,GEMS-0227_FBLL_0079/LH287,9.46763529470924
2024,iah4,GEMS-0227_FBLL_0079/PHP02,9.363709352075025
2024,iah4,GEMS-0227_FBLL_0080/LH287,9.46763529470924
2024,iah4,GEMS-0227_FBLL_0080/PHP02,9.363709352075025
2024,iah4,GEMS-0227_FBLL_0082/LH287,9.46763529470924
2024,iah4,GEMS-0227_FBLL_0082/PHP02,9.363709352075025
2024,iah4,GEMS-0227_FBLL_0084/PHP02,9.363709352075025
2024,iah4,GEMS-0227_FBLL_0085/LH287,9.46763529470924
2024,iah4,GEMS-0227_FBLL_0087/LH287,9.46763529470924
2024,iah4,GEMS-0227_FBLL_0087/PHP02,9.363709352075025
2024,iah4,GEMS-0227_FBLL_0088/PHP02,9.363709352075025
2024,iah4,GEMS-0227_FBLL_0090/LH287,9.46763529470924
2024,iah4,GEMS-0227_FBLL_0090/PHP02,9.363709352075025
2024,iah4,GEMS-0227_FBLL_0093/PHP02,9.363709352075025
2024,iah4,GEMS-0227_FBLL_0094/LH287,9.46763529470924
2024,iah4,GEMS-0227_FBLL_0094/PHP02,9.363709352075025
2024,iah4,GEMS-0227_FBLL_0095/LH287,9.46763529470924
2024,iah4,GEMS-0227_FBLL_0095/PHP02,9.363709352075025
2024,iah4,GEMS-0227_FBLL_0096/LH287,9.46763529470924
2024,iah4,GEMS-0227_FBLL_0096/PHP02,9.363709352075025
2024,iah4,GEMS-0227_FBLL_0097/LH287,9.46763529470924
2024,iah4,GEMS-0227_FBLL_0097/PHP02,9.363709352075025
2024,iah4,GEMS-0227_FBLL_0098/PHP02,9.363709352075025
2024,iah4,GEMS-0227_FBLL_0101/PHP02,9.363709352075025
2024,iah4,GEMS-0227_FBLL_0102/LH287,9.46763529470924
2024,iah4,GEMS-0227_FBLL_0102/PHP02,9.363709352075025
2024,iah4,GEMS-0227_FBLL_0104/LH287,9.46763529470924
2024,iah4,GEMS-0227_FBLL_0104/PHP02,9.363709352075025
2024,iah4,GEMS-0227_FBLL_0105/LH287,9.46763529470924
2024,iah4,GEMS-0227_FBLL_0106/LH287,9.46763529470924
2024,iah4,GEMS-0227_FBLL_0107/LH287,9.46763529470924
2024,iah4,GEMS-0227_FBLL_0110/LH287,9.46763529470924
2024,iah4,GEMS-0227_FBLL_0111/LH287,9.46763529470924
2024,iah4,GEMS-0227_FBLL_0111/PHP02,9.363709352075025
2024,iah4,GEMS-0227_FBLL_0113/LH287,9.46763529470924
2024,iah4,GEMS-0227_FBLL_0113/PHP02,9.363709352075025
2024,iah4,GEMS-0227_FBLL_0114/LH287,9.46763529470924
2024,iah4,GEMS-0227_FBLL_0114/PHP02,9.363709352075025
2024,iah4,GEMS-0227_FBLL_0115/LH287,9.46763529470924
2024,iah4,GEMS-0227_FBLL_0115/PHP02,9.363709352075025
2024,iah4,GEMS-0227_FBLL_0116/LH287,9.46763529470924
2024,iah4,GEMS-0227_FBLL_0118/LH287,9.46763529470924
2024,iah4,GEMS-0227_FBLL_0121/LH287,9.46763529470924
2024,iah4,GEMS-0227_FBLL_0124/LH287,9.46763529470924
2024,iah4,GEMS-0227_FBLL_0124/PHP02,9.363709352075025
2024,iah4,GEMS-0227_FBLL_0125/LH287,9.46763529470924
2024,iah4,GEMS-0227_FBLL_0125/PHP02,9.363709352075025
2024,iah4,GEMS-0227_FBLL_0127/LH287,9.46763529470924
2024,iah4,GEMS-0227_FBLL_0127/PHP02,9.363709352075025
2024,iah4,GEMS-0227_FBLL_0133/LH287,9.46763529470924
2024,iah4,GEMS-0227_FBLL_0134/LH287,9.46763529470924
2024,iah4,GEMS-0227_FBLL_0134/PHP02,9.363709352075025
2024,iah4,GEMS-0227_FBLL_0136/PHP02,9.363709352075025
2024,iah4,GEMS-0227_FBLL_0140/LH287,9.46763529470924
2024,iah4,GEMS-0227_FBLL_0140/PHP02,9.363709352075025
2024,iah4,GEMS-0227_FBLL_0141/PHP02,9.363709352075025
2024,iah4,GEMS-0227_PHB47_0001/LH287,9.46763529470924
2024,iah4,GEMS-0227_PHB47_0001/PHP02,9.363709352075025
2024,iah4,GEMS-0227_PHB47_0002/LH287,9.46763529470924
2024,iah4,GEMS-0227_PHB47_0002/PHP02,9.363709352075025
2024,iah4,GEMS-0227_PHB47_0003/LH287,9.46763529470924
2024,iah4,GEMS-0227_PHB47_0003/PHP02,9.363709352075025
2024,iah4,GEMS-0227_PHB47_0004/LH287,9.46763529470924
2024,iah4,GEMS-0227_PHB47_0004/PHP02,9.363709352075025
2024,iah4,GEMS-0227_PHB47_0006/LH287,9.46763529470924
2024,iah4,GEMS-0227_PHB47_0006/PHP02,9.363709352075025
2024,iah4,GEMS-0227_PHB47_0007/LH287,9.46763529470924
2024,iah4,GEMS-0227_PHB47_0007/PHP02,9.363709352075025
2024,iah4,GEMS-0227_PHB47_0009/LH287,9.46763529470924
2024,iah4,GEMS-0227_PHB47_0009/PHP02,9.363709352075025
2024,iah4,GEMS-0227_PHB47_0011/PHP02,9.363709352075025
2024,iah4,GEMS-0227_PHB47_0012/LH287,9.46763529470924
2024,iah4,GEMS-0227_PHB47_0016/LH287,9.46763529470924
2024,iah4,GEMS-0227_PHB47_0016/PHP02,9.363709352075025
2024,iah4,GEMS-0227_PHB47_0022/LH287,9.46763529470924
2024,iah4,GEMS-0227_PHB47_0022/PHP02,9.363709352075025
2024,iah4,GEMS-0227_PHB47_0023/PHP02,9.363709352075025
2024,iah4,GEMS-0227_PHB47_0024/LH287,9.46763529470924
2024,iah4,GEMS-0227_PHB47_0024/PHP02,9.363709352075025
2024,iah4,GEMS-0227_PHB47_0025/LH287,9.46763529470924
2024,iah4,GEMS-0227_PHB47_0025/PHP02,9.363709352075025
2024,iah4,GEMS-0227_PHBW8_0001/PHP02,9.363709352075025
2024,iah4,GEMS-0227_PHBW8_0002/LH287,9.46763529470924
2024,iah4,GEMS-0227_PHBW8_0002/PHP02,9.363709352075025
2024,iah4,GEMS-0227_PHBW8_0003/LH287,9.46763529470924
2024,iah4,GEMS-0227_PHBW8_0003/PHP02,9.363709352075025
2024,iah4,GEMS-0227_PHBW8_0004/LH287,9.46763529470924
2024,iah4,GEMS-0227_PHBW8_0004/PHP02,9.363709352075025
2024,iah4,GEMS-0227_PHBW8_0005/PHP02,9.363709352075025
2024,iah4,GEMS-0227_PHBW8_0006/PHP02,9.363709352075025
2024,iah4,GEMS-0227_PHBW8_0007/LH287,9.46763529470924
2024,iah4,GEMS-0227_PHBW8_0007/PHP02,9.363709352075025
2024,iah4,GEMS-0227_PHBW8_0009/LH287,9.46763529470924
2024,iah4,GEMS-0227_PHBW8_0009/PHP02,9.363709352075025
2024,iah4,GEMS-0227_PHBW8_0010/LH287,9.46763529470924
2024,iah4,GEMS-0227_PHBW8_0010/PHP02,9.363709352075025
2024,iah4,GEMS-0227_PHBW8_0011/LH287,9.46763529470924
2024,iah4,GEMS-0227_PHBW8_0011/PHP02,9.363709352075025
2024,iah4,GEMS-0227_PHBW8_0012/LH287,9.46763529470924
2024,iah4,GEMS-0227_PHBW8_0013/PHP02,9.363709352075025
2024,iah4,GEMS-0227_PHBW8_0015/LH287,9.46763529470924
2024,iah4,GEMS-0227_PHBW8_0015/PHP02,9.363709352075025
2024,iah4,GEMS-0227_PHBW8_0016/LH287,9.46763529470924
2024,iah4,GEMS-0227_PHBW8_0016/PHP02,9.363709352075025
2024,iah4,GEMS-0227_PHBW8_0017/LH287,9.46763529470924
2024,iah4,GEMS-0227_PHBW8_0017/PHP02,9.363709352075025
2024,iah4,GEMS-0227_PHBW8_0018/LH287,9.46763529470924
2024,iah4,GEMS-0227_PHBW8_0018/PHP02,9.363709352075025
2024,iah4,GEMS-0227_PHBW8_0019/LH287,9.46763529470924
2024,iah4,GEMS-0227_PHBW8_0019/PHP02,9.363709352075025
2024,iah4,GEMS-0227_PHBW8_0020/LH287,9.46763529470924
2024,iah4,GEMS-0227_PHBW8_0021/PHP02,9.363709352075025
2024,iah4,GEMS-0227_PHBW8_0022/PHP02,9.363709352075025
2024,iah4,GEMS-0227_PHBW8_0024/LH287,9.46763529470924
2024,iah4,GEMS-0227_PHBW8_0024/PHP02,9.363709352075025
2024,iah4,LH132/LH287,9.468416596476436
2024,iah4,LH132/PHP02,9.281167206344776
2024,iah4,LH146HT/LH287,9.46763529470924
2024,iah4,LH192/LH287,9.46763529470924
2024,iah4,LH192/PHP02,9.363709352075025
2024,iah4,LH193/LH287,9.46763529470924
2024,iah4,LH193/PHP02,9.363709352075025
2024,iah4,LH194/LH287,9.46763529470924
2024,iah4,LH195/LH287,9.87796790108821
2024,iah4,LH195/PHP02,9.753425289894802
2024,iah4,LH195/PHZ51,9.444493970711298
2024,iah4,LH197/PHP02,9.363709352075025
2024,iah4,LH198/LH287,9.45605907124077
2024,iah4,LH200/LH287,9.46763529470924
2024,iah4,LH204/PHP02,9.363709352075025
2024,iah4,LH220HT/PHP02,9.363709352075025
2024,iah4,LH224/LH287,9.46763529470924
2024,iah4,LH224/PHP02,9.363709352075025
2024,iah4,LH225/PHP02,9.363709352075025
2024,iah4,LH226HT/LH287,9.46763529470924
2024,iah4,LH226HT/PHP02,9.363709352075025
2024,iah4,LH228/LH287,9.46763529470924
2024,iah4,LH228/PHP02,9.363709352075025
2024,iah4,LH231/LH287,9.46763529470924
2024,iah4,LH231/PHP02,9.363709352075025
2024,iah4,LH234/LH287,9.46763529470924
2024,iah4,LH234/PHP02,9.363709352075025
2024,iah4,LH235/LH287,9.46763529470924
2024,iah4,LH236/LH287,9.46763529470924
2024,iah4,LH237/LH287,9.46763529470924
2024,iah4,LH238/PHP02,9.363709352075025
2024,iah4,LH244/PHK76,9.479350328460763
2024,iah4,LH244/PHP02,9.552747049819777
2024,iah4,LH264/LH287,9.46763529470924
2024,iah4,LH264/PHP02,9.363709352075025
2024,iah4,LH273/PHP02,9.363709352075025
2024,iah4,LH286/LH287,9.46763529470924
2024,iah4,LH286/PHP02,9.363709352075025
2024,iah4,LH287/LH244,11.514932980338452
2024,iah4,LH292/PHP02,9.363709352075025
2024,iah4,LH82/LH244,9.72442820103565
2024,iah4,MM501D/LH244,10.959995839444831
2024,iah4,NKH8431/LH287,9.41607705938487
2024,iah4,NKH8431/PHP02,9.312151116750655
2024,iah4,PH05F/LH287,9.46763529470924
2024,iah4,PH05G/PHP02,9.363709352075025
2024,iah4,PH05W/LH287,9.46763529470924
2024,iah4,PH05W/PHP02,9.363709352075025
2024,iah4,PH06N/LH287,9.46763529470924
2024,iah4,PH07D/LH287,9.46763529470924
2024,iah4,PH07D/PHP02,9.363709352075025
2024,iah4,PH080/LH287,9.46763529470924
2024,iah4,PH08A/PHP02,9.363709352075025
2024,iah4,PH09B/LH287,9.46763529470924
2024,iah4,PH09B/PHP02,9.363709352075025
2024,iah4,PH09E/LH287,9.46763529470924
2024,iah4,PH0B4/LH287,9.46763529470924
2024,iah4,PH0B4/PHP02,9.363709352075025
2024,iah4,PH0CD/LH287,9.46763529470924
2024,iah4,PH0CD/PHP02,9.363709352075025
2024,iah4,PH0GP/LH287,9.46763529470924
2024,iah4,PH0GP/PHP02,9.363709352075025
2024,iah4,PH12C/LH287,9.46763529470924
2024,iah4,PH12C/PHP02,9.363709352075025
2024,iah4,PH19V/LH287,9.46763529470924
2024,iah4,PH19V/PHP02,9.363709352075025
2024,iah4,PH1CA/LH287,9.46763529470924
2024,iah4,PH1CA/PHP02,9.363709352075025
2024,iah4,PH1GC/PHP02,9.363709352075025
2024,iah4,PH1GG/LH287,9.46763529470924
2024,iah4,PH1GG/PHP02,9.363709352075025
2024,iah4,PH1TB/PHP02,9.363709352075025
2024,iah4,PH1W2/LH287,9.46763529470924
2024,iah4,PH1W2/PHP02,9.363709352075025
2024,iah4,PH24E/LH244,10.974140512260192
2024,iah4,PH24M/LH287,9.46763529470924
2024,iah4,PH42B/LH287,9.46763529470924
2024,iah4,PH44A/LH287,9.46763529470924
2024,iah4,PH44A/PHP02,9.363709352075025
2024,iah4,PH55C/LH287,9.46763529470924
2024,iah4,PH63A/PHP02,9.363709352075025
2024,iah4,PH79A/LH287,9.46763529470924
2024,iah4,PH79A/PHP02,9.363709352075025
2024,iah4,PHB47/LH287,9.486768941583927
2024,iah4,PHB47/PHN82,10.292640490740487
2024,iah4,PHB47/PHP02,9.382842998949712
2024,iah4,PHB47/PHZ51,9.063607008907267
2024,iah4,PHBW8/LH287,9.46763529470924
2024,iah4,PHBW8/PHP02,9.363709352075025
2024,iah4,PHDG1/LH287,9.46763529470924
2024,iah4,PHDG1/PHP02,9.363709352075025
2024,iah4,PHEW7/LH287,9.46763529470924
2024,iah4,PHEW7/PHP02,9.363709352075025
2024,iah4,PHG29/PHG47,8.39434380038115
2024,iah4,PHG39/PHN82,10.355828981585079
2024,iah4,PHHB9/LH287,9.987392363611947
2024,iah4,PHHB9/PHP02,9.872713708518814
2024,iah4,PHJ40/PHAJ0,6.820942756562395
2024,iah4,PHJ89/LH244,10.60523653752308
2024,iah4,PHJR5/LH287,9.46763529470924
2024,iah4,PHJR5/PHP02,9.363709352075025
2024,iah4,PHK56/LH244,10.91123964497877
2024,iah4,PHKV0/LH287,9.46763529470924
2024,iah4,PHKV0/PHP02,9.363709352075025
2024,iah4,PHN41/LH287,9.46763529470924
2024,iah4,PHN46/LH244,9.300523298721957
2024,iah4,PHN66/PHP02,9.363709352075025
2024,iah4,PHNJ2/LH287,9.46763529470924
2024,iah4,PHNJ2/PHP02,9.363709352075025
2024,iah4,PHP02/LH244,10.91123964497877
2024,iah4,PHP38/PHP02,9.400002069254738
2024,iah4,PHPR5/LH287,9.46763529470924
2024,iah4,PHR03/LH244,11.166208022143621
2024,iah4,PHR61/PHP02,9.363709352075025
2024,iah4,PHRE1/PHTD5,6.712012013281859
2024,iah4,PHT10/PHP02,9.363709352075025
2024,iah4,PHT11/LH287,9.46763529470924
2024,iah4,PHT11/PHP02,9.363709352075025
2024,iah4,PHT47/LH287,9.46763529470924
2024,iah4,PHTP9/LH287,9.46763529470924
2024,iah4,PHTV7/LH287,9.46763529470924
2024,iah4,PHTV7/PHP02,9.363709352075025
2024,iah4,PHV37/PHP02,9.363709352075025
2024,iah4,PHVA9/LH287,9.46763529470924
2024,iah4,PHVA9/PHP02,9.363709352075025
2024,iah4,PHVJ5/LH287,9.46763529470924
2024,iah4,PHVJ5/PHP02,9.363709352075025
2024,iah4,PHW30/LH244,10.731130063925942
2024,iah4,PHW52/PHM49,9.852976794111969
2024,iah4,PHW52/PHP02,9.418374806672839
2024,iah4,TX777/LH195,8.119614898726804
2024,iah4,W10004_0018/PHP02,9.363709352075025
2024,iah4,W10004_0031/LH287,9.46763529470924
2024,iah4,W10004_0031/PHP02,10.512337034781636
2024,iah4,W10004_0034/LH287,9.46763529470924
2024,iah4,W10004_0034/PHP02,10.222608435406755
2024,iah4,W10004_0055/LH287,9.46763529470924
2024,iah4,W10004_0055/PHP02,10.402674040034276
2024,iah4,W10004_0062/LH287,9.425504689859478
2024,iah4,W10004_0062/PHP02,9.321578747225264
2024,iah4,W10004_0095/LH287,9.187047550610409
2024,iah4,W10004_0103/LH287,9.46763529470924
2024,iah4,W10004_0122/LH287,9.46763529470924
2024,iah4,W10004_0133/LH287,9.46763529470924
2024,iah4,W10004_0133/PHP02,10.222608435406755
2024,iah4,W10004_0138/LH287,9.46763529470924
2024,iah4,W10004_0138/PHP02,9.898992026190932
2024,iah4,W10004_0146/LH287,9.46763529470924
2024,iah4,W10004_0160/LH287,9.46763529470924
2024,iah4,W10004_0160/PHP02,10.284056599802238
2024,iah4,W10004_0167/LH287,9.440010732390675
2024,iah4,W10004_0168/PHP02,10.143231353034865
2024,iah4,W10004_0189/LH287,9.46763529470924
2024,iah4,W10004_0189/PHP02,10.650049805958721
2024,iah4,W10004_0236/LH287,9.46763529470924
2024,iah4,W10004_0236/PHP02,10.163846140111685
2024,iah4,W10004_0238/LH287,9.46763529470924
2024,iah4,W10004_0238/PHP02,10.2106021640949
2024,iah4,W10004_0258/LH287,9.483863717960817
2024,iah4,W10004_0270/PHP02,9.943425824672994
2024,iah4,W10004_0311/LH287,9.427583709159475
2024,iah4,W10004_0311/PHP02,9.505492386986887
2024,iah4,W10004_0346/LH287,9.46763529470924
2024,iah4,W10004_0346/PHP02,10.665967933811608
2024,iah4,W10004_0389/PHP02,10.05423978128904
2024,iah4,W10004_0403/LH287,9.46763529470924
2024,iah4,W10004_0403/PHP02,10.2106021640949
2024,iah4,W10004_0409/LH287,9.797844739636671
2024,iah4,W10004_0409/PHP02,11.373569784641699
2024,iah4,W10004_0412/LH287,9.46763529470924
2024,iah4,W10004_0412/PHP02,10.163846140111685
2024,iah4,W10004_0476/LH287,9.385103691016836
2024,iah4,W10004_0476/PHP02,9.464498021657738
2024,iah4,W10004_0601/LH287,9.621336509460969
2024,iah4,W10004_0601/PHP02,10.197474495907771
2024,iah4,W10004_0608/LH287,9.46763529470924
2024,iah4,W10004_0608/PHP02,9.255291514396507
2024,iah4,W10004_0637/LH287,9.46763529470924
2024,iah4,W10004_0637/PHP02,10.284056599802238
2024,iah4,W10004_0658/LH287,9.521302036964407
2024,iah4,W10004_0688/LH287,9.46763529470924
2024,iah4,W10004_0688/PHP02,9.780808317257078
2024,iah4,W10004_0691/LH287,9.110635090780384
2024,iah4,W10004_0714/LH287,9.397622339142291
2024,iah4,W10004_0714/PHP02,10.093833184544737
2024,iah4,W10004_0715/PHP02,10.163846140111685
2024,iah4,W10004_0747/LH287,9.46763529470924
2024,iah4,W10004_0747/PHP02,10.78606307806554
2024,iah4,W10004_0776/LH287,9.46763529470924
2024,iah4,W10004_0801/LH287,9.46763529470924
2024,iah4,W10004_0801/PHP02,10.757413199405777
2024,iah4,W10004_0858/PHP02,10.163846140111685
2024,iah4,W10004_0859/PHP02,9.85407544624183
2024,iah4,W10004_0866/PHP02,10.575237902063058
2024,iah4,W10004_0949/LH287,9.46763529470924
2024,iah4,W10004_0969/LH287,9.46763529470924
2024,iah4,W10004_0969/PHP02,9.72827133104925
2024,iah4,W10004_1014/LH287,9.46763529470924
2024,iah4,W10004_1032/LH287,9.46763529470924
2024,iah4,W10004_1032/PHP02,9.72827133104925
2024,iah4,W10004_1080/LH287,9.46763529470924
2024,iah4,WQCD10/LH287,9.46763529470924
2024,iah4,WQCD10/PHP02,9.363709352075025
2024,iah4,ZS01459/LH287,9.46763529470924
2024,iah4,ZS0510/LH287,9.46763529470924
2024,iah4,ZS0510/PHP02,9.363709352075025
2024,ilh1,2369/LH123HT,10.79762284958836
2024,ilh1,2FACC/PHP02,9.384167852056422
2024,ilh1,B14A/OH43,9.032941828824072
2024,ilh1,B37/H95,8.893635337504774
2024,ilh1,B73/MO17,10.739719332728916
2024,ilh1,B73/PHK76,9.193318339184168
2024,ilh1,B73/PHN82,10.858924665153786
2024,ilh1,B73/PHZ51,9.316601668204397
2024,ilh1,B73/TX779,7.187791466588503
2024,ilh1,CG119/CG108,4.702014682600113
2024,ilh1,CG44/CGR01,7.5357671764831995
2024,ilh1,DK3IIH6/LH244,10.524800543216289
2024,ilh1,DKFBHJ/PHP02,9.119178242973875
2024,ilh1,FBLL/PHP02,9.027290197476091
2024,ilh1,GEMS-0061_3AZA1_0001/PHP02,9.027290197476091
2024,ilh1,GEMS-0061_3AZA1_0004/PHP02,9.027290197476091
2024,ilh1,GEMS-0061_3AZA1_0005/PHP02,9.027290197476091
2024,ilh1,GEMS-0061_3AZA1_0006/PHP02,9.027290197476091
2024,ilh1,GEMS-0061_3AZA1_0007/PHP02,9.027290197476091
2024,ilh1,GEMS-0061_3AZA1_0009/PHP02,9.027290197476091
2024,ilh1,GEMS-0061_3AZA1_0010/PHP02,9.027290197476091
2024,ilh1,GEMS-0061_3AZA1_0011/PHP02,9.027290197476091
2024,ilh1,GEMS-0061_3AZA1_0012/PHP02,9.027290197476091
2024,ilh1,GEMS-0061_3AZA1_0014/PHP02,9.027290197476091
2024,ilh1,GEMS-0061_3AZA1_0015/PHP02,9.027290197476091
2024,ilh1,GEMS-0061_3AZA1_0016/PHP02,9.027290197476091
2024,ilh1,GEMS-0061_3AZA1_0017/PHP02,9.027290197476091
2024,ilh1,GEMS-0061_3AZA1_0023/PHP02,9.027290197476091
2024,ilh1,GEMS-0061_FBLL_0002/PHP02,9.027290197476091
2024,ilh1,GEMS-0061_FBLL_0004/PHP02,9.027290197476091
2024,ilh1,GEMS-0061_FBLL_0005/PHP02,9.027290197476091
2024,ilh1,GEMS-0061_FBLL_0007/PHP02,9.027290197476091
2024,ilh1,GEMS-0061_FBLL_0009/PHP02,9.027290197476091
2024,ilh1,GEMS-0061_FBLL_0010/PHP02,9.027290197476091
2024,ilh1,GEMS-0061_FBLL_0011/PHP02,9.027290197476091
2024,ilh1,GEMS-0061_FBLL_0015/PHP02,9.027290197476091
2024,ilh1,GEMS-0061_FBLL_0016/PHP02,9.027290197476091
2024,ilh1,GEMS-0061_FBLL_0017/PHP02,9.027290197476091
2024,ilh1,GEMS-0061_FBLL_0018/PHP02,9.027290197476091
2024,ilh1,GEMS-0061_FBLL_0019/PHP02,9.027290197476091
2024,ilh1,GEMS-0061_FBLL_0023/PHP02,9.027290197476091
2024,ilh1,GEMS-0061_FBLL_0024/PHP02,9.027290197476091
2024,ilh1,GEMS-0061_FBLL_0025/PHP02,9.027290197476091
2024,ilh1,GEMS-0061_FBLL_0026/PHP02,9.027290197476091
2024,ilh1,GEMS-0061_FBLL_0029/PHP02,9.027290197476091
2024,ilh1,GEMS-0061_FBLL_0031/PHP02,9.027290197476091
2024,ilh1,GEMS-0061_FBLL_0032/PHP02,9.027290197476091
2024,ilh1,GEMS-0061_FBLL_0033/PHP02,9.027290197476091
2024,ilh1,GEMS-0061_FBLL_0034/PHP02,9.027290197476091
2024,ilh1,GEMS-0061_FBLL_0035/PHP02,9.027290197476091
2024,ilh1,GEMS-0061_FBLL_0037/PHP02,9.027290197476091
2024,ilh1,GEMS-0061_FBLL_0038/PHP02,9.027290197476091
2024,ilh1,GEMS-0061_FBLL_0039/PHP02,9.027290197476091
2024,ilh1,GEMS-0061_FBLL_0040/PHP02,9.027290197476091
2024,ilh1,GEMS-0061_FBLL_0042/PHP02,9.027290197476091
2024,ilh1,GEMS-0061_FBLL_0044/PHP02,9.027290197476091
2024,ilh1,GEMS-0061_FBLL_0047/PHP02,9.027290197476091
2024,ilh1,GEMS-0061_PHB47_0001/PHP02,9.027290197476091
2024,ilh1,GEMS-0061_PHB47_0003/PHP02,9.027290197476091
2024,ilh1,GEMS-0061_PHBW8_0001/PHP02,9.027290197476091
2024,ilh1,GEMS-0113_3AZA1_0003/PHP02,9.027290197476091
2024,ilh1,GEMS-0113_3AZA1_0006/PHP02,9.027290197476091
2024,ilh1,GEMS-0113_3AZA1_0007/PHP02,9.027290197476091
2024,ilh1,GEMS-0113_3AZA1_0008/PHP02,9.027290197476091
2024,ilh1,GEMS-0113_3AZA1_0010/PHP02,9.027290197476091
2024,ilh1,GEMS-0113_3AZA1_0015/PHP02,9.027290197476091
2024,ilh1,GEMS-0113_3AZA1_0017/PHP02,9.027290197476091
2024,ilh1,GEMS-0113_3AZA1_0018/PHP02,9.027290197476091
2024,ilh1,GEMS-0113_3AZA1_0019/PHP02,9.027290197476091
2024,ilh1,GEMS-0113_3AZA1_0021/PHP02,9.027290197476091
2024,ilh1,GEMS-0113_3AZA1_0022/PHP02,9.027290197476091
2024,ilh1,GEMS-0113_3AZA1_0023/PHP02,9.027290197476091
2024,ilh1,GEMS-0113_3AZA1_0025/PHP02,9.027290197476091
2024,ilh1,GEMS-0113_3AZA1_0028/PHP02,9.027290197476091
2024,ilh1,GEMS-0113_3AZA1_0029/PHP02,9.027290197476091
2024,ilh1,GEMS-0113_FBLL_0002/PHP02,9.027290197476091
2024,ilh1,GEMS-0113_FBLL_0004/PHP02,9.027290197476091
2024,ilh1,GEMS-0113_FBLL_0005/PHP02,9.027290197476091
2024,ilh1,GEMS-0113_FBLL_0008/PHP02,9.027290197476091
2024,ilh1,GEMS-0113_FBLL_0010/PHP02,9.027290197476091
2024,ilh1,GEMS-0113_FBLL_0011/PHP02,9.027290197476091
2024,ilh1,GEMS-0113_FBLL_0013/PHP02,9.027290197476091
2024,ilh1,GEMS-0113_FBLL_0015/PHP02,9.027290197476091
2024,ilh1,GEMS-0113_PHB47_0001/PHP02,9.027290197476091
2024,ilh1,GEMS-0113_PHB47_0005/PHP02,9.027290197476091
2024,ilh1,GEMS-0113_PHB47_0006/PHP02,9.027290197476091
2024,ilh1,GEMS-0113_PHB47_0007/PHP02,9.027290197476091
2024,ilh1,GEMS-0113_PHB47_0008/PHP02,9.027290197476091
2024,ilh1,GEMS-0113_PHB47_0009/PHP02,9.027290197476091
2024,ilh1,GEMS-0113_PHB47_0014/PHP02,9.027290197476091
2024,ilh1,GEMS-0113_PHB47_0015/PHP02,9.027290197476091
2024,ilh1,GEMS-0113_PHB47_0017/PHP02,9.027290197476091
2024,ilh1,GEMS-0113_PHB47_0021/PHP02,9.027290197476091
2024,ilh1,GEMS-0113_PHBW8_0002/PHP02,9.027290197476091
2024,ilh1,GEMS-0113_PHBW8_0005/PHP02,9.027290197476091
2024,ilh1,GEMS-0113_PHBW8_0006/PHP02,9.027290197476091
2024,ilh1,GEMS-0113_PHBW8_0010/PHP02,9.027290197476091
2024,ilh1,GEMS-0113_PHBW8_0011/PHP02,9.027290197476091
2024,ilh1,GEMS-0113_PHBW8_0012/PHP02,9.027290197476091
2024,ilh1,GEMS-0113_PHBW8_0017/PHP02,9.027290197476091
2024,ilh1,GEMS-0219_3AZA1_0001/PHP02,9.027290197476091
2024,ilh1,GEMS-0219_3AZA1_0004/PHP02,9.027290197476091
2024,ilh1,GEMS-0219_3AZA1_0005/PHP02,9.027290197476091
2024,ilh1,GEMS-0219_3AZA1_0006/PHP02,9.027290197476091
2024,ilh1,GEMS-0219_3AZA1_0007/PHP02,9.027290197476091
2024,ilh1,GEMS-0219_3AZA1_0008/PHP02,9.027290197476091
2024,ilh1,GEMS-0219_3AZA1_0014/PHP02,9.027290197476091
2024,ilh1,GEMS-0219_FBLL_0002/PHP02,9.027290197476091
2024,ilh1,GEMS-0219_FBLL_0003/PHP02,9.027290197476091
2024,ilh1,GEMS-0219_FBLL_0004/PHP02,9.027290197476091
2024,ilh1,GEMS-0219_FBLL_0005/PHP02,9.027290197476091
2024,ilh1,GEMS-0219_FBLL_0006/PHP02,9.027290197476091
2024,ilh1,GEMS-0219_FBLL_0007/PHP02,9.027290197476091
2024,ilh1,GEMS-0219_FBLL_0008/PHP02,9.027290197476091
2024,ilh1,GEMS-0219_FBLL_0010/PHP02,9.027290197476091
2024,ilh1,GEMS-0219_FBLL_0013/PHP02,9.027290197476091
2024,ilh1,GEMS-0219_FBLL_0014/PHP02,9.027290197476091
2024,ilh1,GEMS-0219_FBLL_0015/PHP02,9.027290197476091
2024,ilh1,GEMS-0219_FBLL_0018/PHP02,9.027290197476091
2024,ilh1,GEMS-0219_FBLL_0020/PHP02,9.027290197476091
2024,ilh1,GEMS-0219_FBLL_0021/PHP02,9.027290197476091
2024,ilh1,GEMS-0219_FBLL_0022/PHP02,9.027290197476091
2024,ilh1,GEMS-0219_FBLL_0023/PHP02,9.027290197476091
2024,ilh1,GEMS-0219_FBLL_0025/PHP02,9.027290197476091
2024,ilh1,GEMS-0219_FBLL_0027/PHP02,9.027290197476091
2024,ilh1,GEMS-0219_FBLL_0030/PHP02,9.027290197476091
2024,ilh1,GEMS-0219_PHB47_0002/PHP02,9.027290197476091
2024,ilh1,GEMS-0219_PHB47_0005/PHP02,9.027290197476091
2024,ilh1,GEMS-0219_PHB47_0011/PHP02,9.027290197476091
2024,ilh1,GEMS-0219_PHB47_0014/PHP02,9.027290197476091
2024,ilh1,GEMS-0219_PHB47_0017/PHP02,9.027290197476091
2024,ilh1,GEMS-0219_PHBW8_0002/PHP02,9.027290197476091
2024,ilh1,GEMS-0219_PHBW8_0003/PHP02,9.027290197476091
2024,ilh1,GEMS-0219_PHBW8_0004/PHP02,9.027290197476091
2024,ilh1,GEMS-0219_PHBW8_0006/PHP02,9.027290197476091
2024,ilh1,GEMS-0219_PHBW8_0008/PHP02,9.027290197476091
2024,ilh1,GEMS-0219_PHBW8_0009/PHP02,9.027290197476091
2024,ilh1,GEMS-0219_PHBW8_0011/PHP02,9.027290197476091
2024,ilh1,GEMS-0227_3AZA1_0001/PHP02,9.027290197476091
2024,ilh1,GEMS-0227_3AZA1_0005/PHP02,9.027290197476091
2024,ilh1,GEMS-0227_3AZA1_0006/PHP02,9.027290197476091
2024,ilh1,GEMS-0227_3AZA1_0007/PHP02,9.027290197476091
2024,ilh1,GEMS-0227_3AZA1_0008/PHP02,9.027290197476091
2024,ilh1,GEMS-0227_3AZA1_0009/PHP02,9.027290197476091
2024,ilh1,GEMS-0227_3AZA1_0010/PHP02,9.027290197476091
2024,ilh1,GEMS-0227_3AZA1_0011/PHP02,9.027290197476091
2024,ilh1,GEMS-0227_3AZA1_0013/PHP02,9.027290197476091
2024,ilh1,GEMS-0227_3AZA1_0016/PHP02,9.027290197476091
2024,ilh1,GEMS-0227_3AZA1_0017/PHP02,9.027290197476091
2024,ilh1,GEMS-0227_3AZA1_0021/PHP02,9.027290197476091
2024,ilh1,GEMS-0227_3AZA1_0022/PHP02,9.027290197476091
2024,ilh1,GEMS-0227_3AZA1_0025/PHP02,9.027290197476091
2024,ilh1,GEMS-0227_3AZA1_0028/PHP02,9.027290197476091
2024,ilh1,GEMS-0227_3AZA1_0029/PHP02,9.027290197476091
2024,ilh1,GEMS-0227_3AZA1_0030/PHP02,9.027290197476091
2024,ilh1,GEMS-0227_3AZA1_0031/PHP02,9.027290197476091
2024,ilh1,GEMS-0227_3AZA1_0040/PHP02,9.027290197476091
2024,ilh1,GEMS-0227_3AZA1_0049/PHP02,9.027290197476091
2024,ilh1,GEMS-0227_FBLL_0003/PHP02,9.027290197476091
2024,ilh1,GEMS-0227_FBLL_0005/PHP02,9.027290197476091
2024,ilh1,GEMS-0227_FBLL_0010/PHP02,9.027290197476091
2024,ilh1,GEMS-0227_FBLL_0012/PHP02,9.027290197476091
2024,ilh1,GEMS-0227_FBLL_0013/PHP02,9.027290197476091
2024,ilh1,GEMS-0227_FBLL_0014/PHP02,9.027290197476091
2024,ilh1,GEMS-0227_FBLL_0015/PHP02,9.027290197476091
2024,ilh1,GEMS-0227_FBLL_0016/PHP02,9.027290197476091
2024,ilh1,GEMS-0227_FBLL_0017/PHP02,9.027290197476091
2024,ilh1,GEMS-0227_FBLL_0018/PHP02,9.027290197476091
2024,ilh1,GEMS-0227_FBLL_0019/PHP02,9.027290197476091
2024,ilh1,GEMS-0227_FBLL_0020/PHP02,9.027290197476091
2024,ilh1,GEMS-0227_FBLL_0021/PHP02,9.027290197476091
2024,ilh1,GEMS-0227_FBLL_0022/PHP02,9.027290197476091
2024,ilh1,GEMS-0227_FBLL_0023/PHP02,9.027290197476091
2024,ilh1,GEMS-0227_FBLL_0024/PHP02,9.027290197476091
2024,ilh1,GEMS-0227_FBLL_0026/PHP02,9.027290197476091
2024,ilh1,GEMS-0227_FBLL_0028/PHP02,9.027290197476091
2024,ilh1,GEMS-0227_FBLL_0029/PHP02,9.027290197476091
2024,ilh1,GEMS-0227_FBLL_0030/PHP02,9.027290197476091
2024,ilh1,GEMS-0227_FBLL_0031/PHP02,9.027290197476091
2024,ilh1,GEMS-0227_FBLL_0032/PHP02,9.027290197476091
2024,ilh1,GEMS-0227_FBLL_0033/PHP02,9.027290197476091
2024,ilh1,GEMS-0227_FBLL_0036/PHP02,9.027290197476091
2024,ilh1,GEMS-0227_FBLL_0037/PHP02,9.027290197476091
2024,ilh1,GEMS-0227_FBLL_0038/PHP02,9.027290197476091
2024,ilh1,GEMS-0227_FBLL_0039/PHP02,9.027290197476091
2024,ilh1,GEMS-0227_FBLL_0040/PHP02,9.027290197476091
2024,ilh1,GEMS-0227_FBLL_0042/PHP02,9.027290197476091
2024,ilh1,GEMS-0227_FBLL_0046/PHP02,9.027290197476091
2024,ilh1,GEMS-0227_FBLL_0048/PHP02,9.027290197476091
2024,ilh1,GEMS-0227_FBLL_0050/PHP02,9.027290197476091
2024,ilh1,GEMS-0227_FBLL_0051/PHP02,9.027290197476091
2024,ilh1,GEMS-0227_FBLL_0052/PHP02,9.027290197476091
2024,ilh1,GEMS-0227_FBLL_0054/PHP02,9.027290197476091
2024,ilh1,GEMS-0227_FBLL_0055/PHP02,9.027290197476091
2024,ilh1,GEMS-0227_FBLL_0056/PHP02,9.027290197476091
2024,ilh1,GEMS-0227_FBLL_0059/PHP02,9.027290197476091
2024,ilh1,GEMS-0227_FBLL_0062/PHP02,9.027290197476091
2024,ilh1,GEMS-0227_FBLL_0063/PHP02,9.027290197476091
2024,ilh1,GEMS-0227_FBLL_0064/PHP02,9.027290197476091
2024,ilh1,GEMS-0227_FBLL_0066/PHP02,9.027290197476091
2024,ilh1,GEMS-0227_FBLL_0067/PHP02,9.027290197476091
2024,ilh1,GEMS-0227_FBLL_0068/PHP02,9.027290197476091
2024,ilh1,GEMS-0227_FBLL_0069/PHP02,9.027290197476091
2024,ilh1,GEMS-0227_FBLL_0070/PHP02,9.027290197476091
2024,ilh1,GEMS-0227_FBLL_0071/PHP02,9.027290197476091
2024,ilh1,GEMS-0227_FBLL_0072/PHP02,9.027290197476091
2024,ilh1,GEMS-0227_FBLL_0073/PHP02,9.027290197476091
2024,ilh1,GEMS-0227_FBLL_0075/PHP02,9.027290197476091
2024,ilh1,GEMS-0227_FBLL_0077/PHP02,9.027290197476091
2024,ilh1,GEMS-0227_FBLL_0078/PHP02,9.027290197476091
2024,ilh1,GEMS-0227_FBLL_0084/PHP02,9.027290197476091
2024,ilh1,GEMS-0227_FBLL_0085/PHP02,9.027290197476091
2024,ilh1,GEMS-0227_FBLL_0086/PHP02,9.027290197476091
2024,ilh1,GEMS-0227_FBLL_0087/PHP02,9.027290197476091
2024,ilh1,GEMS-0227_FBLL_0089/PHP02,9.027290197476091
2024,ilh1,GEMS-0227_FBLL_0090/PHP02,9.027290197476091
2024,ilh1,GEMS-0227_FBLL_0097/PHP02,9.027290197476091
2024,ilh1,GEMS-0227_FBLL_0104/PHP02,9.027290197476091
2024,ilh1,GEMS-0227_FBLL_0105/PHP02,9.027290197476091
2024,ilh1,GEMS-0227_FBLL_0106/PHP02,9.027290197476091
2024,ilh1,GEMS-0227_FBLL_0107/PHP02,9.027290197476091
2024,ilh1,GEMS-0227_FBLL_0110/PHP02,9.027290197476091
2024,ilh1,GEMS-0227_FBLL_0111/PHP02,9.027290197476091
2024,ilh1,GEMS-0227_FBLL_0113/PHP02,9.027290197476091
2024,ilh1,GEMS-0227_FBLL_0114/PHP02,9.027290197476091
2024,ilh1,GEMS-0227_FBLL_0115/PHP02,9.027290197476091
2024,ilh1,GEMS-0227_FBLL_0116/PHP02,9.027290197476091
2024,ilh1,GEMS-0227_FBLL_0117/PHP02,9.027290197476091
2024,ilh1,GEMS-0227_FBLL_0118/PHP02,9.027290197476091
2024,ilh1,GEMS-0227_FBLL_0121/PHP02,9.027290197476091
2024,ilh1,GEMS-0227_FBLL_0125/PHP02,9.027290197476091
2024,ilh1,GEMS-0227_FBLL_0127/PHP02,9.027290197476091
2024,ilh1,GEMS-0227_FBLL_0133/PHP02,9.027290197476091
2024,ilh1,GEMS-0227_PHB47_0001/PHP02,9.027290197476091
2024,ilh1,GEMS-0227_PHB47_0003/PHP02,9.027290197476091
2024,ilh1,GEMS-0227_PHB47_0004/PHP02,9.027290197476091
2024,ilh1,GEMS-0227_PHB47_0006/PHP02,9.027290197476091
2024,ilh1,GEMS-0227_PHB47_0007/PHP02,9.027290197476091
2024,ilh1,GEMS-0227_PHB47_0010/PHP02,9.027290197476091
2024,ilh1,GEMS-0227_PHB47_0011/PHP02,9.027290197476091
2024,ilh1,GEMS-0227_PHB47_0012/PHP02,9.027290197476091
2024,ilh1,GEMS-0227_PHB47_0014/PHP02,9.027290197476091
2024,ilh1,GEMS-0227_PHB47_0016/PHP02,9.027290197476091
2024,ilh1,GEMS-0227_PHB47_0022/PHP02,9.027290197476091
2024,ilh1,GEMS-0227_PHB47_0026/PHP02,9.027290197476091
2024,ilh1,GEMS-0227_PHBW8_0002/PHP02,9.027290197476091
2024,ilh1,GEMS-0227_PHBW8_0004/PHP02,9.027290197476091
2024,ilh1,GEMS-0227_PHBW8_0005/PHP02,9.027290197476091
2024,ilh1,GEMS-0227_PHBW8_0006/PHP02,9.027290197476091
2024,ilh1,GEMS-0227_PHBW8_0009/PHP02,9.027290197476091
2024,ilh1,GEMS-0227_PHBW8_0011/PHP02,9.027290197476091
2024,ilh1,GEMS-0227_PHBW8_0012/PHP02,9.027290197476091
2024,ilh1,GEMS-0227_PHBW8_0015/PHP02,9.027290197476091
2024,ilh1,GEMS-0227_PHBW8_0018/PHP02,9.027290197476091
2024,ilh1,GEMS-0227_PHBW8_0019/PHP02,9.027290197476091
2024,ilh1,GEMS-0227_PHBW8_0020/PHP02,9.027290197476091
2024,ilh1,GEMS-0227_PHBW8_0022/PHP02,9.027290197476091
2024,ilh1,LH145/LH82,7.404215240255374
2024,ilh1,LH146HT/PHP02,9.027290197476091
2024,ilh1,LH192/PHP02,9.027290197476091
2024,ilh1,LH193/PHP02,9.027290197476091
2024,ilh1,LH194/PHP02,9.027290197476091
2024,ilh1,LH195/MO17,10.326026250821752
2024,ilh1,LH195/PHK76,8.598205608875046
2024,ilh1,LH195/PHN82,9.646703053113963
2024,ilh1,LH195/PHP02,9.364157337552172
2024,ilh1,LH195/PHZ51,9.256825662645992
2024,ilh1,LH198/PHP02,9.00538172309234
2024,ilh1,LH200/PHP02,9.027290197476091
2024,ilh1,LH220HT/PHP02,9.027290197476091
2024,ilh1,LH224/PHP02,9.027290197476091
2024,ilh1,LH225/PHP02,9.027290197476091
2024,ilh1,LH228/PHP02,9.027290197476091
2024,ilh1,LH231/PHP02,9.027290197476091
2024,ilh1,LH234/PHP02,9.027290197476091
2024,ilh1,LH235/PHP02,9.027290197476091
2024,ilh1,LH236/PHP02,9.027290197476091
2024,ilh1,LH237/PHP02,9.027290197476091
2024,ilh1,LH244/MO17,10.34981686261102
2024,ilh1,LH244/PHK76,8.903274493595406
2024,ilh1,LH244/PHN82,9.889600778839446
2024,ilh1,LH244/PHP02,9.085779783782497
2024,ilh1,LH244/PHZ51,8.988734037569523
2024,ilh1,LH264/PHP02,9.027290197476091
2024,ilh1,LH273/PHP02,9.027290197476091
2024,ilh1,LH286/PHP02,9.027290197476091
2024,ilh1,LH287/LH244,11.37112596017493
2024,ilh1,LH82/LH244,9.400612792571254
2024,ilh1,MM501D/LH244,10.524800543216289
2024,ilh1,NKH8431/PHP02,9.027290197476091
2024,ilh1,PH05F/PHP02,9.027290197476091
2024,ilh1,PH05W/PHP02,9.027290197476091
2024,ilh1,PH06N/PHP02,9.027290197476091
2024,ilh1,PH080/PHP02,9.027290197476091
2024,ilh1,PH09B/PHP02,9.027290197476091
2024,ilh1,PH09E/PHP02,9.027290197476091
2024,ilh1,PH0GP/PHP02,9.027290197476091
2024,ilh1,PH19V/PHP02,9.027290197476091
2024,ilh1,PH1CA/PHP02,9.027290197476091
2024,ilh1,PH24E/LH244,10.682775819812505
2024,ilh1,PH24M/PHP02,9.027290197476091
2024,ilh1,PH32C/PHP02,9.027290197476091
2024,ilh1,PH37C/PHP02,9.027290197476091
2024,ilh1,PH38D/PHP02,9.027290197476091
2024,ilh1,PH42B/PHP02,9.027290197476091
2024,ilh1,PH44A/PHP02,9.027290197476091
2024,ilh1,PH55C/PHP02,9.027290197476091
2024,ilh1,PH63A/PHP02,9.027290197476091
2024,ilh1,PHB47/MO17,9.171791020623568
2024,ilh1,PHB47/PHK76,8.562399414103659
2024,ilh1,PHB47/PHN82,9.953152901909867
2024,ilh1,PHB47/PHZ51,8.935584582211256
2024,ilh1,PHEW7/PHP02,9.027290197476091
2024,ilh1,PHG29/PHG47,8.071080665577737
2024,ilh1,PHG39/PHN82,10.156700964237148
2024,ilh1,PHJ40/PHAJ0,5.237868055256833
2024,ilh1,PHJ89/LH244,10.20586199427742
2024,ilh1,PHJ89/PH207,8.877612931668155
2024,ilh1,PHJR5/PHP02,9.027290197476091
2024,ilh1,PHK56/LH244,10.554067704982241
2024,ilh1,PHN41/PHP02,9.027290197476091
2024,ilh1,PHN46/LH244,9.275313463079726
2024,ilh1,PHN66/PHP02,8.890229832164275
2024,ilh1,PHP02/LH244,10.554067704982241
2024,ilh1,PHP38/PHP02,9.074131104353155
2024,ilh1,PHPR5/PHP02,9.027290197476091
2024,ilh1,PHR03/LH244,10.747952670701089
2024,ilh1,PHR61/PHP02,9.027290197476091
2024,ilh1,PHRE1/PHTD5,6.748253026638914
2024,ilh1,PHT10/PHP02,9.027290197476091
2024,ilh1,PHT47/PHP02,9.027290197476091
2024,ilh1,PHTP9/PHP02,9.027290197476091
2024,ilh1,PHV37/PHP02,9.027290197476091
2024,ilh1,PHVA9/PHP02,9.027290197476091
2024,ilh1,PHW30/LH244,10.435590690046814
2024,ilh1,PHW52/PHM49,9.513376609460913
2024,ilh1,TX714/PHZ51,8.449276725069828
2024,ilh1,TX777/LH195,8.057089411986064
2024,ilh1,W10004_0018/PHP02,9.00898145058893
2024,ilh1,W10004_0055/PHP02,10.123133867326224
2024,ilh1,W10004_0095/PHP02,8.830836534714079
2024,ilh1,W10004_0103/PHP02,9.99565084272594
2024,ilh1,W10004_0122/PHP02,9.827068829739753
2024,ilh1,W10004_0133/PHP02,9.915273580001644
2024,ilh1,W10004_0138/PHP02,9.48054542648264
2024,ilh1,W10004_0146/PHP02,9.99565084272594
2024,ilh1,W10004_0167/PHP02,9.452920864164076
2024,ilh1,W10004_0189/PHP02,10.33924206046407
2024,ilh1,W10004_0236/PHP02,9.791280678092177
2024,ilh1,W10004_0238/PHP02,9.849162029762898
2024,ilh1,W10004_0258/PHP02,10.206235658197764
2024,ilh1,W10004_0346/PHP02,10.364616075629598
2024,ilh1,W10004_0403/PHP02,9.849162029762898
2024,ilh1,W10004_0409/PHP02,11.028235234208134
2024,ilh1,W10004_0658/PHP02,10.813320250047093
2024,ilh1,W10004_0688/PHP02,9.357715512507673
2024,ilh1,W10004_0691/PHP02,8.360643380196962
2024,ilh1,W10004_0747/PHP02,10.503272517371908
2024,ilh1,W10004_0754/PHP02,9.849162029762898
2024,ilh1,W10004_0771/PHP02,9.915273580001644
2024,ilh1,W10004_0776/PHP02,9.849162029762898
2024,ilh1,W10004_0822/PHP02,9.849162029762898
2024,ilh1,W10004_0866/PHP02,10.31314499088565
2024,ilh1,W10004_0949/PHP02,10.813320250047093
2024,ilh1,W10004_1014/PHP02,9.827068829739753
2024,ilh1,W10004_1018/PHP02,9.448103365007917
2024,ilh1,W10004_1032/PHP02,9.298407786283358
2024,ilh1,W10004_1080/PHP02,10.511602204045339
2024,ilh1,WQCD10/PHP02,9.027290197476091
2024,ilh1,ZS01459/PHP02,9.027290197476091
2024,inh1,01DIB2/PHP02,10.167549002317052
2024,inh1,2369/LH123HT,11.756744702462884
2024,inh1,2FACC/PHP02,10.506346263556313
2024,inh1,6F629/PHP02,10.272893932553673
2024,inh1,B14A/OH43,10.05053395949201
2024,inh1,B37/H95,9.849511958070645
2024,inh1,B73/MO17,11.692852265816548
2024,inh1,B73/PHN82,11.843811327922946
2024,inh1,B73/TX779,8.345331033866936
2024,inh1,CG119/CG108,6.138607337704217
2024,inh1,CG44/CGR01,8.76131176137103
2024,inh1,DK3IIH6/LH244,11.533958595698339
2024,inh1,FBLA/PHP02,10.167549002317052
2024,inh1,GEMS-0061_3AZA1_0001/PHP02,10.167549002317052
2024,inh1,GEMS-0061_3AZA1_0005/PHP02,10.167549002317052
2024,inh1,GEMS-0061_3AZA1_0007/PHP02,10.167549002317052
2024,inh1,GEMS-0061_3AZA1_0012/PHP02,10.167549002317052
2024,inh1,GEMS-0061_3AZA1_0013/PHP02,10.167549002317052
2024,inh1,GEMS-0061_3AZA1_0014/PHP02,10.167549002317052
2024,inh1,GEMS-0061_3AZA1_0021/PHP02,10.167549002317052
2024,inh1,GEMS-0061_3AZA1_0023/PHP02,10.167549002317052
2024,inh1,GEMS-0061_FBLL_0004/PHP02,10.167549002317052
2024,inh1,GEMS-0061_FBLL_0005/PHP02,10.167549002317052
2024,inh1,GEMS-0061_FBLL_0007/PHP02,10.167549002317052
2024,inh1,GEMS-0061_FBLL_0008/PHP02,10.167549002317052
2024,inh1,GEMS-0061_FBLL_0009/PHP02,10.167549002317052
2024,inh1,GEMS-0061_FBLL_0014/PHP02,10.167549002317052
2024,inh1,GEMS-0061_FBLL_0015/PHP02,10.167549002317052
2024,inh1,GEMS-0061_FBLL_0016/PHP02,10.167549002317052
2024,inh1,GEMS-0061_FBLL_0017/PHP02,10.167549002317052
2024,inh1,GEMS-0061_FBLL_0019/PHP02,10.167549002317052
2024,inh1,GEMS-0061_FBLL_0022/PHP02,10.167549002317052
2024,inh1,GEMS-0061_FBLL_0025/PHP02,10.167549002317052
2024,inh1,GEMS-0061_FBLL_0031/PHP02,10.167549002317052
2024,inh1,GEMS-0061_FBLL_0032/PHP02,10.167549002317052
2024,inh1,GEMS-0061_FBLL_0033/PHP02,10.167549002317052
2024,inh1,GEMS-0061_FBLL_0034/PHP02,10.167549002317052
2024,inh1,GEMS-0061_FBLL_0035/PHP02,10.167549002317052
2024,inh1,GEMS-0061_FBLL_0038/PHP02,10.167549002317052
2024,inh1,GEMS-0061_FBLL_0039/PHP02,10.167549002317052
2024,inh1,GEMS-0061_FBLL_0040/PHP02,10.167549002317052
2024,inh1,GEMS-0061_FBLL_0042/PHP02,10.167549002317052
2024,inh1,GEMS-0061_FBLL_0044/PHP02,10.167549002317052
2024,inh1,GEMS-0061_FBLL_0050/PHP02,10.167549002317052
2024,inh1,GEMS-0061_PHB47_0003/PHP02,10.167549002317052
2024,inh1,GEMS-0061_PHB47_0004/PHP02,10.167549002317052
2024,inh1,GEMS-0061_PHBW8_0002/PHP02,10.167549002317052
2024,inh1,GEMS-0113_3AZA1_0001/PHP02,10.167549002317052
2024,inh1,GEMS-0113_3AZA1_0002/PHP02,10.167549002317052
2024,inh1,GEMS-0113_3AZA1_0004/PHP02,10.167549002317052
2024,inh1,GEMS-0113_3AZA1_0005/PHP02,10.167549002317052
2024,inh1,GEMS-0113_3AZA1_0006/PHP02,10.167549002317052
2024,inh1,GEMS-0113_3AZA1_0007/PHP02,10.167549002317052
2024,inh1,GEMS-0113_3AZA1_0011/PHP02,10.167549002317052
2024,inh1,GEMS-0113_3AZA1_0013/PHP02,10.167549002317052
2024,inh1,GEMS-0113_3AZA1_0014/PHP02,10.167549002317052
2024,inh1,GEMS-0113_3AZA1_0016/PHP02,10.167549002317052
2024,inh1,GEMS-0113_3AZA1_0018/PHP02,10.167549002317052
2024,inh1,GEMS-0113_3AZA1_0024/PHP02,10.167549002317052
2024,inh1,GEMS-0113_3AZA1_0025/PHP02,10.167549002317052
2024,inh1,GEMS-0113_3AZA1_0026/PHP02,10.167549002317052
2024,inh1,GEMS-0113_3AZA1_0027/PHP02,10.167549002317052
2024,inh1,GEMS-0113_3AZA1_0029/PHP02,10.167549002317052
2024,inh1,GEMS-0113_3AZA1_0031/PHP02,10.167549002317052
2024,inh1,GEMS-0113_3AZA1_0038/PHP02,10.167549002317052
2024,inh1,GEMS-0113_FBLL_0002/PHP02,10.167549002317052
2024,inh1,GEMS-0113_FBLL_0003/PHP02,10.167549002317052
2024,inh1,GEMS-0113_FBLL_0005/PHP02,10.167549002317052
2024,inh1,GEMS-0113_FBLL_0006/PHP02,10.167549002317052
2024,inh1,GEMS-0113_FBLL_0007/PHP02,10.167549002317052
2024,inh1,GEMS-0113_FBLL_0008/PHP02,10.167549002317052
2024,inh1,GEMS-0113_FBLL_0010/PHP02,10.167549002317052
2024,inh1,GEMS-0113_FBLL_0011/PHP02,10.167549002317052
2024,inh1,GEMS-0113_PHB47_0002/PHP02,10.167549002317052
2024,inh1,GEMS-0113_PHB47_0003/PHP02,10.167549002317052
2024,inh1,GEMS-0113_PHB47_0004/PHP02,10.167549002317052
2024,inh1,GEMS-0113_PHB47_0005/PHP02,10.167549002317052
2024,inh1,GEMS-0113_PHB47_0006/PHP02,10.167549002317052
2024,inh1,GEMS-0113_PHB47_0007/PHP02,10.167549002317052
2024,inh1,GEMS-0113_PHB47_0008/PHP02,10.167549002317052
2024,inh1,GEMS-0113_PHB47_0009/PHP02,10.167549002317052
2024,inh1,GEMS-0113_PHB47_0011/PHP02,10.167549002317052
2024,inh1,GEMS-0113_PHB47_0012/PHP02,10.167549002317052
2024,inh1,GEMS-0113_PHB47_0013/PHP02,10.167549002317052
2024,inh1,GEMS-0113_PHB47_0019/PHP02,10.167549002317052
2024,inh1,GEMS-0113_PHB47_0020/PHP02,10.167549002317052
2024,inh1,GEMS-0113_PHB47_0021/PHP02,10.167549002317052
2024,inh1,GEMS-0113_PHBW8_0001/PHP02,10.167549002317052
2024,inh1,GEMS-0113_PHBW8_0004/PHP02,10.167549002317052
2024,inh1,GEMS-0113_PHBW8_0005/PHP02,10.167549002317052
2024,inh1,GEMS-0113_PHBW8_0007/PHP02,10.167549002317052
2024,inh1,GEMS-0113_PHBW8_0008/PHP02,10.167549002317052
2024,inh1,GEMS-0113_PHBW8_0009/PHP02,10.167549002317052
2024,inh1,GEMS-0113_PHBW8_0011/PHP02,10.167549002317052
2024,inh1,GEMS-0113_PHBW8_0013/PHP02,10.167549002317052
2024,inh1,GEMS-0113_PHBW8_0014/PHP02,10.167549002317052
2024,inh1,GEMS-0113_PHBW8_0017/PHP02,10.167549002317052
2024,inh1,GEMS-0219_3AZA1_0001/PHP02,10.167549002317052
2024,inh1,GEMS-0219_3AZA1_0002/PHP02,10.167549002317052
2024,inh1,GEMS-0219_3AZA1_0003/PHP02,10.167549002317052
2024,inh1,GEMS-0219_3AZA1_0004/PHP02,10.167549002317052
2024,inh1,GEMS-0219_3AZA1_0006/PHP02,10.167549002317052
2024,inh1,GEMS-0219_3AZA1_0009/PHP02,10.167549002317052
2024,inh1,GEMS-0219_3AZA1_0010/PHP02,10.167549002317052
2024,inh1,GEMS-0219_3AZA1_0012/PHP02,10.167549002317052
2024,inh1,GEMS-0219_3AZA1_0014/PHP02,10.167549002317052
2024,inh1,GEMS-0219_FBLL_0002/PHP02,10.167549002317052
2024,inh1,GEMS-0219_FBLL_0003/PHP02,10.167549002317052
2024,inh1,GEMS-0219_FBLL_0004/PHP02,10.167549002317052
2024,inh1,GEMS-0219_FBLL_0005/PHP02,10.167549002317052
2024,inh1,GEMS-0219_FBLL_0008/PHP02,10.167549002317052
2024,inh1,GEMS-0219_FBLL_0009/PHP02,10.167549002317052
2024,inh1,GEMS-0219_FBLL_0011/PHP02,10.167549002317052
2024,inh1,GEMS-0219_FBLL_0012/PHP02,10.167549002317052
2024,inh1,GEMS-0219_FBLL_0013/PHP02,10.167549002317052
2024,inh1,GEMS-0219_FBLL_0017/PHP02,10.167549002317052
2024,inh1,GEMS-0219_FBLL_0019/PHP02,10.167549002317052
2024,inh1,GEMS-0219_FBLL_0020/PHP02,10.167549002317052
2024,inh1,GEMS-0219_FBLL_0025/PHP02,10.167549002317052
2024,inh1,GEMS-0219_FBLL_0027/PHP02,10.167549002317052
2024,inh1,GEMS-0219_FBLL_0028/PHP02,10.167549002317052
2024,inh1,GEMS-0219_PHB47_0001/PHP02,10.167549002317052
2024,inh1,GEMS-0219_PHB47_0002/PHP02,10.167549002317052
2024,inh1,GEMS-0219_PHB47_0003/PHP02,10.167549002317052
2024,inh1,GEMS-0219_PHB47_0004/PHP02,10.167549002317052
2024,inh1,GEMS-0219_PHB47_0005/PHP02,10.167549002317052
2024,inh1,GEMS-0219_PHB47_0006/PHP02,10.167549002317052
2024,inh1,GEMS-0219_PHB47_0014/PHP02,10.167549002317052
2024,inh1,GEMS-0219_PHBW8_0001/PHP02,10.167549002317052
2024,inh1,GEMS-0219_PHBW8_0002/PHP02,10.167549002317052
2024,inh1,GEMS-0219_PHBW8_0004/PHP02,10.167549002317052
2024,inh1,GEMS-0219_PHBW8_0006/PHP02,10.167549002317052
2024,inh1,GEMS-0219_PHBW8_0008/PHP02,10.167549002317052
2024,inh1,GEMS-0219_PHBW8_0009/PHP02,10.167549002317052
2024,inh1,GEMS-0227_3AZA1_0001/PHP02,10.167549002317052
2024,inh1,GEMS-0227_3AZA1_0002/PHP02,10.167549002317052
2024,inh1,GEMS-0227_3AZA1_0003/PHP02,10.167549002317052
2024,inh1,GEMS-0227_3AZA1_0004/PHP02,10.167549002317052
2024,inh1,GEMS-0227_3AZA1_0006/PHP02,10.167549002317052
2024,inh1,GEMS-0227_3AZA1_0010/PHP02,10.167549002317052
2024,inh1,GEMS-0227_3AZA1_0011/PHP02,10.167549002317052
2024,inh1,GEMS-0227_3AZA1_0012/PHP02,10.167549002317052
2024,inh1,GEMS-0227_3AZA1_0013/PHP02,10.167549002317052
2024,inh1,GEMS-0227_3AZA1_0014/PHP02,10.167549002317052
2024,inh1,GEMS-0227_3AZA1_0015/PHP02,10.167549002317052
2024,inh1,GEMS-0227_3AZA1_0016/PHP02,10.167549002317052
2024,inh1,GEMS-0227_3AZA1_0018/PHP02,10.167549002317052
2024,inh1,GEMS-0227_3AZA1_0019/PHP02,10.167549002317052
2024,inh1,GEMS-0227_3AZA1_0021/PHP02,10.167549002317052
2024,inh1,GEMS-0227_3AZA1_0022/PHP02,10.167549002317052
2024,inh1,GEMS-0227_3AZA1_0023/PHP02,10.167549002317052
2024,inh1,GEMS-0227_3AZA1_0024/PHP02,10.167549002317052
2024,inh1,GEMS-0227_3AZA1_0029/PHP02,10.167549002317052
2024,inh1,GEMS-0227_3AZA1_0032/PHP02,10.167549002317052
2024,inh1,GEMS-0227_3AZA1_0034/PHP02,10.167549002317052
2024,inh1,GEMS-0227_3AZA1_0035/PHP02,10.167549002317052
2024,inh1,GEMS-0227_3AZA1_0036/PHP02,10.167549002317052
2024,inh1,GEMS-0227_3AZA1_0040/PHP02,10.167549002317052
2024,inh1,GEMS-0227_3AZA1_0041/PHP02,10.167549002317052
2024,inh1,GEMS-0227_3AZA1_0043/PHP02,10.167549002317052
2024,inh1,GEMS-0227_3AZA1_0045/PHP02,10.167549002317052
2024,inh1,GEMS-0227_3AZA1_0046/PHP02,10.167549002317052
2024,inh1,GEMS-0227_3AZA1_0048/PHP02,10.167549002317052
2024,inh1,GEMS-0227_3AZA1_0049/PHP02,10.167549002317052
2024,inh1,GEMS-0227_FBLL_0001/PHP02,10.167549002317052
2024,inh1,GEMS-0227_FBLL_0002/PHP02,10.167549002317052
2024,inh1,GEMS-0227_FBLL_0004/PHP02,10.167549002317052
2024,inh1,GEMS-0227_FBLL_0005/PHP02,10.167549002317052
2024,inh1,GEMS-0227_FBLL_0007/PHP02,10.167549002317052
2024,inh1,GEMS-0227_FBLL_0008/PHP02,10.167549002317052
2024,inh1,GEMS-0227_FBLL_0009/PHP02,10.167549002317052
2024,inh1,GEMS-0227_FBLL_0010/PHP02,10.167549002317052
2024,inh1,GEMS-0227_FBLL_0012/PHP02,10.167549002317052
2024,inh1,GEMS-0227_FBLL_0013/PHP02,10.167549002317052
2024,inh1,GEMS-0227_FBLL_0016/PHP02,10.167549002317052
2024,inh1,GEMS-0227_FBLL_0018/PHP02,10.167549002317052
2024,inh1,GEMS-0227_FBLL_0020/PHP02,10.167549002317052
2024,inh1,GEMS-0227_FBLL_0021/PHP02,10.167549002317052
2024,inh1,GEMS-0227_FBLL_0022/PHP02,10.167549002317052
2024,inh1,GEMS-0227_FBLL_0023/PHP02,10.167549002317052
2024,inh1,GEMS-0227_FBLL_0024/PHP02,10.167549002317052
2024,inh1,GEMS-0227_FBLL_0025/PHP02,10.167549002317052
2024,inh1,GEMS-0227_FBLL_0026/PHP02,10.167549002317052
2024,inh1,GEMS-0227_FBLL_0027/PHP02,10.167549002317052
2024,inh1,GEMS-0227_FBLL_0028/PHP02,10.167549002317052
2024,inh1,GEMS-0227_FBLL_0031/PHP02,10.167549002317052
2024,inh1,GEMS-0227_FBLL_0033/PHP02,10.167549002317052
2024,inh1,GEMS-0227_FBLL_0034/PHP02,10.167549002317052
2024,inh1,GEMS-0227_FBLL_0035/PHP02,10.167549002317052
2024,inh1,GEMS-0227_FBLL_0037/PHP02,10.167549002317052
2024,inh1,GEMS-0227_FBLL_0040/PHP02,10.167549002317052
2024,inh1,GEMS-0227_FBLL_0041/PHP02,10.167549002317052
2024,inh1,GEMS-0227_FBLL_0042/PHP02,10.167549002317052
2024,inh1,GEMS-0227_FBLL_0043/PHP02,10.167549002317052
2024,inh1,GEMS-0227_FBLL_0044/PHP02,10.167549002317052
2024,inh1,GEMS-0227_FBLL_0045/PHP02,10.167549002317052
2024,inh1,GEMS-0227_FBLL_0047/PHP02,10.167549002317052
2024,inh1,GEMS-0227_FBLL_0048/PHP02,10.167549002317052
2024,inh1,GEMS-0227_FBLL_0049/PHP02,10.167549002317052
2024,inh1,GEMS-0227_FBLL_0051/PHP02,10.167549002317052
2024,inh1,GEMS-0227_FBLL_0053/PHP02,10.167549002317052
2024,inh1,GEMS-0227_FBLL_0054/PHP02,10.167549002317052
2024,inh1,GEMS-0227_FBLL_0055/PHP02,10.167549002317052
2024,inh1,GEMS-0227_FBLL_0056/PHP02,10.167549002317052
2024,inh1,GEMS-0227_FBLL_0057/PHP02,10.167549002317052
2024,inh1,GEMS-0227_FBLL_0058/PHP02,10.167549002317052
2024,inh1,GEMS-0227_FBLL_0059/PHP02,10.167549002317052
2024,inh1,GEMS-0227_FBLL_0060/PHP02,10.167549002317052
2024,inh1,GEMS-0227_FBLL_0062/PHP02,10.167549002317052
2024,inh1,GEMS-0227_FBLL_0063/PHP02,10.167549002317052
2024,inh1,GEMS-0227_FBLL_0067/PHP02,10.167549002317052
2024,inh1,GEMS-0227_FBLL_0068/PHP02,10.167549002317052
2024,inh1,GEMS-0227_FBLL_0069/PHP02,10.167549002317052
2024,inh1,GEMS-0227_FBLL_0070/PHP02,10.167549002317052
2024,inh1,GEMS-0227_FBLL_0071/PHP02,10.167549002317052
2024,inh1,GEMS-0227_FBLL_0072/PHP02,10.167549002317052
2024,inh1,GEMS-0227_FBLL_0073/PHP02,10.167549002317052
2024,inh1,GEMS-0227_FBLL_0074/PHP02,10.167549002317052
2024,inh1,GEMS-0227_FBLL_0075/PHP02,10.167549002317052
2024,inh1,GEMS-0227_FBLL_0077/PHP02,10.167549002317052
2024,inh1,GEMS-0227_FBLL_0078/PHP02,10.167549002317052
2024,inh1,GEMS-0227_FBLL_0079/PHP02,10.167549002317052
2024,inh1,GEMS-0227_FBLL_0080/PHP02,10.167549002317052
2024,inh1,GEMS-0227_FBLL_0082/PHP02,10.167549002317052
2024,inh1,GEMS-0227_FBLL_0084/PHP02,10.167549002317052
2024,inh1,GEMS-0227_FBLL_0086/PHP02,10.167549002317052
2024,inh1,GEMS-0227_FBLL_0088/PHP02,10.167549002317052
2024,inh1,GEMS-0227_FBLL_0089/PHP02,10.167549002317052
2024,inh1,GEMS-0227_FBLL_0090/PHP02,10.167549002317052
2024,inh1,GEMS-0227_FBLL_0093/PHP02,10.167549002317052
2024,inh1,GEMS-0227_FBLL_0094/PHP02,10.167549002317052
2024,inh1,GEMS-0227_FBLL_0095/PHP02,10.167549002317052
2024,inh1,GEMS-0227_FBLL_0096/PHP02,10.167549002317052
2024,inh1,GEMS-0227_FBLL_0097/PHP02,10.167549002317052
2024,inh1,GEMS-0227_FBLL_0098/PHP02,10.167549002317052
2024,inh1,GEMS-0227_FBLL_0101/PHP02,10.167549002317052
2024,inh1,GEMS-0227_FBLL_0102/PHP02,10.167549002317052
2024,inh1,GEMS-0227_FBLL_0105/PHP02,10.167549002317052
2024,inh1,GEMS-0227_FBLL_0106/PHP02,10.167549002317052
2024,inh1,GEMS-0227_FBLL_0107/PHP02,10.167549002317052
2024,inh1,GEMS-0227_FBLL_0110/PHP02,10.167549002317052
2024,inh1,GEMS-0227_FBLL_0113/PHP02,10.167549002317052
2024,inh1,GEMS-0227_FBLL_0118/PHP02,10.167549002317052
2024,inh1,GEMS-0227_FBLL_0121/PHP02,10.167549002317052
2024,inh1,GEMS-0227_FBLL_0124/PHP02,10.167549002317052
2024,inh1,GEMS-0227_FBLL_0127/PHP02,10.167549002317052
2024,inh1,GEMS-0227_FBLL_0134/PHP02,10.167549002317052
2024,inh1,GEMS-0227_FBLL_0136/PHP02,10.167549002317052
2024,inh1,GEMS-0227_FBLL_0140/PHP02,10.167549002317052
2024,inh1,GEMS-0227_FBLL_0141/PHP02,10.167549002317052
2024,inh1,GEMS-0227_PHB47_0002/PHP02,10.167549002317052
2024,inh1,GEMS-0227_PHB47_0003/PHP02,10.167549002317052
2024,inh1,GEMS-0227_PHB47_0006/PHP02,10.167549002317052
2024,inh1,GEMS-0227_PHB47_0007/PHP02,10.167549002317052
2024,inh1,GEMS-0227_PHB47_0009/PHP02,10.167549002317052
2024,inh1,GEMS-0227_PHB47_0011/PHP02,10.167549002317052
2024,inh1,GEMS-0227_PHB47_0012/PHP02,10.167549002317052
2024,inh1,GEMS-0227_PHB47_0014/PHP02,10.167549002317052
2024,inh1,GEMS-0227_PHB47_0016/PHP02,10.167549002317052
2024,inh1,GEMS-0227_PHB47_0022/PHP02,10.167549002317052
2024,inh1,GEMS-0227_PHB47_0023/PHP02,10.167549002317052
2024,inh1,GEMS-0227_PHB47_0024/PHP02,10.167549002317052
2024,inh1,GEMS-0227_PHB47_0025/PHP02,10.167549002317052
2024,inh1,GEMS-0227_PHBW8_0001/PHP02,10.167549002317052
2024,inh1,GEMS-0227_PHBW8_0003/PHP02,10.167549002317052
2024,inh1,GEMS-0227_PHBW8_0004/PHP02,10.167549002317052
2024,inh1,GEMS-0227_PHBW8_0005/PHP02,10.167549002317052
2024,inh1,GEMS-0227_PHBW8_0007/PHP02,10.167549002317052
2024,inh1,GEMS-0227_PHBW8_0010/PHP02,10.167549002317052
2024,inh1,GEMS-0227_PHBW8_0011/PHP02,10.167549002317052
2024,inh1,GEMS-0227_PHBW8_0013/PHP02,10.167549002317052
2024,inh1,GEMS-0227_PHBW8_0016/PHP02,10.167549002317052
2024,inh1,GEMS-0227_PHBW8_0017/PHP02,10.167549002317052
2024,inh1,GEMS-0227_PHBW8_0021/PHP02,10.167549002317052
2024,inh1,GEMS-0227_PHBW8_0024/PHP02,10.167549002317052
2024,inh1,LH132/PHP02,10.019318675014638
2024,inh1,LH146HT/PHP02,10.167549002317052
2024,inh1,LH195/PHP02,10.346375766807526
2024,inh1,LH195/PHZ51,10.161205920614252
2024,inh1,LH197/PHP02,10.167549002317052
2024,inh1,LH204/PHP02,10.167549002317052
2024,inh1,LH220HT/PHP02,10.167549002317052
2024,inh1,LH226HT/PHP02,10.167549002317052
2024,inh1,LH228/PHP02,10.167549002317052
2024,inh1,LH236/PHP02,10.167549002317052
2024,inh1,LH238/PHP02,10.167549002317052
2024,inh1,LH244/PHK76,10.39177165820046
2024,inh1,LH244/PHP02,10.518307209161376
2024,inh1,LH287/LH244,12.305164796287071
2024,inh1,LH292/PHP02,10.167549002317052
2024,inh1,LH82/LH244,10.481064980728389
2024,inh1,MM501D/LH244,11.610168679443895
2024,inh1,PH05F/PHP02,10.167549002317052
2024,inh1,PH05G/PHP02,10.167549002317052
2024,inh1,PH06N/PHP02,10.167549002317052
2024,inh1,PH07D/PHP02,10.167549002317052
2024,inh1,PH08A/PHP02,10.167549002317052
2024,inh1,PH0B4/PHP02,10.167549002317052
2024,inh1,PH0CD/PHP02,10.167549002317052
2024,inh1,PH0GP/PHP02,10.167549002317052
2024,inh1,PH12C/PHP02,10.167549002317052
2024,inh1,PH1GC/PHP02,10.167549002317052
2024,inh1,PH1GG/PHP02,10.167549002317052
2024,inh1,PH1TB/PHP02,10.167549002317052
2024,inh1,PH1W2/PHP02,10.167549002317052
2024,inh1,PH24E/LH244,11.569663066285775
2024,inh1,PH32C/PHP02,10.167549002317052
2024,inh1,PH37C/PHP02,10.167549002317052
2024,inh1,PH79A/PHP02,10.167549002317052
2024,inh1,PHB47/PHN82,10.897337716454699
2024,inh1,PHB47/PHP02,10.230203084233823
2024,inh1,PHB47/PHZ51,10.080214268672414
2024,inh1,PHBW8/PHP02,10.167549002317052
2024,inh1,PHDG1/PHP02,10.167549002317052
2024,inh1,PHEW7/PHP02,10.167549002317052
2024,inh1,PHG29/PHG47,9.002172343713951
2024,inh1,PHG39/PHN82,11.040042732337323
2024,inh1,PHHB9/PHP02,10.620634142983569
2024,inh1,PHJ40/PHAJ0,6.552918837532376
2024,inh1,PHJ89/LH244,11.265952544680554
2024,inh1,PHK56/LH244,11.561412484977833
2024,inh1,PHKV0/PHP02,10.167549002317052
2024,inh1,PHN41/PHP02,10.167549002317052
2024,inh1,PHN46/LH244,10.205134393864691
2024,inh1,PHNJ2/PHP02,10.167549002317052
2024,inh1,PHP02/LH244,11.561412484977833
2024,inh1,PHPR5/PHP02,10.167549002317052
2024,inh1,PHR03/LH244,11.765203252275333
2024,inh1,PHRE1/PHTD5,7.7759847907120045
2024,inh1,PHT11/PHP02,10.167549002317052
2024,inh1,PHT47/PHP02,10.167549002317052
2024,inh1,PHTP9/PHP02,10.167549002317052
2024,inh1,PHTV7/PHP02,10.167549002317052
2024,inh1,PHV37/PHP02,10.167549002317052
2024,inh1,PHVJ5/PHP02,10.167549002317052
2024,inh1,PHW30/LH244,11.430031860973633
2024,inh1,PHW52/PHM49,10.608440835916094
2024,inh1,PHW52/PHP02,10.128867391950259
2024,inh1,TX777/LH195,9.434380148682985
2024,inh1,W10004_0018/PHP02,10.167549002317052
2024,inh1,W10004_0031/PHP02,11.248890702106728
2024,inh1,W10004_0034/PHP02,10.965042152847863
2024,inh1,W10004_0055/PHP02,11.155451139821496
2024,inh1,W10004_0062/PHP02,10.125418397467291
2024,inh1,W10004_0095/PHP02,9.65995659027896
2024,inh1,W10004_0122/PHP02,10.87627386208247
2024,inh1,W10004_0133/PHP02,10.965042152847863
2024,inh1,W10004_0146/PHP02,11.026490317243345
2024,inh1,W10004_0160/PHP02,11.026490317243345
2024,inh1,W10004_0168/PHP02,10.819870923358074
2024,inh1,W10004_0189/PHP02,11.392916010141652
2024,inh1,W10004_0258/PHP02,11.440847326369976
2024,inh1,W10004_0270/PHP02,10.519980087096645
2024,inh1,W10004_0311/PHP02,10.215986607615283
2024,inh1,W10004_0389/PHP02,10.739146833135916
2024,inh1,W10004_0403/PHP02,10.94687334614169
2024,inh1,W10004_0412/PHP02,10.840485710434894
2024,inh1,W10004_0476/PHP02,10.187611036466258
2024,inh1,W10004_0601/PHP02,11.029540386000058
2024,inh1,W10004_0608/PHP02,9.956519631349783
2024,inh1,W10004_0637/PHP02,11.026490317243345
2024,inh1,W10004_0658/PHP02,11.830792302829174
2024,inh1,W10004_0714/PHP02,10.770472754867946
2024,inh1,W10004_0715/PHP02,10.840485710434894
2024,inh1,W10004_0776/PHP02,10.94687334614169
2024,inh1,W10004_0801/PHP02,11.536548160153176
2024,inh1,W10004_0822/PHP02,10.94687334614169
2024,inh1,W10004_0858/PHP02,10.840485710434894
2024,inh1,W10004_0859/PHP02,10.498146855178348
2024,inh1,W10004_0949/PHP02,11.830792302829174
2024,inh1,W10004_0969/PHP02,10.351635312607854
2024,inh1,W10004_1018/PHP02,10.51704238690762
2024,inh1,W10004_1032/PHP02,10.351635312607854
2024,inh1,ZS01459/PHP02,10.167549002317052
2024,inh1,ZS0510/PHP02,10.167549002317052
2024,mih1,2369/LH123HT,11.712990787127875
2024,mih1,6F629/PHP02,10.349154564450084
2024,mih1,B14A/OH43,9.913142186532909
2024,mih1,B37/H95,9.885247147971135
2024,mih1,B73/MO17,11.676005155204551
2024,mih1,B73/PHN82,11.943633054537939
2024,mih1,B73/TX779,7.497285203086357
2024,mih1,CG119/CG108,6.1598239525119585
2024,mih1,CG44/CGR01,8.724536934966304
2024,mih1,DK3IIH6/LH244,11.63714262407452
2024,mih1,DKFBHJ/PHP02,10.215961622961927
2024,mih1,FBLA/PHP02,10.215961622961927
2024,mih1,FBLL/PHP02,10.215961622961927
2024,mih1,GEMS-0061_3AZA1_0004/PHP02,10.215961622961927
2024,mih1,GEMS-0061_3AZA1_0006/PHP02,10.215961622961927
2024,mih1,GEMS-0061_3AZA1_0007/PHP02,10.215961622961927
2024,mih1,GEMS-0061_3AZA1_0009/PHP02,10.215961622961927
2024,mih1,GEMS-0061_3AZA1_0010/PHP02,10.215961622961927
2024,mih1,GEMS-0061_3AZA1_0011/PHP02,10.215961622961927
2024,mih1,GEMS-0061_3AZA1_0012/PHP02,10.215961622961927
2024,mih1,GEMS-0061_3AZA1_0013/PHP02,10.215961622961927
2024,mih1,GEMS-0061_3AZA1_0015/PHP02,10.215961622961927
2024,mih1,GEMS-0061_3AZA1_0016/PHP02,10.215961622961927
2024,mih1,GEMS-0061_3AZA1_0017/PHP02,10.215961622961927
2024,mih1,GEMS-0061_FBLL_0002/PHP02,10.215961622961927
2024,mih1,GEMS-0061_FBLL_0004/PHP02,10.215961622961927
2024,mih1,GEMS-0061_FBLL_0008/PHP02,10.215961622961927
2024,mih1,GEMS-0061_FBLL_0009/PHP02,10.215961622961927
2024,mih1,GEMS-0061_FBLL_0010/PHP02,10.215961622961927
2024,mih1,GEMS-0061_FBLL_0011/PHP02,10.215961622961927
2024,mih1,GEMS-0061_FBLL_0015/PHP02,10.215961622961927
2024,mih1,GEMS-0061_FBLL_0016/PHP02,10.215961622961927
2024,mih1,GEMS-0061_FBLL_0017/PHP02,10.215961622961927
2024,mih1,GEMS-0061_FBLL_0018/PHP02,10.215961622961927
2024,mih1,GEMS-0061_FBLL_0019/PHP02,10.215961622961927
2024,mih1,GEMS-0061_FBLL_0022/PHP02,10.215961622961927
2024,mih1,GEMS-0061_FBLL_0023/PHP02,10.215961622961927
2024,mih1,GEMS-0061_FBLL_0024/PHP02,10.215961622961927
2024,mih1,GEMS-0061_FBLL_0026/PHP02,10.215961622961927
2024,mih1,GEMS-0061_FBLL_0029/PHP02,10.215961622961927
2024,mih1,GEMS-0061_FBLL_0032/PHP02,10.215961622961927
2024,mih1,GEMS-0061_FBLL_0034/PHP02,10.215961622961927
2024,mih1,GEMS-0061_FBLL_0035/PHP02,10.215961622961927
2024,mih1,GEMS-0061_FBLL_0037/PHP02,10.215961622961927
2024,mih1,GEMS-0061_FBLL_0039/PHP02,10.215961622961927
2024,mih1,GEMS-0061_FBLL_0040/PHP02,10.215961622961927
2024,mih1,GEMS-0061_FBLL_0044/PHP02,10.215961622961927
2024,mih1,GEMS-0061_FBLL_0047/PHP02,10.215961622961927
2024,mih1,GEMS-0061_FBLL_0050/PHP02,10.215961622961927
2024,mih1,GEMS-0061_PHB47_0001/PHP02,10.215961622961927
2024,mih1,GEMS-0061_PHB47_0003/PHP02,10.215961622961927
2024,mih1,GEMS-0061_PHB47_0004/PHP02,10.215961622961927
2024,mih1,GEMS-0061_PHBW8_0001/PHP02,10.215961622961927
2024,mih1,GEMS-0061_PHBW8_0002/PHP02,10.215961622961927
2024,mih1,GEMS-0113_3AZA1_0001/PHP02,10.215961622961927
2024,mih1,GEMS-0113_3AZA1_0002/PHP02,10.215961622961927
2024,mih1,GEMS-0113_3AZA1_0003/PHP02,10.215961622961927
2024,mih1,GEMS-0113_3AZA1_0004/PHP02,10.215961622961927
2024,mih1,GEMS-0113_3AZA1_0005/PHP02,10.215961622961927
2024,mih1,GEMS-0113_3AZA1_0006/PHP02,10.215961622961927
2024,mih1,GEMS-0113_3AZA1_0007/PHP02,10.215961622961927
2024,mih1,GEMS-0113_3AZA1_0010/PHP02,10.215961622961927
2024,mih1,GEMS-0113_3AZA1_0011/PHP02,10.215961622961927
2024,mih1,GEMS-0113_3AZA1_0013/PHP02,10.215961622961927
2024,mih1,GEMS-0113_3AZA1_0014/PHP02,10.215961622961927
2024,mih1,GEMS-0113_3AZA1_0015/PHP02,10.215961622961927
2024,mih1,GEMS-0113_3AZA1_0016/PHP02,10.215961622961927
2024,mih1,GEMS-0113_3AZA1_0018/PHP02,10.215961622961927
2024,mih1,GEMS-0113_3AZA1_0019/PHP02,10.215961622961927
2024,mih1,GEMS-0113_3AZA1_0021/PHP02,10.215961622961927
2024,mih1,GEMS-0113_3AZA1_0022/PHP02,10.215961622961927
2024,mih1,GEMS-0113_3AZA1_0024/PHP02,10.215961622961927
2024,mih1,GEMS-0113_3AZA1_0026/PHP02,10.215961622961927
2024,mih1,GEMS-0113_3AZA1_0027/PHP02,10.215961622961927
2024,mih1,GEMS-0113_3AZA1_0028/PHP02,10.215961622961927
2024,mih1,GEMS-0113_3AZA1_0029/PHP02,10.215961622961927
2024,mih1,GEMS-0113_3AZA1_0031/PHP02,10.215961622961927
2024,mih1,GEMS-0113_FBLL_0003/PHP02,10.215961622961927
2024,mih1,GEMS-0113_FBLL_0004/PHP02,10.215961622961927
2024,mih1,GEMS-0113_FBLL_0006/PHP02,10.215961622961927
2024,mih1,GEMS-0113_FBLL_0007/PHP02,10.215961622961927
2024,mih1,GEMS-0113_FBLL_0008/PHP02,10.215961622961927
2024,mih1,GEMS-0113_FBLL_0010/PHP02,10.215961622961927
2024,mih1,GEMS-0113_FBLL_0011/PHP02,10.215961622961927
2024,mih1,GEMS-0113_FBLL_0013/PHP02,10.215961622961927
2024,mih1,GEMS-0113_FBLL_0015/PHP02,10.215961622961927
2024,mih1,GEMS-0113_PHB47_0001/PHP02,10.215961622961927
2024,mih1,GEMS-0113_PHB47_0003/PHP02,10.215961622961927
2024,mih1,GEMS-0113_PHB47_0005/PHP02,10.215961622961927
2024,mih1,GEMS-0113_PHB47_0006/PHP02,10.215961622961927
2024,mih1,GEMS-0113_PHB47_0008/PHP02,10.215961622961927
2024,mih1,GEMS-0113_PHB47_0012/PHP02,10.215961622961927
2024,mih1,GEMS-0113_PHB47_0014/PHP02,10.215961622961927
2024,mih1,GEMS-0113_PHB47_0015/PHP02,10.215961622961927
2024,mih1,GEMS-0113_PHB47_0019/PHP02,10.215961622961927
2024,mih1,GEMS-0113_PHB47_0020/PHP02,10.215961622961927
2024,mih1,GEMS-0113_PHB47_0021/PHP02,10.215961622961927
2024,mih1,GEMS-0113_PHBW8_0001/PHP02,10.215961622961927
2024,mih1,GEMS-0113_PHBW8_0002/PHP02,10.215961622961927
2024,mih1,GEMS-0113_PHBW8_0004/PHP02,10.215961622961927
2024,mih1,GEMS-0113_PHBW8_0006/PHP02,10.215961622961927
2024,mih1,GEMS-0113_PHBW8_0009/PHP02,10.215961622961927
2024,mih1,GEMS-0113_PHBW8_0010/PHP02,10.215961622961927
2024,mih1,GEMS-0113_PHBW8_0011/PHP02,10.215961622961927
2024,mih1,GEMS-0113_PHBW8_0012/PHP02,10.215961622961927
2024,mih1,GEMS-0113_PHBW8_0014/PHP02,10.215961622961927
2024,mih1,GEMS-0113_PHBW8_0017/PHP02,10.215961622961927
2024,mih1,GEMS-0219_3AZA1_0001/PHP02,10.215961622961927
2024,mih1,GEMS-0219_3AZA1_0002/PHP02,10.215961622961927
2024,mih1,GEMS-0219_3AZA1_0003/PHP02,10.215961622961927
2024,mih1,GEMS-0219_3AZA1_0004/PHP02,10.215961622961927
2024,mih1,GEMS-0219_3AZA1_0005/PHP02,10.215961622961927
2024,mih1,GEMS-0219_3AZA1_0007/PHP02,10.215961622961927
2024,mih1,GEMS-0219_3AZA1_0008/PHP02,10.215961622961927
2024,mih1,GEMS-0219_3AZA1_0009/PHP02,10.215961622961927
2024,mih1,GEMS-0219_3AZA1_0010/PHP02,10.215961622961927
2024,mih1,GEMS-0219_3AZA1_0012/PHP02,10.215961622961927
2024,mih1,GEMS-0219_3AZA1_0014/PHP02,10.215961622961927
2024,mih1,GEMS-0219_FBLL_0002/PHP02,10.215961622961927
2024,mih1,GEMS-0219_FBLL_0003/PHP02,10.215961622961927
2024,mih1,GEMS-0219_FBLL_0004/PHP02,10.215961622961927
2024,mih1,GEMS-0219_FBLL_0006/PHP02,10.215961622961927
2024,mih1,GEMS-0219_FBLL_0007/PHP02,10.215961622961927
2024,mih1,GEMS-0219_FBLL_0010/PHP02,10.215961622961927
2024,mih1,GEMS-0219_FBLL_0014/PHP02,10.215961622961927
2024,mih1,GEMS-0219_FBLL_0015/PHP02,10.215961622961927
2024,mih1,GEMS-0219_FBLL_0017/PHP02,10.215961622961927
2024,mih1,GEMS-0219_FBLL_0018/PHP02,10.215961622961927
2024,mih1,GEMS-0219_FBLL_0020/PHP02,10.215961622961927
2024,mih1,GEMS-0219_FBLL_0021/PHP02,10.215961622961927
2024,mih1,GEMS-0219_FBLL_0022/PHP02,10.215961622961927
2024,mih1,GEMS-0219_FBLL_0023/PHP02,10.215961622961927
2024,mih1,GEMS-0219_FBLL_0025/PHP02,10.215961622961927
2024,mih1,GEMS-0219_FBLL_0027/PHP02,10.215961622961927
2024,mih1,GEMS-0219_FBLL_0028/PHP02,10.215961622961927
2024,mih1,GEMS-0219_FBLL_0030/PHP02,10.215961622961927
2024,mih1,GEMS-0219_PHB47_0001/PHP02,10.215961622961927
2024,mih1,GEMS-0219_PHB47_0003/PHP02,10.215961622961927
2024,mih1,GEMS-0219_PHB47_0005/PHP02,10.215961622961927
2024,mih1,GEMS-0219_PHB47_0006/PHP02,10.215961622961927
2024,mih1,GEMS-0219_PHB47_0011/PHP02,10.215961622961927
2024,mih1,GEMS-0219_PHB47_0014/PHP02,10.215961622961927
2024,mih1,GEMS-0219_PHB47_0017/PHP02,10.215961622961927
2024,mih1,GEMS-0219_PHBW8_0001/PHP02,10.215961622961927
2024,mih1,GEMS-0219_PHBW8_0002/PHP02,10.215961622961927
2024,mih1,GEMS-0219_PHBW8_0003/PHP02,10.215961622961927
2024,mih1,GEMS-0219_PHBW8_0004/PHP02,10.215961622961927
2024,mih1,GEMS-0219_PHBW8_0006/PHP02,10.215961622961927
2024,mih1,GEMS-0219_PHBW8_0008/PHP02,10.215961622961927
2024,mih1,GEMS-0219_PHBW8_0009/PHP02,10.215961622961927
2024,mih1,GEMS-0219_PHBW8_0011/PHP02,10.215961622961927
2024,mih1,GEMS-0227_3AZA1_0001/PHP02,10.215961622961927
2024,mih1,GEMS-0227_3AZA1_0002/PHP02,10.215961622961927
2024,mih1,GEMS-0227_3AZA1_0003/PHP02,10.215961622961927
2024,mih1,GEMS-0227_3AZA1_0004/PHP02,10.215961622961927
2024,mih1,GEMS-0227_3AZA1_0005/PHP02,10.215961622961927
2024,mih1,GEMS-0227_3AZA1_0006/PHP02,10.215961622961927
2024,mih1,GEMS-0227_3AZA1_0007/PHP02,10.215961622961927
2024,mih1,GEMS-0227_3AZA1_0008/PHP02,10.215961622961927
2024,mih1,GEMS-0227_3AZA1_0009/PHP02,10.215961622961927
2024,mih1,GEMS-0227_3AZA1_0010/PHP02,10.215961622961927
2024,mih1,GEMS-0227_3AZA1_0012/PHP02,10.215961622961927
2024,mih1,GEMS-0227_3AZA1_0013/PHP02,10.215961622961927
2024,mih1,GEMS-0227_3AZA1_0016/PHP02,10.215961622961927
2024,mih1,GEMS-0227_3AZA1_0017/PHP02,10.215961622961927
2024,mih1,GEMS-0227_3AZA1_0019/PHP02,10.215961622961927
2024,mih1,GEMS-0227_3AZA1_0022/PHP02,10.215961622961927
2024,mih1,GEMS-0227_3AZA1_0023/PHP02,10.215961622961927
2024,mih1,GEMS-0227_3AZA1_0024/PHP02,10.215961622961927
2024,mih1,GEMS-0227_3AZA1_0025/PHP02,10.215961622961927
2024,mih1,GEMS-0227_3AZA1_0028/PHP02,10.215961622961927
2024,mih1,GEMS-0227_3AZA1_0029/PHP02,10.215961622961927
2024,mih1,GEMS-0227_3AZA1_0030/PHP02,10.215961622961927
2024,mih1,GEMS-0227_3AZA1_0031/PHP02,10.215961622961927
2024,mih1,GEMS-0227_3AZA1_0032/PHP02,10.215961622961927
2024,mih1,GEMS-0227_3AZA1_0035/PHP02,10.215961622961927
2024,mih1,GEMS-0227_3AZA1_0036/PHP02,10.215961622961927
2024,mih1,GEMS-0227_3AZA1_0040/PHP02,10.215961622961927
2024,mih1,GEMS-0227_3AZA1_0041/PHP02,10.215961622961927
2024,mih1,GEMS-0227_3AZA1_0043/PHP02,10.215961622961927
2024,mih1,GEMS-0227_3AZA1_0045/PHP02,10.215961622961927
2024,mih1,GEMS-0227_3AZA1_0048/PHP02,10.215961622961927
2024,mih1,GEMS-0227_3AZA1_0049/PHP02,10.215961622961927
2024,mih1,GEMS-0227_FBLL_0001/PHP02,10.215961622961927
2024,mih1,GEMS-0227_FBLL_0002/PHP02,10.215961622961927
2024,mih1,GEMS-0227_FBLL_0003/PHP02,10.215961622961927
2024,mih1,GEMS-0227_FBLL_0004/PHP02,10.215961622961927
2024,mih1,GEMS-0227_FBLL_0005/PHP02,10.215961622961927
2024,mih1,GEMS-0227_FBLL_0007/PHP02,10.215961622961927
2024,mih1,GEMS-0227_FBLL_0008/PHP02,10.215961622961927
2024,mih1,GEMS-0227_FBLL_0009/PHP02,10.215961622961927
2024,mih1,GEMS-0227_FBLL_0012/PHP02,10.215961622961927
2024,mih1,GEMS-0227_FBLL_0013/PHP02,10.215961622961927
2024,mih1,GEMS-0227_FBLL_0014/PHP02,10.215961622961927
2024,mih1,GEMS-0227_FBLL_0016/PHP02,10.215961622961927
2024,mih1,GEMS-0227_FBLL_0020/PHP02,10.215961622961927
2024,mih1,GEMS-0227_FBLL_0021/PHP02,10.215961622961927
2024,mih1,GEMS-0227_FBLL_0023/PHP02,10.215961622961927
2024,mih1,GEMS-0227_FBLL_0024/PHP02,10.215961622961927
2024,mih1,GEMS-0227_FBLL_0026/PHP02,10.215961622961927
2024,mih1,GEMS-0227_FBLL_0027/PHP02,10.215961622961927
2024,mih1,GEMS-0227_FBLL_0029/PHP02,10.215961622961927
2024,mih1,GEMS-0227_FBLL_0030/PHP02,10.215961622961927
2024,mih1,GEMS-0227_FBLL_0031/PHP02,10.215961622961927
2024,mih1,GEMS-0227_FBLL_0032/PHP02,10.215961622961927
2024,mih1,GEMS-0227_FBLL_0034/PHP02,10.215961622961927
2024,mih1,GEMS-0227_FBLL_0036/PHP02,10.215961622961927
2024,mih1,GEMS-0227_FBLL_0037/PHP02,10.215961622961927
2024,mih1,GEMS-0227_FBLL_0039/PHP02,10.215961622961927
2024,mih1,GEMS-0227_FBLL_0040/PHP02,10.215961622961927
2024,mih1,GEMS-0227_FBLL_0042/PHP02,10.215961622961927
2024,mih1,GEMS-0227_FBLL_0043/PHP02,10.215961622961927
2024,mih1,GEMS-0227_FBLL_0045/PHP02,10.215961622961927
2024,mih1,GEMS-0227_FBLL_0046/PHP02,10.215961622961927
2024,mih1,GEMS-0227_FBLL_0047/PHP02,10.215961622961927
2024,mih1,GEMS-0227_FBLL_0048/PHP02,10.215961622961927
2024,mih1,GEMS-0227_FBLL_0050/PHP02,10.215961622961927
2024,mih1,GEMS-0227_FBLL_0051/PHP02,10.215961622961927
2024,mih1,GEMS-0227_FBLL_0052/PHP02,10.215961622961927
2024,mih1,GEMS-0227_FBLL_0053/PHP02,10.215961622961927
2024,mih1,GEMS-0227_FBLL_0054/PHP02,10.215961622961927
2024,mih1,GEMS-0227_FBLL_0055/PHP02,10.215961622961927
2024,mih1,GEMS-0227_FBLL_0056/PHP02,10.215961622961927
2024,mih1,GEMS-0227_FBLL_0059/PHP02,10.215961622961927
2024,mih1,GEMS-0227_FBLL_0060/PHP02,10.215961622961927
2024,mih1,GEMS-0227_FBLL_0062/PHP02,10.215961622961927
2024,mih1,GEMS-0227_FBLL_0063/PHP02,10.215961622961927
2024,mih1,GEMS-0227_FBLL_0064/PHP02,10.215961622961927
2024,mih1,GEMS-0227_FBLL_0066/PHP02,10.215961622961927
2024,mih1,GEMS-0227_FBLL_0068/PHP02,10.215961622961927
2024,mih1,GEMS-0227_FBLL_0069/PHP02,10.215961622961927
2024,mih1,GEMS-0227_FBLL_0072/PHP02,10.215961622961927
2024,mih1,GEMS-0227_FBLL_0073/PHP02,10.215961622961927
2024,mih1,GEMS-0227_FBLL_0075/PHP02,10.215961622961927
2024,mih1,GEMS-0227_FBLL_0077/PHP02,10.215961622961927
2024,mih1,GEMS-0227_FBLL_0078/PHP02,10.215961622961927
2024,mih1,GEMS-0227_FBLL_0079/PHP02,10.215961622961927
2024,mih1,GEMS-0227_FBLL_0080/PHP02,10.215961622961927
2024,mih1,GEMS-0227_FBLL_0082/PHP02,10.215961622961927
2024,mih1,GEMS-0227_FBLL_0085/PHP02,10.215961622961927
2024,mih1,GEMS-0227_FBLL_0086/PHP02,10.215961622961927
2024,mih1,GEMS-0227_FBLL_0087/PHP02,10.215961622961927
2024,mih1,GEMS-0227_FBLL_0088/PHP02,10.215961622961927
2024,mih1,GEMS-0227_FBLL_0090/PHP02,10.215961622961927
2024,mih1,GEMS-0227_FBLL_0094/PHP02,10.215961622961927
2024,mih1,GEMS-0227_FBLL_0095/PHP02,10.215961622961927
2024,mih1,GEMS-0227_FBLL_0096/PHP02,10.215961622961927
2024,mih1,GEMS-0227_FBLL_0098/PHP02,10.215961622961927
2024,mih1,GEMS-0227_FBLL_0104/PHP02,10.215961622961927
2024,mih1,GEMS-0227_FBLL_0105/PHP02,10.215961622961927
2024,mih1,GEMS-0227_FBLL_0106/PHP02,10.215961622961927
2024,mih1,GEMS-0227_FBLL_0110/PHP02,10.215961622961927
2024,mih1,GEMS-0227_FBLL_0111/PHP02,10.215961622961927
2024,mih1,GEMS-0227_FBLL_0113/PHP02,10.215961622961927
2024,mih1,GEMS-0227_FBLL_0114/PHP02,10.215961622961927
2024,mih1,GEMS-0227_FBLL_0115/PHP02,10.215961622961927
2024,mih1,GEMS-0227_FBLL_0116/PHP02,10.215961622961927
2024,mih1,GEMS-0227_FBLL_0117/PHP02,10.215961622961927
2024,mih1,GEMS-0227_FBLL_0121/PHP02,10.215961622961927
2024,mih1,GEMS-0227_FBLL_0124/PHP02,10.215961622961927
2024,mih1,GEMS-0227_FBLL_0125/PHP02,10.215961622961927
2024,mih1,GEMS-0227_FBLL_0127/PHP02,10.215961622961927
2024,mih1,GEMS-0227_FBLL_0133/PHP02,10.215961622961927
2024,mih1,GEMS-0227_FBLL_0136/PHP02,10.215961622961927
2024,mih1,GEMS-0227_FBLL_0141/PHP02,10.215961622961927
2024,mih1,GEMS-0227_PHB47_0001/PHP02,10.215961622961927
2024,mih1,GEMS-0227_PHB47_0002/PHP02,10.215961622961927
2024,mih1,GEMS-0227_PHB47_0003/PHP02,10.215961622961927
2024,mih1,GEMS-0227_PHB47_0004/PHP02,10.215961622961927
2024,mih1,GEMS-0227_PHB47_0007/PHP02,10.215961622961927
2024,mih1,GEMS-0227_PHB47_0009/PHP02,10.215961622961927
2024,mih1,GEMS-0227_PHB47_0010/PHP02,10.215961622961927
2024,mih1,GEMS-0227_PHB47_0011/PHP02,10.215961622961927
2024,mih1,GEMS-0227_PHB47_0012/PHP02,10.215961622961927
2024,mih1,GEMS-0227_PHB47_0014/PHP02,10.215961622961927
2024,mih1,GEMS-0227_PHB47_0016/PHP02,10.215961622961927
2024,mih1,GEMS-0227_PHB47_0024/PHP02,10.215961622961927
2024,mih1,GEMS-0227_PHB47_0025/PHP02,10.215961622961927
2024,mih1,GEMS-0227_PHB47_0026/PHP02,10.215961622961927
2024,mih1,GEMS-0227_PHBW8_0001/PHP02,10.215961622961927
2024,mih1,GEMS-0227_PHBW8_0002/PHP02,10.215961622961927
2024,mih1,GEMS-0227_PHBW8_0003/PHP02,10.215961622961927
2024,mih1,GEMS-0227_PHBW8_0004/PHP02,10.215961622961927
2024,mih1,GEMS-0227_PHBW8_0005/PHP02,10.215961622961927
2024,mih1,GEMS-0227_PHBW8_0006/PHP02,10.215961622961927
2024,mih1,GEMS-0227_PHBW8_0007/PHP02,10.215961622961927
2024,mih1,GEMS-0227_PHBW8_0009/PHP02,10.215961622961927
2024,mih1,GEMS-0227_PHBW8_0011/PHP02,10.215961622961927
2024,mih1,GEMS-0227_PHBW8_0012/PHP02,10.215961622961927
2024,mih1,GEMS-0227_PHBW8_0013/PHP02,10.215961622961927
2024,mih1,GEMS-0227_PHBW8_0015/PHP02,10.215961622961927
2024,mih1,GEMS-0227_PHBW8_0016/PHP02,10.215961622961927
2024,mih1,GEMS-0227_PHBW8_0018/PHP02,10.215961622961927
2024,mih1,GEMS-0227_PHBW8_0019/PHP02,10.215961622961927
2024,mih1,GEMS-0227_PHBW8_0020/PHP02,10.215961622961927
2024,mih1,GEMS-0227_PHBW8_0021/PHP02,10.215961622961927
2024,mih1,GEMS-0227_PHBW8_0022/PHP02,10.215961622961927
2024,mih1,LH132/PHP02,10.193080458790195
2024,mih1,LH192/PHP02,10.215961622961927
2024,mih1,LH193/PHP02,10.215961622961927
2024,mih1,LH194/PHP02,10.215961622961927
2024,mih1,LH195/PHZ51,10.344846869790686
2024,mih1,LH197/PHP02,10.215961622961927
2024,mih1,LH198/PHP02,10.204385399493457
2024,mih1,LH200/PHP02,10.215961622961927
2024,mih1,LH204/PHP02,10.215961622961927
2024,mih1,LH224/PHP02,10.215961622961927
2024,mih1,LH225/PHP02,10.215961622961927
2024,mih1,LH226HT/PHP02,10.215961622961927
2024,mih1,LH228/PHP02,10.215961622961927
2024,mih1,LH231/PHP02,10.215961622961927
2024,mih1,LH234/PHP02,10.215961622961927
2024,mih1,LH235/PHP02,10.215961622961927
2024,mih1,LH236/PHP02,10.215961622961927
2024,mih1,LH237/PHP02,10.215961622961927
2024,mih1,LH244/PHK76,10.468476218527396
2024,mih1,LH264/PHP02,10.215961622961927
2024,mih1,LH273/PHP02,10.215961622961927
2024,mih1,LH286/PHP02,10.215961622961927
2024,mih1,LH287/LH244,12.260998301630192
2024,mih1,LH82/LH244,10.49227456607509
2024,mih1,MM501D/LH244,11.713352707820077
2024,mih1,NKH8431/PHP02,10.215961622961927
2024,mih1,PH05G/PHP02,10.215961622961927
2024,mih1,PH05W/PHP02,10.215961622961927
2024,mih1,PH06N/PHP02,10.215961622961927
2024,mih1,PH07D/PHP02,10.215961622961927
2024,mih1,PH080/PHP02,10.215961622961927
2024,mih1,PH09B/PHP02,10.215961622961927
2024,mih1,PH09E/PHP02,10.215961622961927
2024,mih1,PH0CD/PHP02,10.215961622961927
2024,mih1,PH12C/PHP02,10.215961622961927
2024,mih1,PH19V/PHP02,10.215961622961927
2024,mih1,PH1CA/PHP02,10.215961622961927
2024,mih1,PH1GC/PHP02,10.215961622961927
2024,mih1,PH1GG/PHP02,10.215961622961927
2024,mih1,PH1TB/PHP02,10.215961622961927
2024,mih1,PH24E/LH244,11.773030421894484
2024,mih1,PH24M/PHP02,10.215961622961927
2024,mih1,PH37C/PHP02,10.215961622961927
2024,mih1,PH38D/PHP02,10.215961622961927
2024,mih1,PH42B/PHP02,10.215961622961927
2024,mih1,PH44A/PHP02,10.215961622961927
2024,mih1,PH63A/PHP02,10.215961622961927
2024,mih1,PH79A/PHP02,10.215961622961927
2024,mih1,PHB47/PHN82,11.223885012127175
2024,mih1,PHB47/PHP02,10.237729526223315
2024,mih1,PHB47/PHZ51,10.024109974683881
2024,mih1,PHBW8/PHP02,10.215961622961927
2024,mih1,PHDG1/PHP02,10.215961622961927
2024,mih1,PHG29/PHG47,9.204525081406391
2024,mih1,PHG39/PHN82,11.331996214657135
2024,mih1,PHHB9/PHP02,10.611089489114704
2024,mih1,PHJ40/PHAJ0,7.231843359863026
2024,mih1,PHJ89/LH244,11.3106379005113
2024,mih1,PHJR5/PHP02,10.215961622961927
2024,mih1,PHK56/LH244,11.666409785840473
2024,mih1,PHKV0/PHP02,10.215961622961927
2024,mih1,PHN41/PHP02,10.215961622961927
2024,mih1,PHN46/LH244,10.226277147411702
2024,mih1,PHN66/PHP02,10.215961622961927
2024,mih1,PHNJ2/PHP02,10.215961622961927
2024,mih1,PHP02/LH244,11.666409785840473
2024,mih1,PHP38/PHP02,10.306911817729885
2024,mih1,PHPR5/PHP02,10.215961622961927
2024,mih1,PHR03/LH244,11.829526728004474
2024,mih1,PHR61/PHP02,10.215961622961927
2024,mih1,PHRE1/PHTD5,8.127724713192272
2024,mih1,PHT10/PHP02,10.215961622961927
2024,mih1,PHT11/PHP02,10.215961622961927
2024,mih1,PHTP9/PHP02,10.215961622961927
2024,mih1,PHTV7/PHP02,10.215961622961927
2024,mih1,PHV37/PHP02,10.215961622961927
2024,mih1,PHVA9/PHP02,10.215961622961927
2024,mih1,PHVJ5/PHP02,10.215961622961927
2024,mih1,PHW30/LH244,11.414783013081541
2024,mih1,PHW52/PHM49,10.825330993824277
2024,mih1,PHW52/PHP02,10.366769935781894
2024,mih1,TX777/LH195,9.09864761234141
2024,mih1,W10004_0031/PHP02,11.31963355531978
2024,mih1,W10004_0034/PHP02,11.058872043779424
2024,mih1,W10004_0055/PHP02,11.228553714421984
2024,mih1,W10004_0062/PHP02,10.173831018112166
2024,mih1,W10004_0095/PHP02,9.849445513395985
2024,mih1,W10004_0103/PHP02,11.120320208174906
2024,mih1,W10004_0122/PHP02,11.008590530577719
2024,mih1,W10004_0133/PHP02,11.058872043779424
2024,mih1,W10004_0138/PHP02,10.77443724664928
2024,mih1,W10004_0146/PHP02,11.120320208174906
2024,mih1,W10004_0167/PHP02,10.746812684330715
2024,mih1,W10004_0168/PHP02,10.972802378930142
2024,mih1,W10004_0189/PHP02,11.433365106710031
2024,mih1,W10004_0236/PHP02,10.972802378930142
2024,mih1,W10004_0238/PHP02,11.022620393346239
2024,mih1,W10004_0270/PHP02,10.77443724664928
2024,mih1,W10004_0346/PHP02,11.453188456887945
2024,mih1,W10004_0389/PHP02,10.912048423227317
2024,mih1,W10004_0412/PHP02,10.972802378930142
2024,mih1,W10004_0608/PHP02,10.09547616533491
2024,mih1,W10004_0688/PHP02,10.710856999310963
2024,mih1,W10004_0691/PHP02,9.472940063956495
2024,mih1,W10004_0714/PHP02,10.937825881635128
2024,mih1,W10004_0747/PHP02,11.574588082609585
2024,mih1,W10004_0754/PHP02,11.022620393346239
2024,mih1,W10004_0771/PHP02,11.058872043779424
2024,mih1,W10004_0776/PHP02,11.022620393346239
2024,mih1,W10004_0822/PHP02,11.022620393346239
2024,mih1,W10004_0858/PHP02,10.972802378930142
2024,mih1,W10004_0859/PHP02,10.729520666700177
2024,mih1,W10004_0866/PHP02,11.421792582098423
2024,mih1,W10004_0949/PHP02,11.84512947446789
2024,mih1,W10004_1014/PHP02,11.008590530577719
2024,mih1,W10004_1018/PHP02,10.74841619842945
2024,mih1,W10004_1032/PHP02,10.632800672988424
2024,mih1,W10004_1080/PHP02,11.584019486942335
2024,mih1,WQCD10/PHP02,10.215961622961927
2024,mih1,ZS01459/PHP02,10.215961622961927
2024,mih1,ZS0510/PHP02,10.215961622961927
2024,mnh1,01DIB2/PHP02,10.642712720223138
2024,mnh1,2369/LH123HT,12.313294854513268
2024,mnh1,2FACC/PHP02,10.972376433683413
2024,mnh1,B14A/OH43,10.470041023207663
2024,mnh1,B37/H95,10.138165693773509
2024,mnh1,B73/MO17,12.04719631293094
2024,mnh1,B73/PHN82,12.460878520819376
2024,mnh1,B73/TX779,7.4758096566234
2024,mnh1,CG119/CG108,6.502233694617904
2024,mnh1,CG44/CGR01,9.22913348981815
2024,mnh1,DK3IIH6/LH244,12.198252787370599
2024,mnh1,FBLA/PHP02,10.642712720223138
2024,mnh1,FBLL/PHP02,10.642712720223138
2024,mnh1,GEMS-0061_3AZA1_0004/PHP02,10.642712720223138
2024,mnh1,GEMS-0061_3AZA1_0005/PHP02,10.642712720223138
2024,mnh1,GEMS-0061_3AZA1_0007/PHP02,10.642712720223138
2024,mnh1,GEMS-0061_3AZA1_0009/PHP02,10.642712720223138
2024,mnh1,GEMS-0061_3AZA1_0010/PHP02,10.642712720223138
2024,mnh1,GEMS-0061_3AZA1_0012/PHP02,10.642712720223138
2024,mnh1,GEMS-0061_3AZA1_0013/PHP02,10.642712720223138
2024,mnh1,GEMS-0061_3AZA1_0015/PHP02,10.642712720223138
2024,mnh1,GEMS-0061_3AZA1_0016/PHP02,10.642712720223138
2024,mnh1,GEMS-0061_3AZA1_0017/PHP02,10.642712720223138
2024,mnh1,GEMS-0061_3AZA1_0023/PHP02,10.642712720223138
2024,mnh1,GEMS-0061_FBLL_0002/PHP02,10.642712720223138
2024,mnh1,GEMS-0061_FBLL_0005/PHP02,10.642712720223138
2024,mnh1,GEMS-0061_FBLL_0007/PHP02,10.642712720223138
2024,mnh1,GEMS-0061_FBLL_0009/PHP02,10.642712720223138
2024,mnh1,GEMS-0061_FBLL_0010/PHP02,10.642712720223138
2024,mnh1,GEMS-0061_FBLL_0014/PHP02,10.642712720223138
2024,mnh1,GEMS-0061_FBLL_0016/PHP02,10.642712720223138
2024,mnh1,GEMS-0061_FBLL_0018/PHP02,10.642712720223138
2024,mnh1,GEMS-0061_FBLL_0023/PHP02,10.642712720223138
2024,mnh1,GEMS-0061_FBLL_0032/PHP02,10.642712720223138
2024,mnh1,GEMS-0061_FBLL_0034/PHP02,10.642712720223138
2024,mnh1,GEMS-0061_FBLL_0037/PHP02,10.642712720223138
2024,mnh1,GEMS-0061_FBLL_0038/PHP02,10.642712720223138
2024,mnh1,GEMS-0061_FBLL_0042/PHP02,10.642712720223138
2024,mnh1,GEMS-0061_FBLL_0044/PHP02,10.642712720223138
2024,mnh1,GEMS-0061_FBLL_0047/PHP02,10.642712720223138
2024,mnh1,GEMS-0061_FBLL_0050/PHP02,10.642712720223138
2024,mnh1,GEMS-0061_PHB47_0001/PHP02,10.642712720223138
2024,mnh1,GEMS-0061_PHB47_0003/PHP02,10.642712720223138
2024,mnh1,GEMS-0061_PHB47_0004/PHP02,10.642712720223138
2024,mnh1,GEMS-0061_PHBW8_0001/PHP02,10.642712720223138
2024,mnh1,GEMS-0061_PHBW8_0002/PHP02,10.642712720223138
2024,mnh1,GEMS-0113_3AZA1_0001/PHP02,10.642712720223138
2024,mnh1,GEMS-0113_3AZA1_0002/PHP02,10.642712720223138
2024,mnh1,GEMS-0113_3AZA1_0003/PHP02,10.642712720223138
2024,mnh1,GEMS-0113_3AZA1_0004/PHP02,10.642712720223138
2024,mnh1,GEMS-0113_3AZA1_0006/PHP02,10.642712720223138
2024,mnh1,GEMS-0113_3AZA1_0008/PHP02,10.642712720223138
2024,mnh1,GEMS-0113_3AZA1_0011/PHP02,10.642712720223138
2024,mnh1,GEMS-0113_3AZA1_0013/PHP02,10.642712720223138
2024,mnh1,GEMS-0113_3AZA1_0014/PHP02,10.642712720223138
2024,mnh1,GEMS-0113_3AZA1_0015/PHP02,10.642712720223138
2024,mnh1,GEMS-0113_3AZA1_0016/PHP02,10.642712720223138
2024,mnh1,GEMS-0113_3AZA1_0017/PHP02,10.642712720223138
2024,mnh1,GEMS-0113_3AZA1_0018/PHP02,10.642712720223138
2024,mnh1,GEMS-0113_3AZA1_0021/PHP02,10.642712720223138
2024,mnh1,GEMS-0113_3AZA1_0022/PHP02,10.642712720223138
2024,mnh1,GEMS-0113_3AZA1_0025/PHP02,10.642712720223138
2024,mnh1,GEMS-0113_3AZA1_0026/PHP02,10.642712720223138
2024,mnh1,GEMS-0113_3AZA1_0029/PHP02,10.642712720223138
2024,mnh1,GEMS-0113_3AZA1_0031/PHP02,10.642712720223138
2024,mnh1,GEMS-0113_3AZA1_0038/PHP02,10.642712720223138
2024,mnh1,GEMS-0113_FBLL_0002/PHP02,10.642712720223138
2024,mnh1,GEMS-0113_FBLL_0003/PHP02,10.642712720223138
2024,mnh1,GEMS-0113_FBLL_0004/PHP02,10.642712720223138
2024,mnh1,GEMS-0113_FBLL_0005/PHP02,10.642712720223138
2024,mnh1,GEMS-0113_FBLL_0006/PHP02,10.642712720223138
2024,mnh1,GEMS-0113_FBLL_0007/PHP02,10.642712720223138
2024,mnh1,GEMS-0113_FBLL_0008/PHP02,10.642712720223138
2024,mnh1,GEMS-0113_FBLL_0010/PHP02,10.642712720223138
2024,mnh1,GEMS-0113_FBLL_0011/PHP02,10.642712720223138
2024,mnh1,GEMS-0113_FBLL_0013/PHP02,10.642712720223138
2024,mnh1,GEMS-0113_PHB47_0001/PHP02,10.642712720223138
2024,mnh1,GEMS-0113_PHB47_0003/PHP02,10.642712720223138
2024,mnh1,GEMS-0113_PHB47_0004/PHP02,10.642712720223138
2024,mnh1,GEMS-0113_PHB47_0005/PHP02,10.642712720223138
2024,mnh1,GEMS-0113_PHB47_0006/PHP02,10.642712720223138
2024,mnh1,GEMS-0113_PHB47_0007/PHP02,10.642712720223138
2024,mnh1,GEMS-0113_PHB47_0008/PHP02,10.642712720223138
2024,mnh1,GEMS-0113_PHB47_0009/PHP02,10.642712720223138
2024,mnh1,GEMS-0113_PHB47_0012/PHP02,10.642712720223138
2024,mnh1,GEMS-0113_PHB47_0013/PHP02,10.642712720223138
2024,mnh1,GEMS-0113_PHB47_0014/PHP02,10.642712720223138
2024,mnh1,GEMS-0113_PHB47_0015/PHP02,10.642712720223138
2024,mnh1,GEMS-0113_PHB47_0017/PHP02,10.642712720223138
2024,mnh1,GEMS-0113_PHB47_0020/PHP02,10.642712720223138
2024,mnh1,GEMS-0113_PHB47_0021/PHP02,10.642712720223138
2024,mnh1,GEMS-0113_PHBW8_0001/PHP02,10.642712720223138
2024,mnh1,GEMS-0113_PHBW8_0002/PHP02,10.642712720223138
2024,mnh1,GEMS-0113_PHBW8_0006/PHP02,10.642712720223138
2024,mnh1,GEMS-0113_PHBW8_0007/PHP02,10.642712720223138
2024,mnh1,GEMS-0113_PHBW8_0008/PHP02,10.642712720223138
2024,mnh1,GEMS-0113_PHBW8_0009/PHP02,10.642712720223138
2024,mnh1,GEMS-0113_PHBW8_0010/PHP02,10.642712720223138
2024,mnh1,GEMS-0113_PHBW8_0012/PHP02,10.642712720223138
2024,mnh1,GEMS-0113_PHBW8_0013/PHP02,10.642712720223138
2024,mnh1,GEMS-0113_PHBW8_0014/PHP02,10.642712720223138
2024,mnh1,GEMS-0113_PHBW8_0017/PHP02,10.642712720223138
2024,mnh1,GEMS-0219_3AZA1_0002/PHP02,10.642712720223138
2024,mnh1,GEMS-0219_3AZA1_0004/PHP02,10.642712720223138
2024,mnh1,GEMS-0219_3AZA1_0006/PHP02,10.642712720223138
2024,mnh1,GEMS-0219_3AZA1_0007/PHP02,10.642712720223138
2024,mnh1,GEMS-0219_3AZA1_0008/PHP02,10.642712720223138
2024,mnh1,GEMS-0219_3AZA1_0010/PHP02,10.642712720223138
2024,mnh1,GEMS-0219_3AZA1_0012/PHP02,10.642712720223138
2024,mnh1,GEMS-0219_3AZA1_0014/PHP02,10.642712720223138
2024,mnh1,GEMS-0219_FBLL_0002/PHP02,10.642712720223138
2024,mnh1,GEMS-0219_FBLL_0003/PHP02,10.642712720223138
2024,mnh1,GEMS-0219_FBLL_0005/PHP02,10.642712720223138
2024,mnh1,GEMS-0219_FBLL_0006/PHP02,10.642712720223138
2024,mnh1,GEMS-0219_FBLL_0007/PHP02,10.642712720223138
2024,mnh1,GEMS-0219_FBLL_0008/PHP02,10.642712720223138
2024,mnh1,GEMS-0219_FBLL_0009/PHP02,10.642712720223138
2024,mnh1,GEMS-0219_FBLL_0010/PHP02,10.642712720223138
2024,mnh1,GEMS-0219_FBLL_0011/PHP02,10.642712720223138
2024,mnh1,GEMS-0219_FBLL_0012/PHP02,10.642712720223138
2024,mnh1,GEMS-0219_FBLL_0013/PHP02,10.642712720223138
2024,mnh1,GEMS-0219_FBLL_0015/PHP02,10.642712720223138
2024,mnh1,GEMS-0219_FBLL_0017/PHP02,10.642712720223138
2024,mnh1,GEMS-0219_FBLL_0018/PHP02,10.642712720223138
2024,mnh1,GEMS-0219_FBLL_0019/PHP02,10.642712720223138
2024,mnh1,GEMS-0219_FBLL_0020/PHP02,10.642712720223138
2024,mnh1,GEMS-0219_FBLL_0021/PHP02,10.642712720223138
2024,mnh1,GEMS-0219_FBLL_0025/PHP02,10.642712720223138
2024,mnh1,GEMS-0219_FBLL_0028/PHP02,10.642712720223138
2024,mnh1,GEMS-0219_FBLL_0030/PHP02,10.642712720223138
2024,mnh1,GEMS-0219_PHB47_0001/PHP02,10.642712720223138
2024,mnh1,GEMS-0219_PHB47_0002/PHP02,10.642712720223138
2024,mnh1,GEMS-0219_PHB47_0003/PHP02,10.642712720223138
2024,mnh1,GEMS-0219_PHB47_0004/PHP02,10.642712720223138
2024,mnh1,GEMS-0219_PHB47_0005/PHP02,10.642712720223138
2024,mnh1,GEMS-0219_PHB47_0006/PHP02,10.642712720223138
2024,mnh1,GEMS-0219_PHB47_0014/PHP02,10.642712720223138
2024,mnh1,GEMS-0219_PHBW8_0001/PHP02,10.642712720223138
2024,mnh1,GEMS-0219_PHBW8_0003/PHP02,10.642712720223138
2024,mnh1,GEMS-0219_PHBW8_0006/PHP02,10.642712720223138
2024,mnh1,GEMS-0219_PHBW8_0008/PHP02,10.642712720223138
2024,mnh1,GEMS-0219_PHBW8_0009/PHP02,10.642712720223138
2024,mnh1,GEMS-0219_PHBW8_0011/PHP02,10.642712720223138
2024,mnh1,GEMS-0227_3AZA1_0002/PHP02,10.642712720223138
2024,mnh1,GEMS-0227_3AZA1_0004/PHP02,10.642712720223138
2024,mnh1,GEMS-0227_3AZA1_0005/PHP02,10.642712720223138
2024,mnh1,GEMS-0227_3AZA1_0006/PHP02,10.642712720223138
2024,mnh1,GEMS-0227_3AZA1_0007/PHP02,10.642712720223138
2024,mnh1,GEMS-0227_3AZA1_0008/PHP02,10.642712720223138
2024,mnh1,GEMS-0227_3AZA1_0009/PHP02,10.642712720223138
2024,mnh1,GEMS-0227_3AZA1_0010/PHP02,10.642712720223138
2024,mnh1,GEMS-0227_3AZA1_0012/PHP02,10.642712720223138
2024,mnh1,GEMS-0227_3AZA1_0013/PHP02,10.642712720223138
2024,mnh1,GEMS-0227_3AZA1_0014/PHP02,10.642712720223138
2024,mnh1,GEMS-0227_3AZA1_0015/PHP02,10.642712720223138
2024,mnh1,GEMS-0227_3AZA1_0016/PHP02,10.642712720223138
2024,mnh1,GEMS-0227_3AZA1_0017/PHP02,10.642712720223138
2024,mnh1,GEMS-0227_3AZA1_0019/PHP02,10.642712720223138
2024,mnh1,GEMS-0227_3AZA1_0021/PHP02,10.642712720223138
2024,mnh1,GEMS-0227_3AZA1_0022/PHP02,10.642712720223138
2024,mnh1,GEMS-0227_3AZA1_0024/PHP02,10.642712720223138
2024,mnh1,GEMS-0227_3AZA1_0025/PHP02,10.642712720223138
2024,mnh1,GEMS-0227_3AZA1_0028/PHP02,10.642712720223138
2024,mnh1,GEMS-0227_3AZA1_0031/PHP02,10.642712720223138
2024,mnh1,GEMS-0227_3AZA1_0032/PHP02,10.642712720223138
2024,mnh1,GEMS-0227_3AZA1_0034/PHP02,10.642712720223138
2024,mnh1,GEMS-0227_3AZA1_0035/PHP02,10.642712720223138
2024,mnh1,GEMS-0227_3AZA1_0036/PHP02,10.642712720223138
2024,mnh1,GEMS-0227_3AZA1_0041/PHP02,10.642712720223138
2024,mnh1,GEMS-0227_3AZA1_0043/PHP02,10.642712720223138
2024,mnh1,GEMS-0227_3AZA1_0045/PHP02,10.642712720223138
2024,mnh1,GEMS-0227_3AZA1_0046/PHP02,10.642712720223138
2024,mnh1,GEMS-0227_3AZA1_0048/PHP02,10.642712720223138
2024,mnh1,GEMS-0227_3AZA1_0049/PHP02,10.642712720223138
2024,mnh1,GEMS-0227_FBLL_0002/PHP02,10.642712720223138
2024,mnh1,GEMS-0227_FBLL_0003/PHP02,10.642712720223138
2024,mnh1,GEMS-0227_FBLL_0004/PHP02,10.642712720223138
2024,mnh1,GEMS-0227_FBLL_0005/PHP02,10.642712720223138
2024,mnh1,GEMS-0227_FBLL_0007/PHP02,10.642712720223138
2024,mnh1,GEMS-0227_FBLL_0008/PHP02,10.642712720223138
2024,mnh1,GEMS-0227_FBLL_0009/PHP02,10.642712720223138
2024,mnh1,GEMS-0227_FBLL_0010/PHP02,10.642712720223138
2024,mnh1,GEMS-0227_FBLL_0013/PHP02,10.642712720223138
2024,mnh1,GEMS-0227_FBLL_0015/PHP02,10.642712720223138
2024,mnh1,GEMS-0227_FBLL_0017/PHP02,10.642712720223138
2024,mnh1,GEMS-0227_FBLL_0018/PHP02,10.642712720223138
2024,mnh1,GEMS-0227_FBLL_0019/PHP02,10.642712720223138
2024,mnh1,GEMS-0227_FBLL_0021/PHP02,10.642712720223138
2024,mnh1,GEMS-0227_FBLL_0022/PHP02,10.642712720223138
2024,mnh1,GEMS-0227_FBLL_0023/PHP02,10.642712720223138
2024,mnh1,GEMS-0227_FBLL_0025/PHP02,10.642712720223138
2024,mnh1,GEMS-0227_FBLL_0029/PHP02,10.642712720223138
2024,mnh1,GEMS-0227_FBLL_0030/PHP02,10.642712720223138
2024,mnh1,GEMS-0227_FBLL_0031/PHP02,10.642712720223138
2024,mnh1,GEMS-0227_FBLL_0032/PHP02,10.642712720223138
2024,mnh1,GEMS-0227_FBLL_0033/PHP02,10.642712720223138
2024,mnh1,GEMS-0227_FBLL_0034/PHP02,10.642712720223138
2024,mnh1,GEMS-0227_FBLL_0035/PHP02,10.642712720223138
2024,mnh1,GEMS-0227_FBLL_0036/PHP02,10.642712720223138
2024,mnh1,GEMS-0227_FBLL_0037/PHP02,10.642712720223138
2024,mnh1,GEMS-0227_FBLL_0038/PHP02,10.642712720223138
2024,mnh1,GEMS-0227_FBLL_0042/PHP02,10.642712720223138
2024,mnh1,GEMS-0227_FBLL_0043/PHP02,10.642712720223138
2024,mnh1,GEMS-0227_FBLL_0045/PHP02,10.642712720223138
2024,mnh1,GEMS-0227_FBLL_0046/PHP02,10.642712720223138
2024,mnh1,GEMS-0227_FBLL_0047/PHP02,10.642712720223138
2024,mnh1,GEMS-0227_FBLL_0048/PHP02,10.642712720223138
2024,mnh1,GEMS-0227_FBLL_0049/PHP02,10.642712720223138
2024,mnh1,GEMS-0227_FBLL_0050/PHP02,10.642712720223138
2024,mnh1,GEMS-0227_FBLL_0051/PHP02,10.642712720223138
2024,mnh1,GEMS-0227_FBLL_0054/PHP02,10.642712720223138
2024,mnh1,GEMS-0227_FBLL_0057/PHP02,10.642712720223138
2024,mnh1,GEMS-0227_FBLL_0058/PHP02,10.642712720223138
2024,mnh1,GEMS-0227_FBLL_0060/PHP02,10.642712720223138
2024,mnh1,GEMS-0227_FBLL_0062/PHP02,10.642712720223138
2024,mnh1,GEMS-0227_FBLL_0063/PHP02,10.642712720223138
2024,mnh1,GEMS-0227_FBLL_0064/PHP02,10.642712720223138
2024,mnh1,GEMS-0227_FBLL_0066/PHP02,10.642712720223138
2024,mnh1,GEMS-0227_FBLL_0067/PHP02,10.642712720223138
2024,mnh1,GEMS-0227_FBLL_0068/PHP02,10.642712720223138
2024,mnh1,GEMS-0227_FBLL_0071/PHP02,10.642712720223138
2024,mnh1,GEMS-0227_FBLL_0073/PHP02,10.642712720223138
2024,mnh1,GEMS-0227_FBLL_0074/PHP02,10.642712720223138
2024,mnh1,GEMS-0227_FBLL_0075/PHP02,10.642712720223138
2024,mnh1,GEMS-0227_FBLL_0077/PHP02,10.642712720223138
2024,mnh1,GEMS-0227_FBLL_0078/PHP02,10.642712720223138
2024,mnh1,GEMS-0227_FBLL_0079/PHP02,10.642712720223138
2024,mnh1,GEMS-0227_FBLL_0080/PHP02,10.642712720223138
2024,mnh1,GEMS-0227_FBLL_0082/PHP02,10.642712720223138
2024,mnh1,GEMS-0227_FBLL_0085/PHP02,10.642712720223138
2024,mnh1,GEMS-0227_FBLL_0086/PHP02,10.642712720223138
2024,mnh1,GEMS-0227_FBLL_0087/PHP02,10.642712720223138
2024,mnh1,GEMS-0227_FBLL_0088/PHP02,10.642712720223138
2024,mnh1,GEMS-0227_FBLL_0089/PHP02,10.642712720223138
2024,mnh1,GEMS-0227_FBLL_0093/PHP02,10.642712720223138
2024,mnh1,GEMS-0227_FBLL_0096/PHP02,10.642712720223138
2024,mnh1,GEMS-0227_FBLL_0097/PHP02,10.642712720223138
2024,mnh1,GEMS-0227_FBLL_0102/PHP02,10.642712720223138
2024,mnh1,GEMS-0227_FBLL_0104/PHP02,10.642712720223138
2024,mnh1,GEMS-0227_FBLL_0105/PHP02,10.642712720223138
2024,mnh1,GEMS-0227_FBLL_0107/PHP02,10.642712720223138
2024,mnh1,GEMS-0227_FBLL_0110/PHP02,10.642712720223138
2024,mnh1,GEMS-0227_FBLL_0111/PHP02,10.642712720223138
2024,mnh1,GEMS-0227_FBLL_0113/PHP02,10.642712720223138
2024,mnh1,GEMS-0227_FBLL_0115/PHP02,10.642712720223138
2024,mnh1,GEMS-0227_FBLL_0116/PHP02,10.642712720223138
2024,mnh1,GEMS-0227_FBLL_0118/PHP02,10.642712720223138
2024,mnh1,GEMS-0227_FBLL_0121/PHP02,10.642712720223138
2024,mnh1,GEMS-0227_FBLL_0124/PHP02,10.642712720223138
2024,mnh1,GEMS-0227_FBLL_0125/PHP02,10.642712720223138
2024,mnh1,GEMS-0227_FBLL_0127/PHP02,10.642712720223138
2024,mnh1,GEMS-0227_FBLL_0133/PHP02,10.642712720223138
2024,mnh1,GEMS-0227_FBLL_0136/PHP02,10.642712720223138
2024,mnh1,GEMS-0227_FBLL_0140/PHP02,10.642712720223138
2024,mnh1,GEMS-0227_FBLL_0141/PHP02,10.642712720223138
2024,mnh1,GEMS-0227_PHB47_0002/PHP02,10.642712720223138
2024,mnh1,GEMS-0227_PHB47_0003/PHP02,10.642712720223138
2024,mnh1,GEMS-0227_PHB47_0004/PHP02,10.642712720223138
2024,mnh1,GEMS-0227_PHB47_0006/PHP02,10.642712720223138
2024,mnh1,GEMS-0227_PHB47_0007/PHP02,10.642712720223138
2024,mnh1,GEMS-0227_PHB47_0009/PHP02,10.642712720223138
2024,mnh1,GEMS-0227_PHB47_0010/PHP02,10.642712720223138
2024,mnh1,GEMS-0227_PHB47_0012/PHP02,10.642712720223138
2024,mnh1,GEMS-0227_PHB47_0014/PHP02,10.642712720223138
2024,mnh1,GEMS-0227_PHB47_0016/PHP02,10.642712720223138
2024,mnh1,GEMS-0227_PHB47_0022/PHP02,10.642712720223138
2024,mnh1,GEMS-0227_PHB47_0023/PHP02,10.642712720223138
2024,mnh1,GEMS-0227_PHB47_0024/PHP02,10.642712720223138
2024,mnh1,GEMS-0227_PHBW8_0001/PHP02,10.642712720223138
2024,mnh1,GEMS-0227_PHBW8_0002/PHP02,10.642712720223138
2024,mnh1,GEMS-0227_PHBW8_0003/PHP02,10.642712720223138
2024,mnh1,GEMS-0227_PHBW8_0004/PHP02,10.642712720223138
2024,mnh1,GEMS-0227_PHBW8_0005/PHP02,10.642712720223138
2024,mnh1,GEMS-0227_PHBW8_0006/PHP02,10.642712720223138
2024,mnh1,GEMS-0227_PHBW8_0007/PHP02,10.642712720223138
2024,mnh1,GEMS-0227_PHBW8_0009/PHP02,10.642712720223138
2024,mnh1,GEMS-0227_PHBW8_0010/PHP02,10.642712720223138
2024,mnh1,GEMS-0227_PHBW8_0012/PHP02,10.642712720223138
2024,mnh1,GEMS-0227_PHBW8_0013/PHP02,10.642712720223138
2024,mnh1,GEMS-0227_PHBW8_0015/PHP02,10.642712720223138
2024,mnh1,GEMS-0227_PHBW8_0017/PHP02,10.642712720223138
2024,mnh1,GEMS-0227_PHBW8_0018/PHP02,10.642712720223138
2024,mnh1,GEMS-0227_PHBW8_0019/PHP02,10.642712720223138
2024,mnh1,GEMS-0227_PHBW8_0021/PHP02,10.642712720223138
2024,mnh1,GEMS-0227_PHBW8_0024/PHP02,10.642712720223138
2024,mnh1,LH132/PHP02,10.619831556051405
2024,mnh1,LH146HT/PHP02,10.642712720223138
2024,mnh1,LH192/PHP02,10.642712720223138
2024,mnh1,LH194/PHP02,10.642712720223138
2024,mnh1,LH195/PHP02,10.985534551935457
2024,mnh1,LH195/PHZ51,10.645917524289366
2024,mnh1,LH197/PHP02,10.642712720223138
2024,mnh1,LH200/PHP02,10.642712720223138
2024,mnh1,LH204/PHP02,10.642712720223138
2024,mnh1,LH220HT/PHP02,10.642712720223138
2024,mnh1,LH226HT/PHP02,10.642712720223138
2024,mnh1,LH236/PHP02,10.642712720223138
2024,mnh1,LH237/PHP02,10.642712720223138
2024,mnh1,LH238/PHP02,10.642712720223138
2024,mnh1,LH244/PHK76,10.985287682816914
2024,mnh1,LH264/PHP02,10.642712720223138
2024,mnh1,LH273/PHP02,10.642712720223138
2024,mnh1,LH286/PHP02,10.642712720223138
2024,mnh1,LH287/LH244,12.69714770958829
2024,mnh1,LH292/PHP02,10.642712720223138
2024,mnh1,LH82/LH244,10.835395660989017
2024,mnh1,MM501D/LH244,12.049073451607414
2024,mnh1,NKH8431/PHP02,10.642712720223138
2024,mnh1,PH05F/PHP02,10.642712720223138
2024,mnh1,PH05W/PHP02,10.642712720223138
2024,mnh1,PH06N/PHP02,10.642712720223138
2024,mnh1,PH080/PHP02,10.642712720223138
2024,mnh1,PH08A/PHP02,10.642712720223138
2024,mnh1,PH09B/PHP02,10.642712720223138
2024,mnh1,PH0B4/PHP02,10.642712720223138
2024,mnh1,PH0CD/PHP02,10.642712720223138
2024,mnh1,PH0GP/PHP02,10.642712720223138
2024,mnh1,PH19V/PHP02,10.642712720223138
2024,mnh1,PH1CA/PHP02,10.642712720223138
2024,mnh1,PH1GC/PHP02,10.642712720223138
2024,mnh1,PH1W2/PHP02,10.642712720223138
2024,mnh1,PH24E/LH244,12.17114373200348
2024,mnh1,PH32C/PHP02,10.642712720223138
2024,mnh1,PH38D/PHP02,10.642712720223138
2024,mnh1,PH42B/PHP02,10.642712720223138
2024,mnh1,PH55C/PHP02,10.642712720223138
2024,mnh1,PH79A/PHP02,10.642712720223138
2024,mnh1,PHB47/PHN82,11.756123515788056
2024,mnh1,PHB47/PHP02,10.711315911450264
2024,mnh1,PHB47/PHZ51,10.394913837109536
2024,mnh1,PHBW8/PHP02,10.642712720223138
2024,mnh1,PHDG1/PHP02,10.642712720223138
2024,mnh1,PHEW7/PHP02,10.642712720223138
2024,mnh1,PHG29/PHG47,9.622165211603463
2024,mnh1,PHG39/PHN82,11.81410076099471
2024,mnh1,PHHB9/PHP02,11.05004167012378
2024,mnh1,PHJ40/PHAJ0,7.4903402408751525
2024,mnh1,PHJ89/LH244,11.745974894253717
2024,mnh1,PHJR5/PHP02,10.642712720223138
2024,mnh1,PHK56/LH244,12.078340613373367
2024,mnh1,PHN46/LH244,10.481200206383424
2024,mnh1,PHNJ2/PHP02,10.642712720223138
2024,mnh1,PHP02/LH244,12.078340613373367
2024,mnh1,PHP38/PHP02,10.813779929676047
2024,mnh1,PHPR5/PHP02,10.642712720223138
2024,mnh1,PHR03/LH244,12.196241162417733
2024,mnh1,PHR61/PHP02,10.642712720223138
2024,mnh1,PHRE1/PHTD5,8.405463792470357
2024,mnh1,PHT11/PHP02,10.642712720223138
2024,mnh1,PHT47/PHP02,10.642712720223138
2024,mnh1,PHTP9/PHP02,10.642712720223138
2024,mnh1,PHTV7/PHP02,10.642712720223138
2024,mnh1,PHV37/PHP02,10.642712720223138
2024,mnh1,PHVA9/PHP02,10.642712720223138
2024,mnh1,PHVJ5/PHP02,10.642712720223138
2024,mnh1,PHW30/LH244,11.859604141644219
2024,mnh1,PHW52/PHM49,11.332476006580052
2024,mnh1,TX777/LH195,9.26804640516089
2024,mnh1,W10004_0018/PHP02,10.642712720223138
2024,mnh1,W10004_0031/PHP02,11.871118345954802
2024,mnh1,W10004_0034/PHP02,11.572865018786644
2024,mnh1,W10004_0055/PHP02,11.753546767019266
2024,mnh1,W10004_0095/PHP02,10.144062032158459
2024,mnh1,W10004_0122/PHP02,11.524902259344335
2024,mnh1,W10004_0133/PHP02,11.572865018786644
2024,mnh1,W10004_0138/PHP02,11.229128049625137
2024,mnh1,W10004_0146/PHP02,11.647857804272947
2024,mnh1,W10004_0160/PHP02,11.647857804272947
2024,mnh1,W10004_0168/PHP02,11.460376030750549
2024,mnh1,W10004_0189/PHP02,11.980104141145413
2024,mnh1,W10004_0236/PHP02,11.489114107696759
2024,mnh1,W10004_0238/PHP02,11.536613368353459
2024,mnh1,W10004_0270/PHP02,11.229128049625137
2024,mnh1,W10004_0311/PHP02,10.865010641223417
2024,mnh1,W10004_0389/PHP02,11.39595446017789
2024,mnh1,W10004_0403/PHP02,11.536613368353459
2024,mnh1,W10004_0409/PHP02,12.405072778931007
2024,mnh1,W10004_0412/PHP02,11.480990817827369
2024,mnh1,W10004_0476/PHP02,10.824016275894268
2024,mnh1,W10004_0608/PHP02,10.52222726259612
2024,mnh1,W10004_0637/PHP02,11.634313183182126
2024,mnh1,W10004_0658/PHP02,12.316452608767834
2024,mnh1,W10004_0688/PHP02,11.188631150317626
2024,mnh1,W10004_0691/PHP02,9.781054006690772
2024,mnh1,W10004_0715/PHP02,11.480990817827369
2024,mnh1,W10004_0747/PHP02,12.093908423122238
2024,mnh1,W10004_0754/PHP02,11.536613368353459
2024,mnh1,W10004_0771/PHP02,11.572865018786644
2024,mnh1,W10004_0776/PHP02,11.536613368353459
2024,mnh1,W10004_0801/PHP02,12.093908423122238
2024,mnh1,W10004_0822/PHP02,11.536613368353459
2024,mnh1,W10004_0858/PHP02,11.480990817827369
2024,mnh1,W10004_0866/PHP02,11.959459855309547
2024,mnh1,W10004_0949/PHP02,12.316452608767834
2024,mnh1,W10004_0969/PHP02,11.104880699090739
2024,mnh1,W10004_1014/PHP02,11.524902259344335
2024,mnh1,W10004_1018/PHP02,11.226190349436113
2024,mnh1,W10004_1032/PHP02,11.104880699090739
2024,mnh1,W10004_1080/PHP02,12.08731785337873
2024,mnh1,WQCD10/PHP02,10.642712720223138
2024,mnh1,ZS01459/PHP02,10.642712720223138
2024,mnh1,ZS0510/PHP02,10.642712720223138
2024,moh1,01CSI6/LH287,7.633432725116674
2024,moh1,01DIB2/LH287,7.633432725116674
2024,moh1,2369/LH123HT,8.881124467616996
2024,moh1,2FACC/PHP02,7.617556155940021
2024,moh1,6F629/PHP02,7.548844581550471
2024,moh1,B14A/H95,7.081730327386958
2024,moh1,B14A/MO17,6.731206685525481
2024,moh1,B14A/OH43,7.195799729778594
2024,moh1,B37/H95,7.053278512050182
2024,moh1,B37/MO17,7.255315944406417
2024,moh1,B37/OH43,7.063842687252111
2024,moh1,B73/MO17,8.85571146035756
2024,moh1,B73/PHK76,7.548716286682361
2024,moh1,B73/PHM49,8.896981224752679
2024,moh1,B73/PHN82,9.048460095483797
2024,moh1,B73/PHZ51,7.7139356462317155
2024,moh1,B73/TX779,5.94786848050729
2024,moh1,CG119/CG108,3.31844888054789
2024,moh1,CG44/CGR01,6.077934045035437
2024,moh1,DK3IIH6/LH244,8.858153408009033
2024,moh1,DKFBHJ/PHP02,7.618510485325873
2024,moh1,F42/H95,7.5357357480958775
2024,moh1,F42/MO17,8.327119627804615
2024,moh1,F42/OH43,7.495575878888904
2024,moh1,FBLL/LH287,7.633432725116674
2024,moh1,GEMS-0061_3AZA1_0001/PHP02,7.46522499773704
2024,moh1,GEMS-0061_3AZA1_0003/LH287,7.633432725116674
2024,moh1,GEMS-0061_3AZA1_0005/LH287,7.633432725116674
2024,moh1,GEMS-0061_3AZA1_0006/PHP02,7.46522499773704
2024,moh1,GEMS-0061_3AZA1_0009/LH287,7.633432725116674
2024,moh1,GEMS-0061_3AZA1_0009/PHP02,7.46522499773704
2024,moh1,GEMS-0061_3AZA1_0010/LH287,7.633432725116674
2024,moh1,GEMS-0061_3AZA1_0011/PHP02,7.46522499773704
2024,moh1,GEMS-0061_3AZA1_0012/PHP02,7.46522499773704
2024,moh1,GEMS-0061_3AZA1_0013/LH287,7.633432725116674
2024,moh1,GEMS-0061_3AZA1_0014/LH287,7.633432725116674
2024,moh1,GEMS-0061_3AZA1_0014/PHP02,7.46522499773704
2024,moh1,GEMS-0061_3AZA1_0015/LH287,7.633432725116674
2024,moh1,GEMS-0061_3AZA1_0017/LH287,7.633432725116674
2024,moh1,GEMS-0061_3AZA1_0021/LH287,7.633432725116674
2024,moh1,GEMS-0061_3AZA1_0021/PHP02,7.46522499773704
2024,moh1,GEMS-0061_3AZA1_0023/LH287,7.633432725116674
2024,moh1,GEMS-0061_3AZA1_0023/PHP02,7.46522499773704
2024,moh1,GEMS-0061_FBLL_0002/LH287,7.633432725116674
2024,moh1,GEMS-0061_FBLL_0004/PHP02,7.46522499773704
2024,moh1,GEMS-0061_FBLL_0005/LH287,7.633432725116674
2024,moh1,GEMS-0061_FBLL_0005/PHP02,7.46522499773704
2024,moh1,GEMS-0061_FBLL_0007/LH287,7.633432725116674
2024,moh1,GEMS-0061_FBLL_0008/PHP02,7.46522499773704
2024,moh1,GEMS-0061_FBLL_0009/LH287,7.633432725116674
2024,moh1,GEMS-0061_FBLL_0009/PHP02,7.46522499773704
2024,moh1,GEMS-0061_FBLL_0010/PHP02,7.46522499773704
2024,moh1,GEMS-0061_FBLL_0011/LH287,7.633432725116674
2024,moh1,GEMS-0061_FBLL_0011/PHP02,7.46522499773704
2024,moh1,GEMS-0061_FBLL_0014/LH287,7.633432725116674
2024,moh1,GEMS-0061_FBLL_0015/PHP02,7.46522499773704
2024,moh1,GEMS-0061_FBLL_0016/LH287,7.633432725116674
2024,moh1,GEMS-0061_FBLL_0017/LH287,7.633432725116674
2024,moh1,GEMS-0061_FBLL_0017/PHP02,7.46522499773704
2024,moh1,GEMS-0061_FBLL_0018/LH287,7.633432725116674
2024,moh1,GEMS-0061_FBLL_0019/PHP02,7.46522499773704
2024,moh1,GEMS-0061_FBLL_0022/LH287,7.633432725116674
2024,moh1,GEMS-0061_FBLL_0022/PHP02,7.46522499773704
2024,moh1,GEMS-0061_FBLL_0024/LH287,7.633432725116674
2024,moh1,GEMS-0061_FBLL_0024/PHP02,7.46522499773704
2024,moh1,GEMS-0061_FBLL_0025/LH287,7.633432725116674
2024,moh1,GEMS-0061_FBLL_0025/PHP02,7.46522499773704
2024,moh1,GEMS-0061_FBLL_0026/LH287,7.633432725116674
2024,moh1,GEMS-0061_FBLL_0026/PHP02,7.46522499773704
2024,moh1,GEMS-0061_FBLL_0029/LH287,7.633432725116674
2024,moh1,GEMS-0061_FBLL_0029/PHP02,7.46522499773704
2024,moh1,GEMS-0061_FBLL_0031/PHP02,7.46522499773704
2024,moh1,GEMS-0061_FBLL_0032/LH287,7.633432725116674
2024,moh1,GEMS-0061_FBLL_0032/PHP02,7.46522499773704
2024,moh1,GEMS-0061_FBLL_0033/PHP02,7.46522499773704
2024,moh1,GEMS-0061_FBLL_0034/LH287,7.633432725116674
2024,moh1,GEMS-0061_FBLL_0034/PHP02,7.46522499773704
2024,moh1,GEMS-0061_FBLL_0035/LH287,7.633432725116674
2024,moh1,GEMS-0061_FBLL_0035/PHP02,7.46522499773704
2024,moh1,GEMS-0061_FBLL_0037/PHP02,7.46522499773704
2024,moh1,GEMS-0061_FBLL_0038/LH287,7.633432725116674
2024,moh1,GEMS-0061_FBLL_0038/PHP02,7.46522499773704
2024,moh1,GEMS-0061_FBLL_0039/LH287,7.633432725116674
2024,moh1,GEMS-0061_FBLL_0039/PHP02,7.46522499773704
2024,moh1,GEMS-0061_FBLL_0040/LH287,7.633432725116674
2024,moh1,GEMS-0061_FBLL_0040/PHP02,7.46522499773704
2024,moh1,GEMS-0061_FBLL_0050/LH287,7.633432725116674
2024,moh1,GEMS-0061_PHB47_0001/PHP02,7.46522499773704
2024,moh1,GEMS-0061_PHB47_0003/LH287,7.633432725116674
2024,moh1,GEMS-0061_PHB47_0003/PHP02,7.46522499773704
2024,moh1,GEMS-0061_PHB47_0004/LH287,7.633432725116674
2024,moh1,GEMS-0061_PHB47_0004/PHP02,7.46522499773704
2024,moh1,GEMS-0061_PHBW8_0002/LH287,7.633432725116674
2024,moh1,GEMS-0113_3AZA1_0002/LH287,7.633432725116674
2024,moh1,GEMS-0113_3AZA1_0002/PHP02,7.46522499773704
2024,moh1,GEMS-0113_3AZA1_0003/LH287,7.633432725116674
2024,moh1,GEMS-0113_3AZA1_0003/PHP02,7.46522499773704
2024,moh1,GEMS-0113_3AZA1_0004/LH287,7.633432725116674
2024,moh1,GEMS-0113_3AZA1_0005/PHP02,7.46522499773704
2024,moh1,GEMS-0113_3AZA1_0006/LH287,7.633432725116674
2024,moh1,GEMS-0113_3AZA1_0007/LH287,7.633432725116674
2024,moh1,GEMS-0113_3AZA1_0007/PHP02,7.46522499773704
2024,moh1,GEMS-0113_3AZA1_0008/LH287,7.633432725116674
2024,moh1,GEMS-0113_3AZA1_0008/PHP02,7.46522499773704
2024,moh1,GEMS-0113_3AZA1_0010/LH287,7.633432725116674
2024,moh1,GEMS-0113_3AZA1_0010/PHP02,7.46522499773704
2024,moh1,GEMS-0113_3AZA1_0013/PHP02,7.46522499773704
2024,moh1,GEMS-0113_3AZA1_0014/PHP02,7.46522499773704
2024,moh1,GEMS-0113_3AZA1_0015/LH287,7.633432725116674
2024,moh1,GEMS-0113_3AZA1_0016/LH287,7.633432725116674
2024,moh1,GEMS-0113_3AZA1_0017/LH287,7.633432725116674
2024,moh1,GEMS-0113_3AZA1_0019/LH287,7.633432725116674
2024,moh1,GEMS-0113_3AZA1_0019/PHP02,7.46522499773704
2024,moh1,GEMS-0113_3AZA1_0023/LH287,7.633432725116674
2024,moh1,GEMS-0113_3AZA1_0024/PHP02,7.46522499773704
2024,moh1,GEMS-0113_3AZA1_0025/PHP02,7.46522499773704
2024,moh1,GEMS-0113_3AZA1_0027/PHP02,7.46522499773704
2024,moh1,GEMS-0113_3AZA1_0028/PHP02,7.46522499773704
2024,moh1,GEMS-0113_3AZA1_0029/LH287,7.633432725116674
2024,moh1,GEMS-0113_3AZA1_0031/LH287,7.633432725116674
2024,moh1,GEMS-0113_3AZA1_0038/PHP02,7.46522499773704
2024,moh1,GEMS-0113_FBLL_0002/LH287,7.633432725116674
2024,moh1,GEMS-0113_FBLL_0002/PHP02,7.46522499773704
2024,moh1,GEMS-0113_FBLL_0004/PHP02,7.46522499773704
2024,moh1,GEMS-0113_FBLL_0005/LH287,7.633432725116674
2024,moh1,GEMS-0113_FBLL_0006/LH287,7.633432725116674
2024,moh1,GEMS-0113_FBLL_0006/PHP02,7.46522499773704
2024,moh1,GEMS-0113_FBLL_0007/PHP02,7.46522499773704
2024,moh1,GEMS-0113_FBLL_0008/PHP02,7.46522499773704
2024,moh1,GEMS-0113_FBLL_0010/LH287,7.633432725116674
2024,moh1,GEMS-0113_FBLL_0013/LH287,7.633432725116674
2024,moh1,GEMS-0113_FBLL_0015/LH287,7.633432725116674
2024,moh1,GEMS-0113_FBLL_0015/PHP02,7.46522499773704
2024,moh1,GEMS-0113_PHB47_0003/LH287,7.633432725116674
2024,moh1,GEMS-0113_PHB47_0004/LH287,7.633432725116674
2024,moh1,GEMS-0113_PHB47_0004/PHP02,7.46522499773704
2024,moh1,GEMS-0113_PHB47_0005/PHP02,7.46522499773704
2024,moh1,GEMS-0113_PHB47_0007/LH287,7.633432725116674
2024,moh1,GEMS-0113_PHB47_0008/LH287,7.633432725116674
2024,moh1,GEMS-0113_PHB47_0009/LH287,7.633432725116674
2024,moh1,GEMS-0113_PHB47_0011/PHP02,7.46522499773704
2024,moh1,GEMS-0113_PHB47_0012/PHP02,7.46522499773704
2024,moh1,GEMS-0113_PHB47_0013/PHP02,7.46522499773704
2024,moh1,GEMS-0113_PHB47_0014/PHP02,7.46522499773704
2024,moh1,GEMS-0113_PHB47_0015/LH287,7.633432725116674
2024,moh1,GEMS-0113_PHB47_0017/LH287,7.633432725116674
2024,moh1,GEMS-0113_PHB47_0017/PHP02,7.46522499773704
2024,moh1,GEMS-0113_PHB47_0019/LH287,7.633432725116674
2024,moh1,GEMS-0113_PHB47_0019/PHP02,7.46522499773704
2024,moh1,GEMS-0113_PHBW8_0004/PHP02,7.46522499773704
2024,moh1,GEMS-0113_PHBW8_0005/PHP02,7.46522499773704
2024,moh1,GEMS-0113_PHBW8_0006/LH287,7.633432725116674
2024,moh1,GEMS-0113_PHBW8_0007/PHP02,7.46522499773704
2024,moh1,GEMS-0113_PHBW8_0008/PHP02,7.46522499773704
2024,moh1,GEMS-0113_PHBW8_0011/LH287,7.633432725116674
2024,moh1,GEMS-0113_PHBW8_0011/PHP02,7.46522499773704
2024,moh1,GEMS-0113_PHBW8_0012/PHP02,7.46522499773704
2024,moh1,GEMS-0113_PHBW8_0014/LH287,7.633432725116674
2024,moh1,GEMS-0113_PHBW8_0017/LH287,7.633432725116674
2024,moh1,GEMS-0113_PHBW8_0017/PHP02,7.46522499773704
2024,moh1,GEMS-0219_3AZA1_0001/LH287,7.633432725116674
2024,moh1,GEMS-0219_3AZA1_0001/PHP02,7.46522499773704
2024,moh1,GEMS-0219_3AZA1_0002/LH287,7.633432725116674
2024,moh1,GEMS-0219_3AZA1_0003/LH287,7.633432725116674
2024,moh1,GEMS-0219_3AZA1_0003/PHP02,7.46522499773704
2024,moh1,GEMS-0219_3AZA1_0004/LH287,7.633432725116674
2024,moh1,GEMS-0219_3AZA1_0005/LH287,7.633432725116674
2024,moh1,GEMS-0219_3AZA1_0005/PHP02,7.46522499773704
2024,moh1,GEMS-0219_3AZA1_0006/LH287,7.633432725116674
2024,moh1,GEMS-0219_3AZA1_0006/PHP02,7.46522499773704
2024,moh1,GEMS-0219_3AZA1_0007/LH287,7.633432725116674
2024,moh1,GEMS-0219_3AZA1_0007/PHP02,7.46522499773704
2024,moh1,GEMS-0219_3AZA1_0008/PHP02,7.46522499773704
2024,moh1,GEMS-0219_3AZA1_0009/LH287,7.633432725116674
2024,moh1,GEMS-0219_3AZA1_0009/PHP02,7.46522499773704
2024,moh1,GEMS-0219_3AZA1_0010/PHP02,7.46522499773704
2024,moh1,GEMS-0219_3AZA1_0012/LH287,7.633432725116674
2024,moh1,GEMS-0219_FBLL_0002/LH287,7.633432725116674
2024,moh1,GEMS-0219_FBLL_0003/LH287,7.633432725116674
2024,moh1,GEMS-0219_FBLL_0004/PHP02,7.46522499773704
2024,moh1,GEMS-0219_FBLL_0005/LH287,7.633432725116674
2024,moh1,GEMS-0219_FBLL_0006/LH287,7.633432725116674
2024,moh1,GEMS-0219_FBLL_0006/PHP02,7.46522499773704
2024,moh1,GEMS-0219_FBLL_0007/LH287,7.633432725116674
2024,moh1,GEMS-0219_FBLL_0008/LH287,7.633432725116674
2024,moh1,GEMS-0219_FBLL_0012/LH287,7.633432725116674
2024,moh1,GEMS-0219_FBLL_0013/LH287,7.633432725116674
2024,moh1,GEMS-0219_FBLL_0014/PHP02,7.46522499773704
2024,moh1,GEMS-0219_FBLL_0017/LH287,7.633432725116674
2024,moh1,GEMS-0219_FBLL_0018/PHP02,7.46522499773704
2024,moh1,GEMS-0219_FBLL_0019/PHP02,7.46522499773704
2024,moh1,GEMS-0219_FBLL_0020/PHP02,7.46522499773704
2024,moh1,GEMS-0219_FBLL_0021/LH287,7.633432725116674
2024,moh1,GEMS-0219_FBLL_0022/PHP02,7.46522499773704
2024,moh1,GEMS-0219_FBLL_0023/PHP02,7.46522499773704
2024,moh1,GEMS-0219_FBLL_0025/LH287,7.633432725116674
2024,moh1,GEMS-0219_FBLL_0027/LH287,7.633432725116674
2024,moh1,GEMS-0219_FBLL_0027/PHP02,7.46522499773704
2024,moh1,GEMS-0219_FBLL_0028/LH287,7.633432725116674
2024,moh1,GEMS-0219_FBLL_0030/PHP02,7.46522499773704
2024,moh1,GEMS-0219_PHB47_0001/LH287,7.633432725116674
2024,moh1,GEMS-0219_PHB47_0002/LH287,7.633432725116674
2024,moh1,GEMS-0219_PHB47_0003/LH287,7.633432725116674
2024,moh1,GEMS-0219_PHB47_0011/LH287,7.633432725116674
2024,moh1,GEMS-0219_PHB47_0011/PHP02,7.46522499773704
2024,moh1,GEMS-0219_PHB47_0014/PHP02,7.46522499773704
2024,moh1,GEMS-0219_PHB47_0017/PHP02,7.46522499773704
2024,moh1,GEMS-0219_PHBW8_0001/LH287,7.633432725116674
2024,moh1,GEMS-0219_PHBW8_0002/PHP02,7.46522499773704
2024,moh1,GEMS-0219_PHBW8_0004/PHP02,7.46522499773704
2024,moh1,GEMS-0219_PHBW8_0006/LH287,7.633432725116674
2024,moh1,GEMS-0219_PHBW8_0011/PHP02,7.46522499773704
2024,moh1,GEMS-0227_3AZA1_0001/LH287,7.633432725116674
2024,moh1,GEMS-0227_3AZA1_0001/PHP02,7.46522499773704
2024,moh1,GEMS-0227_3AZA1_0003/LH287,7.633432725116674
2024,moh1,GEMS-0227_3AZA1_0003/PHP02,7.46522499773704
2024,moh1,GEMS-0227_3AZA1_0004/LH287,7.633432725116674
2024,moh1,GEMS-0227_3AZA1_0006/LH287,7.633432725116674
2024,moh1,GEMS-0227_3AZA1_0009/LH287,7.633432725116674
2024,moh1,GEMS-0227_3AZA1_0011/LH287,7.633432725116674
2024,moh1,GEMS-0227_3AZA1_0011/PHP02,7.46522499773704
2024,moh1,GEMS-0227_3AZA1_0013/LH287,7.633432725116674
2024,moh1,GEMS-0227_3AZA1_0014/PHP02,7.46522499773704
2024,moh1,GEMS-0227_3AZA1_0015/PHP02,7.46522499773704
2024,moh1,GEMS-0227_3AZA1_0017/LH287,7.633432725116674
2024,moh1,GEMS-0227_3AZA1_0018/LH287,7.633432725116674
2024,moh1,GEMS-0227_3AZA1_0018/PHP02,7.46522499773704
2024,moh1,GEMS-0227_3AZA1_0021/LH287,7.633432725116674
2024,moh1,GEMS-0227_3AZA1_0022/PHP02,7.46522499773704
2024,moh1,GEMS-0227_3AZA1_0023/PHP02,7.46522499773704
2024,moh1,GEMS-0227_3AZA1_0024/PHP02,7.46522499773704
2024,moh1,GEMS-0227_3AZA1_0028/LH287,7.633432725116674
2024,moh1,GEMS-0227_3AZA1_0029/LH287,7.633432725116674
2024,moh1,GEMS-0227_3AZA1_0029/PHP02,7.46522499773704
2024,moh1,GEMS-0227_3AZA1_0030/PHP02,7.46522499773704
2024,moh1,GEMS-0227_3AZA1_0031/PHP02,7.46522499773704
2024,moh1,GEMS-0227_3AZA1_0032/LH287,7.633432725116674
2024,moh1,GEMS-0227_3AZA1_0034/LH287,7.633432725116674
2024,moh1,GEMS-0227_3AZA1_0034/PHP02,7.46522499773704
2024,moh1,GEMS-0227_3AZA1_0036/LH287,7.633432725116674
2024,moh1,GEMS-0227_3AZA1_0036/PHP02,7.46522499773704
2024,moh1,GEMS-0227_3AZA1_0040/LH287,7.633432725116674
2024,moh1,GEMS-0227_3AZA1_0040/PHP02,7.46522499773704
2024,moh1,GEMS-0227_3AZA1_0043/LH287,7.633432725116674
2024,moh1,GEMS-0227_3AZA1_0045/LH287,7.633432725116674
2024,moh1,GEMS-0227_3AZA1_0046/LH287,7.633432725116674
2024,moh1,GEMS-0227_3AZA1_0046/PHP02,7.46522499773704
2024,moh1,GEMS-0227_3AZA1_0048/LH287,7.633432725116674
2024,moh1,GEMS-0227_3AZA1_0048/PHP02,7.46522499773704
2024,moh1,GEMS-0227_FBLL_0001/PHP02,7.46522499773704
2024,moh1,GEMS-0227_FBLL_0002/LH287,7.633432725116674
2024,moh1,GEMS-0227_FBLL_0004/LH287,7.633432725116674
2024,moh1,GEMS-0227_FBLL_0004/PHP02,7.46522499773704
2024,moh1,GEMS-0227_FBLL_0005/LH287,7.633432725116674
2024,moh1,GEMS-0227_FBLL_0007/PHP02,7.46522499773704
2024,moh1,GEMS-0227_FBLL_0008/LH287,7.633432725116674
2024,moh1,GEMS-0227_FBLL_0009/LH287,7.633432725116674
2024,moh1,GEMS-0227_FBLL_0009/PHP02,7.46522499773704
2024,moh1,GEMS-0227_FBLL_0010/LH287,7.633432725116674
2024,moh1,GEMS-0227_FBLL_0012/PHP02,7.46522499773704
2024,moh1,GEMS-0227_FBLL_0013/LH287,7.633432725116674
2024,moh1,GEMS-0227_FBLL_0013/PHP02,7.46522499773704
2024,moh1,GEMS-0227_FBLL_0014/PHP02,7.46522499773704
2024,moh1,GEMS-0227_FBLL_0016/PHP02,7.46522499773704
2024,moh1,GEMS-0227_FBLL_0017/LH287,7.633432725116674
2024,moh1,GEMS-0227_FBLL_0018/LH287,7.633432725116674
2024,moh1,GEMS-0227_FBLL_0019/LH287,7.633432725116674
2024,moh1,GEMS-0227_FBLL_0019/PHP02,7.46522499773704
2024,moh1,GEMS-0227_FBLL_0020/LH287,7.633432725116674
2024,moh1,GEMS-0227_FBLL_0020/PHP02,7.46522499773704
2024,moh1,GEMS-0227_FBLL_0021/LH287,7.633432725116674
2024,moh1,GEMS-0227_FBLL_0021/PHP02,7.46522499773704
2024,moh1,GEMS-0227_FBLL_0022/LH287,7.633432725116674
2024,moh1,GEMS-0227_FBLL_0022/PHP02,7.46522499773704
2024,moh1,GEMS-0227_FBLL_0023/LH287,7.633432725116674
2024,moh1,GEMS-0227_FBLL_0023/PHP02,7.46522499773704
2024,moh1,GEMS-0227_FBLL_0024/PHP02,7.46522499773704
2024,moh1,GEMS-0227_FBLL_0025/LH287,7.633432725116674
2024,moh1,GEMS-0227_FBLL_0026/LH287,7.633432725116674
2024,moh1,GEMS-0227_FBLL_0026/PHP02,7.46522499773704
2024,moh1,GEMS-0227_FBLL_0027/PHP02,7.46522499773704
2024,moh1,GEMS-0227_FBLL_0028/LH287,7.633432725116674
2024,moh1,GEMS-0227_FBLL_0028/PHP02,7.46522499773704
2024,moh1,GEMS-0227_FBLL_0030/LH287,7.633432725116674
2024,moh1,GEMS-0227_FBLL_0030/PHP02,7.46522499773704
2024,moh1,GEMS-0227_FBLL_0031/LH287,7.633432725116674
2024,moh1,GEMS-0227_FBLL_0031/PHP02,7.46522499773704
2024,moh1,GEMS-0227_FBLL_0033/LH287,7.633432725116674
2024,moh1,GEMS-0227_FBLL_0035/LH287,7.633432725116674
2024,moh1,GEMS-0227_FBLL_0036/LH287,7.633432725116674
2024,moh1,GEMS-0227_FBLL_0038/PHP02,7.46522499773704
2024,moh1,GEMS-0227_FBLL_0039/PHP02,7.46522499773704
2024,moh1,GEMS-0227_FBLL_0040/LH287,7.633432725116674
2024,moh1,GEMS-0227_FBLL_0040/PHP02,7.46522499773704
2024,moh1,GEMS-0227_FBLL_0041/PHP02,7.46522499773704
2024,moh1,GEMS-0227_FBLL_0043/PHP02,7.46522499773704
2024,moh1,GEMS-0227_FBLL_0044/PHP02,7.46522499773704
2024,moh1,GEMS-0227_FBLL_0046/LH287,7.633432725116674
2024,moh1,GEMS-0227_FBLL_0046/PHP02,7.46522499773704
2024,moh1,GEMS-0227_FBLL_0047/PHP02,7.46522499773704
2024,moh1,GEMS-0227_FBLL_0048/LH287,7.633432725116674
2024,moh1,GEMS-0227_FBLL_0050/PHP02,7.46522499773704
2024,moh1,GEMS-0227_FBLL_0051/LH287,7.633432725116674
2024,moh1,GEMS-0227_FBLL_0052/PHP02,7.46522499773704
2024,moh1,GEMS-0227_FBLL_0053/LH287,7.633432725116674
2024,moh1,GEMS-0227_FBLL_0053/PHP02,7.46522499773704
2024,moh1,GEMS-0227_FBLL_0054/LH287,7.633432725116674
2024,moh1,GEMS-0227_FBLL_0054/PHP02,7.46522499773704
2024,moh1,GEMS-0227_FBLL_0055/LH287,7.633432725116674
2024,moh1,GEMS-0227_FBLL_0055/PHP02,7.46522499773704
2024,moh1,GEMS-0227_FBLL_0056/LH287,7.633432725116674
2024,moh1,GEMS-0227_FBLL_0056/PHP02,7.46522499773704
2024,moh1,GEMS-0227_FBLL_0057/LH287,7.633432725116674
2024,moh1,GEMS-0227_FBLL_0057/PHP02,7.46522499773704
2024,moh1,GEMS-0227_FBLL_0059/LH287,7.633432725116674
2024,moh1,GEMS-0227_FBLL_0059/PHP02,7.46522499773704
2024,moh1,GEMS-0227_FBLL_0060/LH287,7.633432725116674
2024,moh1,GEMS-0227_FBLL_0062/LH287,7.633432725116674
2024,moh1,GEMS-0227_FBLL_0062/PHP02,7.46522499773704
2024,moh1,GEMS-0227_FBLL_0063/PHP02,7.46522499773704
2024,moh1,GEMS-0227_FBLL_0064/LH287,7.633432725116674
2024,moh1,GEMS-0227_FBLL_0067/PHP02,7.46522499773704
2024,moh1,GEMS-0227_FBLL_0069/LH287,7.633432725116674
2024,moh1,GEMS-0227_FBLL_0069/PHP02,7.46522499773704
2024,moh1,GEMS-0227_FBLL_0070/LH287,7.633432725116674
2024,moh1,GEMS-0227_FBLL_0070/PHP02,7.46522499773704
2024,moh1,GEMS-0227_FBLL_0071/LH287,7.633432725116674
2024,moh1,GEMS-0227_FBLL_0071/PHP02,7.46522499773704
2024,moh1,GEMS-0227_FBLL_0072/PHP02,7.46522499773704
2024,moh1,GEMS-0227_FBLL_0073/LH287,7.633432725116674
2024,moh1,GEMS-0227_FBLL_0074/PHP02,7.46522499773704
2024,moh1,GEMS-0227_FBLL_0077/LH287,7.633432725116674
2024,moh1,GEMS-0227_FBLL_0078/LH287,7.633432725116674
2024,moh1,GEMS-0227_FBLL_0079/PHP02,7.46522499773704
2024,moh1,GEMS-0227_FBLL_0082/PHP02,7.46522499773704
2024,moh1,GEMS-0227_FBLL_0084/LH287,7.633432725116674
2024,moh1,GEMS-0227_FBLL_0084/PHP02,7.46522499773704
2024,moh1,GEMS-0227_FBLL_0087/LH287,7.633432725116674
2024,moh1,GEMS-0227_FBLL_0088/LH287,7.633432725116674
2024,moh1,GEMS-0227_FBLL_0088/PHP02,7.46522499773704
2024,moh1,GEMS-0227_FBLL_0089/LH287,7.633432725116674
2024,moh1,GEMS-0227_FBLL_0089/PHP02,7.46522499773704
2024,moh1,GEMS-0227_FBLL_0090/PHP02,7.46522499773704
2024,moh1,GEMS-0227_FBLL_0093/LH287,7.633432725116674
2024,moh1,GEMS-0227_FBLL_0093/PHP02,7.46522499773704
2024,moh1,GEMS-0227_FBLL_0094/PHP02,7.46522499773704
2024,moh1,GEMS-0227_FBLL_0095/LH287,7.633432725116674
2024,moh1,GEMS-0227_FBLL_0095/PHP02,7.46522499773704
2024,moh1,GEMS-0227_FBLL_0097/PHP02,7.46522499773704
2024,moh1,GEMS-0227_FBLL_0098/PHP02,7.46522499773704
2024,moh1,GEMS-0227_FBLL_0101/LH287,7.633432725116674
2024,moh1,GEMS-0227_FBLL_0101/PHP02,7.46522499773704
2024,moh1,GEMS-0227_FBLL_0104/PHP02,7.46522499773704
2024,moh1,GEMS-0227_FBLL_0106/PHP02,7.46522499773704
2024,moh1,GEMS-0227_FBLL_0107/LH287,7.633432725116674
2024,moh1,GEMS-0227_FBLL_0111/LH287,7.633432725116674
2024,moh1,GEMS-0227_FBLL_0111/PHP02,7.46522499773704
2024,moh1,GEMS-0227_FBLL_0114/PHP02,7.46522499773704
2024,moh1,GEMS-0227_FBLL_0115/LH287,7.633432725116674
2024,moh1,GEMS-0227_FBLL_0116/LH287,7.633432725116674
2024,moh1,GEMS-0227_FBLL_0117/PHP02,7.46522499773704
2024,moh1,GEMS-0227_FBLL_0118/LH287,7.633432725116674
2024,moh1,GEMS-0227_FBLL_0121/LH287,7.633432725116674
2024,moh1,GEMS-0227_FBLL_0121/PHP02,7.46522499773704
2024,moh1,GEMS-0227_FBLL_0124/LH287,7.633432725116674
2024,moh1,GEMS-0227_FBLL_0127/PHP02,7.46522499773704
2024,moh1,GEMS-0227_FBLL_0134/LH287,7.633432725116674
2024,moh1,GEMS-0227_FBLL_0134/PHP02,7.46522499773704
2024,moh1,GEMS-0227_FBLL_0136/PHP02,7.46522499773704
2024,moh1,GEMS-0227_FBLL_0140/LH287,7.633432725116674
2024,moh1,GEMS-0227_FBLL_0140/PHP02,7.46522499773704
2024,moh1,GEMS-0227_FBLL_0141/LH287,7.633432725116674
2024,moh1,GEMS-0227_FBLL_0141/PHP02,7.46522499773704
2024,moh1,GEMS-0227_PHB47_0001/PHP02,7.46522499773704
2024,moh1,GEMS-0227_PHB47_0002/LH287,7.633432725116674
2024,moh1,GEMS-0227_PHB47_0003/LH287,7.633432725116674
2024,moh1,GEMS-0227_PHB47_0003/PHP02,7.46522499773704
2024,moh1,GEMS-0227_PHB47_0007/LH287,7.633432725116674
2024,moh1,GEMS-0227_PHB47_0009/LH287,7.633432725116674
2024,moh1,GEMS-0227_PHB47_0009/PHP02,7.46522499773704
2024,moh1,GEMS-0227_PHB47_0010/PHP02,7.46522499773704
2024,moh1,GEMS-0227_PHB47_0011/LH287,7.633432725116674
2024,moh1,GEMS-0227_PHB47_0011/PHP02,7.46522499773704
2024,moh1,GEMS-0227_PHB47_0012/LH287,7.633432725116674
2024,moh1,GEMS-0227_PHB47_0014/LH287,7.633432725116674
2024,moh1,GEMS-0227_PHB47_0016/LH287,7.633432725116674
2024,moh1,GEMS-0227_PHB47_0022/LH287,7.633432725116674
2024,moh1,GEMS-0227_PHB47_0025/LH287,7.633432725116674
2024,moh1,GEMS-0227_PHB47_0025/PHP02,7.46522499773704
2024,moh1,GEMS-0227_PHB47_0026/PHP02,7.46522499773704
2024,moh1,GEMS-0227_PHBW8_0001/LH287,7.633432725116674
2024,moh1,GEMS-0227_PHBW8_0002/LH287,7.633432725116674
2024,moh1,GEMS-0227_PHBW8_0002/PHP02,7.46522499773704
2024,moh1,GEMS-0227_PHBW8_0003/LH287,7.633432725116674
2024,moh1,GEMS-0227_PHBW8_0004/LH287,7.633432725116674
2024,moh1,GEMS-0227_PHBW8_0005/PHP02,7.46522499773704
2024,moh1,GEMS-0227_PHBW8_0006/PHP02,7.46522499773704
2024,moh1,GEMS-0227_PHBW8_0007/LH287,7.633432725116674
2024,moh1,GEMS-0227_PHBW8_0009/LH287,7.633432725116674
2024,moh1,GEMS-0227_PHBW8_0011/LH287,7.633432725116674
2024,moh1,GEMS-0227_PHBW8_0011/PHP02,7.46522499773704
2024,moh1,GEMS-0227_PHBW8_0013/LH287,7.633432725116674
2024,moh1,GEMS-0227_PHBW8_0015/LH287,7.633432725116674
2024,moh1,GEMS-0227_PHBW8_0015/PHP02,7.46522499773704
2024,moh1,GEMS-0227_PHBW8_0016/LH287,7.633432725116674
2024,moh1,GEMS-0227_PHBW8_0016/PHP02,7.46522499773704
2024,moh1,GEMS-0227_PHBW8_0017/LH287,7.633432725116674
2024,moh1,GEMS-0227_PHBW8_0017/PHP02,7.46522499773704
2024,moh1,GEMS-0227_PHBW8_0019/LH287,7.633432725116674
2024,moh1,GEMS-0227_PHBW8_0020/PHP02,7.46522499773704
2024,moh1,GEMS-0227_PHBW8_0021/LH287,7.633432725116674
2024,moh1,GEMS-0227_PHBW8_0021/PHP02,7.46522499773704
2024,moh1,GEMS-0227_PHBW8_0022/LH287,7.633432725116674
2024,moh1,GEMS-0227_PHBW8_0022/PHP02,7.46522499773704
2024,moh1,GEMS-0227_PHBW8_0024/LH287,7.633432725116674
2024,moh1,LH145/LH82,6.130930872998044
2024,moh1,LH192/LH287,7.633432725116674
2024,moh1,LH193/PHP02,7.46522499773704
2024,moh1,LH194/LH287,7.633432725116674
2024,moh1,LH195/LH287,7.936236304179143
2024,moh1,LH195/MO17,8.365924627708598
2024,moh1,LH195/PHK76,6.9106770894795755
2024,moh1,LH195/PHN82,7.845268514131174
2024,moh1,LH195/PHZ51,7.592520812499753
2024,moh1,LH197/LH287,7.633432725116674
2024,moh1,LH197/PHP02,7.46522499773704
2024,moh1,LH198/LH287,7.640434475885762
2024,moh1,LH198/PHP02,7.472226748506127
2024,moh1,LH200/LH287,7.633432725116674
2024,moh1,LH220HT/LH287,7.633432725116674
2024,moh1,LH224/LH287,7.633432725116674
2024,moh1,LH224/PHP02,7.46522499773704
2024,moh1,LH225/PHP02,7.46522499773704
2024,moh1,LH226HT/LH287,7.633432725116674
2024,moh1,LH228/PHP02,7.46522499773704
2024,moh1,LH231/PHP02,7.46522499773704
2024,moh1,LH234/LH287,7.633432725116674
2024,moh1,LH234/PHP02,7.46522499773704
2024,moh1,LH235/PHP02,7.46522499773704
2024,moh1,LH236/LH287,7.633432725116674
2024,moh1,LH236/PHP02,7.46522499773704
2024,moh1,LH237/LH287,7.633432725116674
2024,moh1,LH237/PHP02,7.46522499773704
2024,moh1,LH238/LH287,7.633432725116674
2024,moh1,LH244/MO17,8.843605901552515
2024,moh1,LH244/PHK76,7.631243136088819
2024,moh1,LH244/PHN82,8.069776979730984
2024,moh1,LH244/PHP02,7.865719938747689
2024,moh1,LH244/PHZ51,7.708586892359105
2024,moh1,LH264/LH287,7.633432725116674
2024,moh1,LH273/LH287,7.633432725116674
2024,moh1,LH273/PHP02,7.46522499773704
2024,moh1,LH286/LH287,7.633432725116674
2024,moh1,LH287/LH244,9.732036973200893
2024,moh1,LH292/LH287,7.633432725116674
2024,moh1,LH292/PHP02,7.46522499773704
2024,moh1,LH74/PHN82,7.756957149198732
2024,moh1,LH82/LH244,7.898736032441946
2024,moh1,MM501D/LH244,8.828500322927875
2024,moh1,NKH8431/PHP02,7.425841273142895
2024,moh1,PH05F/LH287,7.633432725116674
2024,moh1,PH05G/PHP02,7.46522499773704
2024,moh1,PH05W/LH287,7.633432725116674
2024,moh1,PH07D/LH287,7.633432725116674
2024,moh1,PH07D/PHP02,7.46522499773704
2024,moh1,PH080/LH287,7.633432725116674
2024,moh1,PH09B/LH287,7.633432725116674
2024,moh1,PH09E/LH287,7.633432725116674
2024,moh1,PH09E/PHP02,7.46522499773704
2024,moh1,PH12C/LH287,7.633432725116674
2024,moh1,PH12C/PHP02,7.46522499773704
2024,moh1,PH1CA/LH287,7.633432725116674
2024,moh1,PH1GC/PHP02,7.46522499773704
2024,moh1,PH1GG/PHP02,7.46522499773704
2024,moh1,PH1TB/LH287,7.633432725116674
2024,moh1,PH1TB/PHP02,7.46522499773704
2024,moh1,PH1W2/PHP02,7.46522499773704
2024,moh1,PH24E/LH244,8.981826186928126
2024,moh1,PH24M/LH287,7.633432725116674
2024,moh1,PH24M/PHP02,7.46522499773704
2024,moh1,PH32C/LH287,7.633432725116674
2024,moh1,PH37C/PHP02,7.46522499773704
2024,moh1,PH38D/LH287,7.633432725116674
2024,moh1,PH38D/PHP02,7.46522499773704
2024,moh1,PH42B/LH287,7.633432725116674
2024,moh1,PH42B/PHP02,7.46522499773704
2024,moh1,PH44A/LH287,7.633432725116674
2024,moh1,PH44A/PHP02,7.46522499773704
2024,moh1,PH55C/LH287,7.633432725116674
2024,moh1,PH55C/PHP02,7.46522499773704
2024,moh1,PH63A/PHP02,7.46522499773704
2024,moh1,PH79A/PHP02,7.46522499773704
2024,moh1,PHB47/LH287,7.609657096090326
2024,moh1,PHB47/MO17,7.22302522296673
2024,moh1,PHB47/PHK76,6.718421587511119
2024,moh1,PHB47/PHN82,8.068403833296953
2024,moh1,PHB47/PHP02,7.441449368710692
2024,moh1,PHB47/PHZ51,7.248112747544582
2024,moh1,PHBW8/PHP02,7.46522499773704
2024,moh1,PHDG1/PHP02,7.46522499773704
2024,moh1,PHG29/PHG47,6.635343560980891
2024,moh1,PHG39/PHN82,8.18399258355307
2024,moh1,PHJ40/PHAJ0,4.669957263366468
2024,moh1,PHJ89/LH244,8.543939466508778
2024,moh1,PHJ89/PH207,7.2056901113015375
2024,moh1,PHJR5/LH287,7.633432725116674
2024,moh1,PHK56/LH244,8.895522727100625
2024,moh1,PHKV0/PHP02,7.46522499773704
2024,moh1,PHN41/LH287,7.633432725116674
2024,moh1,PHN41/PHP02,7.46522499773704
2024,moh1,PHN46/LH244,7.278899376499267
2024,moh1,PHN66/PHP02,7.46522499773704
2024,moh1,PHNJ2/LH287,7.633432725116674
2024,moh1,PHP02/LH244,8.895522727100625
2024,moh1,PHP38/LH287,7.696157217524249
2024,moh1,PHPR5/LH287,7.633432725116674
2024,moh1,PHR03/LH244,9.178558933030553
2024,moh1,PHR61/LH287,7.633432725116674
2024,moh1,PHRE1/PHTD5,5.041384581485852
2024,moh1,PHT10/LH287,7.633432725116674
2024,moh1,PHT10/PHP02,7.46522499773704
2024,moh1,PHT11/LH287,7.633432725116674
2024,moh1,PHT11/PHP02,7.46522499773704
2024,moh1,PHT47/LH287,7.633432725116674
2024,moh1,PHTP9/LH287,7.633432725116674
2024,moh1,PHTV7/LH287,7.633432725116674
2024,moh1,PHTV7/PHP02,7.46522499773704
2024,moh1,PHV37/LH287,7.633432725116674
2024,moh1,PHV37/PHP02,7.46522499773704
2024,moh1,PHVA9/LH287,7.633432725116674
2024,moh1,PHVA9/PHP02,7.46522499773704
2024,moh1,PHVJ5/LH287,7.633432725116674
2024,moh1,PHW30/LH244,8.759352443183674
2024,moh1,PHW52/PHM49,7.753682134671861
2024,moh1,PHW52/PHN82,8.657720944444533
2024,moh1,PHW52/PHP02,7.451060609751268
2024,moh1,TX714/PHZ51,6.996428737113007
2024,moh1,TX714/TX779,6.167442742417597
2024,moh1,TX777/LH195,6.247557662431706
2024,moh1,W10004_0018/PHP02,7.446916250849878
2024,moh1,W10004_0034/PHP02,8.22510576213197
2024,moh1,W10004_0055/LH287,7.633432725116674
2024,moh1,W10004_0062/PHP02,7.3664681246188
2024,moh1,W10004_0095/LH287,7.58217421800561
2024,moh1,W10004_0095/PHP02,7.054881925058873
2024,moh1,W10004_0103/LH287,7.633432725116674
2024,moh1,W10004_0103/PHP02,8.297279990804736
2024,moh1,W10004_0122/LH287,7.633432725116674
2024,moh1,W10004_0133/LH287,7.633432725116674
2024,moh1,W10004_0146/LH287,7.633432725116674
2024,moh1,W10004_0167/PHP02,7.839287415598884
2024,moh1,W10004_0189/LH287,7.633432725116674
2024,moh1,W10004_0236/LH287,7.633432725116674
2024,moh1,W10004_0258/PHP02,8.542875495246463
2024,moh1,W10004_0270/LH287,7.633432725116674
2024,moh1,W10004_0270/PHP02,7.862672456160505
2024,moh1,W10004_0311/LH287,7.633432725116674
2024,moh1,W10004_0346/PHP02,8.708345799789933
2024,moh1,W10004_0389/LH287,7.633432725116674
2024,moh1,W10004_0403/LH287,7.633432725116674
2024,moh1,W10004_0403/PHP02,8.215212310215923
2024,moh1,W10004_0412/LH287,7.633432725116674
2024,moh1,W10004_0412/PHP02,8.085801304192364
2024,moh1,W10004_0476/LH287,7.552478785069115
2024,moh1,W10004_0476/PHP02,7.461266769823973
2024,moh1,W10004_0601/LH287,7.863248827010521
2024,moh1,W10004_0601/PHP02,8.41915019219396
2024,moh1,W10004_0658/LH287,7.68709946737184
2024,moh1,W10004_0658/PHP02,9.143944209929563
2024,moh1,W10004_0688/LH287,7.633432725116674
2024,moh1,W10004_0714/PHP02,8.05860137847385
2024,moh1,W10004_0747/LH287,7.633432725116674
2024,moh1,W10004_0747/PHP02,8.857652898222135
2024,moh1,W10004_0771/LH287,7.633432725116674
2024,moh1,W10004_0776/LH287,7.633432725116674
2024,moh1,W10004_0801/LH287,7.633432725116674
2024,moh1,W10004_0858/LH287,7.633432725116674
2024,moh1,W10004_0858/PHP02,8.085801304192364
2024,moh1,W10004_0859/LH287,7.614537193387402
2024,moh1,W10004_0859/PHP02,7.681519599982304
2024,moh1,W10004_0866/LH287,7.6677814913927795
2024,moh1,W10004_0866/PHP02,8.647299298098492
2024,moh1,W10004_0949/LH287,7.633432725116674
2024,moh1,W10004_0969/LH287,7.633432725116674
2024,moh1,W10004_0969/PHP02,7.558629469822183
2024,moh1,W10004_1014/LH287,7.633432725116674
2024,moh1,W10004_1014/PHP02,8.164402485688376
2024,moh1,WQCD10/PHP02,7.46522499773704
2024,moh1,ZS01459/LH287,7.633432725116674
2024,moh1,ZS0510/LH287,7.633432725116674
2024,nch1,01CSI6/LH287,7.262887629584782
2024,nch1,01DIB2/LH287,7.262887629584782
2024,nch1,01DIB2/PHP02,7.2099179934044
2024,nch1,2369/LH123HT,8.908220890664941
2024,nch1,6F629/LH287,7.346507213398213
2024,nch1,B14A/OH43,7.273886455079101
2024,nch1,B37/H95,7.109774302153051
2024,nch1,B73/MO17,8.377251318708554
2024,nch1,B73/PHN82,9.08316549563176
2024,nch1,B73/TX779,6.866144415688479
2024,nch1,CG119/CG108,3.5006206702332734
2024,nch1,CG44/CGR01,6.165380976579384
2024,nch1,DK3IIH6/LH244,8.525291024523094
2024,nch1,DKFBHJ/LH287,7.315985683193292
2024,nch1,DKFBHJ/PHP02,7.26301604701291
2024,nch1,FBLA/LH287,7.262887629584782
2024,nch1,FBLA/PHP02,7.2099179934044
2024,nch1,FBLL/LH287,7.262887629584782
2024,nch1,FBLL/PHP02,7.2099179934044
2024,nch1,GEMS-0061_3AZA1_0001/LH287,7.262887629584782
2024,nch1,GEMS-0061_3AZA1_0001/PHP02,7.2099179934044
2024,nch1,GEMS-0061_3AZA1_0003/LH287,7.262887629584782
2024,nch1,GEMS-0061_3AZA1_0004/PHP02,7.2099179934044
2024,nch1,GEMS-0061_3AZA1_0005/LH287,7.262887629584782
2024,nch1,GEMS-0061_3AZA1_0005/PHP02,7.2099179934044
2024,nch1,GEMS-0061_3AZA1_0006/LH287,7.262887629584782
2024,nch1,GEMS-0061_3AZA1_0006/PHP02,7.2099179934044
2024,nch1,GEMS-0061_3AZA1_0007/LH287,7.262887629584782
2024,nch1,GEMS-0061_3AZA1_0007/PHP02,7.2099179934044
2024,nch1,GEMS-0061_3AZA1_0009/LH287,7.262887629584782
2024,nch1,GEMS-0061_3AZA1_0009/PHP02,7.2099179934044
2024,nch1,GEMS-0061_3AZA1_0010/PHP02,7.2099179934044
2024,nch1,GEMS-0061_3AZA1_0013/LH287,7.262887629584782
2024,nch1,GEMS-0061_3AZA1_0013/PHP02,7.2099179934044
2024,nch1,GEMS-0061_3AZA1_0014/LH287,7.262887629584782
2024,nch1,GEMS-0061_3AZA1_0014/PHP02,7.2099179934044
2024,nch1,GEMS-0061_3AZA1_0015/LH287,7.262887629584782
2024,nch1,GEMS-0061_3AZA1_0015/PHP02,7.2099179934044
2024,nch1,GEMS-0061_3AZA1_0016/PHP02,7.2099179934044
2024,nch1,GEMS-0061_3AZA1_0017/LH287,7.262887629584782
2024,nch1,GEMS-0061_3AZA1_0017/PHP02,7.2099179934044
2024,nch1,GEMS-0061_3AZA1_0021/LH287,7.262887629584782
2024,nch1,GEMS-0061_3AZA1_0023/LH287,7.262887629584782
2024,nch1,GEMS-0061_FBLL_0002/PHP02,7.2099179934044
2024,nch1,GEMS-0061_FBLL_0004/LH287,7.262887629584782
2024,nch1,GEMS-0061_FBLL_0004/PHP02,7.2099179934044
2024,nch1,GEMS-0061_FBLL_0005/LH287,7.262887629584782
2024,nch1,GEMS-0061_FBLL_0007/PHP02,7.2099179934044
2024,nch1,GEMS-0061_FBLL_0008/LH287,7.262887629584782
2024,nch1,GEMS-0061_FBLL_0008/PHP02,7.2099179934044
2024,nch1,GEMS-0061_FBLL_0009/LH287,7.262887629584782
2024,nch1,GEMS-0061_FBLL_0010/LH287,7.262887629584782
2024,nch1,GEMS-0061_FBLL_0011/LH287,7.262887629584782
2024,nch1,GEMS-0061_FBLL_0014/LH287,7.262887629584782
2024,nch1,GEMS-0061_FBLL_0014/PHP02,7.2099179934044
2024,nch1,GEMS-0061_FBLL_0015/LH287,7.262887629584782
2024,nch1,GEMS-0061_FBLL_0016/LH287,7.262887629584782
2024,nch1,GEMS-0061_FBLL_0016/PHP02,7.2099179934044
2024,nch1,GEMS-0061_FBLL_0017/LH287,7.262887629584782
2024,nch1,GEMS-0061_FBLL_0017/PHP02,7.2099179934044
2024,nch1,GEMS-0061_FBLL_0018/LH287,7.262887629584782
2024,nch1,GEMS-0061_FBLL_0018/PHP02,7.2099179934044
2024,nch1,GEMS-0061_FBLL_0019/LH287,7.262887629584782
2024,nch1,GEMS-0061_FBLL_0019/PHP02,7.2099179934044
2024,nch1,GEMS-0061_FBLL_0022/PHP02,7.2099179934044
2024,nch1,GEMS-0061_FBLL_0023/LH287,7.262887629584782
2024,nch1,GEMS-0061_FBLL_0023/PHP02,7.2099179934044
2024,nch1,GEMS-0061_FBLL_0024/LH287,7.262887629584782
2024,nch1,GEMS-0061_FBLL_0024/PHP02,7.2099179934044
2024,nch1,GEMS-0061_FBLL_0025/LH287,7.262887629584782
2024,nch1,GEMS-0061_FBLL_0025/PHP02,7.2099179934044
2024,nch1,GEMS-0061_FBLL_0026/LH287,7.262887629584782
2024,nch1,GEMS-0061_FBLL_0026/PHP02,7.2099179934044
2024,nch1,GEMS-0061_FBLL_0029/LH287,7.262887629584782
2024,nch1,GEMS-0061_FBLL_0031/LH287,7.262887629584782
2024,nch1,GEMS-0061_FBLL_0031/PHP02,7.2099179934044
2024,nch1,GEMS-0061_FBLL_0032/LH287,7.262887629584782
2024,nch1,GEMS-0061_FBLL_0033/LH287,7.262887629584782
2024,nch1,GEMS-0061_FBLL_0033/PHP02,7.2099179934044
2024,nch1,GEMS-0061_FBLL_0034/PHP02,7.2099179934044
2024,nch1,GEMS-0061_FBLL_0035/LH287,7.262887629584782
2024,nch1,GEMS-0061_FBLL_0035/PHP02,7.2099179934044
2024,nch1,GEMS-0061_FBLL_0037/LH287,7.262887629584782
2024,nch1,GEMS-0061_FBLL_0037/PHP02,7.2099179934044
2024,nch1,GEMS-0061_FBLL_0038/LH287,7.262887629584782
2024,nch1,GEMS-0061_FBLL_0039/LH287,7.262887629584782
2024,nch1,GEMS-0061_FBLL_0039/PHP02,7.2099179934044
2024,nch1,GEMS-0061_FBLL_0040/LH287,7.262887629584782
2024,nch1,GEMS-0061_FBLL_0040/PHP02,7.2099179934044
2024,nch1,GEMS-0061_FBLL_0042/PHP02,7.2099179934044
2024,nch1,GEMS-0061_FBLL_0044/LH287,7.262887629584782
2024,nch1,GEMS-0061_FBLL_0044/PHP02,7.2099179934044
2024,nch1,GEMS-0061_FBLL_0047/LH287,7.262887629584782
2024,nch1,GEMS-0061_FBLL_0047/PHP02,7.2099179934044
2024,nch1,GEMS-0061_FBLL_0050/LH287,7.262887629584782
2024,nch1,GEMS-0061_FBLL_0050/PHP02,7.2099179934044
2024,nch1,GEMS-0061_PHB47_0001/LH287,7.262887629584782
2024,nch1,GEMS-0061_PHB47_0001/PHP02,7.2099179934044
2024,nch1,GEMS-0061_PHB47_0003/LH287,7.262887629584782
2024,nch1,GEMS-0061_PHB47_0004/LH287,7.262887629584782
2024,nch1,GEMS-0061_PHBW8_0001/LH287,7.262887629584782
2024,nch1,GEMS-0061_PHBW8_0001/PHP02,7.2099179934044
2024,nch1,GEMS-0061_PHBW8_0002/PHP02,7.2099179934044
2024,nch1,GEMS-0113_3AZA1_0001/PHP02,7.2099179934044
2024,nch1,GEMS-0113_3AZA1_0003/LH287,7.262887629584782
2024,nch1,GEMS-0113_3AZA1_0004/LH287,7.262887629584782
2024,nch1,GEMS-0113_3AZA1_0004/PHP02,7.2099179934044
2024,nch1,GEMS-0113_3AZA1_0005/PHP02,7.2099179934044
2024,nch1,GEMS-0113_3AZA1_0006/LH287,7.262887629584782
2024,nch1,GEMS-0113_3AZA1_0006/PHP02,7.2099179934044
2024,nch1,GEMS-0113_3AZA1_0007/LH287,7.262887629584782
2024,nch1,GEMS-0113_3AZA1_0007/PHP02,7.2099179934044
2024,nch1,GEMS-0113_3AZA1_0008/LH287,7.262887629584782
2024,nch1,GEMS-0113_3AZA1_0008/PHP02,7.2099179934044
2024,nch1,GEMS-0113_3AZA1_0010/LH287,7.262887629584782
2024,nch1,GEMS-0113_3AZA1_0010/PHP02,7.2099179934044
2024,nch1,GEMS-0113_3AZA1_0011/PHP02,7.2099179934044
2024,nch1,GEMS-0113_3AZA1_0014/PHP02,7.2099179934044
2024,nch1,GEMS-0113_3AZA1_0015/LH287,7.262887629584782
2024,nch1,GEMS-0113_3AZA1_0015/PHP02,7.2099179934044
2024,nch1,GEMS-0113_3AZA1_0016/LH287,7.262887629584782
2024,nch1,GEMS-0113_3AZA1_0016/PHP02,7.2099179934044
2024,nch1,GEMS-0113_3AZA1_0017/LH287,7.262887629584782
2024,nch1,GEMS-0113_3AZA1_0017/PHP02,7.2099179934044
2024,nch1,GEMS-0113_3AZA1_0018/LH287,7.262887629584782
2024,nch1,GEMS-0113_3AZA1_0018/PHP02,7.2099179934044
2024,nch1,GEMS-0113_3AZA1_0019/LH287,7.262887629584782
2024,nch1,GEMS-0113_3AZA1_0021/LH287,7.262887629584782
2024,nch1,GEMS-0113_3AZA1_0021/PHP02,7.2099179934044
2024,nch1,GEMS-0113_3AZA1_0022/PHP02,7.2099179934044
2024,nch1,GEMS-0113_3AZA1_0023/LH287,7.262887629584782
2024,nch1,GEMS-0113_3AZA1_0024/LH287,7.262887629584782
2024,nch1,GEMS-0113_3AZA1_0024/PHP02,7.2099179934044
2024,nch1,GEMS-0113_3AZA1_0026/LH287,7.262887629584782
2024,nch1,GEMS-0113_3AZA1_0026/PHP02,7.2099179934044
2024,nch1,GEMS-0113_3AZA1_0027/PHP02,7.2099179934044
2024,nch1,GEMS-0113_3AZA1_0028/LH287,7.262887629584782
2024,nch1,GEMS-0113_3AZA1_0028/PHP02,7.2099179934044
2024,nch1,GEMS-0113_3AZA1_0029/LH287,7.262887629584782
2024,nch1,GEMS-0113_3AZA1_0029/PHP02,7.2099179934044
2024,nch1,GEMS-0113_3AZA1_0031/PHP02,7.2099179934044
2024,nch1,GEMS-0113_3AZA1_0038/LH287,7.262887629584782
2024,nch1,GEMS-0113_3AZA1_0038/PHP02,7.2099179934044
2024,nch1,GEMS-0113_FBLL_0002/LH287,7.262887629584782
2024,nch1,GEMS-0113_FBLL_0003/LH287,7.262887629584782
2024,nch1,GEMS-0113_FBLL_0003/PHP02,7.2099179934044
2024,nch1,GEMS-0113_FBLL_0004/LH287,7.262887629584782
2024,nch1,GEMS-0113_FBLL_0005/LH287,7.262887629584782
2024,nch1,GEMS-0113_FBLL_0005/PHP02,7.2099179934044
2024,nch1,GEMS-0113_FBLL_0006/LH287,7.262887629584782
2024,nch1,GEMS-0113_FBLL_0007/LH287,7.262887629584782
2024,nch1,GEMS-0113_FBLL_0010/LH287,7.262887629584782
2024,nch1,GEMS-0113_FBLL_0010/PHP02,7.2099179934044
2024,nch1,GEMS-0113_FBLL_0011/LH287,7.262887629584782
2024,nch1,GEMS-0113_FBLL_0011/PHP02,7.2099179934044
2024,nch1,GEMS-0113_FBLL_0013/PHP02,7.2099179934044
2024,nch1,GEMS-0113_FBLL_0015/LH287,7.262887629584782
2024,nch1,GEMS-0113_FBLL_0015/PHP02,7.2099179934044
2024,nch1,GEMS-0113_PHB47_0001/PHP02,7.2099179934044
2024,nch1,GEMS-0113_PHB47_0003/LH287,7.262887629584782
2024,nch1,GEMS-0113_PHB47_0003/PHP02,7.2099179934044
2024,nch1,GEMS-0113_PHB47_0004/LH287,7.262887629584782
2024,nch1,GEMS-0113_PHB47_0005/LH287,7.262887629584782
2024,nch1,GEMS-0113_PHB47_0005/PHP02,7.2099179934044
2024,nch1,GEMS-0113_PHB47_0006/LH287,7.262887629584782
2024,nch1,GEMS-0113_PHB47_0006/PHP02,7.2099179934044
2024,nch1,GEMS-0113_PHB47_0007/LH287,7.262887629584782
2024,nch1,GEMS-0113_PHB47_0007/PHP02,7.2099179934044
2024,nch1,GEMS-0113_PHB47_0008/LH287,7.262887629584782
2024,nch1,GEMS-0113_PHB47_0008/PHP02,7.2099179934044
2024,nch1,GEMS-0113_PHB47_0009/PHP02,7.2099179934044
2024,nch1,GEMS-0113_PHB47_0011/LH287,7.262887629584782
2024,nch1,GEMS-0113_PHB47_0011/PHP02,7.2099179934044
2024,nch1,GEMS-0113_PHB47_0012/LH287,7.262887629584782
2024,nch1,GEMS-0113_PHB47_0013/LH287,7.262887629584782
2024,nch1,GEMS-0113_PHB47_0014/LH287,7.262887629584782
2024,nch1,GEMS-0113_PHB47_0015/LH287,7.262887629584782
2024,nch1,GEMS-0113_PHB47_0015/PHP02,7.2099179934044
2024,nch1,GEMS-0113_PHB47_0017/LH287,7.262887629584782
2024,nch1,GEMS-0113_PHB47_0017/PHP02,7.2099179934044
2024,nch1,GEMS-0113_PHB47_0019/LH287,7.262887629584782
2024,nch1,GEMS-0113_PHB47_0019/PHP02,7.2099179934044
2024,nch1,GEMS-0113_PHB47_0020/LH287,7.262887629584782
2024,nch1,GEMS-0113_PHB47_0020/PHP02,7.2099179934044
2024,nch1,GEMS-0113_PHB47_0021/LH287,7.262887629584782
2024,nch1,GEMS-0113_PHB47_0021/PHP02,7.2099179934044
2024,nch1,GEMS-0113_PHBW8_0001/LH287,7.262887629584782
2024,nch1,GEMS-0113_PHBW8_0001/PHP02,7.2099179934044
2024,nch1,GEMS-0113_PHBW8_0002/LH287,7.262887629584782
2024,nch1,GEMS-0113_PHBW8_0002/PHP02,7.2099179934044
2024,nch1,GEMS-0113_PHBW8_0004/PHP02,7.2099179934044
2024,nch1,GEMS-0113_PHBW8_0005/LH287,7.262887629584782
2024,nch1,GEMS-0113_PHBW8_0005/PHP02,7.2099179934044
2024,nch1,GEMS-0113_PHBW8_0006/LH287,7.262887629584782
2024,nch1,GEMS-0113_PHBW8_0006/PHP02,7.2099179934044
2024,nch1,GEMS-0113_PHBW8_0007/LH287,7.262887629584782
2024,nch1,GEMS-0113_PHBW8_0007/PHP02,7.2099179934044
2024,nch1,GEMS-0113_PHBW8_0008/PHP02,7.2099179934044
2024,nch1,GEMS-0113_PHBW8_0009/LH287,7.262887629584782
2024,nch1,GEMS-0113_PHBW8_0009/PHP02,7.2099179934044
2024,nch1,GEMS-0113_PHBW8_0010/LH287,7.262887629584782
2024,nch1,GEMS-0113_PHBW8_0010/PHP02,7.2099179934044
2024,nch1,GEMS-0113_PHBW8_0011/LH287,7.262887629584782
2024,nch1,GEMS-0113_PHBW8_0011/PHP02,7.2099179934044
2024,nch1,GEMS-0113_PHBW8_0012/LH287,7.262887629584782
2024,nch1,GEMS-0113_PHBW8_0013/LH287,7.262887629584782
2024,nch1,GEMS-0113_PHBW8_0013/PHP02,7.2099179934044
2024,nch1,GEMS-0113_PHBW8_0014/LH287,7.262887629584782
2024,nch1,GEMS-0113_PHBW8_0014/PHP02,7.2099179934044
2024,nch1,GEMS-0113_PHBW8_0017/LH287,7.262887629584782
2024,nch1,GEMS-0219_3AZA1_0001/LH287,7.262887629584782
2024,nch1,GEMS-0219_3AZA1_0001/PHP02,7.2099179934044
2024,nch1,GEMS-0219_3AZA1_0002/LH287,7.262887629584782
2024,nch1,GEMS-0219_3AZA1_0002/PHP02,7.2099179934044
2024,nch1,GEMS-0219_3AZA1_0003/LH287,7.262887629584782
2024,nch1,GEMS-0219_3AZA1_0004/LH287,7.262887629584782
2024,nch1,GEMS-0219_3AZA1_0004/PHP02,7.2099179934044
2024,nch1,GEMS-0219_3AZA1_0005/LH287,7.262887629584782
2024,nch1,GEMS-0219_3AZA1_0005/PHP02,7.2099179934044
2024,nch1,GEMS-0219_3AZA1_0007/LH287,7.262887629584782
2024,nch1,GEMS-0219_3AZA1_0007/PHP02,7.2099179934044
2024,nch1,GEMS-0219_3AZA1_0009/LH287,7.262887629584782
2024,nch1,GEMS-0219_3AZA1_0009/PHP02,7.2099179934044
2024,nch1,GEMS-0219_3AZA1_0010/LH287,7.262887629584782
2024,nch1,GEMS-0219_3AZA1_0010/PHP02,7.2099179934044
2024,nch1,GEMS-0219_3AZA1_0012/LH287,7.262887629584782
2024,nch1,GEMS-0219_3AZA1_0012/PHP02,7.2099179934044
2024,nch1,GEMS-0219_3AZA1_0014/PHP02,7.2099179934044
2024,nch1,GEMS-0219_FBLL_0002/LH287,7.262887629584782
2024,nch1,GEMS-0219_FBLL_0002/PHP02,7.2099179934044
2024,nch1,GEMS-0219_FBLL_0003/LH287,7.262887629584782
2024,nch1,GEMS-0219_FBLL_0003/PHP02,7.2099179934044
2024,nch1,GEMS-0219_FBLL_0004/LH287,7.262887629584782
2024,nch1,GEMS-0219_FBLL_0004/PHP02,7.2099179934044
2024,nch1,GEMS-0219_FBLL_0005/LH287,7.262887629584782
2024,nch1,GEMS-0219_FBLL_0005/PHP02,7.2099179934044
2024,nch1,GEMS-0219_FBLL_0006/LH287,7.262887629584782
2024,nch1,GEMS-0219_FBLL_0006/PHP02,7.2099179934044
2024,nch1,GEMS-0219_FBLL_0007/LH287,7.262887629584782
2024,nch1,GEMS-0219_FBLL_0007/PHP02,7.2099179934044
2024,nch1,GEMS-0219_FBLL_0008/LH287,7.262887629584782
2024,nch1,GEMS-0219_FBLL_0008/PHP02,7.2099179934044
2024,nch1,GEMS-0219_FBLL_0009/PHP02,7.2099179934044
2024,nch1,GEMS-0219_FBLL_0010/LH287,7.262887629584782
2024,nch1,GEMS-0219_FBLL_0010/PHP02,7.2099179934044
2024,nch1,GEMS-0219_FBLL_0011/PHP02,7.2099179934044
2024,nch1,GEMS-0219_FBLL_0012/PHP02,7.2099179934044
2024,nch1,GEMS-0219_FBLL_0013/PHP02,7.2099179934044
2024,nch1,GEMS-0219_FBLL_0014/LH287,7.262887629584782
2024,nch1,GEMS-0219_FBLL_0014/PHP02,7.2099179934044
2024,nch1,GEMS-0219_FBLL_0015/PHP02,7.2099179934044
2024,nch1,GEMS-0219_FBLL_0017/LH287,7.262887629584782
2024,nch1,GEMS-0219_FBLL_0017/PHP02,7.2099179934044
2024,nch1,GEMS-0219_FBLL_0018/LH287,7.262887629584782
2024,nch1,GEMS-0219_FBLL_0018/PHP02,7.2099179934044
2024,nch1,GEMS-0219_FBLL_0019/LH287,7.262887629584782
2024,nch1,GEMS-0219_FBLL_0020/LH287,7.262887629584782
2024,nch1,GEMS-0219_FBLL_0021/LH287,7.262887629584782
2024,nch1,GEMS-0219_FBLL_0021/PHP02,7.2099179934044
2024,nch1,GEMS-0219_FBLL_0022/PHP02,7.2099179934044
2024,nch1,GEMS-0219_FBLL_0023/LH287,7.262887629584782
2024,nch1,GEMS-0219_FBLL_0023/PHP02,7.2099179934044
2024,nch1,GEMS-0219_FBLL_0025/LH287,7.262887629584782
2024,nch1,GEMS-0219_FBLL_0025/PHP02,7.2099179934044
2024,nch1,GEMS-0219_FBLL_0027/LH287,7.262887629584782
2024,nch1,GEMS-0219_FBLL_0027/PHP02,7.2099179934044
2024,nch1,GEMS-0219_FBLL_0028/LH287,7.262887629584782
2024,nch1,GEMS-0219_FBLL_0028/PHP02,7.2099179934044
2024,nch1,GEMS-0219_FBLL_0030/LH287,7.262887629584782
2024,nch1,GEMS-0219_PHB47_0001/LH287,7.262887629584782
2024,nch1,GEMS-0219_PHB47_0001/PHP02,7.2099179934044
2024,nch1,GEMS-0219_PHB47_0002/LH287,7.262887629584782
2024,nch1,GEMS-0219_PHB47_0002/PHP02,7.2099179934044
2024,nch1,GEMS-0219_PHB47_0003/LH287,7.262887629584782
2024,nch1,GEMS-0219_PHB47_0003/PHP02,7.2099179934044
2024,nch1,GEMS-0219_PHB47_0004/PHP02,7.2099179934044
2024,nch1,GEMS-0219_PHB47_0005/LH287,7.262887629584782
2024,nch1,GEMS-0219_PHB47_0005/PHP02,7.2099179934044
2024,nch1,GEMS-0219_PHB47_0006/LH287,7.262887629584782
2024,nch1,GEMS-0219_PHB47_0006/PHP02,7.2099179934044
2024,nch1,GEMS-0219_PHB47_0011/LH287,7.262887629584782
2024,nch1,GEMS-0219_PHB47_0011/PHP02,7.2099179934044
2024,nch1,GEMS-0219_PHB47_0014/LH287,7.262887629584782
2024,nch1,GEMS-0219_PHB47_0014/PHP02,7.2099179934044
2024,nch1,GEMS-0219_PHB47_0017/LH287,7.262887629584782
2024,nch1,GEMS-0219_PHB47_0017/PHP02,7.2099179934044
2024,nch1,GEMS-0219_PHBW8_0001/LH287,7.262887629584782
2024,nch1,GEMS-0219_PHBW8_0001/PHP02,7.2099179934044
2024,nch1,GEMS-0219_PHBW8_0002/LH287,7.262887629584782
2024,nch1,GEMS-0219_PHBW8_0002/PHP02,7.2099179934044
2024,nch1,GEMS-0219_PHBW8_0003/LH287,7.262887629584782
2024,nch1,GEMS-0219_PHBW8_0003/PHP02,7.2099179934044
2024,nch1,GEMS-0219_PHBW8_0004/LH287,7.262887629584782
2024,nch1,GEMS-0219_PHBW8_0004/PHP02,7.2099179934044
2024,nch1,GEMS-0219_PHBW8_0006/LH287,7.262887629584782
2024,nch1,GEMS-0219_PHBW8_0006/PHP02,7.2099179934044
2024,nch1,GEMS-0219_PHBW8_0008/LH287,7.262887629584782
2024,nch1,GEMS-0219_PHBW8_0008/PHP02,7.2099179934044
2024,nch1,GEMS-0219_PHBW8_0009/LH287,7.262887629584782
2024,nch1,GEMS-0219_PHBW8_0009/PHP02,7.2099179934044
2024,nch1,GEMS-0227_3AZA1_0001/LH287,7.262887629584782
2024,nch1,GEMS-0227_3AZA1_0001/PHP02,7.2099179934044
2024,nch1,GEMS-0227_3AZA1_0002/LH287,7.262887629584782
2024,nch1,GEMS-0227_3AZA1_0002/PHP02,7.2099179934044
2024,nch1,GEMS-0227_3AZA1_0003/LH287,7.262887629584782
2024,nch1,GEMS-0227_3AZA1_0004/PHP02,7.2099179934044
2024,nch1,GEMS-0227_3AZA1_0005/LH287,7.262887629584782
2024,nch1,GEMS-0227_3AZA1_0005/PHP02,7.2099179934044
2024,nch1,GEMS-0227_3AZA1_0006/LH287,7.262887629584782
2024,nch1,GEMS-0227_3AZA1_0006/PHP02,7.2099179934044
2024,nch1,GEMS-0227_3AZA1_0007/LH287,7.262887629584782
2024,nch1,GEMS-0227_3AZA1_0007/PHP02,7.2099179934044
2024,nch1,GEMS-0227_3AZA1_0008/PHP02,7.2099179934044
2024,nch1,GEMS-0227_3AZA1_0009/LH287,7.262887629584782
2024,nch1,GEMS-0227_3AZA1_0009/PHP02,7.2099179934044
2024,nch1,GEMS-0227_3AZA1_0010/LH287,7.262887629584782
2024,nch1,GEMS-0227_3AZA1_0010/PHP02,7.2099179934044
2024,nch1,GEMS-0227_3AZA1_0011/LH287,7.262887629584782
2024,nch1,GEMS-0227_3AZA1_0011/PHP02,7.2099179934044
2024,nch1,GEMS-0227_3AZA1_0012/PHP02,7.2099179934044
2024,nch1,GEMS-0227_3AZA1_0013/LH287,7.262887629584782
2024,nch1,GEMS-0227_3AZA1_0013/PHP02,7.2099179934044
2024,nch1,GEMS-0227_3AZA1_0014/LH287,7.262887629584782
2024,nch1,GEMS-0227_3AZA1_0016/LH287,7.262887629584782
2024,nch1,GEMS-0227_3AZA1_0016/PHP02,7.2099179934044
2024,nch1,GEMS-0227_3AZA1_0017/LH287,7.262887629584782
2024,nch1,GEMS-0227_3AZA1_0017/PHP02,7.2099179934044
2024,nch1,GEMS-0227_3AZA1_0018/LH287,7.262887629584782
2024,nch1,GEMS-0227_3AZA1_0018/PHP02,7.2099179934044
2024,nch1,GEMS-0227_3AZA1_0019/LH287,7.262887629584782
2024,nch1,GEMS-0227_3AZA1_0019/PHP02,7.2099179934044
2024,nch1,GEMS-0227_3AZA1_0021/LH287,7.262887629584782
2024,nch1,GEMS-0227_3AZA1_0021/PHP02,7.2099179934044
2024,nch1,GEMS-0227_3AZA1_0022/LH287,7.262887629584782
2024,nch1,GEMS-0227_3AZA1_0023/PHP02,7.2099179934044
2024,nch1,GEMS-0227_3AZA1_0024/LH287,7.262887629584782
2024,nch1,GEMS-0227_3AZA1_0024/PHP02,7.2099179934044
2024,nch1,GEMS-0227_3AZA1_0025/LH287,7.262887629584782
2024,nch1,GEMS-0227_3AZA1_0025/PHP02,7.2099179934044
2024,nch1,GEMS-0227_3AZA1_0028/LH287,7.262887629584782
2024,nch1,GEMS-0227_3AZA1_0028/PHP02,7.2099179934044
2024,nch1,GEMS-0227_3AZA1_0029/LH287,7.262887629584782
2024,nch1,GEMS-0227_3AZA1_0029/PHP02,7.2099179934044
2024,nch1,GEMS-0227_3AZA1_0030/LH287,7.262887629584782
2024,nch1,GEMS-0227_3AZA1_0030/PHP02,7.2099179934044
2024,nch1,GEMS-0227_3AZA1_0032/LH287,7.262887629584782
2024,nch1,GEMS-0227_3AZA1_0032/PHP02,7.2099179934044
2024,nch1,GEMS-0227_3AZA1_0034/PHP02,7.2099179934044
2024,nch1,GEMS-0227_3AZA1_0035/PHP02,7.2099179934044
2024,nch1,GEMS-0227_3AZA1_0036/LH287,7.262887629584782
2024,nch1,GEMS-0227_3AZA1_0036/PHP02,7.2099179934044
2024,nch1,GEMS-0227_3AZA1_0040/LH287,7.262887629584782
2024,nch1,GEMS-0227_3AZA1_0041/LH287,7.262887629584782
2024,nch1,GEMS-0227_3AZA1_0041/PHP02,7.2099179934044
2024,nch1,GEMS-0227_3AZA1_0043/LH287,7.262887629584782
2024,nch1,GEMS-0227_3AZA1_0043/PHP02,7.2099179934044
2024,nch1,GEMS-0227_3AZA1_0045/LH287,7.262887629584782
2024,nch1,GEMS-0227_3AZA1_0045/PHP02,7.2099179934044
2024,nch1,GEMS-0227_3AZA1_0048/LH287,7.262887629584782
2024,nch1,GEMS-0227_3AZA1_0048/PHP02,7.2099179934044
2024,nch1,GEMS-0227_3AZA1_0049/PHP02,7.2099179934044
2024,nch1,GEMS-0227_FBLL_0001/LH287,7.262887629584782
2024,nch1,GEMS-0227_FBLL_0001/PHP02,7.2099179934044
2024,nch1,GEMS-0227_FBLL_0002/LH287,7.262887629584782
2024,nch1,GEMS-0227_FBLL_0002/PHP02,7.2099179934044
2024,nch1,GEMS-0227_FBLL_0003/PHP02,7.2099179934044
2024,nch1,GEMS-0227_FBLL_0004/LH287,7.262887629584782
2024,nch1,GEMS-0227_FBLL_0005/LH287,7.262887629584782
2024,nch1,GEMS-0227_FBLL_0005/PHP02,7.2099179934044
2024,nch1,GEMS-0227_FBLL_0007/LH287,7.262887629584782
2024,nch1,GEMS-0227_FBLL_0008/LH287,7.262887629584782
2024,nch1,GEMS-0227_FBLL_0008/PHP02,7.2099179934044
2024,nch1,GEMS-0227_FBLL_0009/LH287,7.262887629584782
2024,nch1,GEMS-0227_FBLL_0010/LH287,7.262887629584782
2024,nch1,GEMS-0227_FBLL_0010/PHP02,7.2099179934044
2024,nch1,GEMS-0227_FBLL_0012/LH287,7.262887629584782
2024,nch1,GEMS-0227_FBLL_0012/PHP02,7.2099179934044
2024,nch1,GEMS-0227_FBLL_0013/LH287,7.262887629584782
2024,nch1,GEMS-0227_FBLL_0014/LH287,7.262887629584782
2024,nch1,GEMS-0227_FBLL_0015/LH287,7.262887629584782
2024,nch1,GEMS-0227_FBLL_0015/PHP02,7.2099179934044
2024,nch1,GEMS-0227_FBLL_0016/LH287,7.262887629584782
2024,nch1,GEMS-0227_FBLL_0017/LH287,7.262887629584782
2024,nch1,GEMS-0227_FBLL_0017/PHP02,7.2099179934044
2024,nch1,GEMS-0227_FBLL_0018/LH287,7.262887629584782
2024,nch1,GEMS-0227_FBLL_0018/PHP02,7.2099179934044
2024,nch1,GEMS-0227_FBLL_0019/PHP02,7.2099179934044
2024,nch1,GEMS-0227_FBLL_0020/LH287,7.262887629584782
2024,nch1,GEMS-0227_FBLL_0020/PHP02,7.2099179934044
2024,nch1,GEMS-0227_FBLL_0021/LH287,7.262887629584782
2024,nch1,GEMS-0227_FBLL_0021/PHP02,7.2099179934044
2024,nch1,GEMS-0227_FBLL_0022/LH287,7.262887629584782
2024,nch1,GEMS-0227_FBLL_0023/LH287,7.262887629584782
2024,nch1,GEMS-0227_FBLL_0024/LH287,7.262887629584782
2024,nch1,GEMS-0227_FBLL_0024/PHP02,7.2099179934044
2024,nch1,GEMS-0227_FBLL_0025/LH287,7.262887629584782
2024,nch1,GEMS-0227_FBLL_0025/PHP02,7.2099179934044
2024,nch1,GEMS-0227_FBLL_0026/LH287,7.262887629584782
2024,nch1,GEMS-0227_FBLL_0026/PHP02,7.2099179934044
2024,nch1,GEMS-0227_FBLL_0027/LH287,7.262887629584782
2024,nch1,GEMS-0227_FBLL_0027/PHP02,7.2099179934044
2024,nch1,GEMS-0227_FBLL_0028/LH287,7.262887629584782
2024,nch1,GEMS-0227_FBLL_0028/PHP02,7.2099179934044
2024,nch1,GEMS-0227_FBLL_0029/LH287,7.262887629584782
2024,nch1,GEMS-0227_FBLL_0029/PHP02,7.2099179934044
2024,nch1,GEMS-0227_FBLL_0030/PHP02,7.2099179934044
2024,nch1,GEMS-0227_FBLL_0031/LH287,7.262887629584782
2024,nch1,GEMS-0227_FBLL_0031/PHP02,7.2099179934044
2024,nch1,GEMS-0227_FBLL_0032/PHP02,7.2099179934044
2024,nch1,GEMS-0227_FBLL_0033/LH287,7.262887629584782
2024,nch1,GEMS-0227_FBLL_0033/PHP02,7.2099179934044
2024,nch1,GEMS-0227_FBLL_0034/PHP02,7.2099179934044
2024,nch1,GEMS-0227_FBLL_0035/LH287,7.262887629584782
2024,nch1,GEMS-0227_FBLL_0035/PHP02,7.2099179934044
2024,nch1,GEMS-0227_FBLL_0036/LH287,7.262887629584782
2024,nch1,GEMS-0227_FBLL_0036/PHP02,7.2099179934044
2024,nch1,GEMS-0227_FBLL_0037/PHP02,7.2099179934044
2024,nch1,GEMS-0227_FBLL_0038/LH287,7.262887629584782
2024,nch1,GEMS-0227_FBLL_0038/PHP02,7.2099179934044
2024,nch1,GEMS-0227_FBLL_0039/LH287,7.262887629584782
2024,nch1,GEMS-0227_FBLL_0040/PHP02,7.2099179934044
2024,nch1,GEMS-0227_FBLL_0041/PHP02,7.2099179934044
2024,nch1,GEMS-0227_FBLL_0042/LH287,7.262887629584782
2024,nch1,GEMS-0227_FBLL_0042/PHP02,7.2099179934044
2024,nch1,GEMS-0227_FBLL_0043/LH287,7.262887629584782
2024,nch1,GEMS-0227_FBLL_0044/LH287,7.262887629584782
2024,nch1,GEMS-0227_FBLL_0044/PHP02,7.2099179934044
2024,nch1,GEMS-0227_FBLL_0045/LH287,7.262887629584782
2024,nch1,GEMS-0227_FBLL_0045/PHP02,7.2099179934044
2024,nch1,GEMS-0227_FBLL_0046/LH287,7.262887629584782
2024,nch1,GEMS-0227_FBLL_0047/LH287,7.262887629584782
2024,nch1,GEMS-0227_FBLL_0048/LH287,7.262887629584782
2024,nch1,GEMS-0227_FBLL_0048/PHP02,7.2099179934044
2024,nch1,GEMS-0227_FBLL_0049/LH287,7.262887629584782
2024,nch1,GEMS-0227_FBLL_0049/PHP02,7.2099179934044
2024,nch1,GEMS-0227_FBLL_0050/LH287,7.262887629584782
2024,nch1,GEMS-0227_FBLL_0051/PHP02,7.2099179934044
2024,nch1,GEMS-0227_FBLL_0052/LH287,7.262887629584782
2024,nch1,GEMS-0227_FBLL_0052/PHP02,7.2099179934044
2024,nch1,GEMS-0227_FBLL_0053/LH287,7.262887629584782
2024,nch1,GEMS-0227_FBLL_0054/LH287,7.262887629584782
2024,nch1,GEMS-0227_FBLL_0055/LH287,7.262887629584782
2024,nch1,GEMS-0227_FBLL_0055/PHP02,7.2099179934044
2024,nch1,GEMS-0227_FBLL_0057/LH287,7.262887629584782
2024,nch1,GEMS-0227_FBLL_0058/LH287,7.262887629584782
2024,nch1,GEMS-0227_FBLL_0058/PHP02,7.2099179934044
2024,nch1,GEMS-0227_FBLL_0059/LH287,7.262887629584782
2024,nch1,GEMS-0227_FBLL_0059/PHP02,7.2099179934044
2024,nch1,GEMS-0227_FBLL_0060/LH287,7.262887629584782
2024,nch1,GEMS-0227_FBLL_0060/PHP02,7.2099179934044
2024,nch1,GEMS-0227_FBLL_0064/LH287,7.262887629584782
2024,nch1,GEMS-0227_FBLL_0064/PHP02,7.2099179934044
2024,nch1,GEMS-0227_FBLL_0066/LH287,7.262887629584782
2024,nch1,GEMS-0227_FBLL_0066/PHP02,7.2099179934044
2024,nch1,GEMS-0227_FBLL_0067/LH287,7.262887629584782
2024,nch1,GEMS-0227_FBLL_0067/PHP02,7.2099179934044
2024,nch1,GEMS-0227_FBLL_0068/LH287,7.262887629584782
2024,nch1,GEMS-0227_FBLL_0068/PHP02,7.2099179934044
2024,nch1,GEMS-0227_FBLL_0069/LH287,7.262887629584782
2024,nch1,GEMS-0227_FBLL_0069/PHP02,7.2099179934044
2024,nch1,GEMS-0227_FBLL_0070/LH287,7.262887629584782
2024,nch1,GEMS-0227_FBLL_0070/PHP02,7.2099179934044
2024,nch1,GEMS-0227_FBLL_0071/LH287,7.262887629584782
2024,nch1,GEMS-0227_FBLL_0071/PHP02,7.2099179934044
2024,nch1,GEMS-0227_FBLL_0072/PHP02,7.2099179934044
2024,nch1,GEMS-0227_FBLL_0073/LH287,7.262887629584782
2024,nch1,GEMS-0227_FBLL_0073/PHP02,7.2099179934044
2024,nch1,GEMS-0227_FBLL_0075/LH287,7.262887629584782
2024,nch1,GEMS-0227_FBLL_0075/PHP02,7.2099179934044
2024,nch1,GEMS-0227_FBLL_0077/LH287,7.262887629584782
2024,nch1,GEMS-0227_FBLL_0077/PHP02,7.2099179934044
2024,nch1,GEMS-0227_FBLL_0078/LH287,7.262887629584782
2024,nch1,GEMS-0227_FBLL_0078/PHP02,7.2099179934044
2024,nch1,GEMS-0227_FBLL_0079/LH287,7.262887629584782
2024,nch1,GEMS-0227_FBLL_0079/PHP02,7.2099179934044
2024,nch1,GEMS-0227_FBLL_0080/LH287,7.262887629584782
2024,nch1,GEMS-0227_FBLL_0080/PHP02,7.2099179934044
2024,nch1,GEMS-0227_FBLL_0082/LH287,7.262887629584782
2024,nch1,GEMS-0227_FBLL_0082/PHP02,7.2099179934044
2024,nch1,GEMS-0227_FBLL_0084/LH287,7.262887629584782
2024,nch1,GEMS-0227_FBLL_0085/PHP02,7.2099179934044
2024,nch1,GEMS-0227_FBLL_0086/LH287,7.262887629584782
2024,nch1,GEMS-0227_FBLL_0086/PHP02,7.2099179934044
2024,nch1,GEMS-0227_FBLL_0087/LH287,7.262887629584782
2024,nch1,GEMS-0227_FBLL_0087/PHP02,7.2099179934044
2024,nch1,GEMS-0227_FBLL_0088/LH287,7.262887629584782
2024,nch1,GEMS-0227_FBLL_0089/LH287,7.262887629584782
2024,nch1,GEMS-0227_FBLL_0090/LH287,7.262887629584782
2024,nch1,GEMS-0227_FBLL_0090/PHP02,7.2099179934044
2024,nch1,GEMS-0227_FBLL_0093/LH287,7.262887629584782
2024,nch1,GEMS-0227_FBLL_0093/PHP02,7.2099179934044
2024,nch1,GEMS-0227_FBLL_0094/LH287,7.262887629584782
2024,nch1,GEMS-0227_FBLL_0094/PHP02,7.2099179934044
2024,nch1,GEMS-0227_FBLL_0095/LH287,7.262887629584782
2024,nch1,GEMS-0227_FBLL_0095/PHP02,7.2099179934044
2024,nch1,GEMS-0227_FBLL_0096/LH287,7.262887629584782
2024,nch1,GEMS-0227_FBLL_0096/PHP02,7.2099179934044
2024,nch1,GEMS-0227_FBLL_0097/PHP02,7.2099179934044
2024,nch1,GEMS-0227_FBLL_0098/LH287,7.262887629584782
2024,nch1,GEMS-0227_FBLL_0098/PHP02,7.2099179934044
2024,nch1,GEMS-0227_FBLL_0101/LH287,7.262887629584782
2024,nch1,GEMS-0227_FBLL_0102/LH287,7.262887629584782
2024,nch1,GEMS-0227_FBLL_0102/PHP02,7.2099179934044
2024,nch1,GEMS-0227_FBLL_0105/LH287,7.262887629584782
2024,nch1,GEMS-0227_FBLL_0105/PHP02,7.2099179934044
2024,nch1,GEMS-0227_FBLL_0106/LH287,7.262887629584782
2024,nch1,GEMS-0227_FBLL_0107/LH287,7.262887629584782
2024,nch1,GEMS-0227_FBLL_0107/PHP02,7.2099179934044
2024,nch1,GEMS-0227_FBLL_0110/LH287,7.262887629584782
2024,nch1,GEMS-0227_FBLL_0110/PHP02,7.2099179934044
2024,nch1,GEMS-0227_FBLL_0111/LH287,7.262887629584782
2024,nch1,GEMS-0227_FBLL_0111/PHP02,7.2099179934044
2024,nch1,GEMS-0227_FBLL_0113/LH287,7.262887629584782
2024,nch1,GEMS-0227_FBLL_0113/PHP02,7.2099179934044
2024,nch1,GEMS-0227_FBLL_0114/PHP02,7.2099179934044
2024,nch1,GEMS-0227_FBLL_0115/LH287,7.262887629584782
2024,nch1,GEMS-0227_FBLL_0115/PHP02,7.2099179934044
2024,nch1,GEMS-0227_FBLL_0116/LH287,7.262887629584782
2024,nch1,GEMS-0227_FBLL_0116/PHP02,7.2099179934044
2024,nch1,GEMS-0227_FBLL_0117/LH287,7.262887629584782
2024,nch1,GEMS-0227_FBLL_0117/PHP02,7.2099179934044
2024,nch1,GEMS-0227_FBLL_0118/LH287,7.262887629584782
2024,nch1,GEMS-0227_FBLL_0118/PHP02,7.2099179934044
2024,nch1,GEMS-0227_FBLL_0121/LH287,7.262887629584782
2024,nch1,GEMS-0227_FBLL_0124/LH287,7.262887629584782
2024,nch1,GEMS-0227_FBLL_0124/PHP02,7.2099179934044
2024,nch1,GEMS-0227_FBLL_0125/PHP02,7.2099179934044
2024,nch1,GEMS-0227_FBLL_0133/LH287,7.262887629584782
2024,nch1,GEMS-0227_FBLL_0133/PHP02,7.2099179934044
2024,nch1,GEMS-0227_FBLL_0134/LH287,7.262887629584782
2024,nch1,GEMS-0227_FBLL_0134/PHP02,7.2099179934044
2024,nch1,GEMS-0227_FBLL_0136/LH287,7.262887629584782
2024,nch1,GEMS-0227_FBLL_0140/PHP02,7.2099179934044
2024,nch1,GEMS-0227_PHB47_0001/LH287,7.262887629584782
2024,nch1,GEMS-0227_PHB47_0001/PHP02,7.2099179934044
2024,nch1,GEMS-0227_PHB47_0002/LH287,7.262887629584782
2024,nch1,GEMS-0227_PHB47_0002/PHP02,7.2099179934044
2024,nch1,GEMS-0227_PHB47_0003/LH287,7.262887629584782
2024,nch1,GEMS-0227_PHB47_0004/LH287,7.262887629584782
2024,nch1,GEMS-0227_PHB47_0004/PHP02,7.2099179934044
2024,nch1,GEMS-0227_PHB47_0006/LH287,7.262887629584782
2024,nch1,GEMS-0227_PHB47_0006/PHP02,7.2099179934044
2024,nch1,GEMS-0227_PHB47_0007/LH287,7.262887629584782
2024,nch1,GEMS-0227_PHB47_0007/PHP02,7.2099179934044
2024,nch1,GEMS-0227_PHB47_0009/LH287,7.262887629584782
2024,nch1,GEMS-0227_PHB47_0009/PHP02,7.2099179934044
2024,nch1,GEMS-0227_PHB47_0010/LH287,7.262887629584782
2024,nch1,GEMS-0227_PHB47_0011/LH287,7.262887629584782
2024,nch1,GEMS-0227_PHB47_0011/PHP02,7.2099179934044
2024,nch1,GEMS-0227_PHB47_0012/PHP02,7.2099179934044
2024,nch1,GEMS-0227_PHB47_0014/PHP02,7.2099179934044
2024,nch1,GEMS-0227_PHB47_0016/LH287,7.262887629584782
2024,nch1,GEMS-0227_PHB47_0016/PHP02,7.2099179934044
2024,nch1,GEMS-0227_PHB47_0022/LH287,7.262887629584782
2024,nch1,GEMS-0227_PHB47_0022/PHP02,7.2099179934044
2024,nch1,GEMS-0227_PHB47_0023/PHP02,7.2099179934044
2024,nch1,GEMS-0227_PHB47_0024/LH287,7.262887629584782
2024,nch1,GEMS-0227_PHB47_0024/PHP02,7.2099179934044
2024,nch1,GEMS-0227_PHB47_0025/LH287,7.262887629584782
2024,nch1,GEMS-0227_PHB47_0025/PHP02,7.2099179934044
2024,nch1,GEMS-0227_PHB47_0026/LH287,7.262887629584782
2024,nch1,GEMS-0227_PHB47_0026/PHP02,7.2099179934044
2024,nch1,GEMS-0227_PHBW8_0001/PHP02,7.2099179934044
2024,nch1,GEMS-0227_PHBW8_0003/PHP02,7.2099179934044
2024,nch1,GEMS-0227_PHBW8_0004/LH287,7.262887629584782
2024,nch1,GEMS-0227_PHBW8_0004/PHP02,7.2099179934044
2024,nch1,GEMS-0227_PHBW8_0005/LH287,7.262887629584782
2024,nch1,GEMS-0227_PHBW8_0006/LH287,7.262887629584782
2024,nch1,GEMS-0227_PHBW8_0006/PHP02,7.2099179934044
2024,nch1,GEMS-0227_PHBW8_0007/LH287,7.262887629584782
2024,nch1,GEMS-0227_PHBW8_0007/PHP02,7.2099179934044
2024,nch1,GEMS-0227_PHBW8_0009/PHP02,7.2099179934044
2024,nch1,GEMS-0227_PHBW8_0010/LH287,7.262887629584782
2024,nch1,GEMS-0227_PHBW8_0010/PHP02,7.2099179934044
2024,nch1,GEMS-0227_PHBW8_0011/LH287,7.262887629584782
2024,nch1,GEMS-0227_PHBW8_0012/LH287,7.262887629584782
2024,nch1,GEMS-0227_PHBW8_0012/PHP02,7.2099179934044
2024,nch1,GEMS-0227_PHBW8_0013/LH287,7.262887629584782
2024,nch1,GEMS-0227_PHBW8_0013/PHP02,7.2099179934044
2024,nch1,GEMS-0227_PHBW8_0015/LH287,7.262887629584782
2024,nch1,GEMS-0227_PHBW8_0015/PHP02,7.2099179934044
2024,nch1,GEMS-0227_PHBW8_0016/PHP02,7.2099179934044
2024,nch1,GEMS-0227_PHBW8_0018/LH287,7.262887629584782
2024,nch1,GEMS-0227_PHBW8_0018/PHP02,7.2099179934044
2024,nch1,GEMS-0227_PHBW8_0019/LH287,7.262887629584782
2024,nch1,GEMS-0227_PHBW8_0019/PHP02,7.2099179934044
2024,nch1,GEMS-0227_PHBW8_0020/LH287,7.262887629584782
2024,nch1,GEMS-0227_PHBW8_0020/PHP02,7.2099179934044
2024,nch1,GEMS-0227_PHBW8_0021/LH287,7.262887629584782
2024,nch1,GEMS-0227_PHBW8_0021/PHP02,7.2099179934044
2024,nch1,GEMS-0227_PHBW8_0022/LH287,7.262887629584782
2024,nch1,GEMS-0227_PHBW8_0022/PHP02,7.2099179934044
2024,nch1,GEMS-0227_PHBW8_0024/LH287,7.262887629584782
2024,nch1,GEMS-0227_PHBW8_0024/PHP02,7.2099179934044
2024,nch1,LH132/PHP02,7.203189375402628
2024,nch1,LH146HT/LH287,7.262887629584782
2024,nch1,LH146HT/PHP02,7.2099179934044
2024,nch1,LH192/LH287,7.262887629584782
2024,nch1,LH192/PHP02,7.2099179934044
2024,nch1,LH193/LH287,7.262887629584782
2024,nch1,LH193/PHP02,7.2099179934044
2024,nch1,LH194/LH287,7.262887629584782
2024,nch1,LH194/PHP02,7.2099179934044
2024,nch1,LH195/LH287,7.730218072530431
2024,nch1,LH195/PHP02,7.686215864812451
2024,nch1,LH195/PHZ51,7.662966061328108
2024,nch1,LH197/PHP02,7.2099179934044
2024,nch1,LH198/LH287,7.24097915520103
2024,nch1,LH198/PHP02,7.188009519020649
2024,nch1,LH200/LH287,7.262887629584782
2024,nch1,LH200/PHP02,7.2099179934044
2024,nch1,LH204/LH287,7.262887629584782
2024,nch1,LH204/PHP02,7.2099179934044
2024,nch1,LH220HT/LH287,7.262887629584782
2024,nch1,LH220HT/PHP02,7.2099179934044
2024,nch1,LH224/LH287,7.262887629584782
2024,nch1,LH224/PHP02,7.2099179934044
2024,nch1,LH225/LH287,7.262887629584782
2024,nch1,LH225/PHP02,7.2099179934044
2024,nch1,LH226HT/LH287,7.262887629584782
2024,nch1,LH226HT/PHP02,7.2099179934044
2024,nch1,LH228/LH287,7.262887629584782
2024,nch1,LH228/PHP02,7.2099179934044
2024,nch1,LH231/LH287,7.262887629584782
2024,nch1,LH231/PHP02,7.2099179934044
2024,nch1,LH234/LH287,7.262887629584782
2024,nch1,LH234/PHP02,7.2099179934044
2024,nch1,LH235/LH287,7.262887629584782
2024,nch1,LH235/PHP02,7.2099179934044
2024,nch1,LH237/LH287,7.262887629584782
2024,nch1,LH238/LH287,7.262887629584782
2024,nch1,LH238/PHP02,7.2099179934044
2024,nch1,LH244/PHK76,7.144390545329758
2024,nch1,LH244/PHP02,7.2614974482063
2024,nch1,LH264/LH287,7.262887629584782
2024,nch1,LH264/PHP02,7.2099179934044
2024,nch1,LH273/LH287,7.262887629584782
2024,nch1,LH286/LH287,7.262887629584782
2024,nch1,LH286/PHP02,7.2099179934044
2024,nch1,LH287/LH244,9.186764096472412
2024,nch1,LH292/LH287,7.262887629584782
2024,nch1,LH82/LH244,7.712735782602009
2024,nch1,MM501D/LH244,8.463125310733023
2024,nch1,PH05F/PHP02,7.2099179934044
2024,nch1,PH05G/LH287,7.262887629584782
2024,nch1,PH05G/PHP02,7.2099179934044
2024,nch1,PH05W/LH287,7.262887629584782
2024,nch1,PH05W/PHP02,7.2099179934044
2024,nch1,PH06N/LH287,7.262887629584782
2024,nch1,PH06N/PHP02,7.2099179934044
2024,nch1,PH07D/PHP02,7.2099179934044
2024,nch1,PH080/LH287,7.262887629584782
2024,nch1,PH080/PHP02,7.2099179934044
2024,nch1,PH08A/LH287,7.262887629584782
2024,nch1,PH08A/PHP02,7.2099179934044
2024,nch1,PH09B/LH287,7.262887629584782
2024,nch1,PH09B/PHP02,7.2099179934044
2024,nch1,PH09E/LH287,7.262887629584782
2024,nch1,PH09E/PHP02,7.2099179934044
2024,nch1,PH0B4/LH287,7.262887629584782
2024,nch1,PH0B4/PHP02,7.2099179934044
2024,nch1,PH0CD/LH287,7.262887629584782
2024,nch1,PH0CD/PHP02,7.2099179934044
2024,nch1,PH0GP/LH287,7.262887629584782
2024,nch1,PH0GP/PHP02,7.2099179934044
2024,nch1,PH12C/PHP02,7.2099179934044
2024,nch1,PH19V/LH287,7.262887629584782
2024,nch1,PH19V/PHP02,7.2099179934044
2024,nch1,PH1CA/LH287,7.262887629584782
2024,nch1,PH1CA/PHP02,7.2099179934044
2024,nch1,PH1GG/LH287,7.262887629584782
2024,nch1,PH1GG/PHP02,7.2099179934044
2024,nch1,PH1TB/LH287,7.262887629584782
2024,nch1,PH1TB/PHP02,7.2099179934044
2024,nch1,PH24E/LH244,8.7396893891484
2024,nch1,PH24M/LH287,7.262887629584782
2024,nch1,PH24M/PHP02,7.2099179934044
2024,nch1,PH32C/LH287,7.262887629584782
2024,nch1,PH37C/LH287,7.262887629584782
2024,nch1,PH37C/PHP02,7.2099179934044
2024,nch1,PH38D/LH287,7.262887629584782
2024,nch1,PH42B/LH287,7.262887629584782
2024,nch1,PH44A/LH287,7.262887629584782
2024,nch1,PH44A/PHP02,7.2099179934044
2024,nch1,PH55C/LH287,7.262887629584782
2024,nch1,PH63A/LH287,7.262887629584782
2024,nch1,PH63A/PHP02,7.2099179934044
2024,nch1,PH79A/LH287,7.262887629584782
2024,nch1,PHB47/PHN82,8.005495963091011
2024,nch1,PHB47/PHZ51,7.21921651841172
2024,nch1,PHBW8/LH287,7.262887629584782
2024,nch1,PHEW7/LH287,7.262887629584782
2024,nch1,PHEW7/PHP02,7.2099179934044
2024,nch1,PHG29/PHG47,6.482973578873927
2024,nch1,PHG39/PHN82,8.241180064975444
2024,nch1,PHHB9/LH287,7.693067892106466
2024,nch1,PHHB9/PHP02,7.612437800128957
2024,nch1,PHJ40/PHAJ0,4.02444940186548
2024,nch1,PHJ89/LH244,8.211137129723513
2024,nch1,PHJR5/PHP02,7.2099179934044
2024,nch1,PHK56/LH244,8.502890884401944
2024,nch1,PHKV0/LH287,7.262887629584782
2024,nch1,PHKV0/PHP02,7.2099179934044
2024,nch1,PHN41/LH287,7.262887629584782
2024,nch1,PHN41/PHP02,7.2099179934044
2024,nch1,PHN46/LH244,7.591019938014151
2024,nch1,PHN66/LH287,7.2104056819668
2024,nch1,PHN66/PHP02,7.15743604578642
2024,nch1,PHNJ2/LH287,7.262887629584782
2024,nch1,PHNJ2/PHP02,7.2099179934044
2024,nch1,PHP02/LH244,8.502890884401944
2024,nch1,PHP38/LH287,7.274318787748592
2024,nch1,PHP38/PHP02,7.2213491515682104
2024,nch1,PHPR5/PHP02,7.2099179934044
2024,nch1,PHR03/LH244,8.80238614422079
2024,nch1,PHR61/LH287,7.262887629584782
2024,nch1,PHR61/PHP02,7.2099179934044
2024,nch1,PHRE1/PHTD5,5.251555757906097
2024,nch1,PHT10/LH287,7.262887629584782
2024,nch1,PHT10/PHP02,7.2099179934044
2024,nch1,PHT11/LH287,7.262887629584782
2024,nch1,PHT11/PHP02,7.2099179934044
2024,nch1,PHT47/LH287,7.262887629584782
2024,nch1,PHT47/PHP02,7.2099179934044
2024,nch1,PHTP9/LH287,7.262887629584782
2024,nch1,PHTP9/PHP02,7.2099179934044
2024,nch1,PHTV7/LH287,7.262887629584782
2024,nch1,PHV37/LH287,7.262887629584782
2024,nch1,PHVA9/LH287,7.262887629584782
2024,nch1,PHVJ5/LH287,7.262887629584782
2024,nch1,PHVJ5/PHP02,7.2099179934044
2024,nch1,PHW30/LH244,8.28606674417463
2024,nch1,PHW52/LH287,7.410166457488406
2024,nch1,PHW52/PHM49,7.655626391528619
2024,nch1,PHW52/PHP02,7.350653437018433
2024,nch1,TX777/LH195,7.583656338827747
2024,nch1,W10004_0018/LH287,7.262887629584782
2024,nch1,W10004_0031/LH287,7.262887629584782
2024,nch1,W10004_0031/PHP02,8.144730948988146
2024,nch1,W10004_0034/PHP02,7.858384955925581
2024,nch1,W10004_0055/LH287,7.262887629584782
2024,nch1,W10004_0055/PHP02,8.05491643215072
2024,nch1,W10004_0062/PHP02,7.1542423223168905
2024,nch1,W10004_0095/LH287,7.2042892378454955
2024,nch1,W10004_0095/PHP02,7.153657579060215
2024,nch1,W10004_0103/PHP02,7.916952969536006
2024,nch1,W10004_0122/LH287,7.262887629584782
2024,nch1,W10004_0122/PHP02,7.82011067120672
2024,nch1,W10004_0133/LH287,7.262887629584782
2024,nch1,W10004_0133/PHP02,7.858384955925581
2024,nch1,W10004_0138/LH287,7.262887629584782
2024,nch1,W10004_0138/PHP02,7.491177348121593
2024,nch1,W10004_0146/LH287,7.262887629584782
2024,nch1,W10004_0146/PHP02,7.916952969536006
2024,nch1,W10004_0160/LH287,7.262887629584782
2024,nch1,W10004_0160/PHP02,7.916952969536006
2024,nch1,W10004_0167/PHP02,7.4791884788614995
2024,nch1,W10004_0168/PHP02,7.743889283214751
2024,nch1,W10004_0189/LH287,7.262887629584782
2024,nch1,W10004_0189/PHP02,8.418852193641463
2024,nch1,W10004_0236/LH287,7.232016452624438
2024,nch1,W10004_0236/PHP02,7.733632893331226
2024,nch1,W10004_0238/LH287,7.262887629584782
2024,nch1,W10004_0238/PHP02,7.838784128743362
2024,nch1,W10004_0258/LH287,7.298392177871793
2024,nch1,W10004_0258/PHP02,8.18023549727516
2024,nch1,W10004_0270/PHP02,7.5552468932052514
2024,nch1,W10004_0311/LH287,7.262887629584782
2024,nch1,W10004_0311/PHP02,7.321646210634931
2024,nch1,W10004_0346/LH287,7.262887629584782
2024,nch1,W10004_0346/PHP02,8.444226208806992
2024,nch1,W10004_0389/PHP02,7.646788949408719
2024,nch1,W10004_0403/LH287,7.262887629584782
2024,nch1,W10004_0409/LH287,7.372461184648253
2024,nch1,W10004_0409/PHP02,8.932676382554
2024,nch1,W10004_0412/LH287,7.262887629584782
2024,nch1,W10004_0412/PHP02,7.7645040702915695
2024,nch1,W10004_0476/LH287,7.126712427460335
2024,nch1,W10004_0476/PHP02,7.203674255475657
2024,nch1,W10004_0601/LH287,7.49764584653396
2024,nch1,W10004_0601/PHP02,7.879189428285105
2024,nch1,W10004_0608/LH287,7.262887629584782
2024,nch1,W10004_0608/PHP02,7.171461203322631
2024,nch1,W10004_0637/LH287,7.262887629584782
2024,nch1,W10004_0637/PHP02,7.916952969536006
2024,nch1,W10004_0658/LH287,7.262887629584782
2024,nch1,W10004_0688/PHP02,7.434945219268835
2024,nch1,W10004_0691/PHP02,6.8413081135399
2024,nch1,W10004_0714/PHP02,7.659733136333341
2024,nch1,W10004_0715/LH287,7.262887629584782
2024,nch1,W10004_0715/PHP02,7.7645040702915695
2024,nch1,W10004_0747/LH287,7.262887629584782
2024,nch1,W10004_0754/PHP02,7.838784128743362
2024,nch1,W10004_0771/PHP02,7.8823514577828035
2024,nch1,W10004_0776/PHP02,7.838784128743362
2024,nch1,W10004_0801/LH287,7.262887629584782
2024,nch1,W10004_0801/PHP02,8.521778623465822
2024,nch1,W10004_0822/PHP02,7.838784128743362
2024,nch1,W10004_0858/LH287,7.262887629584782
2024,nch1,W10004_0858/PHP02,7.7645040702915695
2024,nch1,W10004_0859/LH287,7.24399209785551
2024,nch1,W10004_0859/PHP02,7.444895498182621
2024,nch1,W10004_0949/PHP02,8.831548717284898
2024,nch1,W10004_0969/LH287,7.262887629584782
2024,nch1,W10004_1014/LH287,7.262887629584782
2024,nch1,W10004_1014/PHP02,7.82011067120672
2024,nch1,W10004_1018/PHP02,7.463791029911893
2024,nch1,W10004_1032/PHP02,7.3489775557111265
2024,nch1,W10004_1080/LH287,7.262887629584782
2024,nch1,W10004_1080/PHP02,8.54760870289291
2024,nch1,WQCD10/LH287,7.262887629584782
2024,nch1,ZS01459/PHP02,7.2099179934044
2024,nch1,ZS0510/LH287,7.262887629584782
2024,nch1,ZS0510/PHP02,7.2099179934044
2024,neh1,01CSI6/LH287,8.667343146875218
2024,neh1,01DIB2/LH287,8.667343146875218
2024,neh1,2369/LH123HT,10.430493990442738
2024,neh1,B14A/OH43,8.247925833262297
2024,neh1,B37/H95,7.948497082677611
2024,neh1,B73/MO17,10.215226364036704
2024,neh1,B73/PHN82,10.692075333384961
2024,neh1,CG119/CG108,4.406483424787804
2024,neh1,CG44/CGR01,7.106446520529062
2024,neh1,DK3IIH6/LH244,10.070083776778336
2024,neh1,GEMS-0061_3AZA1_0004/LH287,8.667343146875218
2024,neh1,GEMS-0061_3AZA1_0010/LH287,8.667343146875218
2024,neh1,GEMS-0061_3AZA1_0014/LH287,8.667343146875218
2024,neh1,GEMS-0061_3AZA1_0016/LH287,8.667343146875218
2024,neh1,GEMS-0061_3AZA1_0017/LH287,8.667343146875218
2024,neh1,GEMS-0061_FBLL_0002/LH287,8.667343146875218
2024,neh1,GEMS-0061_FBLL_0014/LH287,8.667343146875218
2024,neh1,GEMS-0061_FBLL_0015/LH287,8.667343146875218
2024,neh1,GEMS-0061_FBLL_0017/LH287,8.667343146875218
2024,neh1,GEMS-0061_FBLL_0019/LH287,8.667343146875218
2024,neh1,GEMS-0061_FBLL_0023/LH287,8.667343146875218
2024,neh1,GEMS-0061_FBLL_0026/LH287,8.667343146875218
2024,neh1,GEMS-0061_FBLL_0029/LH287,8.667343146875218
2024,neh1,GEMS-0061_FBLL_0032/LH287,8.667343146875218
2024,neh1,GEMS-0061_FBLL_0035/LH287,8.667343146875218
2024,neh1,GEMS-0061_FBLL_0037/LH287,8.667343146875218
2024,neh1,GEMS-0061_FBLL_0040/LH287,8.667343146875218
2024,neh1,GEMS-0061_FBLL_0042/LH287,8.667343146875218
2024,neh1,GEMS-0061_FBLL_0050/LH287,8.667343146875218
2024,neh1,GEMS-0061_PHB47_0003/LH287,8.667343146875218
2024,neh1,GEMS-0061_PHBW8_0002/LH287,8.667343146875218
2024,neh1,GEMS-0113_3AZA1_0005/LH287,8.667343146875218
2024,neh1,GEMS-0113_3AZA1_0011/LH287,8.667343146875218
2024,neh1,GEMS-0113_3AZA1_0013/LH287,8.667343146875218
2024,neh1,GEMS-0113_3AZA1_0014/LH287,8.667343146875218
2024,neh1,GEMS-0113_3AZA1_0015/LH287,8.667343146875218
2024,neh1,GEMS-0113_3AZA1_0019/LH287,8.667343146875218
2024,neh1,GEMS-0113_3AZA1_0024/LH287,8.667343146875218
2024,neh1,GEMS-0113_3AZA1_0025/LH287,8.667343146875218
2024,neh1,GEMS-0113_3AZA1_0028/LH287,8.667343146875218
2024,neh1,GEMS-0113_FBLL_0002/LH287,8.667343146875218
2024,neh1,GEMS-0113_FBLL_0004/LH287,8.667343146875218
2024,neh1,GEMS-0113_FBLL_0005/LH287,8.667343146875218
2024,neh1,GEMS-0113_FBLL_0008/LH287,8.667343146875218
2024,neh1,GEMS-0113_FBLL_0010/LH287,8.667343146875218
2024,neh1,GEMS-0113_FBLL_0013/LH287,8.667343146875218
2024,neh1,GEMS-0113_PHB47_0001/LH287,8.667343146875218
2024,neh1,GEMS-0113_PHB47_0003/LH287,8.667343146875218
2024,neh1,GEMS-0113_PHB47_0004/LH287,8.667343146875218
2024,neh1,GEMS-0113_PHB47_0005/LH287,8.667343146875218
2024,neh1,GEMS-0113_PHB47_0006/LH287,8.667343146875218
2024,neh1,GEMS-0113_PHB47_0012/LH287,8.667343146875218
2024,neh1,GEMS-0113_PHB47_0013/LH287,8.667343146875218
2024,neh1,GEMS-0113_PHB47_0015/LH287,8.667343146875218
2024,neh1,GEMS-0113_PHB47_0017/LH287,8.667343146875218
2024,neh1,GEMS-0113_PHBW8_0002/LH287,8.667343146875218
2024,neh1,GEMS-0113_PHBW8_0005/LH287,8.667343146875218
2024,neh1,GEMS-0113_PHBW8_0006/LH287,8.667343146875218
2024,neh1,GEMS-0113_PHBW8_0007/LH287,8.667343146875218
2024,neh1,GEMS-0113_PHBW8_0008/LH287,8.667343146875218
2024,neh1,GEMS-0113_PHBW8_0010/LH287,8.667343146875218
2024,neh1,GEMS-0113_PHBW8_0011/LH287,8.667343146875218
2024,neh1,GEMS-0113_PHBW8_0012/LH287,8.667343146875218
2024,neh1,GEMS-0219_3AZA1_0005/LH287,8.667343146875218
2024,neh1,GEMS-0219_3AZA1_0006/LH287,8.667343146875218
2024,neh1,GEMS-0219_3AZA1_0008/LH287,8.667343146875218
2024,neh1,GEMS-0219_3AZA1_0009/LH287,8.667343146875218
2024,neh1,GEMS-0219_3AZA1_0014/LH287,8.667343146875218
2024,neh1,GEMS-0219_FBLL_0004/LH287,8.667343146875218
2024,neh1,GEMS-0219_FBLL_0005/LH287,8.667343146875218
2024,neh1,GEMS-0219_FBLL_0007/LH287,8.667343146875218
2024,neh1,GEMS-0219_FBLL_0008/LH287,8.667343146875218
2024,neh1,GEMS-0219_FBLL_0010/LH287,8.667343146875218
2024,neh1,GEMS-0219_FBLL_0014/LH287,8.667343146875218
2024,neh1,GEMS-0219_FBLL_0018/LH287,8.667343146875218
2024,neh1,GEMS-0219_FBLL_0019/LH287,8.667343146875218
2024,neh1,GEMS-0219_FBLL_0020/LH287,8.667343146875218
2024,neh1,GEMS-0219_PHB47_0001/LH287,8.667343146875218
2024,neh1,GEMS-0219_PHB47_0002/LH287,8.667343146875218
2024,neh1,GEMS-0219_PHB47_0003/LH287,8.667343146875218
2024,neh1,GEMS-0219_PHB47_0004/LH287,8.667343146875218
2024,neh1,GEMS-0219_PHB47_0006/LH287,8.667343146875218
2024,neh1,GEMS-0219_PHBW8_0002/LH287,8.667343146875218
2024,neh1,GEMS-0219_PHBW8_0009/LH287,8.667343146875218
2024,neh1,GEMS-0219_PHBW8_0011/LH287,8.667343146875218
2024,neh1,GEMS-0227_3AZA1_0003/LH287,8.667343146875218
2024,neh1,GEMS-0227_3AZA1_0004/LH287,8.667343146875218
2024,neh1,GEMS-0227_3AZA1_0005/LH287,8.667343146875218
2024,neh1,GEMS-0227_3AZA1_0011/LH287,8.667343146875218
2024,neh1,GEMS-0227_3AZA1_0014/LH287,8.667343146875218
2024,neh1,GEMS-0227_3AZA1_0019/LH287,8.667343146875218
2024,neh1,GEMS-0227_3AZA1_0023/LH287,8.667343146875218
2024,neh1,GEMS-0227_3AZA1_0025/LH287,8.667343146875218
2024,neh1,GEMS-0227_3AZA1_0030/LH287,8.667343146875218
2024,neh1,GEMS-0227_3AZA1_0036/LH287,8.667343146875218
2024,neh1,GEMS-0227_3AZA1_0041/LH287,8.667343146875218
2024,neh1,GEMS-0227_3AZA1_0045/LH287,8.667343146875218
2024,neh1,GEMS-0227_FBLL_0002/LH287,8.667343146875218
2024,neh1,GEMS-0227_FBLL_0004/LH287,8.667343146875218
2024,neh1,GEMS-0227_FBLL_0007/LH287,8.667343146875218
2024,neh1,GEMS-0227_FBLL_0009/LH287,8.667343146875218
2024,neh1,GEMS-0227_FBLL_0013/LH287,8.667343146875218
2024,neh1,GEMS-0227_FBLL_0014/LH287,8.667343146875218
2024,neh1,GEMS-0227_FBLL_0015/LH287,8.667343146875218
2024,neh1,GEMS-0227_FBLL_0019/LH287,8.667343146875218
2024,neh1,GEMS-0227_FBLL_0020/LH287,8.667343146875218
2024,neh1,GEMS-0227_FBLL_0023/LH287,8.667343146875218
2024,neh1,GEMS-0227_FBLL_0024/LH287,8.667343146875218
2024,neh1,GEMS-0227_FBLL_0027/LH287,8.667343146875218
2024,neh1,GEMS-0227_FBLL_0030/LH287,8.667343146875218
2024,neh1,GEMS-0227_FBLL_0031/LH287,8.667343146875218
2024,neh1,GEMS-0227_FBLL_0032/LH287,8.667343146875218
2024,neh1,GEMS-0227_FBLL_0034/LH287,8.667343146875218
2024,neh1,GEMS-0227_FBLL_0035/LH287,8.667343146875218
2024,neh1,GEMS-0227_FBLL_0036/LH287,8.667343146875218
2024,neh1,GEMS-0227_FBLL_0043/LH287,8.667343146875218
2024,neh1,GEMS-0227_FBLL_0044/LH287,8.667343146875218
2024,neh1,GEMS-0227_FBLL_0047/LH287,8.667343146875218
2024,neh1,GEMS-0227_FBLL_0048/LH287,8.667343146875218
2024,neh1,GEMS-0227_FBLL_0049/LH287,8.667343146875218
2024,neh1,GEMS-0227_FBLL_0052/LH287,8.667343146875218
2024,neh1,GEMS-0227_FBLL_0054/LH287,8.667343146875218
2024,neh1,GEMS-0227_FBLL_0055/LH287,8.667343146875218
2024,neh1,GEMS-0227_FBLL_0059/LH287,8.667343146875218
2024,neh1,GEMS-0227_FBLL_0063/LH287,8.667343146875218
2024,neh1,GEMS-0227_FBLL_0064/LH287,8.667343146875218
2024,neh1,GEMS-0227_FBLL_0069/LH287,8.667343146875218
2024,neh1,GEMS-0227_FBLL_0072/LH287,8.667343146875218
2024,neh1,GEMS-0227_FBLL_0073/LH287,8.667343146875218
2024,neh1,GEMS-0227_FBLL_0075/LH287,8.667343146875218
2024,neh1,GEMS-0227_FBLL_0077/LH287,8.667343146875218
2024,neh1,GEMS-0227_FBLL_0078/LH287,8.667343146875218
2024,neh1,GEMS-0227_FBLL_0085/LH287,8.667343146875218
2024,neh1,GEMS-0227_FBLL_0090/LH287,8.667343146875218
2024,neh1,GEMS-0227_FBLL_0101/LH287,8.667343146875218
2024,neh1,GEMS-0227_FBLL_0104/LH287,8.667343146875218
2024,neh1,GEMS-0227_FBLL_0106/LH287,8.667343146875218
2024,neh1,GEMS-0227_FBLL_0110/LH287,8.667343146875218
2024,neh1,GEMS-0227_FBLL_0111/LH287,8.667343146875218
2024,neh1,GEMS-0227_FBLL_0114/LH287,8.667343146875218
2024,neh1,GEMS-0227_FBLL_0116/LH287,8.667343146875218
2024,neh1,GEMS-0227_FBLL_0118/LH287,8.667343146875218
2024,neh1,GEMS-0227_FBLL_0121/LH287,8.667343146875218
2024,neh1,GEMS-0227_FBLL_0127/LH287,8.667343146875218
2024,neh1,GEMS-0227_FBLL_0134/LH287,8.667343146875218
2024,neh1,GEMS-0227_FBLL_0140/LH287,8.667343146875218
2024,neh1,GEMS-0227_FBLL_0141/LH287,8.667343146875218
2024,neh1,GEMS-0227_PHB47_0003/LH287,8.667343146875218
2024,neh1,GEMS-0227_PHB47_0007/LH287,8.667343146875218
2024,neh1,GEMS-0227_PHB47_0010/LH287,8.667343146875218
2024,neh1,GEMS-0227_PHB47_0012/LH287,8.667343146875218
2024,neh1,GEMS-0227_PHB47_0022/LH287,8.667343146875218
2024,neh1,GEMS-0227_PHB47_0026/LH287,8.667343146875218
2024,neh1,GEMS-0227_PHBW8_0001/LH287,8.667343146875218
2024,neh1,GEMS-0227_PHBW8_0003/LH287,8.667343146875218
2024,neh1,GEMS-0227_PHBW8_0004/LH287,8.667343146875218
2024,neh1,GEMS-0227_PHBW8_0006/LH287,8.667343146875218
2024,neh1,GEMS-0227_PHBW8_0007/LH287,8.667343146875218
2024,neh1,GEMS-0227_PHBW8_0009/LH287,8.667343146875218
2024,neh1,GEMS-0227_PHBW8_0010/LH287,8.667343146875218
2024,neh1,GEMS-0227_PHBW8_0012/LH287,8.667343146875218
2024,neh1,GEMS-0227_PHBW8_0015/LH287,8.667343146875218
2024,neh1,GEMS-0227_PHBW8_0017/LH287,8.667343146875218
2024,neh1,GEMS-0227_PHBW8_0019/LH287,8.667343146875218
2024,neh1,GEMS-0227_PHBW8_0024/LH287,8.667343146875218
2024,neh1,LH146HT/LH287,8.667343146875218
2024,neh1,LH192/LH287,8.667343146875218
2024,neh1,LH193/LH287,8.667343146875218
2024,neh1,LH194/LH287,8.667343146875218
2024,neh1,LH195/LH287,9.057610885371911
2024,neh1,LH195/PHZ51,8.597669450212022
2024,neh1,LH198/LH287,8.614180246249628
2024,neh1,LH224/LH287,8.667343146875218
2024,neh1,LH225/LH287,8.667343146875218
2024,neh1,LH236/LH287,8.667343146875218
2024,neh1,LH244/PHK76,8.512434294518334
2024,neh1,LH264/LH287,8.667343146875218
2024,neh1,LH286/LH287,8.667343146875218
2024,neh1,LH287/LH244,10.865635692661336
2024,neh1,LH292/LH287,8.667343146875218
2024,neh1,LH82/LH244,8.833763037090113
2024,neh1,MM501D/LH244,10.084128146733821
2024,neh1,NKH8431/LH287,8.667343146875218
2024,neh1,PH05F/LH287,8.667343146875218
2024,neh1,PH05G/LH287,8.667343146875218
2024,neh1,PH09E/LH287,8.667343146875218
2024,neh1,PH0B4/LH287,8.667343146875218
2024,neh1,PH0CD/LH287,8.667343146875218
2024,neh1,PH0GP/LH287,8.667343146875218
2024,neh1,PH1CA/LH287,8.667343146875218
2024,neh1,PH1GG/LH287,8.667343146875218
2024,neh1,PH24E/LH244,10.293615362363022
2024,neh1,PH32C/LH287,8.667343146875218
2024,neh1,PH42B/LH287,8.667343146875218
2024,neh1,PH44A/LH287,8.667343146875218
2024,neh1,PH63A/LH287,8.667343146875218
2024,neh1,PHB47/LH287,8.679983822290664
2024,neh1,PHB47/PHN82,9.456356574770798
2024,neh1,PHB47/PHZ51,8.230384194100841
2024,neh1,PHDG1/LH287,8.667343146875218
2024,neh1,PHG29/PHG47,7.6336977896971066
2024,neh1,PHG39/PHN82,9.488953245198113
2024,neh1,PHJ40/PHAJ0,5.654966043649636
2024,neh1,PHJ89/LH244,9.63919085920376
2024,neh1,PHK56/LH244,10.074940467161015
2024,neh1,PHN41/LH287,8.667343146875218
2024,neh1,PHN46/LH244,8.429886176493065
2024,neh1,PHP02/LH244,10.074940467161015
2024,neh1,PHPR5/LH287,8.667343146875218
2024,neh1,PHR03/LH244,10.4142377085137
2024,neh1,PHRE1/PHTD5,6.350224912348166
2024,neh1,PHT11/LH287,8.667343146875218
2024,neh1,PHTP9/LH287,8.667343146875218
2024,neh1,PHTV7/LH287,8.667343146875218
2024,neh1,PHV37/LH287,8.667343146875218
2024,neh1,PHW30/LH244,9.893229369053685
2024,neh1,PHW52/PHM49,9.091471270589281
2024,neh1,W10004_0055/LH287,8.667343146875218
2024,neh1,W10004_0095/LH287,8.616084639764154
2024,neh1,W10004_0103/LH287,8.667343146875218
2024,neh1,W10004_0122/LH287,8.667343146875218
2024,neh1,W10004_0133/LH287,8.667343146875218
2024,neh1,W10004_0138/LH287,8.667343146875218
2024,neh1,W10004_0167/LH287,8.639718584556654
2024,neh1,W10004_0236/LH287,8.636471969914874
2024,neh1,W10004_0238/LH287,8.667343146875218
2024,neh1,W10004_0346/LH287,8.667343146875218
2024,neh1,W10004_0389/LH287,8.667343146875218
2024,neh1,W10004_0409/LH287,8.918568921958345
2024,neh1,W10004_0608/LH287,8.667343146875218
2024,neh1,W10004_0691/LH287,8.332618776489875
2024,neh1,W10004_0715/LH287,8.667343146875218
2024,neh1,W10004_0771/LH287,8.667343146875218
2024,neh1,W10004_0776/LH287,8.667343146875218
2024,neh1,W10004_0858/LH287,8.667343146875218
2024,neh1,W10004_0969/LH287,8.667343146875218
2024,neh1,W10004_1080/LH287,8.667343146875218
2024,neh1,ZS01459/LH287,8.667343146875218
2024,neh1,ZS0510/LH287,8.667343146875218
2024,neh2,01CSI6/LH287,8.329670603597222
2024,neh2,01DIB2/LH287,8.329670603597222
2024,neh2,2369/LH123HT,9.79636263353825
2024,neh2,2FACC/LH287,8.582958262482178
2024,neh2,6F629/LH287,8.413290187410654
2024,neh2,B14A/OH43,8.07339388227169
2024,neh2,B37/H95,8.22684802843949
2024,neh2,B73/MO17,9.512329724200212
2024,neh2,B73/PHN82,9.919890811985473
2024,neh2,CG119/CG108,3.9306864549692526
2024,neh2,CG44/CGR01,7.174332482060673
2024,neh2,DK3IIH6/LH244,9.400737685134304
2024,neh2,FBLA/LH287,8.329670603597222
2024,neh2,GEMS-0061_3AZA1_0002/LH287,8.329670603597222
2024,neh2,GEMS-0061_3AZA1_0003/LH287,8.329670603597222
2024,neh2,GEMS-0061_3AZA1_0007/LH287,8.329670603597222
2024,neh2,GEMS-0061_3AZA1_0009/LH287,8.329670603597222
2024,neh2,GEMS-0061_3AZA1_0010/LH287,8.329670603597222
2024,neh2,GEMS-0061_3AZA1_0011/LH287,8.329670603597222
2024,neh2,GEMS-0061_3AZA1_0012/LH287,8.329670603597222
2024,neh2,GEMS-0061_3AZA1_0013/LH287,8.329670603597222
2024,neh2,GEMS-0061_3AZA1_0016/LH287,8.329670603597222
2024,neh2,GEMS-0061_FBLL_0005/LH287,8.329670603597222
2024,neh2,GEMS-0061_FBLL_0007/LH287,8.329670603597222
2024,neh2,GEMS-0061_FBLL_0008/LH287,8.329670603597222
2024,neh2,GEMS-0061_FBLL_0010/LH287,8.329670603597222
2024,neh2,GEMS-0061_FBLL_0011/LH287,8.329670603597222
2024,neh2,GEMS-0061_FBLL_0018/LH287,8.329670603597222
2024,neh2,GEMS-0061_FBLL_0021/LH287,8.329670603597222
2024,neh2,GEMS-0061_FBLL_0022/LH287,8.329670603597222
2024,neh2,GEMS-0061_FBLL_0025/LH287,8.329670603597222
2024,neh2,GEMS-0061_FBLL_0031/LH287,8.329670603597222
2024,neh2,GEMS-0061_FBLL_0033/LH287,8.329670603597222
2024,neh2,GEMS-0061_FBLL_0034/LH287,8.329670603597222
2024,neh2,GEMS-0061_FBLL_0039/LH287,8.329670603597222
2024,neh2,GEMS-0061_PHB47_0004/LH287,8.329670603597222
2024,neh2,GEMS-0061_PHBW8_0002/LH287,8.329670603597222
2024,neh2,GEMS-0113_3AZA1_0003/LH287,8.329670603597222
2024,neh2,GEMS-0113_3AZA1_0006/LH287,8.329670603597222
2024,neh2,GEMS-0113_3AZA1_0008/LH287,8.329670603597222
2024,neh2,GEMS-0113_3AZA1_0016/LH287,8.329670603597222
2024,neh2,GEMS-0113_3AZA1_0017/LH287,8.329670603597222
2024,neh2,GEMS-0113_3AZA1_0018/LH287,8.329670603597222
2024,neh2,GEMS-0113_3AZA1_0019/LH287,8.329670603597222
2024,neh2,GEMS-0113_3AZA1_0021/LH287,8.329670603597222
2024,neh2,GEMS-0113_3AZA1_0022/LH287,8.329670603597222
2024,neh2,GEMS-0113_3AZA1_0024/LH287,8.329670603597222
2024,neh2,GEMS-0113_3AZA1_0026/LH287,8.329670603597222
2024,neh2,GEMS-0113_3AZA1_0027/LH287,8.329670603597222
2024,neh2,GEMS-0113_3AZA1_0029/LH287,8.329670603597222
2024,neh2,GEMS-0113_FBLL_0005/LH287,8.329670603597222
2024,neh2,GEMS-0113_FBLL_0006/LH287,8.329670603597222
2024,neh2,GEMS-0113_FBLL_0011/LH287,8.329670603597222
2024,neh2,GEMS-0113_FBLL_0015/LH287,8.329670603597222
2024,neh2,GEMS-0113_PHB47_0002/LH287,8.329670603597222
2024,neh2,GEMS-0113_PHB47_0004/LH287,8.329670603597222
2024,neh2,GEMS-0113_PHB47_0007/LH287,8.329670603597222
2024,neh2,GEMS-0113_PHB47_0008/LH287,8.329670603597222
2024,neh2,GEMS-0113_PHB47_0009/LH287,8.329670603597222
2024,neh2,GEMS-0113_PHB47_0013/LH287,8.329670603597222
2024,neh2,GEMS-0113_PHB47_0014/LH287,8.329670603597222
2024,neh2,GEMS-0113_PHB47_0020/LH287,8.329670603597222
2024,neh2,GEMS-0113_PHB47_0021/LH287,8.329670603597222
2024,neh2,GEMS-0113_PHBW8_0001/LH287,8.329670603597222
2024,neh2,GEMS-0113_PHBW8_0006/LH287,8.329670603597222
2024,neh2,GEMS-0113_PHBW8_0009/LH287,8.329670603597222
2024,neh2,GEMS-0113_PHBW8_0010/LH287,8.329670603597222
2024,neh2,GEMS-0113_PHBW8_0013/LH287,8.329670603597222
2024,neh2,GEMS-0113_PHBW8_0014/LH287,8.329670603597222
2024,neh2,GEMS-0113_PHBW8_0017/LH287,8.329670603597222
2024,neh2,GEMS-0219_3AZA1_0002/LH287,8.329670603597222
2024,neh2,GEMS-0219_3AZA1_0003/LH287,8.329670603597222
2024,neh2,GEMS-0219_3AZA1_0004/LH287,8.329670603597222
2024,neh2,GEMS-0219_3AZA1_0010/LH287,8.329670603597222
2024,neh2,GEMS-0219_3AZA1_0012/LH287,8.329670603597222
2024,neh2,GEMS-0219_FBLL_0003/LH287,8.329670603597222
2024,neh2,GEMS-0219_FBLL_0004/LH287,8.329670603597222
2024,neh2,GEMS-0219_FBLL_0005/LH287,8.329670603597222
2024,neh2,GEMS-0219_FBLL_0007/LH287,8.329670603597222
2024,neh2,GEMS-0219_FBLL_0009/LH287,8.329670603597222
2024,neh2,GEMS-0219_FBLL_0012/LH287,8.329670603597222
2024,neh2,GEMS-0219_FBLL_0013/LH287,8.329670603597222
2024,neh2,GEMS-0219_FBLL_0015/LH287,8.329670603597222
2024,neh2,GEMS-0219_FBLL_0017/LH287,8.329670603597222
2024,neh2,GEMS-0219_FBLL_0021/LH287,8.329670603597222
2024,neh2,GEMS-0219_FBLL_0022/LH287,8.329670603597222
2024,neh2,GEMS-0219_FBLL_0023/LH287,8.329670603597222
2024,neh2,GEMS-0219_FBLL_0027/LH287,8.329670603597222
2024,neh2,GEMS-0219_FBLL_0028/LH287,8.329670603597222
2024,neh2,GEMS-0219_PHB47_0004/LH287,8.329670603597222
2024,neh2,GEMS-0219_PHB47_0005/LH287,8.329670603597222
2024,neh2,GEMS-0219_PHBW8_0002/LH287,8.329670603597222
2024,neh2,GEMS-0219_PHBW8_0003/LH287,8.329670603597222
2024,neh2,GEMS-0219_PHBW8_0004/LH287,8.329670603597222
2024,neh2,GEMS-0219_PHBW8_0006/LH287,8.329670603597222
2024,neh2,GEMS-0219_PHBW8_0008/LH287,8.329670603597222
2024,neh2,GEMS-0219_PHBW8_0009/LH287,8.329670603597222
2024,neh2,GEMS-0227_3AZA1_0001/LH287,8.329670603597222
2024,neh2,GEMS-0227_3AZA1_0002/LH287,8.329670603597222
2024,neh2,GEMS-0227_3AZA1_0005/LH287,8.329670603597222
2024,neh2,GEMS-0227_3AZA1_0007/LH287,8.329670603597222
2024,neh2,GEMS-0227_3AZA1_0017/LH287,8.329670603597222
2024,neh2,GEMS-0227_3AZA1_0018/LH287,8.329670603597222
2024,neh2,GEMS-0227_3AZA1_0021/LH287,8.329670603597222
2024,neh2,GEMS-0227_3AZA1_0022/LH287,8.329670603597222
2024,neh2,GEMS-0227_3AZA1_0023/LH287,8.329670603597222
2024,neh2,GEMS-0227_3AZA1_0024/LH287,8.329670603597222
2024,neh2,GEMS-0227_3AZA1_0029/LH287,8.329670603597222
2024,neh2,GEMS-0227_3AZA1_0030/LH287,8.329670603597222
2024,neh2,GEMS-0227_3AZA1_0031/LH287,8.329670603597222
2024,neh2,GEMS-0227_3AZA1_0046/LH287,8.329670603597222
2024,neh2,GEMS-0227_FBLL_0001/LH287,8.329670603597222
2024,neh2,GEMS-0227_FBLL_0005/LH287,8.329670603597222
2024,neh2,GEMS-0227_FBLL_0008/LH287,8.329670603597222
2024,neh2,GEMS-0227_FBLL_0010/LH287,8.329670603597222
2024,neh2,GEMS-0227_FBLL_0012/LH287,8.329670603597222
2024,neh2,GEMS-0227_FBLL_0016/LH287,8.329670603597222
2024,neh2,GEMS-0227_FBLL_0018/LH287,8.329670603597222
2024,neh2,GEMS-0227_FBLL_0021/LH287,8.329670603597222
2024,neh2,GEMS-0227_FBLL_0026/LH287,8.329670603597222
2024,neh2,GEMS-0227_FBLL_0030/LH287,8.329670603597222
2024,neh2,GEMS-0227_FBLL_0032/LH287,8.329670603597222
2024,neh2,GEMS-0227_FBLL_0039/LH287,8.329670603597222
2024,neh2,GEMS-0227_FBLL_0040/LH287,8.329670603597222
2024,neh2,GEMS-0227_FBLL_0042/LH287,8.329670603597222
2024,neh2,GEMS-0227_FBLL_0045/LH287,8.329670603597222
2024,neh2,GEMS-0227_FBLL_0046/LH287,8.329670603597222
2024,neh2,GEMS-0227_FBLL_0053/LH287,8.329670603597222
2024,neh2,GEMS-0227_FBLL_0054/LH287,8.329670603597222
2024,neh2,GEMS-0227_FBLL_0055/LH287,8.329670603597222
2024,neh2,GEMS-0227_FBLL_0056/LH287,8.329670603597222
2024,neh2,GEMS-0227_FBLL_0057/LH287,8.329670603597222
2024,neh2,GEMS-0227_FBLL_0059/LH287,8.329670603597222
2024,neh2,GEMS-0227_FBLL_0060/LH287,8.329670603597222
2024,neh2,GEMS-0227_FBLL_0062/LH287,8.329670603597222
2024,neh2,GEMS-0227_FBLL_0063/LH287,8.329670603597222
2024,neh2,GEMS-0227_FBLL_0066/LH287,8.329670603597222
2024,neh2,GEMS-0227_FBLL_0071/LH287,8.329670603597222
2024,neh2,GEMS-0227_FBLL_0074/LH287,8.329670603597222
2024,neh2,GEMS-0227_FBLL_0075/LH287,8.329670603597222
2024,neh2,GEMS-0227_FBLL_0082/LH287,8.329670603597222
2024,neh2,GEMS-0227_FBLL_0084/LH287,8.329670603597222
2024,neh2,GEMS-0227_FBLL_0086/LH287,8.329670603597222
2024,neh2,GEMS-0227_FBLL_0088/LH287,8.329670603597222
2024,neh2,GEMS-0227_FBLL_0094/LH287,8.329670603597222
2024,neh2,GEMS-0227_FBLL_0097/LH287,8.329670603597222
2024,neh2,GEMS-0227_FBLL_0102/LH287,8.329670603597222
2024,neh2,GEMS-0227_FBLL_0107/LH287,8.329670603597222
2024,neh2,GEMS-0227_FBLL_0110/LH287,8.329670603597222
2024,neh2,GEMS-0227_FBLL_0114/LH287,8.329670603597222
2024,neh2,GEMS-0227_FBLL_0115/LH287,8.329670603597222
2024,neh2,GEMS-0227_FBLL_0117/LH287,8.329670603597222
2024,neh2,GEMS-0227_FBLL_0127/LH287,8.329670603597222
2024,neh2,GEMS-0227_FBLL_0133/LH287,8.329670603597222
2024,neh2,GEMS-0227_PHB47_0001/LH287,8.329670603597222
2024,neh2,GEMS-0227_PHB47_0006/LH287,8.329670603597222
2024,neh2,GEMS-0227_PHB47_0009/LH287,8.329670603597222
2024,neh2,GEMS-0227_PHB47_0014/LH287,8.329670603597222
2024,neh2,GEMS-0227_PHB47_0016/LH287,8.329670603597222
2024,neh2,GEMS-0227_PHB47_0024/LH287,8.329670603597222
2024,neh2,GEMS-0227_PHB47_0025/LH287,8.329670603597222
2024,neh2,GEMS-0227_PHBW8_0005/LH287,8.329670603597222
2024,neh2,GEMS-0227_PHBW8_0011/LH287,8.329670603597222
2024,neh2,GEMS-0227_PHBW8_0012/LH287,8.329670603597222
2024,neh2,GEMS-0227_PHBW8_0015/LH287,8.329670603597222
2024,neh2,GEMS-0227_PHBW8_0016/LH287,8.329670603597222
2024,neh2,LH132/LH287,8.354046038388573
2024,neh2,LH192/LH287,8.329670603597222
2024,neh2,LH195/LH287,8.759656631986
2024,neh2,LH195/PHZ51,8.69594281135445
2024,neh2,LH198/LH287,8.299589316232716
2024,neh2,LH200/LH287,8.329670603597222
2024,neh2,LH204/LH287,8.329670603597222
2024,neh2,LH220HT/LH287,8.329670603597222
2024,neh2,LH226HT/LH287,8.329670603597222
2024,neh2,LH231/LH287,8.329670603597222
2024,neh2,LH234/LH287,8.329670603597222
2024,neh2,LH235/LH287,8.329670603597222
2024,neh2,LH238/LH287,8.329670603597222
2024,neh2,LH244/PHK76,8.42700496234257
2024,neh2,LH273/LH287,8.329670603597222
2024,neh2,LH287/LH244,10.171744041591811
2024,neh2,LH82/LH244,8.487255995235298
2024,neh2,MM501D/LH244,9.371084600053146
2024,neh2,PH05W/LH287,8.329670603597222
2024,neh2,PH09B/LH287,8.329670603597222
2024,neh2,PH12C/LH287,8.329670603597222
2024,neh2,PH1CA/LH287,8.329670603597222
2024,neh2,PH1GC/LH287,8.329670603597222
2024,neh2,PH1TB/LH287,8.329670603597222
2024,neh2,PH24E/LH244,9.586225254502674
2024,neh2,PH24M/LH287,8.329670603597222
2024,neh2,PH44A/LH287,8.329670603597222
2024,neh2,PH55C/LH287,8.329670603597222
2024,neh2,PHB47/PHN82,9.094301387808764
2024,neh2,PHB47/PHZ51,8.288909456081372
2024,neh2,PHBW8/LH287,8.329670603597222
2024,neh2,PHG29/PHG47,7.641620642597098
2024,neh2,PHG39/PHN82,9.211251069948547
2024,neh2,PHHB9/LH287,8.71213559764441
2024,neh2,PHJ40/PHAJ0,5.750204651236985
2024,neh2,PHJ89/LH244,9.10432797308227
2024,neh2,PHJR5/LH287,8.329670603597222
2024,neh2,PHK56/LH244,9.430004846900257
2024,neh2,PHKV0/LH287,8.329670603597222
2024,neh2,PHN46/LH244,8.19913065771706
2024,neh2,PHN66/LH287,8.311449432208024
2024,neh2,PHNJ2/LH287,8.329670603597222
2024,neh2,PHP02/LH244,9.430004846900257
2024,neh2,PHP38/LH287,8.329101133621416
2024,neh2,PHR03/LH244,9.760856235961064
2024,neh2,PHR61/LH287,8.329670603597222
2024,neh2,PHRE1/PHTD5,6.0903487299261725
2024,neh2,PHT47/LH287,8.329670603597222
2024,neh2,PHW30/LH244,9.264610855029751
2024,neh2,PHW52/LH287,8.431367851994148
2024,neh2,PHW52/PHM49,8.841269132318574
2024,neh2,W10004_0031/LH287,8.329670603597222
2024,neh2,W10004_0055/LH287,8.329670603597222
2024,neh2,W10004_0062/LH287,8.329670603597222
2024,neh2,W10004_0160/LH287,8.329670603597222
2024,neh2,W10004_0168/LH287,8.329670603597222
2024,neh2,W10004_0189/LH287,8.329670603597222
2024,neh2,W10004_0236/LH287,8.329670603597222
2024,neh2,W10004_0238/LH287,8.329670603597222
2024,neh2,W10004_0258/LH287,8.3458990268488
2024,neh2,W10004_0311/LH287,8.329670603597222
2024,neh2,W10004_0403/LH287,8.329670603597222
2024,neh2,W10004_0601/LH287,8.483724610782653
2024,neh2,W10004_0608/LH287,8.329670603597222
2024,neh2,W10004_0637/LH287,8.329670603597222
2024,neh2,W10004_0688/LH287,8.329670603597222
2024,neh2,W10004_0691/LH287,8.021987073177094
2024,neh2,W10004_0754/LH287,8.329670603597222
2024,neh2,W10004_0859/LH287,8.31077507186795
2024,neh2,W10004_1080/LH287,8.329670603597222
2024,neh2,WQCD10/LH287,8.329670603597222
2024,neh2,ZS0510/LH287,8.329670603597222
2024,neh3,01CSI6/LH287,8.998148104291245
2024,neh3,01DIB2/LH287,8.998148104291245
2024,neh3,2369/LH123HT,10.639656170900972
2024,neh3,B14A/OH43,8.678975494056663
2024,neh3,B37/H95,8.684755482821762
2024,neh3,B73/MO17,10.76139610353856
2024,neh3,B73/PHN82,10.839135420854396
2024,neh3,CG119/CG108,5.032188963550336
2024,neh3,CG44/CGR01,7.57305801759829
2024,neh3,DK3IIH6/LH244,10.596572859713229
2024,neh3,DKFBHJ/LH287,9.151433591880076
2024,neh3,FBLL/LH287,8.998148104291245
2024,neh3,GEMS-0061_3AZA1_0001/LH287,8.998148104291245
2024,neh3,GEMS-0061_3AZA1_0005/LH287,8.998148104291245
2024,neh3,GEMS-0061_3AZA1_0006/LH287,8.998148104291245
2024,neh3,GEMS-0061_3AZA1_0011/LH287,8.998148104291245
2024,neh3,GEMS-0061_3AZA1_0013/LH287,8.998148104291245
2024,neh3,GEMS-0061_3AZA1_0015/LH287,8.998148104291245
2024,neh3,GEMS-0061_3AZA1_0017/LH287,8.998148104291245
2024,neh3,GEMS-0061_3AZA1_0021/LH287,8.998148104291245
2024,neh3,GEMS-0061_3AZA1_0023/LH287,8.998148104291245
2024,neh3,GEMS-0061_FBLL_0004/LH287,8.998148104291245
2024,neh3,GEMS-0061_FBLL_0009/LH287,8.998148104291245
2024,neh3,GEMS-0061_FBLL_0010/LH287,8.998148104291245
2024,neh3,GEMS-0061_FBLL_0015/LH287,8.998148104291245
2024,neh3,GEMS-0061_FBLL_0016/LH287,8.998148104291245
2024,neh3,GEMS-0061_FBLL_0019/LH287,8.998148104291245
2024,neh3,GEMS-0061_FBLL_0022/LH287,8.998148104291245
2024,neh3,GEMS-0061_FBLL_0024/LH287,8.998148104291245
2024,neh3,GEMS-0061_FBLL_0026/LH287,8.998148104291245
2024,neh3,GEMS-0061_FBLL_0029/LH287,8.998148104291245
2024,neh3,GEMS-0061_FBLL_0033/LH287,8.998148104291245
2024,neh3,GEMS-0061_FBLL_0034/LH287,8.998148104291245
2024,neh3,GEMS-0061_FBLL_0035/LH287,8.998148104291245
2024,neh3,GEMS-0061_FBLL_0038/LH287,8.998148104291245
2024,neh3,GEMS-0061_FBLL_0042/LH287,8.998148104291245
2024,neh3,GEMS-0061_FBLL_0044/LH287,8.998148104291245
2024,neh3,GEMS-0061_FBLL_0047/LH287,8.998148104291245
2024,neh3,GEMS-0061_PHB47_0001/LH287,8.998148104291245
2024,neh3,GEMS-0061_PHB47_0003/LH287,8.998148104291245
2024,neh3,GEMS-0061_PHBW8_0001/LH287,8.998148104291245
2024,neh3,GEMS-0113_3AZA1_0001/LH287,8.998148104291245
2024,neh3,GEMS-0113_3AZA1_0002/LH287,8.998148104291245
2024,neh3,GEMS-0113_3AZA1_0004/LH287,8.998148104291245
2024,neh3,GEMS-0113_3AZA1_0005/LH287,8.998148104291245
2024,neh3,GEMS-0113_3AZA1_0007/LH287,8.998148104291245
2024,neh3,GEMS-0113_3AZA1_0010/LH287,8.998148104291245
2024,neh3,GEMS-0113_3AZA1_0013/LH287,8.998148104291245
2024,neh3,GEMS-0113_3AZA1_0014/LH287,8.998148104291245
2024,neh3,GEMS-0113_3AZA1_0016/LH287,8.998148104291245
2024,neh3,GEMS-0113_3AZA1_0018/LH287,8.998148104291245
2024,neh3,GEMS-0113_3AZA1_0023/LH287,8.998148104291245
2024,neh3,GEMS-0113_3AZA1_0031/LH287,8.998148104291245
2024,neh3,GEMS-0113_3AZA1_0038/LH287,8.998148104291245
2024,neh3,GEMS-0113_FBLL_0003/LH287,8.998148104291245
2024,neh3,GEMS-0113_FBLL_0007/LH287,8.998148104291245
2024,neh3,GEMS-0113_FBLL_0015/LH287,8.998148104291245
2024,neh3,GEMS-0113_PHB47_0006/LH287,8.998148104291245
2024,neh3,GEMS-0113_PHB47_0011/LH287,8.998148104291245
2024,neh3,GEMS-0113_PHB47_0019/LH287,8.998148104291245
2024,neh3,GEMS-0113_PHBW8_0002/LH287,8.998148104291245
2024,neh3,GEMS-0113_PHBW8_0004/LH287,8.998148104291245
2024,neh3,GEMS-0113_PHBW8_0005/LH287,8.998148104291245
2024,neh3,GEMS-0113_PHBW8_0008/LH287,8.998148104291245
2024,neh3,GEMS-0113_PHBW8_0014/LH287,8.998148104291245
2024,neh3,GEMS-0219_3AZA1_0001/LH287,8.998148104291245
2024,neh3,GEMS-0219_3AZA1_0007/LH287,8.998148104291245
2024,neh3,GEMS-0219_3AZA1_0009/LH287,8.998148104291245
2024,neh3,GEMS-0219_FBLL_0002/LH287,8.998148104291245
2024,neh3,GEMS-0219_FBLL_0006/LH287,8.998148104291245
2024,neh3,GEMS-0219_FBLL_0011/LH287,8.998148104291245
2024,neh3,GEMS-0219_FBLL_0013/LH287,8.998148104291245
2024,neh3,GEMS-0219_FBLL_0025/LH287,8.998148104291245
2024,neh3,GEMS-0219_FBLL_0030/LH287,8.998148104291245
2024,neh3,GEMS-0219_PHB47_0005/LH287,8.998148104291245
2024,neh3,GEMS-0219_PHB47_0011/LH287,8.998148104291245
2024,neh3,GEMS-0219_PHB47_0014/LH287,8.998148104291245
2024,neh3,GEMS-0219_PHB47_0017/LH287,8.998148104291245
2024,neh3,GEMS-0219_PHBW8_0001/LH287,8.998148104291245
2024,neh3,GEMS-0227_3AZA1_0003/LH287,8.998148104291245
2024,neh3,GEMS-0227_3AZA1_0006/LH287,8.998148104291245
2024,neh3,GEMS-0227_3AZA1_0007/LH287,8.998148104291245
2024,neh3,GEMS-0227_3AZA1_0008/LH287,8.998148104291245
2024,neh3,GEMS-0227_3AZA1_0009/LH287,8.998148104291245
2024,neh3,GEMS-0227_3AZA1_0010/LH287,8.998148104291245
2024,neh3,GEMS-0227_3AZA1_0011/LH287,8.998148104291245
2024,neh3,GEMS-0227_3AZA1_0012/LH287,8.998148104291245
2024,neh3,GEMS-0227_3AZA1_0013/LH287,8.998148104291245
2024,neh3,GEMS-0227_3AZA1_0015/LH287,8.998148104291245
2024,neh3,GEMS-0227_3AZA1_0016/LH287,8.998148104291245
2024,neh3,GEMS-0227_3AZA1_0022/LH287,8.998148104291245
2024,neh3,GEMS-0227_3AZA1_0028/LH287,8.998148104291245
2024,neh3,GEMS-0227_3AZA1_0031/LH287,8.998148104291245
2024,neh3,GEMS-0227_3AZA1_0032/LH287,8.998148104291245
2024,neh3,GEMS-0227_3AZA1_0034/LH287,8.998148104291245
2024,neh3,GEMS-0227_3AZA1_0035/LH287,8.998148104291245
2024,neh3,GEMS-0227_3AZA1_0040/LH287,8.998148104291245
2024,neh3,GEMS-0227_3AZA1_0043/LH287,8.998148104291245
2024,neh3,GEMS-0227_3AZA1_0048/LH287,8.998148104291245
2024,neh3,GEMS-0227_3AZA1_0049/LH287,8.998148104291245
2024,neh3,GEMS-0227_FBLL_0001/LH287,8.998148104291245
2024,neh3,GEMS-0227_FBLL_0003/LH287,8.998148104291245
2024,neh3,GEMS-0227_FBLL_0009/LH287,8.998148104291245
2024,neh3,GEMS-0227_FBLL_0016/LH287,8.998148104291245
2024,neh3,GEMS-0227_FBLL_0017/LH287,8.998148104291245
2024,neh3,GEMS-0227_FBLL_0021/LH287,8.998148104291245
2024,neh3,GEMS-0227_FBLL_0022/LH287,8.998148104291245
2024,neh3,GEMS-0227_FBLL_0024/LH287,8.998148104291245
2024,neh3,GEMS-0227_FBLL_0025/LH287,8.998148104291245
2024,neh3,GEMS-0227_FBLL_0026/LH287,8.998148104291245
2024,neh3,GEMS-0227_FBLL_0028/LH287,8.998148104291245
2024,neh3,GEMS-0227_FBLL_0029/LH287,8.998148104291245
2024,neh3,GEMS-0227_FBLL_0033/LH287,8.998148104291245
2024,neh3,GEMS-0227_FBLL_0036/LH287,8.998148104291245
2024,neh3,GEMS-0227_FBLL_0037/LH287,8.998148104291245
2024,neh3,GEMS-0227_FBLL_0038/LH287,8.998148104291245
2024,neh3,GEMS-0227_FBLL_0041/LH287,8.998148104291245
2024,neh3,GEMS-0227_FBLL_0044/LH287,8.998148104291245
2024,neh3,GEMS-0227_FBLL_0049/LH287,8.998148104291245
2024,neh3,GEMS-0227_FBLL_0050/LH287,8.998148104291245
2024,neh3,GEMS-0227_FBLL_0051/LH287,8.998148104291245
2024,neh3,GEMS-0227_FBLL_0052/LH287,8.998148104291245
2024,neh3,GEMS-0227_FBLL_0053/LH287,8.998148104291245
2024,neh3,GEMS-0227_FBLL_0056/LH287,8.998148104291245
2024,neh3,GEMS-0227_FBLL_0058/LH287,8.998148104291245
2024,neh3,GEMS-0227_FBLL_0062/LH287,8.998148104291245
2024,neh3,GEMS-0227_FBLL_0066/LH287,8.998148104291245
2024,neh3,GEMS-0227_FBLL_0067/LH287,8.998148104291245
2024,neh3,GEMS-0227_FBLL_0068/LH287,8.998148104291245
2024,neh3,GEMS-0227_FBLL_0070/LH287,8.998148104291245
2024,neh3,GEMS-0227_FBLL_0071/LH287,8.998148104291245
2024,neh3,GEMS-0227_FBLL_0072/LH287,8.998148104291245
2024,neh3,GEMS-0227_FBLL_0079/LH287,8.998148104291245
2024,neh3,GEMS-0227_FBLL_0080/LH287,8.998148104291245
2024,neh3,GEMS-0227_FBLL_0084/LH287,8.998148104291245
2024,neh3,GEMS-0227_FBLL_0086/LH287,8.998148104291245
2024,neh3,GEMS-0227_FBLL_0087/LH287,8.998148104291245
2024,neh3,GEMS-0227_FBLL_0088/LH287,8.998148104291245
2024,neh3,GEMS-0227_FBLL_0089/LH287,8.998148104291245
2024,neh3,GEMS-0227_FBLL_0093/LH287,8.998148104291245
2024,neh3,GEMS-0227_FBLL_0094/LH287,8.998148104291245
2024,neh3,GEMS-0227_FBLL_0095/LH287,8.998148104291245
2024,neh3,GEMS-0227_FBLL_0096/LH287,8.998148104291245
2024,neh3,GEMS-0227_FBLL_0098/LH287,8.998148104291245
2024,neh3,GEMS-0227_FBLL_0105/LH287,8.998148104291245
2024,neh3,GEMS-0227_FBLL_0106/LH287,8.998148104291245
2024,neh3,GEMS-0227_FBLL_0113/LH287,8.998148104291245
2024,neh3,GEMS-0227_FBLL_0124/LH287,8.998148104291245
2024,neh3,GEMS-0227_FBLL_0125/LH287,8.998148104291245
2024,neh3,GEMS-0227_FBLL_0134/LH287,8.998148104291245
2024,neh3,GEMS-0227_FBLL_0136/LH287,8.998148104291245
2024,neh3,GEMS-0227_PHB47_0002/LH287,8.998148104291245
2024,neh3,GEMS-0227_PHB47_0004/LH287,8.998148104291245
2024,neh3,GEMS-0227_PHB47_0010/LH287,8.998148104291245
2024,neh3,GEMS-0227_PHB47_0011/LH287,8.998148104291245
2024,neh3,GEMS-0227_PHB47_0012/LH287,8.998148104291245
2024,neh3,GEMS-0227_PHB47_0014/LH287,8.998148104291245
2024,neh3,GEMS-0227_PHB47_0016/LH287,8.998148104291245
2024,neh3,GEMS-0227_PHB47_0022/LH287,8.998148104291245
2024,neh3,GEMS-0227_PHB47_0026/LH287,8.998148104291245
2024,neh3,GEMS-0227_PHBW8_0002/LH287,8.998148104291245
2024,neh3,GEMS-0227_PHBW8_0013/LH287,8.998148104291245
2024,neh3,GEMS-0227_PHBW8_0018/LH287,8.998148104291245
2024,neh3,GEMS-0227_PHBW8_0020/LH287,8.998148104291245
2024,neh3,GEMS-0227_PHBW8_0021/LH287,8.998148104291245
2024,neh3,GEMS-0227_PHBW8_0022/LH287,8.998148104291245
2024,neh3,LH195/LH287,9.265928598481278
2024,neh3,LH195/PHZ51,9.007467902542274
2024,neh3,LH197/LH287,8.998148104291245
2024,neh3,LH198/LH287,8.986571880822774
2024,neh3,LH228/LH287,8.998148104291245
2024,neh3,LH236/LH287,8.998148104291245
2024,neh3,LH237/LH287,8.998148104291245
2024,neh3,LH244/PHK76,9.136619703881438
2024,neh3,LH287/LH244,11.236072112358128
2024,neh3,LH82/LH244,9.18603938802675
2024,neh3,MM501D/LH244,10.643129858377627
2024,neh3,PH05W/LH287,8.998148104291245
2024,neh3,PH06N/LH287,8.998148104291245
2024,neh3,PH07D/LH287,8.998148104291245
2024,neh3,PH080/LH287,8.998148104291245
2024,neh3,PH08A/LH287,8.998148104291245
2024,neh3,PH0GP/LH287,8.998148104291245
2024,neh3,PH12C/LH287,8.998148104291245
2024,neh3,PH19V/LH287,8.998148104291245
2024,neh3,PH1CA/LH287,8.998148104291245
2024,neh3,PH1TB/LH287,8.998148104291245
2024,neh3,PH1W2/LH287,8.998148104291245
2024,neh3,PH24E/LH244,10.821110499737614
2024,neh3,PH24M/LH287,8.998148104291245
2024,neh3,PH32C/LH287,8.998148104291245
2024,neh3,PH37C/LH287,8.998148104291245
2024,neh3,PH38D/LH287,8.998148104291245
2024,neh3,PH44A/LH287,8.998148104291245
2024,neh3,PH63A/LH287,8.998148104291245
2024,neh3,PH79A/LH287,8.998148104291245
2024,neh3,PHB47/LH287,8.998939236086827
2024,neh3,PHB47/PHN82,9.852036124706201
2024,neh3,PHB47/PHZ51,8.749681052023973
2024,neh3,PHEW7/LH287,8.998148104291245
2024,neh3,PHG29/PHG47,7.956115481666885
2024,neh3,PHG39/PHN82,9.873011350083177
2024,neh3,PHJ40/PHAJ0,5.66163550181273
2024,neh3,PHJ89/LH244,10.221190871355196
2024,neh3,PHK56/LH244,10.633942178804821
2024,neh3,PHN46/LH244,8.821073975412576
2024,neh3,PHP02/LH244,10.633942178804821
2024,neh3,PHP38/LH287,9.042622191540463
2024,neh3,PHR03/LH244,10.845451115560907
2024,neh3,PHR61/LH287,8.998148104291245
2024,neh3,PHRE1/PHTD5,6.615039195699643
2024,neh3,PHT10/LH287,8.998148104291245
2024,neh3,PHT11/LH287,8.998148104291245
2024,neh3,PHVA9/LH287,8.998148104291245
2024,neh3,PHVJ5/LH287,8.998148104291245
2024,neh3,PHW30/LH244,10.42427440136582
2024,neh3,PHW52/PHM49,9.461157795961368
2024,neh3,W10004_0018/LH287,8.895322257380293
2024,neh3,W10004_0034/LH287,8.998148104291245
2024,neh3,W10004_0146/LH287,8.998148104291245
2024,neh3,W10004_0270/LH287,9.032494886103342
2024,neh3,W10004_0403/LH287,8.998148104291245
2024,neh3,W10004_0409/LH287,9.263441492734009
2024,neh3,W10004_0412/LH287,8.998148104291245
2024,neh3,W10004_0476/LH287,8.91561650059884
2024,neh3,W10004_0658/LH287,8.998148104291245
2024,neh3,W10004_0714/LH287,8.893377170333014
2024,neh3,W10004_0747/LH287,8.998148104291245
2024,neh3,W10004_0754/LH287,8.998148104291245
2024,neh3,W10004_0801/LH287,8.998148104291245
2024,neh3,W10004_0822/LH287,8.998148104291245
2024,neh3,W10004_0858/LH287,8.998148104291245
2024,neh3,W10004_0866/LH287,8.998148104291245
2024,neh3,W10004_0949/LH287,8.998148104291245
2024,neh3,W10004_1014/LH287,8.998148104291245
2024,neh3,W10004_1018/LH287,8.998148104291245
2024,neh3,W10004_1032/LH287,8.998148104291245
2024,neh3,ZS01459/LH287,8.998148104291245
2024,nyh2,2369/LH123HT,11.338082061091578
2024,nyh2,6F629/PHP02,9.96019500170003
2024,nyh2,B14A/OH43,9.398880769875248
2024,nyh2,B37/H95,9.325209741642743
2024,nyh2,B73/MO17,11.099890387490033
2024,nyh2,B73/PHN82,11.386947369062204
2024,nyh2,B73/TX779,7.548300247123431
2024,nyh2,CG119/CG108,6.488220189800334
2024,nyh2,CG44/CGR01,8.663537620806848
2024,nyh2,DK3IIH6/LH244,11.105867859399497
2024,nyh2,FBLA/PHP02,9.876575417886597
2024,nyh2,FBLL/PHP02,9.876575417886597
2024,nyh2,GEMS-0061_3AZA1_0006/PHP02,9.876575417886597
2024,nyh2,GEMS-0061_3AZA1_0007/PHP02,9.876575417886597
2024,nyh2,GEMS-0061_3AZA1_0010/PHP02,9.876575417886597
2024,nyh2,GEMS-0061_3AZA1_0011/PHP02,9.876575417886597
2024,nyh2,GEMS-0061_3AZA1_0014/PHP02,9.876575417886597
2024,nyh2,GEMS-0061_3AZA1_0015/PHP02,9.876575417886597
2024,nyh2,GEMS-0061_3AZA1_0017/PHP02,9.876575417886597
2024,nyh2,GEMS-0061_FBLL_0002/PHP02,9.876575417886597
2024,nyh2,GEMS-0061_FBLL_0004/PHP02,9.876575417886597
2024,nyh2,GEMS-0061_FBLL_0007/PHP02,9.876575417886597
2024,nyh2,GEMS-0061_FBLL_0008/PHP02,9.876575417886597
2024,nyh2,GEMS-0061_FBLL_0009/PHP02,9.876575417886597
2024,nyh2,GEMS-0061_FBLL_0010/PHP02,9.876575417886597
2024,nyh2,GEMS-0061_FBLL_0011/PHP02,9.876575417886597
2024,nyh2,GEMS-0061_FBLL_0017/PHP02,9.876575417886597
2024,nyh2,GEMS-0061_FBLL_0019/PHP02,9.876575417886597
2024,nyh2,GEMS-0061_FBLL_0022/PHP02,9.876575417886597
2024,nyh2,GEMS-0061_FBLL_0024/PHP02,9.876575417886597
2024,nyh2,GEMS-0061_FBLL_0026/PHP02,9.876575417886597
2024,nyh2,GEMS-0061_FBLL_0029/PHP02,9.876575417886597
2024,nyh2,GEMS-0061_FBLL_0034/PHP02,9.876575417886597
2024,nyh2,GEMS-0061_FBLL_0035/PHP02,9.876575417886597
2024,nyh2,GEMS-0061_FBLL_0037/PHP02,9.876575417886597
2024,nyh2,GEMS-0061_FBLL_0038/PHP02,9.876575417886597
2024,nyh2,GEMS-0061_FBLL_0040/PHP02,9.876575417886597
2024,nyh2,GEMS-0061_FBLL_0044/PHP02,9.876575417886597
2024,nyh2,GEMS-0061_FBLL_0047/PHP02,9.876575417886597
2024,nyh2,GEMS-0061_FBLL_0050/PHP02,9.876575417886597
2024,nyh2,GEMS-0061_PHB47_0001/PHP02,9.876575417886597
2024,nyh2,GEMS-0061_PHB47_0003/PHP02,9.876575417886597
2024,nyh2,GEMS-0061_PHBW8_0001/PHP02,9.876575417886597
2024,nyh2,GEMS-0113_3AZA1_0002/PHP02,9.876575417886597
2024,nyh2,GEMS-0113_3AZA1_0003/PHP02,9.876575417886597
2024,nyh2,GEMS-0113_3AZA1_0004/PHP02,9.876575417886597
2024,nyh2,GEMS-0113_3AZA1_0005/PHP02,9.876575417886597
2024,nyh2,GEMS-0113_3AZA1_0008/PHP02,9.876575417886597
2024,nyh2,GEMS-0113_3AZA1_0010/PHP02,9.876575417886597
2024,nyh2,GEMS-0113_3AZA1_0011/PHP02,9.876575417886597
2024,nyh2,GEMS-0113_3AZA1_0013/PHP02,9.876575417886597
2024,nyh2,GEMS-0113_3AZA1_0015/PHP02,9.876575417886597
2024,nyh2,GEMS-0113_3AZA1_0016/PHP02,9.876575417886597
2024,nyh2,GEMS-0113_3AZA1_0017/PHP02,9.876575417886597
2024,nyh2,GEMS-0113_3AZA1_0019/PHP02,9.876575417886597
2024,nyh2,GEMS-0113_3AZA1_0021/PHP02,9.876575417886597
2024,nyh2,GEMS-0113_3AZA1_0022/PHP02,9.876575417886597
2024,nyh2,GEMS-0113_3AZA1_0024/PHP02,9.876575417886597
2024,nyh2,GEMS-0113_3AZA1_0028/PHP02,9.876575417886597
2024,nyh2,GEMS-0113_FBLL_0002/PHP02,9.876575417886597
2024,nyh2,GEMS-0113_FBLL_0004/PHP02,9.876575417886597
2024,nyh2,GEMS-0113_FBLL_0006/PHP02,9.876575417886597
2024,nyh2,GEMS-0113_FBLL_0007/PHP02,9.876575417886597
2024,nyh2,GEMS-0113_FBLL_0010/PHP02,9.876575417886597
2024,nyh2,GEMS-0113_FBLL_0011/PHP02,9.876575417886597
2024,nyh2,GEMS-0113_FBLL_0013/PHP02,9.876575417886597
2024,nyh2,GEMS-0113_FBLL_0015/PHP02,9.876575417886597
2024,nyh2,GEMS-0113_PHB47_0001/PHP02,9.876575417886597
2024,nyh2,GEMS-0113_PHB47_0004/PHP02,9.876575417886597
2024,nyh2,GEMS-0113_PHB47_0008/PHP02,9.876575417886597
2024,nyh2,GEMS-0113_PHB47_0009/PHP02,9.876575417886597
2024,nyh2,GEMS-0113_PHB47_0011/PHP02,9.876575417886597
2024,nyh2,GEMS-0113_PHB47_0014/PHP02,9.876575417886597
2024,nyh2,GEMS-0113_PHB47_0019/PHP02,9.876575417886597
2024,nyh2,GEMS-0113_PHB47_0021/PHP02,9.876575417886597
2024,nyh2,GEMS-0113_PHBW8_0001/PHP02,9.876575417886597
2024,nyh2,GEMS-0113_PHBW8_0005/PHP02,9.876575417886597
2024,nyh2,GEMS-0113_PHBW8_0007/PHP02,9.876575417886597
2024,nyh2,GEMS-0113_PHBW8_0009/PHP02,9.876575417886597
2024,nyh2,GEMS-0113_PHBW8_0010/PHP02,9.876575417886597
2024,nyh2,GEMS-0113_PHBW8_0011/PHP02,9.876575417886597
2024,nyh2,GEMS-0113_PHBW8_0013/PHP02,9.876575417886597
2024,nyh2,GEMS-0113_PHBW8_0014/PHP02,9.876575417886597
2024,nyh2,GEMS-0113_PHBW8_0017/PHP02,9.876575417886597
2024,nyh2,GEMS-0219_3AZA1_0001/PHP02,9.876575417886597
2024,nyh2,GEMS-0219_3AZA1_0002/PHP02,9.876575417886597
2024,nyh2,GEMS-0219_3AZA1_0005/PHP02,9.876575417886597
2024,nyh2,GEMS-0219_3AZA1_0006/PHP02,9.876575417886597
2024,nyh2,GEMS-0219_3AZA1_0012/PHP02,9.876575417886597
2024,nyh2,GEMS-0219_3AZA1_0014/PHP02,9.876575417886597
2024,nyh2,GEMS-0219_FBLL_0008/PHP02,9.876575417886597
2024,nyh2,GEMS-0219_FBLL_0009/PHP02,9.876575417886597
2024,nyh2,GEMS-0219_FBLL_0010/PHP02,9.876575417886597
2024,nyh2,GEMS-0219_FBLL_0011/PHP02,9.876575417886597
2024,nyh2,GEMS-0219_FBLL_0012/PHP02,9.876575417886597
2024,nyh2,GEMS-0219_FBLL_0014/PHP02,9.876575417886597
2024,nyh2,GEMS-0219_FBLL_0015/PHP02,9.876575417886597
2024,nyh2,GEMS-0219_FBLL_0018/PHP02,9.876575417886597
2024,nyh2,GEMS-0219_FBLL_0019/PHP02,9.876575417886597
2024,nyh2,GEMS-0219_FBLL_0022/PHP02,9.876575417886597
2024,nyh2,GEMS-0219_FBLL_0023/PHP02,9.876575417886597
2024,nyh2,GEMS-0219_FBLL_0025/PHP02,9.876575417886597
2024,nyh2,GEMS-0219_FBLL_0028/PHP02,9.876575417886597
2024,nyh2,GEMS-0219_FBLL_0030/PHP02,9.876575417886597
2024,nyh2,GEMS-0219_PHB47_0001/PHP02,9.876575417886597
2024,nyh2,GEMS-0219_PHB47_0002/PHP02,9.876575417886597
2024,nyh2,GEMS-0219_PHB47_0003/PHP02,9.876575417886597
2024,nyh2,GEMS-0219_PHB47_0005/PHP02,9.876575417886597
2024,nyh2,GEMS-0219_PHB47_0006/PHP02,9.876575417886597
2024,nyh2,GEMS-0219_PHB47_0014/PHP02,9.876575417886597
2024,nyh2,GEMS-0219_PHBW8_0001/PHP02,9.876575417886597
2024,nyh2,GEMS-0219_PHBW8_0003/PHP02,9.876575417886597
2024,nyh2,GEMS-0219_PHBW8_0004/PHP02,9.876575417886597
2024,nyh2,GEMS-0219_PHBW8_0008/PHP02,9.876575417886597
2024,nyh2,GEMS-0219_PHBW8_0009/PHP02,9.876575417886597
2024,nyh2,GEMS-0219_PHBW8_0011/PHP02,9.876575417886597
2024,nyh2,GEMS-0227_3AZA1_0001/PHP02,9.876575417886597
2024,nyh2,GEMS-0227_3AZA1_0002/PHP02,9.876575417886597
2024,nyh2,GEMS-0227_3AZA1_0003/PHP02,9.876575417886597
2024,nyh2,GEMS-0227_3AZA1_0004/PHP02,9.876575417886597
2024,nyh2,GEMS-0227_3AZA1_0005/PHP02,9.876575417886597
2024,nyh2,GEMS-0227_3AZA1_0007/PHP02,9.876575417886597
2024,nyh2,GEMS-0227_3AZA1_0009/PHP02,9.876575417886597
2024,nyh2,GEMS-0227_3AZA1_0010/PHP02,9.876575417886597
2024,nyh2,GEMS-0227_3AZA1_0012/PHP02,9.876575417886597
2024,nyh2,GEMS-0227_3AZA1_0013/PHP02,9.876575417886597
2024,nyh2,GEMS-0227_3AZA1_0014/PHP02,9.876575417886597
2024,nyh2,GEMS-0227_3AZA1_0015/PHP02,9.876575417886597
2024,nyh2,GEMS-0227_3AZA1_0016/PHP02,9.876575417886597
2024,nyh2,GEMS-0227_3AZA1_0017/PHP02,9.876575417886597
2024,nyh2,GEMS-0227_3AZA1_0019/PHP02,9.876575417886597
2024,nyh2,GEMS-0227_3AZA1_0022/PHP02,9.876575417886597
2024,nyh2,GEMS-0227_3AZA1_0023/PHP02,9.876575417886597
2024,nyh2,GEMS-0227_3AZA1_0024/PHP02,9.876575417886597
2024,nyh2,GEMS-0227_3AZA1_0028/PHP02,9.876575417886597
2024,nyh2,GEMS-0227_3AZA1_0030/PHP02,9.876575417886597
2024,nyh2,GEMS-0227_3AZA1_0031/PHP02,9.876575417886597
2024,nyh2,GEMS-0227_3AZA1_0032/PHP02,9.876575417886597
2024,nyh2,GEMS-0227_3AZA1_0034/PHP02,9.876575417886597
2024,nyh2,GEMS-0227_3AZA1_0035/PHP02,9.876575417886597
2024,nyh2,GEMS-0227_3AZA1_0041/PHP02,9.876575417886597
2024,nyh2,GEMS-0227_3AZA1_0043/PHP02,9.876575417886597
2024,nyh2,GEMS-0227_3AZA1_0045/PHP02,9.876575417886597
2024,nyh2,GEMS-0227_3AZA1_0046/PHP02,9.876575417886597
2024,nyh2,GEMS-0227_3AZA1_0048/PHP02,9.876575417886597
2024,nyh2,GEMS-0227_3AZA1_0049/PHP02,9.876575417886597
2024,nyh2,GEMS-0227_FBLL_0001/PHP02,9.876575417886597
2024,nyh2,GEMS-0227_FBLL_0002/PHP02,9.876575417886597
2024,nyh2,GEMS-0227_FBLL_0003/PHP02,9.876575417886597
2024,nyh2,GEMS-0227_FBLL_0007/PHP02,9.876575417886597
2024,nyh2,GEMS-0227_FBLL_0008/PHP02,9.876575417886597
2024,nyh2,GEMS-0227_FBLL_0009/PHP02,9.876575417886597
2024,nyh2,GEMS-0227_FBLL_0010/PHP02,9.876575417886597
2024,nyh2,GEMS-0227_FBLL_0013/PHP02,9.876575417886597
2024,nyh2,GEMS-0227_FBLL_0014/PHP02,9.876575417886597
2024,nyh2,GEMS-0227_FBLL_0015/PHP02,9.876575417886597
2024,nyh2,GEMS-0227_FBLL_0016/PHP02,9.876575417886597
2024,nyh2,GEMS-0227_FBLL_0017/PHP02,9.876575417886597
2024,nyh2,GEMS-0227_FBLL_0018/PHP02,9.876575417886597
2024,nyh2,GEMS-0227_FBLL_0019/PHP02,9.876575417886597
2024,nyh2,GEMS-0227_FBLL_0022/PHP02,9.876575417886597
2024,nyh2,GEMS-0227_FBLL_0023/PHP02,9.876575417886597
2024,nyh2,GEMS-0227_FBLL_0024/PHP02,9.876575417886597
2024,nyh2,GEMS-0227_FBLL_0025/PHP02,9.876575417886597
2024,nyh2,GEMS-0227_FBLL_0026/PHP02,9.876575417886597
2024,nyh2,GEMS-0227_FBLL_0028/PHP02,9.876575417886597
2024,nyh2,GEMS-0227_FBLL_0029/PHP02,9.876575417886597
2024,nyh2,GEMS-0227_FBLL_0030/PHP02,9.876575417886597
2024,nyh2,GEMS-0227_FBLL_0031/PHP02,9.876575417886597
2024,nyh2,GEMS-0227_FBLL_0032/PHP02,9.876575417886597
2024,nyh2,GEMS-0227_FBLL_0033/PHP02,9.876575417886597
2024,nyh2,GEMS-0227_FBLL_0034/PHP02,9.876575417886597
2024,nyh2,GEMS-0227_FBLL_0035/PHP02,9.876575417886597
2024,nyh2,GEMS-0227_FBLL_0037/PHP02,9.876575417886597
2024,nyh2,GEMS-0227_FBLL_0039/PHP02,9.876575417886597
2024,nyh2,GEMS-0227_FBLL_0041/PHP02,9.876575417886597
2024,nyh2,GEMS-0227_FBLL_0042/PHP02,9.876575417886597
2024,nyh2,GEMS-0227_FBLL_0044/PHP02,9.876575417886597
2024,nyh2,GEMS-0227_FBLL_0045/PHP02,9.876575417886597
2024,nyh2,GEMS-0227_FBLL_0046/PHP02,9.876575417886597
2024,nyh2,GEMS-0227_FBLL_0048/PHP02,9.876575417886597
2024,nyh2,GEMS-0227_FBLL_0050/PHP02,9.876575417886597
2024,nyh2,GEMS-0227_FBLL_0051/PHP02,9.876575417886597
2024,nyh2,GEMS-0227_FBLL_0052/PHP02,9.876575417886597
2024,nyh2,GEMS-0227_FBLL_0053/PHP02,9.876575417886597
2024,nyh2,GEMS-0227_FBLL_0056/PHP02,9.876575417886597
2024,nyh2,GEMS-0227_FBLL_0058/PHP02,9.876575417886597
2024,nyh2,GEMS-0227_FBLL_0059/PHP02,9.876575417886597
2024,nyh2,GEMS-0227_FBLL_0060/PHP02,9.876575417886597
2024,nyh2,GEMS-0227_FBLL_0064/PHP02,9.876575417886597
2024,nyh2,GEMS-0227_FBLL_0066/PHP02,9.876575417886597
2024,nyh2,GEMS-0227_FBLL_0067/PHP02,9.876575417886597
2024,nyh2,GEMS-0227_FBLL_0068/PHP02,9.876575417886597
2024,nyh2,GEMS-0227_FBLL_0069/PHP02,9.876575417886597
2024,nyh2,GEMS-0227_FBLL_0070/PHP02,9.876575417886597
2024,nyh2,GEMS-0227_FBLL_0072/PHP02,9.876575417886597
2024,nyh2,GEMS-0227_FBLL_0074/PHP02,9.876575417886597
2024,nyh2,GEMS-0227_FBLL_0075/PHP02,9.876575417886597
2024,nyh2,GEMS-0227_FBLL_0077/PHP02,9.876575417886597
2024,nyh2,GEMS-0227_FBLL_0078/PHP02,9.876575417886597
2024,nyh2,GEMS-0227_FBLL_0080/PHP02,9.876575417886597
2024,nyh2,GEMS-0227_FBLL_0082/PHP02,9.876575417886597
2024,nyh2,GEMS-0227_FBLL_0084/PHP02,9.876575417886597
2024,nyh2,GEMS-0227_FBLL_0085/PHP02,9.876575417886597
2024,nyh2,GEMS-0227_FBLL_0087/PHP02,9.876575417886597
2024,nyh2,GEMS-0227_FBLL_0088/PHP02,9.876575417886597
2024,nyh2,GEMS-0227_FBLL_0089/PHP02,9.876575417886597
2024,nyh2,GEMS-0227_FBLL_0094/PHP02,9.876575417886597
2024,nyh2,GEMS-0227_FBLL_0096/PHP02,9.876575417886597
2024,nyh2,GEMS-0227_FBLL_0097/PHP02,9.876575417886597
2024,nyh2,GEMS-0227_FBLL_0098/PHP02,9.876575417886597
2024,nyh2,GEMS-0227_FBLL_0102/PHP02,9.876575417886597
2024,nyh2,GEMS-0227_FBLL_0105/PHP02,9.876575417886597
2024,nyh2,GEMS-0227_FBLL_0106/PHP02,9.876575417886597
2024,nyh2,GEMS-0227_FBLL_0110/PHP02,9.876575417886597
2024,nyh2,GEMS-0227_FBLL_0113/PHP02,9.876575417886597
2024,nyh2,GEMS-0227_FBLL_0114/PHP02,9.876575417886597
2024,nyh2,GEMS-0227_FBLL_0116/PHP02,9.876575417886597
2024,nyh2,GEMS-0227_FBLL_0118/PHP02,9.876575417886597
2024,nyh2,GEMS-0227_FBLL_0133/PHP02,9.876575417886597
2024,nyh2,GEMS-0227_FBLL_0134/PHP02,9.876575417886597
2024,nyh2,GEMS-0227_FBLL_0136/PHP02,9.876575417886597
2024,nyh2,GEMS-0227_FBLL_0140/PHP02,9.876575417886597
2024,nyh2,GEMS-0227_FBLL_0141/PHP02,9.876575417886597
2024,nyh2,GEMS-0227_PHB47_0001/PHP02,9.876575417886597
2024,nyh2,GEMS-0227_PHB47_0003/PHP02,9.876575417886597
2024,nyh2,GEMS-0227_PHB47_0006/PHP02,9.876575417886597
2024,nyh2,GEMS-0227_PHB47_0009/PHP02,9.876575417886597
2024,nyh2,GEMS-0227_PHB47_0011/PHP02,9.876575417886597
2024,nyh2,GEMS-0227_PHB47_0012/PHP02,9.876575417886597
2024,nyh2,GEMS-0227_PHB47_0016/PHP02,9.876575417886597
2024,nyh2,GEMS-0227_PHB47_0022/PHP02,9.876575417886597
2024,nyh2,GEMS-0227_PHB47_0026/PHP02,9.876575417886597
2024,nyh2,GEMS-0227_PHBW8_0001/PHP02,9.876575417886597
2024,nyh2,GEMS-0227_PHBW8_0002/PHP02,9.876575417886597
2024,nyh2,GEMS-0227_PHBW8_0003/PHP02,9.876575417886597
2024,nyh2,GEMS-0227_PHBW8_0005/PHP02,9.876575417886597
2024,nyh2,GEMS-0227_PHBW8_0009/PHP02,9.876575417886597
2024,nyh2,GEMS-0227_PHBW8_0011/PHP02,9.876575417886597
2024,nyh2,GEMS-0227_PHBW8_0013/PHP02,9.876575417886597
2024,nyh2,GEMS-0227_PHBW8_0015/PHP02,9.876575417886597
2024,nyh2,GEMS-0227_PHBW8_0017/PHP02,9.876575417886597
2024,nyh2,GEMS-0227_PHBW8_0018/PHP02,9.876575417886597
2024,nyh2,GEMS-0227_PHBW8_0019/PHP02,9.876575417886597
2024,nyh2,GEMS-0227_PHBW8_0020/PHP02,9.876575417886597
2024,nyh2,GEMS-0227_PHBW8_0024/PHP02,9.876575417886597
2024,nyh2,LH132/PHP02,9.921238898267106
2024,nyh2,LH146HT/PHP02,9.876575417886597
2024,nyh2,LH192/PHP02,9.876575417886597
2024,nyh2,LH193/PHP02,9.876575417886597
2024,nyh2,LH194/PHP02,9.876575417886597
2024,nyh2,LH195/PHP02,10.104516809989297
2024,nyh2,LH195/PHZ51,9.604683270024985
2024,nyh2,LH198/PHP02,9.839718885938051
2024,nyh2,LH200/PHP02,9.876575417886597
2024,nyh2,LH225/PHP02,9.876575417886597
2024,nyh2,LH228/PHP02,9.876575417886597
2024,nyh2,LH231/PHP02,9.876575417886597
2024,nyh2,LH234/PHP02,9.876575417886597
2024,nyh2,LH235/PHP02,9.876575417886597
2024,nyh2,LH236/PHP02,9.876575417886597
2024,nyh2,LH238/PHP02,9.876575417886597
2024,nyh2,LH244/PHK76,9.72201240328841
2024,nyh2,LH273/PHP02,9.876575417886597
2024,nyh2,LH286/PHP02,9.876575417886597
2024,nyh2,LH287/LH244,11.635181074022917
2024,nyh2,LH292/PHP02,9.876575417886597
2024,nyh2,LH82/LH244,9.935155234401996
2024,nyh2,MM501D/LH244,11.105867859399497
2024,nyh2,NKH8431/PHP02,9.876575417886597
2024,nyh2,PH05G/PHP02,9.876575417886597
2024,nyh2,PH06N/PHP02,9.876575417886597
2024,nyh2,PH07D/PHP02,9.876575417886597
2024,nyh2,PH08A/PHP02,9.876575417886597
2024,nyh2,PH09E/PHP02,9.876575417886597
2024,nyh2,PH0B4/PHP02,9.876575417886597
2024,nyh2,PH0CD/PHP02,9.876575417886597
2024,nyh2,PH0GP/PHP02,9.876575417886597
2024,nyh2,PH12C/PHP02,9.876575417886597
2024,nyh2,PH19V/PHP02,9.876575417886597
2024,nyh2,PH1GC/PHP02,9.876575417886597
2024,nyh2,PH1W2/PHP02,9.876575417886597
2024,nyh2,PH24E/LH244,11.27540044007893
2024,nyh2,PH24M/PHP02,9.876575417886597
2024,nyh2,PH37C/PHP02,9.876575417886597
2024,nyh2,PH42B/PHP02,9.876575417886597
2024,nyh2,PHB47/PHN82,10.785973015811075
2024,nyh2,PHB47/PHP02,9.914604251681435
2024,nyh2,PHB47/PHZ51,9.43628894493868
2024,nyh2,PHDG1/PHP02,9.876575417886597
2024,nyh2,PHG29/PHG47,8.773386345243358
2024,nyh2,PHG39/PHN82,10.874895431058714
2024,nyh2,PHHB9/PHP02,10.40618466334338
2024,nyh2,PHJ40/PHAJ0,7.1409599934208146
2024,nyh2,PHJ89/LH244,10.84384600747861
2024,nyh2,PHJR5/PHP02,9.876575417886597
2024,nyh2,PHK56/LH244,11.1388245135211
2024,nyh2,PHN41/PHP02,9.876575417886597
2024,nyh2,PHN46/LH244,9.551332366161743
2024,nyh2,PHN66/PHP02,9.876575417886597
2024,nyh2,PHP02/LH244,11.1388245135211
2024,nyh2,PHPR5/PHP02,9.876575417886597
2024,nyh2,PHR03/LH244,11.204255206769702
2024,nyh2,PHRE1/PHTD5,7.686188614573468
2024,nyh2,PHT10/PHP02,9.876575417886597
2024,nyh2,PHTP9/PHP02,9.876575417886597
2024,nyh2,PHTV7/PHP02,9.876575417886597
2024,nyh2,PHVA9/PHP02,9.876575417886597
2024,nyh2,PHVJ5/PHP02,9.876575417886597
2024,nyh2,PHW30/LH244,10.940688397042727
2024,nyh2,PHW52/PHM49,10.460952226934442
2024,nyh2,PHW52/PHP02,10.096005692291003
2024,nyh2,TX777/LH195,8.039570946266869
2024,nyh2,W10004_0018/PHP02,9.876575417886597
2024,nyh2,W10004_0034/PHP02,10.753130699254546
2024,nyh2,W10004_0055/PHP02,10.9623849745025
2024,nyh2,W10004_0062/PHP02,9.771806921686416
2024,nyh2,W10004_0095/PHP02,9.434871440950051
2024,nyh2,W10004_0122/PHP02,10.743974536532775
2024,nyh2,W10004_0133/PHP02,10.753130699254546
2024,nyh2,W10004_0138/PHP02,10.361668693882505
2024,nyh2,W10004_0160/PHP02,10.802017967703932
2024,nyh2,W10004_0189/PHP02,11.132675159250038
2024,nyh2,W10004_0236/PHP02,10.601313436772653
2024,nyh2,W10004_0258/PHP02,11.092254851605254
2024,nyh2,W10004_0270/PHP02,10.448088292519728
2024,nyh2,W10004_0346/PHP02,11.152498509427952
2024,nyh2,W10004_0403/PHP02,10.743662096556434
2024,nyh2,W10004_0409/PHP02,11.72913765836669
2024,nyh2,W10004_0412/PHP02,10.624061323863607
2024,nyh2,W10004_0476/PHP02,9.832908814942591
2024,nyh2,W10004_0601/PHP02,10.682264855417934
2024,nyh2,W10004_0608/PHP02,9.736705443790507
2024,nyh2,W10004_0688/PHP02,10.296802304454069
2024,nyh2,W10004_0715/PHP02,10.624061323863607
2024,nyh2,W10004_0747/PHP02,11.21775470440949
2024,nyh2,W10004_0754/PHP02,10.770086840686028
2024,nyh2,W10004_0771/PHP02,10.753130699254546
2024,nyh2,W10004_0858/PHP02,10.624061323863607
2024,nyh2,W10004_0859/PHP02,10.316752113933402
2024,nyh2,W10004_0866/PHP02,11.078730115735459
2024,nyh2,W10004_0949/PHP02,11.466346199451099
2024,nyh2,W10004_0969/PHP02,10.238409885012993
2024,nyh2,W10004_1018/PHP02,10.335647645662675
2024,nyh2,W10004_1032/PHP02,10.238409885012993
2024,nyh2,W10004_1080/PHP02,11.238397989093997
2024,nyh2,WQCD10/PHP02,9.876575417886597
2024,nyh2,ZS01459/PHP02,9.876575417886597
2024,nyh2,ZS0510/PHP02,9.876575417886597
2024,nyh3,01DIB2/PHP02,9.817453520476391
2024,nyh3,2369/LH123HT,11.20328332027421
2024,nyh3,2FACC/PHP02,10.024022323691366
2024,nyh3,B14A/OH43,9.424153039344384
2024,nyh3,B37/H95,9.1875986400381
2024,nyh3,B73/MO17,10.960005608849134
2024,nyh3,B73/PHN82,11.270643958852677
2024,nyh3,B73/TX779,7.532199456714044
2024,nyh3,CG119/CG108,6.505173945185791
2024,nyh3,CG44/CGR01,8.564019470156051
2024,nyh3,DK3IIH6/LH244,10.981989123026409
2024,nyh3,DKFBHJ/PHP02,9.970739008065223
2024,nyh3,FBLL/PHP02,9.817453520476391
2024,nyh3,GEMS-0061_3AZA1_0001/PHP02,9.817453520476391
2024,nyh3,GEMS-0061_3AZA1_0004/PHP02,9.817453520476391
2024,nyh3,GEMS-0061_3AZA1_0005/PHP02,9.817453520476391
2024,nyh3,GEMS-0061_3AZA1_0006/PHP02,9.817453520476391
2024,nyh3,GEMS-0061_3AZA1_0007/PHP02,9.817453520476391
2024,nyh3,GEMS-0061_3AZA1_0009/PHP02,9.817453520476391
2024,nyh3,GEMS-0061_3AZA1_0011/PHP02,9.817453520476391
2024,nyh3,GEMS-0061_3AZA1_0012/PHP02,9.817453520476391
2024,nyh3,GEMS-0061_3AZA1_0013/PHP02,9.817453520476391
2024,nyh3,GEMS-0061_3AZA1_0014/PHP02,9.817453520476391
2024,nyh3,GEMS-0061_3AZA1_0015/PHP02,9.817453520476391
2024,nyh3,GEMS-0061_3AZA1_0016/PHP02,9.817453520476391
2024,nyh3,GEMS-0061_3AZA1_0021/PHP02,9.817453520476391
2024,nyh3,GEMS-0061_3AZA1_0023/PHP02,9.817453520476391
2024,nyh3,GEMS-0061_FBLL_0004/PHP02,9.817453520476391
2024,nyh3,GEMS-0061_FBLL_0005/PHP02,9.817453520476391
2024,nyh3,GEMS-0061_FBLL_0007/PHP02,9.817453520476391
2024,nyh3,GEMS-0061_FBLL_0010/PHP02,9.817453520476391
2024,nyh3,GEMS-0061_FBLL_0014/PHP02,9.817453520476391
2024,nyh3,GEMS-0061_FBLL_0015/PHP02,9.817453520476391
2024,nyh3,GEMS-0061_FBLL_0016/PHP02,9.817453520476391
2024,nyh3,GEMS-0061_FBLL_0019/PHP02,9.817453520476391
2024,nyh3,GEMS-0061_FBLL_0022/PHP02,9.817453520476391
2024,nyh3,GEMS-0061_FBLL_0025/PHP02,9.817453520476391
2024,nyh3,GEMS-0061_FBLL_0029/PHP02,9.817453520476391
2024,nyh3,GEMS-0061_FBLL_0031/PHP02,9.817453520476391
2024,nyh3,GEMS-0061_FBLL_0032/PHP02,9.817453520476391
2024,nyh3,GEMS-0061_FBLL_0033/PHP02,9.817453520476391
2024,nyh3,GEMS-0061_FBLL_0037/PHP02,9.817453520476391
2024,nyh3,GEMS-0061_FBLL_0039/PHP02,9.817453520476391
2024,nyh3,GEMS-0061_FBLL_0042/PHP02,9.817453520476391
2024,nyh3,GEMS-0061_PHB47_0003/PHP02,9.817453520476391
2024,nyh3,GEMS-0061_PHB47_0004/PHP02,9.817453520476391
2024,nyh3,GEMS-0061_PHBW8_0001/PHP02,9.817453520476391
2024,nyh3,GEMS-0061_PHBW8_0002/PHP02,9.817453520476391
2024,nyh3,GEMS-0113_3AZA1_0001/PHP02,9.817453520476391
2024,nyh3,GEMS-0113_3AZA1_0002/PHP02,9.817453520476391
2024,nyh3,GEMS-0113_3AZA1_0005/PHP02,9.817453520476391
2024,nyh3,GEMS-0113_3AZA1_0006/PHP02,9.817453520476391
2024,nyh3,GEMS-0113_3AZA1_0007/PHP02,9.817453520476391
2024,nyh3,GEMS-0113_3AZA1_0008/PHP02,9.817453520476391
2024,nyh3,GEMS-0113_3AZA1_0011/PHP02,9.817453520476391
2024,nyh3,GEMS-0113_3AZA1_0013/PHP02,9.817453520476391
2024,nyh3,GEMS-0113_3AZA1_0014/PHP02,9.817453520476391
2024,nyh3,GEMS-0113_3AZA1_0015/PHP02,9.817453520476391
2024,nyh3,GEMS-0113_3AZA1_0018/PHP02,9.817453520476391
2024,nyh3,GEMS-0113_3AZA1_0019/PHP02,9.817453520476391
2024,nyh3,GEMS-0113_3AZA1_0021/PHP02,9.817453520476391
2024,nyh3,GEMS-0113_3AZA1_0022/PHP02,9.817453520476391
2024,nyh3,GEMS-0113_3AZA1_0025/PHP02,9.817453520476391
2024,nyh3,GEMS-0113_3AZA1_0026/PHP02,9.817453520476391
2024,nyh3,GEMS-0113_3AZA1_0027/PHP02,9.817453520476391
2024,nyh3,GEMS-0113_3AZA1_0029/PHP02,9.817453520476391
2024,nyh3,GEMS-0113_3AZA1_0031/PHP02,9.817453520476391
2024,nyh3,GEMS-0113_3AZA1_0038/PHP02,9.817453520476391
2024,nyh3,GEMS-0113_FBLL_0003/PHP02,9.817453520476391
2024,nyh3,GEMS-0113_FBLL_0004/PHP02,9.817453520476391
2024,nyh3,GEMS-0113_FBLL_0005/PHP02,9.817453520476391
2024,nyh3,GEMS-0113_FBLL_0006/PHP02,9.817453520476391
2024,nyh3,GEMS-0113_FBLL_0008/PHP02,9.817453520476391
2024,nyh3,GEMS-0113_FBLL_0010/PHP02,9.817453520476391
2024,nyh3,GEMS-0113_FBLL_0011/PHP02,9.817453520476391
2024,nyh3,GEMS-0113_FBLL_0013/PHP02,9.817453520476391
2024,nyh3,GEMS-0113_FBLL_0015/PHP02,9.817453520476391
2024,nyh3,GEMS-0113_PHB47_0003/PHP02,9.817453520476391
2024,nyh3,GEMS-0113_PHB47_0004/PHP02,9.817453520476391
2024,nyh3,GEMS-0113_PHB47_0005/PHP02,9.817453520476391
2024,nyh3,GEMS-0113_PHB47_0006/PHP02,9.817453520476391
2024,nyh3,GEMS-0113_PHB47_0007/PHP02,9.817453520476391
2024,nyh3,GEMS-0113_PHB47_0008/PHP02,9.817453520476391
2024,nyh3,GEMS-0113_PHB47_0009/PHP02,9.817453520476391
2024,nyh3,GEMS-0113_PHB47_0011/PHP02,9.817453520476391
2024,nyh3,GEMS-0113_PHB47_0012/PHP02,9.817453520476391
2024,nyh3,GEMS-0113_PHB47_0013/PHP02,9.817453520476391
2024,nyh3,GEMS-0113_PHB47_0015/PHP02,9.817453520476391
2024,nyh3,GEMS-0113_PHB47_0017/PHP02,9.817453520476391
2024,nyh3,GEMS-0113_PHB47_0020/PHP02,9.817453520476391
2024,nyh3,GEMS-0113_PHBW8_0001/PHP02,9.817453520476391
2024,nyh3,GEMS-0113_PHBW8_0002/PHP02,9.817453520476391
2024,nyh3,GEMS-0113_PHBW8_0004/PHP02,9.817453520476391
2024,nyh3,GEMS-0113_PHBW8_0005/PHP02,9.817453520476391
2024,nyh3,GEMS-0113_PHBW8_0006/PHP02,9.817453520476391
2024,nyh3,GEMS-0113_PHBW8_0007/PHP02,9.817453520476391
2024,nyh3,GEMS-0113_PHBW8_0008/PHP02,9.817453520476391
2024,nyh3,GEMS-0113_PHBW8_0009/PHP02,9.817453520476391
2024,nyh3,GEMS-0113_PHBW8_0011/PHP02,9.817453520476391
2024,nyh3,GEMS-0113_PHBW8_0012/PHP02,9.817453520476391
2024,nyh3,GEMS-0113_PHBW8_0014/PHP02,9.817453520476391
2024,nyh3,GEMS-0219_3AZA1_0001/PHP02,9.817453520476391
2024,nyh3,GEMS-0219_3AZA1_0002/PHP02,9.817453520476391
2024,nyh3,GEMS-0219_3AZA1_0003/PHP02,9.817453520476391
2024,nyh3,GEMS-0219_3AZA1_0004/PHP02,9.817453520476391
2024,nyh3,GEMS-0219_3AZA1_0006/PHP02,9.817453520476391
2024,nyh3,GEMS-0219_3AZA1_0007/PHP02,9.817453520476391
2024,nyh3,GEMS-0219_3AZA1_0008/PHP02,9.817453520476391
2024,nyh3,GEMS-0219_3AZA1_0009/PHP02,9.817453520476391
2024,nyh3,GEMS-0219_3AZA1_0010/PHP02,9.817453520476391
2024,nyh3,GEMS-0219_3AZA1_0014/PHP02,9.817453520476391
2024,nyh3,GEMS-0219_FBLL_0002/PHP02,9.817453520476391
2024,nyh3,GEMS-0219_FBLL_0003/PHP02,9.817453520476391
2024,nyh3,GEMS-0219_FBLL_0004/PHP02,9.817453520476391
2024,nyh3,GEMS-0219_FBLL_0005/PHP02,9.817453520476391
2024,nyh3,GEMS-0219_FBLL_0006/PHP02,9.817453520476391
2024,nyh3,GEMS-0219_FBLL_0007/PHP02,9.817453520476391
2024,nyh3,GEMS-0219_FBLL_0008/PHP02,9.817453520476391
2024,nyh3,GEMS-0219_FBLL_0009/PHP02,9.817453520476391
2024,nyh3,GEMS-0219_FBLL_0011/PHP02,9.817453520476391
2024,nyh3,GEMS-0219_FBLL_0012/PHP02,9.817453520476391
2024,nyh3,GEMS-0219_FBLL_0013/PHP02,9.817453520476391
2024,nyh3,GEMS-0219_FBLL_0014/PHP02,9.817453520476391
2024,nyh3,GEMS-0219_FBLL_0015/PHP02,9.817453520476391
2024,nyh3,GEMS-0219_FBLL_0017/PHP02,9.817453520476391
2024,nyh3,GEMS-0219_FBLL_0019/PHP02,9.817453520476391
2024,nyh3,GEMS-0219_FBLL_0020/PHP02,9.817453520476391
2024,nyh3,GEMS-0219_FBLL_0021/PHP02,9.817453520476391
2024,nyh3,GEMS-0219_FBLL_0027/PHP02,9.817453520476391
2024,nyh3,GEMS-0219_PHB47_0002/PHP02,9.817453520476391
2024,nyh3,GEMS-0219_PHB47_0004/PHP02,9.817453520476391
2024,nyh3,GEMS-0219_PHB47_0005/PHP02,9.817453520476391
2024,nyh3,GEMS-0219_PHB47_0006/PHP02,9.817453520476391
2024,nyh3,GEMS-0219_PHB47_0011/PHP02,9.817453520476391
2024,nyh3,GEMS-0219_PHB47_0014/PHP02,9.817453520476391
2024,nyh3,GEMS-0219_PHB47_0017/PHP02,9.817453520476391
2024,nyh3,GEMS-0219_PHBW8_0002/PHP02,9.817453520476391
2024,nyh3,GEMS-0219_PHBW8_0003/PHP02,9.817453520476391
2024,nyh3,GEMS-0219_PHBW8_0004/PHP02,9.817453520476391
2024,nyh3,GEMS-0219_PHBW8_0006/PHP02,9.817453520476391
2024,nyh3,GEMS-0219_PHBW8_0009/PHP02,9.817453520476391
2024,nyh3,GEMS-0219_PHBW8_0011/PHP02,9.817453520476391
2024,nyh3,GEMS-0227_3AZA1_0001/PHP02,9.817453520476391
2024,nyh3,GEMS-0227_3AZA1_0002/PHP02,9.817453520476391
2024,nyh3,GEMS-0227_3AZA1_0005/PHP02,9.817453520476391
2024,nyh3,GEMS-0227_3AZA1_0006/PHP02,9.817453520476391
2024,nyh3,GEMS-0227_3AZA1_0008/PHP02,9.817453520476391
2024,nyh3,GEMS-0227_3AZA1_0011/PHP02,9.817453520476391
2024,nyh3,GEMS-0227_3AZA1_0012/PHP02,9.817453520476391
2024,nyh3,GEMS-0227_3AZA1_0017/PHP02,9.817453520476391
2024,nyh3,GEMS-0227_3AZA1_0018/PHP02,9.817453520476391
2024,nyh3,GEMS-0227_3AZA1_0024/PHP02,9.817453520476391
2024,nyh3,GEMS-0227_3AZA1_0025/PHP02,9.817453520476391
2024,nyh3,GEMS-0227_3AZA1_0028/PHP02,9.817453520476391
2024,nyh3,GEMS-0227_3AZA1_0029/PHP02,9.817453520476391
2024,nyh3,GEMS-0227_3AZA1_0030/PHP02,9.817453520476391
2024,nyh3,GEMS-0227_3AZA1_0031/PHP02,9.817453520476391
2024,nyh3,GEMS-0227_3AZA1_0036/PHP02,9.817453520476391
2024,nyh3,GEMS-0227_3AZA1_0040/PHP02,9.817453520476391
2024,nyh3,GEMS-0227_3AZA1_0041/PHP02,9.817453520476391
2024,nyh3,GEMS-0227_3AZA1_0043/PHP02,9.817453520476391
2024,nyh3,GEMS-0227_3AZA1_0046/PHP02,9.817453520476391
2024,nyh3,GEMS-0227_3AZA1_0048/PHP02,9.817453520476391
2024,nyh3,GEMS-0227_FBLL_0001/PHP02,9.817453520476391
2024,nyh3,GEMS-0227_FBLL_0002/PHP02,9.817453520476391
2024,nyh3,GEMS-0227_FBLL_0004/PHP02,9.817453520476391
2024,nyh3,GEMS-0227_FBLL_0005/PHP02,9.817453520476391
2024,nyh3,GEMS-0227_FBLL_0009/PHP02,9.817453520476391
2024,nyh3,GEMS-0227_FBLL_0010/PHP02,9.817453520476391
2024,nyh3,GEMS-0227_FBLL_0013/PHP02,9.817453520476391
2024,nyh3,GEMS-0227_FBLL_0014/PHP02,9.817453520476391
2024,nyh3,GEMS-0227_FBLL_0015/PHP02,9.817453520476391
2024,nyh3,GEMS-0227_FBLL_0016/PHP02,9.817453520476391
2024,nyh3,GEMS-0227_FBLL_0017/PHP02,9.817453520476391
2024,nyh3,GEMS-0227_FBLL_0018/PHP02,9.817453520476391
2024,nyh3,GEMS-0227_FBLL_0019/PHP02,9.817453520476391
2024,nyh3,GEMS-0227_FBLL_0020/PHP02,9.817453520476391
2024,nyh3,GEMS-0227_FBLL_0021/PHP02,9.817453520476391
2024,nyh3,GEMS-0227_FBLL_0022/PHP02,9.817453520476391
2024,nyh3,GEMS-0227_FBLL_0024/PHP02,9.817453520476391
2024,nyh3,GEMS-0227_FBLL_0025/PHP02,9.817453520476391
2024,nyh3,GEMS-0227_FBLL_0027/PHP02,9.817453520476391
2024,nyh3,GEMS-0227_FBLL_0029/PHP02,9.817453520476391
2024,nyh3,GEMS-0227_FBLL_0031/PHP02,9.817453520476391
2024,nyh3,GEMS-0227_FBLL_0032/PHP02,9.817453520476391
2024,nyh3,GEMS-0227_FBLL_0036/PHP02,9.817453520476391
2024,nyh3,GEMS-0227_FBLL_0038/PHP02,9.817453520476391
2024,nyh3,GEMS-0227_FBLL_0040/PHP02,9.817453520476391
2024,nyh3,GEMS-0227_FBLL_0043/PHP02,9.817453520476391
2024,nyh3,GEMS-0227_FBLL_0046/PHP02,9.817453520476391
2024,nyh3,GEMS-0227_FBLL_0047/PHP02,9.817453520476391
2024,nyh3,GEMS-0227_FBLL_0049/PHP02,9.817453520476391
2024,nyh3,GEMS-0227_FBLL_0050/PHP02,9.817453520476391
2024,nyh3,GEMS-0227_FBLL_0054/PHP02,9.817453520476391
2024,nyh3,GEMS-0227_FBLL_0055/PHP02,9.817453520476391
2024,nyh3,GEMS-0227_FBLL_0057/PHP02,9.817453520476391
2024,nyh3,GEMS-0227_FBLL_0058/PHP02,9.817453520476391
2024,nyh3,GEMS-0227_FBLL_0059/PHP02,9.817453520476391
2024,nyh3,GEMS-0227_FBLL_0060/PHP02,9.817453520476391
2024,nyh3,GEMS-0227_FBLL_0062/PHP02,9.817453520476391
2024,nyh3,GEMS-0227_FBLL_0063/PHP02,9.817453520476391
2024,nyh3,GEMS-0227_FBLL_0064/PHP02,9.817453520476391
2024,nyh3,GEMS-0227_FBLL_0068/PHP02,9.817453520476391
2024,nyh3,GEMS-0227_FBLL_0070/PHP02,9.817453520476391
2024,nyh3,GEMS-0227_FBLL_0071/PHP02,9.817453520476391
2024,nyh3,GEMS-0227_FBLL_0072/PHP02,9.817453520476391
2024,nyh3,GEMS-0227_FBLL_0073/PHP02,9.817453520476391
2024,nyh3,GEMS-0227_FBLL_0077/PHP02,9.817453520476391
2024,nyh3,GEMS-0227_FBLL_0078/PHP02,9.817453520476391
2024,nyh3,GEMS-0227_FBLL_0079/PHP02,9.817453520476391
2024,nyh3,GEMS-0227_FBLL_0080/PHP02,9.817453520476391
2024,nyh3,GEMS-0227_FBLL_0084/PHP02,9.817453520476391
2024,nyh3,GEMS-0227_FBLL_0086/PHP02,9.817453520476391
2024,nyh3,GEMS-0227_FBLL_0088/PHP02,9.817453520476391
2024,nyh3,GEMS-0227_FBLL_0089/PHP02,9.817453520476391
2024,nyh3,GEMS-0227_FBLL_0090/PHP02,9.817453520476391
2024,nyh3,GEMS-0227_FBLL_0093/PHP02,9.817453520476391
2024,nyh3,GEMS-0227_FBLL_0095/PHP02,9.817453520476391
2024,nyh3,GEMS-0227_FBLL_0096/PHP02,9.817453520476391
2024,nyh3,GEMS-0227_FBLL_0101/PHP02,9.817453520476391
2024,nyh3,GEMS-0227_FBLL_0102/PHP02,9.817453520476391
2024,nyh3,GEMS-0227_FBLL_0104/PHP02,9.817453520476391
2024,nyh3,GEMS-0227_FBLL_0105/PHP02,9.817453520476391
2024,nyh3,GEMS-0227_FBLL_0106/PHP02,9.817453520476391
2024,nyh3,GEMS-0227_FBLL_0107/PHP02,9.817453520476391
2024,nyh3,GEMS-0227_FBLL_0110/PHP02,9.817453520476391
2024,nyh3,GEMS-0227_FBLL_0111/PHP02,9.817453520476391
2024,nyh3,GEMS-0227_FBLL_0115/PHP02,9.817453520476391
2024,nyh3,GEMS-0227_FBLL_0117/PHP02,9.817453520476391
2024,nyh3,GEMS-0227_FBLL_0121/PHP02,9.817453520476391
2024,nyh3,GEMS-0227_FBLL_0124/PHP02,9.817453520476391
2024,nyh3,GEMS-0227_FBLL_0125/PHP02,9.817453520476391
2024,nyh3,GEMS-0227_FBLL_0127/PHP02,9.817453520476391
2024,nyh3,GEMS-0227_FBLL_0134/PHP02,9.817453520476391
2024,nyh3,GEMS-0227_FBLL_0136/PHP02,9.817453520476391
2024,nyh3,GEMS-0227_PHB47_0001/PHP02,9.817453520476391
2024,nyh3,GEMS-0227_PHB47_0002/PHP02,9.817453520476391
2024,nyh3,GEMS-0227_PHB47_0003/PHP02,9.817453520476391
2024,nyh3,GEMS-0227_PHB47_0004/PHP02,9.817453520476391
2024,nyh3,GEMS-0227_PHB47_0006/PHP02,9.817453520476391
2024,nyh3,GEMS-0227_PHB47_0007/PHP02,9.817453520476391
2024,nyh3,GEMS-0227_PHB47_0009/PHP02,9.817453520476391
2024,nyh3,GEMS-0227_PHB47_0010/PHP02,9.817453520476391
2024,nyh3,GEMS-0227_PHB47_0012/PHP02,9.817453520476391
2024,nyh3,GEMS-0227_PHB47_0014/PHP02,9.817453520476391
2024,nyh3,GEMS-0227_PHB47_0016/PHP02,9.817453520476391
2024,nyh3,GEMS-0227_PHB47_0023/PHP02,9.817453520476391
2024,nyh3,GEMS-0227_PHB47_0024/PHP02,9.817453520476391
2024,nyh3,GEMS-0227_PHB47_0025/PHP02,9.817453520476391
2024,nyh3,GEMS-0227_PHB47_0026/PHP02,9.817453520476391
2024,nyh3,GEMS-0227_PHBW8_0001/PHP02,9.817453520476391
2024,nyh3,GEMS-0227_PHBW8_0002/PHP02,9.817453520476391
2024,nyh3,GEMS-0227_PHBW8_0003/PHP02,9.817453520476391
2024,nyh3,GEMS-0227_PHBW8_0004/PHP02,9.817453520476391
2024,nyh3,GEMS-0227_PHBW8_0005/PHP02,9.817453520476391
2024,nyh3,GEMS-0227_PHBW8_0006/PHP02,9.817453520476391
2024,nyh3,GEMS-0227_PHBW8_0007/PHP02,9.817453520476391
2024,nyh3,GEMS-0227_PHBW8_0010/PHP02,9.817453520476391
2024,nyh3,GEMS-0227_PHBW8_0012/PHP02,9.817453520476391
2024,nyh3,GEMS-0227_PHBW8_0015/PHP02,9.817453520476391
2024,nyh3,GEMS-0227_PHBW8_0016/PHP02,9.817453520476391
2024,nyh3,GEMS-0227_PHBW8_0017/PHP02,9.817453520476391
2024,nyh3,GEMS-0227_PHBW8_0018/PHP02,9.817453520476391
2024,nyh3,GEMS-0227_PHBW8_0019/PHP02,9.817453520476391
2024,nyh3,GEMS-0227_PHBW8_0021/PHP02,9.817453520476391
2024,nyh3,GEMS-0227_PHBW8_0022/PHP02,9.817453520476391
2024,nyh3,LH132/PHP02,9.8621170008569
2024,nyh3,LH146HT/PHP02,9.817453520476391
2024,nyh3,LH192/PHP02,9.817453520476391
2024,nyh3,LH193/PHP02,9.817453520476391
2024,nyh3,LH194/PHP02,9.817453520476391
2024,nyh3,LH195/PHZ51,9.519669473919587
2024,nyh3,LH197/PHP02,9.817453520476391
2024,nyh3,LH198/PHP02,9.83713172324976
2024,nyh3,LH200/PHP02,9.817453520476391
2024,nyh3,LH204/PHP02,9.817453520476391
2024,nyh3,LH224/PHP02,9.817453520476391
2024,nyh3,LH226HT/PHP02,9.817453520476391
2024,nyh3,LH234/PHP02,9.817453520476391
2024,nyh3,LH235/PHP02,9.817453520476391
2024,nyh3,LH237/PHP02,9.817453520476391
2024,nyh3,LH244/PHK76,9.66324631272296
2024,nyh3,LH244/PHP02,9.957381681383907
2024,nyh3,LH264/PHP02,9.817453520476391
2024,nyh3,LH273/PHP02,9.817453520476391
2024,nyh3,LH287/LH244,11.590697030283408
2024,nyh3,LH82/LH244,9.918527164084319
2024,nyh3,MM501D/LH244,10.981989123026409
2024,nyh3,NKH8431/PHP02,9.817453520476391
2024,nyh3,PH05F/PHP02,9.817453520476391
2024,nyh3,PH05W/PHP02,9.817453520476391
2024,nyh3,PH06N/PHP02,9.817453520476391
2024,nyh3,PH080/PHP02,9.817453520476391
2024,nyh3,PH09B/PHP02,9.817453520476391
2024,nyh3,PH0CD/PHP02,9.817453520476391
2024,nyh3,PH0GP/PHP02,9.817453520476391
2024,nyh3,PH12C/PHP02,9.817453520476391
2024,nyh3,PH1CA/PHP02,9.817453520476391
2024,nyh3,PH1GC/PHP02,9.817453520476391
2024,nyh3,PH1GG/PHP02,9.817453520476391
2024,nyh3,PH1TB/PHP02,9.817453520476391
2024,nyh3,PH24E/LH244,11.171392621154794
2024,nyh3,PH37C/PHP02,9.817453520476391
2024,nyh3,PH38D/PHP02,9.817453520476391
2024,nyh3,PH44A/PHP02,9.817453520476391
2024,nyh3,PH55C/PHP02,9.817453520476391
2024,nyh3,PH63A/PHP02,9.817453520476391
2024,nyh3,PH79A/PHP02,9.817453520476391
2024,nyh3,PHB47/PHN82,10.682382464296557
2024,nyh3,PHB47/PHP02,9.85548235427123
2024,nyh3,PHB47/PHZ51,9.387531638028664
2024,nyh3,PHBW8/PHP02,9.817453520476391
2024,nyh3,PHEW7/PHP02,9.817453520476391
2024,nyh3,PHG29/PHG47,8.714595832656212
2024,nyh3,PHG39/PHN82,10.732194076087058
2024,nyh3,PHJ40/PHAJ0,7.17377384522695
2024,nyh3,PHJ89/LH244,10.723363037207239
2024,nyh3,PHJR5/PHP02,9.817453520476391
2024,nyh3,PHK56/LH244,11.016759049634471
2024,nyh3,PHKV0/PHP02,9.817453520476391
2024,nyh3,PHN46/LH244,9.483419423212947
2024,nyh3,PHN66/PHP02,9.817453520476391
2024,nyh3,PHNJ2/PHP02,9.817453520476391
2024,nyh3,PHP02/LH244,11.016759049634471
2024,nyh3,PHP38/PHP02,10.009629197874249
2024,nyh3,PHPR5/PHP02,9.817453520476391
2024,nyh3,PHR03/LH244,11.100247387845567
2024,nyh3,PHR61/PHP02,9.817453520476391
2024,nyh3,PHRE1/PHTD5,7.517279653656539
2024,nyh3,PHT11/PHP02,9.817453520476391
2024,nyh3,PHT47/PHP02,9.817453520476391
2024,nyh3,PHV37/PHP02,9.817453520476391
2024,nyh3,PHVJ5/PHP02,9.817453520476391
2024,nyh3,PHW30/LH244,10.820205426771356
2024,nyh3,PHW52/PHM49,10.339344958015143
2024,nyh3,PHW52/PHP02,10.04918243191036
2024,nyh3,TX777/LH195,8.009352298170004
2024,nyh3,W10004_0031/PHP02,10.943598775213148
2024,nyh3,W10004_0055/PHP02,10.84847786729041
2024,nyh3,W10004_0095/PHP02,9.295025536179908
2024,nyh3,W10004_0103/PHP02,10.676904312123277
2024,nyh3,W10004_0122/PHP02,10.63240550204294
2024,nyh3,W10004_0133/PHP02,10.641561664764712
2024,nyh3,W10004_0146/PHP02,10.690448933214098
2024,nyh3,W10004_0167/PHP02,10.319406701036437
2024,nyh3,W10004_0168/PHP02,10.53288745961083
2024,nyh3,W10004_0238/PHP02,10.6320930620666
2024,nyh3,W10004_0258/PHP02,10.979103323500162
2024,nyh3,W10004_0270/PHP02,10.381378045167098
2024,nyh3,W10004_0311/PHP02,9.990837956422562
2024,nyh3,W10004_0346/PHP02,11.041483008878755
2024,nyh3,W10004_0389/PHP02,10.513857673907754
2024,nyh3,W10004_0403/PHP02,10.6320930620666
2024,nyh3,W10004_0601/PHP02,10.591090991165157
2024,nyh3,W10004_0637/PHP02,10.676904312123277
2024,nyh3,W10004_0658/PHP02,11.419794280560714
2024,nyh3,W10004_0691/PHP02,9.072556971536423
2024,nyh3,W10004_0714/PHP02,10.43623981552199
2024,nyh3,W10004_0715/PHP02,10.53288745961083
2024,nyh3,W10004_0754/PHP02,10.658517806196194
2024,nyh3,W10004_0776/PHP02,10.6320930620666
2024,nyh3,W10004_0801/PHP02,11.125802950371279
2024,nyh3,W10004_0822/PHP02,10.6320930620666
2024,nyh3,W10004_0858/PHP02,10.681259386661392
2024,nyh3,W10004_0859/PHP02,10.250041866580773
2024,nyh3,W10004_0949/PHP02,11.419794280560714
2024,nyh3,W10004_0969/PHP02,10.171699637660364
2024,nyh3,W10004_1014/PHP02,10.63240550204294
2024,nyh3,W10004_1032/PHP02,10.171699637660364
2024,nyh3,ZS01459/PHP02,9.817453520476391
2024,ohh1,01CSI6/LH287,10.119450666907325
2024,ohh1,01DIB2/LH287,10.119450666907325
2024,ohh1,2369/LH123HT,11.835490246660607
2024,ohh1,2FACC/LH287,10.424274444430907
2024,ohh1,6F629/LH287,10.203070250720756
2024,ohh1,B14A/OH43,9.548327072176686
2024,ohh1,B37/H95,9.350044026203188
2024,ohh1,B73/MO17,11.372380446284268
2024,ohh1,B73/PHN82,11.653865767523373
2024,ohh1,CG119/CG108,5.522431775927887
2024,ohh1,CG44/CGR01,8.035577618062845
2024,ohh1,DK3IIH6/LH244,11.41752451115873
2024,ohh1,DKFBHJ/LH287,10.180848108998372
2024,ohh1,FBLA/LH287,10.119450666907325
2024,ohh1,FBLL/LH287,10.119450666907325
2024,ohh1,GEMS-0061_3AZA1_0005/LH287,10.119450666907325
2024,ohh1,GEMS-0061_3AZA1_0006/LH287,10.119450666907325
2024,ohh1,GEMS-0061_3AZA1_0007/LH287,10.119450666907325
2024,ohh1,GEMS-0061_3AZA1_0015/LH287,10.119450666907325
2024,ohh1,GEMS-0061_3AZA1_0021/LH287,10.119450666907325
2024,ohh1,GEMS-0061_3AZA1_0023/LH287,10.119450666907325
2024,ohh1,GEMS-0061_FBLL_0002/LH287,10.119450666907325
2024,ohh1,GEMS-0061_FBLL_0007/LH287,10.119450666907325
2024,ohh1,GEMS-0061_FBLL_0008/LH287,10.119450666907325
2024,ohh1,GEMS-0061_FBLL_0009/LH287,10.119450666907325
2024,ohh1,GEMS-0061_FBLL_0015/LH287,10.119450666907325
2024,ohh1,GEMS-0061_FBLL_0016/LH287,10.119450666907325
2024,ohh1,GEMS-0061_FBLL_0017/LH287,10.119450666907325
2024,ohh1,GEMS-0061_FBLL_0018/LH287,10.119450666907325
2024,ohh1,GEMS-0061_FBLL_0019/LH287,10.119450666907325
2024,ohh1,GEMS-0061_FBLL_0022/LH287,10.119450666907325
2024,ohh1,GEMS-0061_FBLL_0024/LH287,10.119450666907325
2024,ohh1,GEMS-0061_FBLL_0025/LH287,10.119450666907325
2024,ohh1,GEMS-0061_FBLL_0026/LH287,10.119450666907325
2024,ohh1,GEMS-0061_FBLL_0029/LH287,10.119450666907325
2024,ohh1,GEMS-0061_FBLL_0032/LH287,10.119450666907325
2024,ohh1,GEMS-0061_FBLL_0033/LH287,10.119450666907325
2024,ohh1,GEMS-0061_FBLL_0034/LH287,10.119450666907325
2024,ohh1,GEMS-0061_FBLL_0035/LH287,10.119450666907325
2024,ohh1,GEMS-0061_FBLL_0039/LH287,10.119450666907325
2024,ohh1,GEMS-0061_FBLL_0044/LH287,10.119450666907325
2024,ohh1,GEMS-0061_FBLL_0050/LH287,10.119450666907325
2024,ohh1,GEMS-0061_PHB47_0001/LH287,10.119450666907325
2024,ohh1,GEMS-0061_PHBW8_0001/LH287,10.119450666907325
2024,ohh1,GEMS-0061_PHBW8_0002/LH287,10.119450666907325
2024,ohh1,GEMS-0113_3AZA1_0001/LH287,10.119450666907325
2024,ohh1,GEMS-0113_3AZA1_0003/LH287,10.119450666907325
2024,ohh1,GEMS-0113_3AZA1_0006/LH287,10.119450666907325
2024,ohh1,GEMS-0113_3AZA1_0007/LH287,10.119450666907325
2024,ohh1,GEMS-0113_3AZA1_0008/LH287,10.119450666907325
2024,ohh1,GEMS-0113_3AZA1_0010/LH287,10.119450666907325
2024,ohh1,GEMS-0113_3AZA1_0011/LH287,10.119450666907325
2024,ohh1,GEMS-0113_3AZA1_0016/LH287,10.119450666907325
2024,ohh1,GEMS-0113_3AZA1_0017/LH287,10.119450666907325
2024,ohh1,GEMS-0113_3AZA1_0018/LH287,10.119450666907325
2024,ohh1,GEMS-0113_3AZA1_0021/LH287,10.119450666907325
2024,ohh1,GEMS-0113_3AZA1_0023/LH287,10.119450666907325
2024,ohh1,GEMS-0113_3AZA1_0025/LH287,10.119450666907325
2024,ohh1,GEMS-0113_3AZA1_0026/LH287,10.119450666907325
2024,ohh1,GEMS-0113_3AZA1_0027/LH287,10.119450666907325
2024,ohh1,GEMS-0113_3AZA1_0028/LH287,10.119450666907325
2024,ohh1,GEMS-0113_3AZA1_0031/LH287,10.119450666907325
2024,ohh1,GEMS-0113_3AZA1_0038/LH287,10.119450666907325
2024,ohh1,GEMS-0113_FBLL_0002/LH287,10.119450666907325
2024,ohh1,GEMS-0113_FBLL_0003/LH287,10.119450666907325
2024,ohh1,GEMS-0113_FBLL_0005/LH287,10.119450666907325
2024,ohh1,GEMS-0113_FBLL_0006/LH287,10.119450666907325
2024,ohh1,GEMS-0113_FBLL_0007/LH287,10.119450666907325
2024,ohh1,GEMS-0113_FBLL_0008/LH287,10.119450666907325
2024,ohh1,GEMS-0113_FBLL_0010/LH287,10.119450666907325
2024,ohh1,GEMS-0113_FBLL_0011/LH287,10.119450666907325
2024,ohh1,GEMS-0113_PHB47_0001/LH287,10.119450666907325
2024,ohh1,GEMS-0113_PHB47_0003/LH287,10.119450666907325
2024,ohh1,GEMS-0113_PHB47_0004/LH287,10.119450666907325
2024,ohh1,GEMS-0113_PHB47_0007/LH287,10.119450666907325
2024,ohh1,GEMS-0113_PHB47_0008/LH287,10.119450666907325
2024,ohh1,GEMS-0113_PHB47_0011/LH287,10.119450666907325
2024,ohh1,GEMS-0113_PHB47_0014/LH287,10.119450666907325
2024,ohh1,GEMS-0113_PHB47_0015/LH287,10.119450666907325
2024,ohh1,GEMS-0113_PHB47_0021/LH287,10.119450666907325
2024,ohh1,GEMS-0113_PHBW8_0002/LH287,10.119450666907325
2024,ohh1,GEMS-0113_PHBW8_0005/LH287,10.119450666907325
2024,ohh1,GEMS-0113_PHBW8_0008/LH287,10.119450666907325
2024,ohh1,GEMS-0113_PHBW8_0011/LH287,10.119450666907325
2024,ohh1,GEMS-0113_PHBW8_0014/LH287,10.119450666907325
2024,ohh1,GEMS-0113_PHBW8_0017/LH287,10.119450666907325
2024,ohh1,GEMS-0219_3AZA1_0001/LH287,10.119450666907325
2024,ohh1,GEMS-0219_3AZA1_0002/LH287,10.119450666907325
2024,ohh1,GEMS-0219_3AZA1_0003/LH287,10.119450666907325
2024,ohh1,GEMS-0219_3AZA1_0004/LH287,10.119450666907325
2024,ohh1,GEMS-0219_3AZA1_0006/LH287,10.119450666907325
2024,ohh1,GEMS-0219_3AZA1_0008/LH287,10.119450666907325
2024,ohh1,GEMS-0219_3AZA1_0009/LH287,10.119450666907325
2024,ohh1,GEMS-0219_3AZA1_0012/LH287,10.119450666907325
2024,ohh1,GEMS-0219_FBLL_0003/LH287,10.119450666907325
2024,ohh1,GEMS-0219_FBLL_0006/LH287,10.119450666907325
2024,ohh1,GEMS-0219_FBLL_0008/LH287,10.119450666907325
2024,ohh1,GEMS-0219_FBLL_0009/LH287,10.119450666907325
2024,ohh1,GEMS-0219_FBLL_0010/LH287,10.119450666907325
2024,ohh1,GEMS-0219_FBLL_0011/LH287,10.119450666907325
2024,ohh1,GEMS-0219_FBLL_0012/LH287,10.119450666907325
2024,ohh1,GEMS-0219_FBLL_0014/LH287,10.119450666907325
2024,ohh1,GEMS-0219_FBLL_0015/LH287,10.119450666907325
2024,ohh1,GEMS-0219_FBLL_0017/LH287,10.119450666907325
2024,ohh1,GEMS-0219_FBLL_0018/LH287,10.119450666907325
2024,ohh1,GEMS-0219_FBLL_0019/LH287,10.119450666907325
2024,ohh1,GEMS-0219_FBLL_0021/LH287,10.119450666907325
2024,ohh1,GEMS-0219_FBLL_0023/LH287,10.119450666907325
2024,ohh1,GEMS-0219_FBLL_0027/LH287,10.119450666907325
2024,ohh1,GEMS-0219_FBLL_0028/LH287,10.119450666907325
2024,ohh1,GEMS-0219_PHB47_0001/LH287,10.119450666907325
2024,ohh1,GEMS-0219_PHB47_0003/LH287,10.119450666907325
2024,ohh1,GEMS-0219_PHB47_0006/LH287,10.119450666907325
2024,ohh1,GEMS-0219_PHB47_0011/LH287,10.119450666907325
2024,ohh1,GEMS-0219_PHB47_0014/LH287,10.119450666907325
2024,ohh1,GEMS-0219_PHB47_0017/LH287,10.119450666907325
2024,ohh1,GEMS-0219_PHBW8_0001/LH287,10.119450666907325
2024,ohh1,GEMS-0219_PHBW8_0003/LH287,10.119450666907325
2024,ohh1,GEMS-0219_PHBW8_0004/LH287,10.119450666907325
2024,ohh1,GEMS-0219_PHBW8_0008/LH287,10.119450666907325
2024,ohh1,GEMS-0219_PHBW8_0011/LH287,10.119450666907325
2024,ohh1,GEMS-0227_3AZA1_0001/LH287,10.119450666907325
2024,ohh1,GEMS-0227_3AZA1_0002/LH287,10.119450666907325
2024,ohh1,GEMS-0227_3AZA1_0003/LH287,10.119450666907325
2024,ohh1,GEMS-0227_3AZA1_0004/LH287,10.119450666907325
2024,ohh1,GEMS-0227_3AZA1_0005/LH287,10.119450666907325
2024,ohh1,GEMS-0227_3AZA1_0006/LH287,10.119450666907325
2024,ohh1,GEMS-0227_3AZA1_0007/LH287,10.119450666907325
2024,ohh1,GEMS-0227_3AZA1_0012/LH287,10.119450666907325
2024,ohh1,GEMS-0227_3AZA1_0014/LH287,10.119450666907325
2024,ohh1,GEMS-0227_3AZA1_0016/LH287,10.119450666907325
2024,ohh1,GEMS-0227_3AZA1_0018/LH287,10.119450666907325
2024,ohh1,GEMS-0227_3AZA1_0023/LH287,10.119450666907325
2024,ohh1,GEMS-0227_3AZA1_0024/LH287,10.119450666907325
2024,ohh1,GEMS-0227_3AZA1_0025/LH287,10.119450666907325
2024,ohh1,GEMS-0227_3AZA1_0028/LH287,10.119450666907325
2024,ohh1,GEMS-0227_3AZA1_0029/LH287,10.119450666907325
2024,ohh1,GEMS-0227_3AZA1_0030/LH287,10.119450666907325
2024,ohh1,GEMS-0227_3AZA1_0031/LH287,10.119450666907325
2024,ohh1,GEMS-0227_3AZA1_0036/LH287,10.119450666907325
2024,ohh1,GEMS-0227_3AZA1_0040/LH287,10.119450666907325
2024,ohh1,GEMS-0227_3AZA1_0041/LH287,10.119450666907325
2024,ohh1,GEMS-0227_3AZA1_0043/LH287,10.119450666907325
2024,ohh1,GEMS-0227_3AZA1_0046/LH287,10.119450666907325
2024,ohh1,GEMS-0227_3AZA1_0048/LH287,10.119450666907325
2024,ohh1,GEMS-0227_3AZA1_0049/LH287,10.119450666907325
2024,ohh1,GEMS-0227_FBLL_0001/LH287,10.119450666907325
2024,ohh1,GEMS-0227_FBLL_0002/LH287,10.119450666907325
2024,ohh1,GEMS-0227_FBLL_0004/LH287,10.119450666907325
2024,ohh1,GEMS-0227_FBLL_0005/LH287,10.119450666907325
2024,ohh1,GEMS-0227_FBLL_0007/LH287,10.119450666907325
2024,ohh1,GEMS-0227_FBLL_0008/LH287,10.119450666907325
2024,ohh1,GEMS-0227_FBLL_0009/LH287,10.119450666907325
2024,ohh1,GEMS-0227_FBLL_0010/LH287,10.119450666907325
2024,ohh1,GEMS-0227_FBLL_0013/LH287,10.119450666907325
2024,ohh1,GEMS-0227_FBLL_0014/LH287,10.119450666907325
2024,ohh1,GEMS-0227_FBLL_0015/LH287,10.119450666907325
2024,ohh1,GEMS-0227_FBLL_0016/LH287,10.119450666907325
2024,ohh1,GEMS-0227_FBLL_0019/LH287,10.119450666907325
2024,ohh1,GEMS-0227_FBLL_0022/LH287,10.119450666907325
2024,ohh1,GEMS-0227_FBLL_0023/LH287,10.119450666907325
2024,ohh1,GEMS-0227_FBLL_0024/LH287,10.119450666907325
2024,ohh1,GEMS-0227_FBLL_0025/LH287,10.119450666907325
2024,ohh1,GEMS-0227_FBLL_0029/LH287,10.119450666907325
2024,ohh1,GEMS-0227_FBLL_0032/LH287,10.119450666907325
2024,ohh1,GEMS-0227_FBLL_0033/LH287,10.119450666907325
2024,ohh1,GEMS-0227_FBLL_0034/LH287,10.119450666907325
2024,ohh1,GEMS-0227_FBLL_0035/LH287,10.119450666907325
2024,ohh1,GEMS-0227_FBLL_0036/LH287,10.119450666907325
2024,ohh1,GEMS-0227_FBLL_0037/LH287,10.119450666907325
2024,ohh1,GEMS-0227_FBLL_0038/LH287,10.119450666907325
2024,ohh1,GEMS-0227_FBLL_0040/LH287,10.119450666907325
2024,ohh1,GEMS-0227_FBLL_0041/LH287,10.119450666907325
2024,ohh1,GEMS-0227_FBLL_0043/LH287,10.119450666907325
2024,ohh1,GEMS-0227_FBLL_0045/LH287,10.119450666907325
2024,ohh1,GEMS-0227_FBLL_0046/LH287,10.119450666907325
2024,ohh1,GEMS-0227_FBLL_0047/LH287,10.119450666907325
2024,ohh1,GEMS-0227_FBLL_0048/LH287,10.119450666907325
2024,ohh1,GEMS-0227_FBLL_0049/LH287,10.119450666907325
2024,ohh1,GEMS-0227_FBLL_0050/LH287,10.119450666907325
2024,ohh1,GEMS-0227_FBLL_0051/LH287,10.119450666907325
2024,ohh1,GEMS-0227_FBLL_0052/LH287,10.119450666907325
2024,ohh1,GEMS-0227_FBLL_0055/LH287,10.119450666907325
2024,ohh1,GEMS-0227_FBLL_0057/LH287,10.119450666907325
2024,ohh1,GEMS-0227_FBLL_0058/LH287,10.119450666907325
2024,ohh1,GEMS-0227_FBLL_0060/LH287,10.119450666907325
2024,ohh1,GEMS-0227_FBLL_0062/LH287,10.119450666907325
2024,ohh1,GEMS-0227_FBLL_0063/LH287,10.119450666907325
2024,ohh1,GEMS-0227_FBLL_0066/LH287,10.119450666907325
2024,ohh1,GEMS-0227_FBLL_0067/LH287,10.119450666907325
2024,ohh1,GEMS-0227_FBLL_0068/LH287,10.119450666907325
2024,ohh1,GEMS-0227_FBLL_0069/LH287,10.119450666907325
2024,ohh1,GEMS-0227_FBLL_0070/LH287,10.119450666907325
2024,ohh1,GEMS-0227_FBLL_0072/LH287,10.119450666907325
2024,ohh1,GEMS-0227_FBLL_0077/LH287,10.119450666907325
2024,ohh1,GEMS-0227_FBLL_0078/LH287,10.119450666907325
2024,ohh1,GEMS-0227_FBLL_0080/LH287,10.119450666907325
2024,ohh1,GEMS-0227_FBLL_0082/LH287,10.119450666907325
2024,ohh1,GEMS-0227_FBLL_0084/LH287,10.119450666907325
2024,ohh1,GEMS-0227_FBLL_0085/LH287,10.119450666907325
2024,ohh1,GEMS-0227_FBLL_0087/LH287,10.119450666907325
2024,ohh1,GEMS-0227_FBLL_0088/LH287,10.119450666907325
2024,ohh1,GEMS-0227_FBLL_0089/LH287,10.119450666907325
2024,ohh1,GEMS-0227_FBLL_0090/LH287,10.119450666907325
2024,ohh1,GEMS-0227_FBLL_0094/LH287,10.119450666907325
2024,ohh1,GEMS-0227_FBLL_0095/LH287,10.119450666907325
2024,ohh1,GEMS-0227_FBLL_0096/LH287,10.119450666907325
2024,ohh1,GEMS-0227_FBLL_0097/LH287,10.119450666907325
2024,ohh1,GEMS-0227_FBLL_0098/LH287,10.119450666907325
2024,ohh1,GEMS-0227_FBLL_0101/LH287,10.119450666907325
2024,ohh1,GEMS-0227_FBLL_0102/LH287,10.119450666907325
2024,ohh1,GEMS-0227_FBLL_0104/LH287,10.119450666907325
2024,ohh1,GEMS-0227_FBLL_0115/LH287,10.119450666907325
2024,ohh1,GEMS-0227_FBLL_0116/LH287,10.119450666907325
2024,ohh1,GEMS-0227_FBLL_0118/LH287,10.119450666907325
2024,ohh1,GEMS-0227_FBLL_0121/LH287,10.119450666907325
2024,ohh1,GEMS-0227_FBLL_0124/LH287,10.119450666907325
2024,ohh1,GEMS-0227_FBLL_0125/LH287,10.119450666907325
2024,ohh1,GEMS-0227_FBLL_0133/LH287,10.119450666907325
2024,ohh1,GEMS-0227_FBLL_0134/LH287,10.119450666907325
2024,ohh1,GEMS-0227_FBLL_0136/LH287,10.119450666907325
2024,ohh1,GEMS-0227_FBLL_0140/LH287,10.119450666907325
2024,ohh1,GEMS-0227_PHB47_0001/LH287,10.119450666907325
2024,ohh1,GEMS-0227_PHB47_0002/LH287,10.119450666907325
2024,ohh1,GEMS-0227_PHB47_0003/LH287,10.119450666907325
2024,ohh1,GEMS-0227_PHB47_0006/LH287,10.119450666907325
2024,ohh1,GEMS-0227_PHB47_0007/LH287,10.119450666907325
2024,ohh1,GEMS-0227_PHB47_0009/LH287,10.119450666907325
2024,ohh1,GEMS-0227_PHB47_0011/LH287,10.119450666907325
2024,ohh1,GEMS-0227_PHB47_0016/LH287,10.119450666907325
2024,ohh1,GEMS-0227_PHB47_0022/LH287,10.119450666907325
2024,ohh1,GEMS-0227_PHBW8_0001/LH287,10.119450666907325
2024,ohh1,GEMS-0227_PHBW8_0002/LH287,10.119450666907325
2024,ohh1,GEMS-0227_PHBW8_0006/LH287,10.119450666907325
2024,ohh1,GEMS-0227_PHBW8_0007/LH287,10.119450666907325
2024,ohh1,GEMS-0227_PHBW8_0009/LH287,10.119450666907325
2024,ohh1,GEMS-0227_PHBW8_0011/LH287,10.119450666907325
2024,ohh1,GEMS-0227_PHBW8_0012/LH287,10.119450666907325
2024,ohh1,GEMS-0227_PHBW8_0013/LH287,10.119450666907325
2024,ohh1,GEMS-0227_PHBW8_0017/LH287,10.119450666907325
2024,ohh1,GEMS-0227_PHBW8_0020/LH287,10.119450666907325
2024,ohh1,GEMS-0227_PHBW8_0022/LH287,10.119450666907325
2024,ohh1,GEMS-0227_PHBW8_0024/LH287,10.119450666907325
2024,ohh1,LH132/LH287,10.167490427437775
2024,ohh1,LH146HT/LH287,10.119450666907325
2024,ohh1,LH192/LH287,10.119450666907325
2024,ohh1,LH194/LH287,10.119450666907325
2024,ohh1,LH195/LH287,10.584740797049989
2024,ohh1,LH195/PHZ51,9.997060619016372
2024,ohh1,LH197/LH287,10.119450666907325
2024,ohh1,LH198/LH287,10.130956056699938
2024,ohh1,LH200/LH287,10.119450666907325
2024,ohh1,LH225/LH287,10.119450666907325
2024,ohh1,LH226HT/LH287,10.119450666907325
2024,ohh1,LH228/LH287,10.119450666907325
2024,ohh1,LH231/LH287,10.119450666907325
2024,ohh1,LH235/LH287,10.119450666907325
2024,ohh1,LH236/LH287,10.119450666907325
2024,ohh1,LH244/PHK76,10.002000395869448
2024,ohh1,LH264/LH287,10.119450666907325
2024,ohh1,LH286/LH287,10.119450666907325
2024,ohh1,LH287/LH244,12.105056644047368
2024,ohh1,LH82/LH244,10.346900674691522
2024,ohh1,MM501D/LH244,11.493734594904286
2024,ohh1,NKH8431/LH287,10.119450666907325
2024,ohh1,PH05F/LH287,10.119450666907325
2024,ohh1,PH05W/LH287,10.119450666907325
2024,ohh1,PH06N/LH287,10.119450666907325
2024,ohh1,PH09B/LH287,10.119450666907325
2024,ohh1,PH09E/LH287,10.119450666907325
2024,ohh1,PH0CD/LH287,10.119450666907325
2024,ohh1,PH12C/LH287,10.119450666907325
2024,ohh1,PH19V/LH287,10.119450666907325
2024,ohh1,PH1CA/LH287,10.119450666907325
2024,ohh1,PH1GC/LH287,10.119450666907325
2024,ohh1,PH1GG/LH287,10.119450666907325
2024,ohh1,PH1TB/LH287,10.119450666907325
2024,ohh1,PH1W2/LH287,10.119450666907325
2024,ohh1,PH24E/LH244,11.646310046331376
2024,ohh1,PH38D/LH287,10.119450666907325
2024,ohh1,PH42B/LH287,10.119450666907325
2024,ohh1,PH44A/LH287,10.119450666907325
2024,ohh1,PH63A/LH287,10.119450666907325
2024,ohh1,PH79A/LH287,10.119450666907325
2024,ohh1,PHB47/LH287,10.138584313782012
2024,ohh1,PHB47/PHN82,10.876452521246522
2024,ohh1,PHB47/PHZ51,9.598225130841927
2024,ohh1,PHBW8/LH287,10.119450666907325
2024,ohh1,PHEW7/LH287,10.119450666907325
2024,ohh1,PHG29/PHG47,8.579386612048598
2024,ohh1,PHG39/PHN82,10.90558512154847
2024,ohh1,PHHB9/LH287,10.435550341667287
2024,ohh1,PHJ40/PHAJ0,6.215283175125754
2024,ohh1,PHJ89/LH244,11.170913212839823
2024,ohh1,PHK56/LH244,11.444978400438224
2024,ohh1,PHKV0/LH287,10.119450666907325
2024,ohh1,PHN41/LH287,10.119450666907325
2024,ohh1,PHN46/LH244,9.877364343027171
2024,ohh1,PHNJ2/LH287,10.119450666907325
2024,ohh1,PHP02/LH244,11.444978400438224
2024,ohh1,PHR03/LH244,11.627718508437123
2024,ohh1,PHRE1/PHTD5,7.085489005015171
2024,ohh1,PHT10/LH287,10.119450666907325
2024,ohh1,PHT11/LH287,10.119450666907325
2024,ohh1,PHT47/LH287,10.119450666907325
2024,ohh1,PHTP9/LH287,10.119450666907325
2024,ohh1,PHVJ5/LH287,10.119450666907325
2024,ohh1,PHW30/LH244,11.24768022801499
2024,ohh1,PHW52/PHM49,10.41914852442149
2024,ohh1,W10004_0018/LH287,10.119450666907325
2024,ohh1,W10004_0031/LH287,10.119450666907325
2024,ohh1,W10004_0034/LH287,10.119450666907325
2024,ohh1,W10004_0055/LH287,10.119450666907325
2024,ohh1,W10004_0062/LH287,10.063774995819815
2024,ohh1,W10004_0095/LH287,10.060852275168038
2024,ohh1,W10004_0133/LH287,10.119450666907325
2024,ohh1,W10004_0138/LH287,10.119450666907325
2024,ohh1,W10004_0167/LH287,10.09182610458876
2024,ohh1,W10004_0168/LH287,10.119450666907325
2024,ohh1,W10004_0189/LH287,10.119450666907325
2024,ohh1,W10004_0258/LH287,10.154955215194338
2024,ohh1,W10004_0270/LH287,10.119450666907325
2024,ohh1,W10004_0346/LH287,10.119450666907325
2024,ohh1,W10004_0403/LH287,10.119450666907325
2024,ohh1,W10004_0412/LH287,10.119450666907325
2024,ohh1,W10004_0476/LH287,10.038427447457886
2024,ohh1,W10004_0601/LH287,10.402612380464047
2024,ohh1,W10004_0658/LH287,10.119450666907325
2024,ohh1,W10004_0688/LH287,10.119450666907325
2024,ohh1,W10004_0691/LH287,9.721143571996057
2024,ohh1,W10004_0715/LH287,10.119450666907325
2024,ohh1,W10004_0747/LH287,10.119450666907325
2024,ohh1,W10004_0771/LH287,10.119450666907325
2024,ohh1,W10004_0776/LH287,10.119450666907325
2024,ohh1,W10004_0801/LH287,10.119450666907325
2024,ohh1,W10004_0859/LH287,10.100555135178052
2024,ohh1,W10004_1014/LH287,10.119450666907325
2024,ohh1,W10004_1018/LH287,10.119450666907325
2024,ohh1,W10004_1080/LH287,10.119450666907325
2024,ohh1,WQCD10/LH287,10.119450666907325
2024,ohh1,ZS01459/LH287,10.119450666907325
2024,ohh1,ZS0510/LH287,10.119450666907325
2024,onh3,01DIB2/PHP02,10.461026027354276
2024,onh3,2369/LH123HT,12.03833991421751
2024,onh3,6F629/PHP02,10.61594431526562
2024,onh3,B14A/OH43,9.938162967556442
2024,onh3,B37/H95,9.907703924124775
2024,onh3,B73/MO17,11.60309962697995
2024,onh3,B73/PHN82,11.820067310972897
2024,onh3,B73/TX779,7.787559481786613
2024,onh3,CG119/CG108,6.773097400705661
2024,onh3,CG44/CGR01,9.209546553803902
2024,onh3,DK3IIH6/LH244,11.798131309522962
2024,onh3,FBLA/PHP02,10.461026027354276
2024,onh3,FBLL/PHP02,10.461026027354276
2024,onh3,GEMS-0061_3AZA1_0001/PHP02,10.461026027354276
2024,onh3,GEMS-0061_3AZA1_0004/PHP02,10.461026027354276
2024,onh3,GEMS-0061_3AZA1_0005/PHP02,10.461026027354276
2024,onh3,GEMS-0061_3AZA1_0006/PHP02,10.461026027354276
2024,onh3,GEMS-0061_3AZA1_0009/PHP02,10.461026027354276
2024,onh3,GEMS-0061_3AZA1_0010/PHP02,10.461026027354276
2024,onh3,GEMS-0061_3AZA1_0012/PHP02,10.461026027354276
2024,onh3,GEMS-0061_3AZA1_0013/PHP02,10.461026027354276
2024,onh3,GEMS-0061_3AZA1_0015/PHP02,10.461026027354276
2024,onh3,GEMS-0061_3AZA1_0016/PHP02,10.461026027354276
2024,onh3,GEMS-0061_3AZA1_0017/PHP02,10.461026027354276
2024,onh3,GEMS-0061_3AZA1_0021/PHP02,10.461026027354276
2024,onh3,GEMS-0061_FBLL_0002/PHP02,10.461026027354276
2024,onh3,GEMS-0061_FBLL_0005/PHP02,10.461026027354276
2024,onh3,GEMS-0061_FBLL_0007/PHP02,10.461026027354276
2024,onh3,GEMS-0061_FBLL_0008/PHP02,10.461026027354276
2024,onh3,GEMS-0061_FBLL_0009/PHP02,10.461026027354276
2024,onh3,GEMS-0061_FBLL_0010/PHP02,10.461026027354276
2024,onh3,GEMS-0061_FBLL_0011/PHP02,10.461026027354276
2024,onh3,GEMS-0061_FBLL_0015/PHP02,10.461026027354276
2024,onh3,GEMS-0061_FBLL_0016/PHP02,10.461026027354276
2024,onh3,GEMS-0061_FBLL_0017/PHP02,10.461026027354276
2024,onh3,GEMS-0061_FBLL_0019/PHP02,10.461026027354276
2024,onh3,GEMS-0061_FBLL_0022/PHP02,10.461026027354276
2024,onh3,GEMS-0061_FBLL_0024/PHP02,10.461026027354276
2024,onh3,GEMS-0061_FBLL_0025/PHP02,10.461026027354276
2024,onh3,GEMS-0061_FBLL_0026/PHP02,10.461026027354276
2024,onh3,GEMS-0061_FBLL_0029/PHP02,10.461026027354276
2024,onh3,GEMS-0061_FBLL_0031/PHP02,10.461026027354276
2024,onh3,GEMS-0061_FBLL_0033/PHP02,10.461026027354276
2024,onh3,GEMS-0061_FBLL_0034/PHP02,10.461026027354276
2024,onh3,GEMS-0061_FBLL_0035/PHP02,10.461026027354276
2024,onh3,GEMS-0061_FBLL_0037/PHP02,10.461026027354276
2024,onh3,GEMS-0061_FBLL_0038/PHP02,10.461026027354276
2024,onh3,GEMS-0061_FBLL_0039/PHP02,10.461026027354276
2024,onh3,GEMS-0061_FBLL_0040/PHP02,10.461026027354276
2024,onh3,GEMS-0061_FBLL_0042/PHP02,10.461026027354276
2024,onh3,GEMS-0061_FBLL_0044/PHP02,10.461026027354276
2024,onh3,GEMS-0061_FBLL_0050/PHP02,10.461026027354276
2024,onh3,GEMS-0061_PHB47_0001/PHP02,10.461026027354276
2024,onh3,GEMS-0061_PHB47_0003/PHP02,10.461026027354276
2024,onh3,GEMS-0061_PHB47_0004/PHP02,10.461026027354276
2024,onh3,GEMS-0061_PHBW8_0001/PHP02,10.461026027354276
2024,onh3,GEMS-0061_PHBW8_0002/PHP02,10.461026027354276
2024,onh3,GEMS-0113_3AZA1_0001/PHP02,10.461026027354276
2024,onh3,GEMS-0113_3AZA1_0002/PHP02,10.461026027354276
2024,onh3,GEMS-0113_3AZA1_0003/PHP02,10.461026027354276
2024,onh3,GEMS-0113_3AZA1_0004/PHP02,10.461026027354276
2024,onh3,GEMS-0113_3AZA1_0005/PHP02,10.461026027354276
2024,onh3,GEMS-0113_3AZA1_0006/PHP02,10.461026027354276
2024,onh3,GEMS-0113_3AZA1_0007/PHP02,10.461026027354276
2024,onh3,GEMS-0113_3AZA1_0008/PHP02,10.461026027354276
2024,onh3,GEMS-0113_3AZA1_0013/PHP02,10.461026027354276
2024,onh3,GEMS-0113_3AZA1_0014/PHP02,10.461026027354276
2024,onh3,GEMS-0113_3AZA1_0015/PHP02,10.461026027354276
2024,onh3,GEMS-0113_3AZA1_0016/PHP02,10.461026027354276
2024,onh3,GEMS-0113_3AZA1_0017/PHP02,10.461026027354276
2024,onh3,GEMS-0113_3AZA1_0018/PHP02,10.461026027354276
2024,onh3,GEMS-0113_3AZA1_0019/PHP02,10.461026027354276
2024,onh3,GEMS-0113_3AZA1_0021/PHP02,10.461026027354276
2024,onh3,GEMS-0113_3AZA1_0022/PHP02,10.461026027354276
2024,onh3,GEMS-0113_3AZA1_0024/PHP02,10.461026027354276
2024,onh3,GEMS-0113_3AZA1_0025/PHP02,10.461026027354276
2024,onh3,GEMS-0113_3AZA1_0026/PHP02,10.461026027354276
2024,onh3,GEMS-0113_3AZA1_0028/PHP02,10.461026027354276
2024,onh3,GEMS-0113_3AZA1_0031/PHP02,10.461026027354276
2024,onh3,GEMS-0113_3AZA1_0038/PHP02,10.461026027354276
2024,onh3,GEMS-0113_FBLL_0002/PHP02,10.461026027354276
2024,onh3,GEMS-0113_FBLL_0003/PHP02,10.461026027354276
2024,onh3,GEMS-0113_FBLL_0007/PHP02,10.461026027354276
2024,onh3,GEMS-0113_FBLL_0008/PHP02,10.461026027354276
2024,onh3,GEMS-0113_FBLL_0013/PHP02,10.461026027354276
2024,onh3,GEMS-0113_FBLL_0015/PHP02,10.461026027354276
2024,onh3,GEMS-0113_PHB47_0001/PHP02,10.461026027354276
2024,onh3,GEMS-0113_PHB47_0003/PHP02,10.461026027354276
2024,onh3,GEMS-0113_PHB47_0004/PHP02,10.461026027354276
2024,onh3,GEMS-0113_PHB47_0006/PHP02,10.461026027354276
2024,onh3,GEMS-0113_PHB47_0009/PHP02,10.461026027354276
2024,onh3,GEMS-0113_PHB47_0011/PHP02,10.461026027354276
2024,onh3,GEMS-0113_PHB47_0012/PHP02,10.461026027354276
2024,onh3,GEMS-0113_PHB47_0014/PHP02,10.461026027354276
2024,onh3,GEMS-0113_PHB47_0015/PHP02,10.461026027354276
2024,onh3,GEMS-0113_PHB47_0019/PHP02,10.461026027354276
2024,onh3,GEMS-0113_PHB47_0020/PHP02,10.461026027354276
2024,onh3,GEMS-0113_PHB47_0021/PHP02,10.461026027354276
2024,onh3,GEMS-0113_PHBW8_0001/PHP02,10.461026027354276
2024,onh3,GEMS-0113_PHBW8_0002/PHP02,10.461026027354276
2024,onh3,GEMS-0113_PHBW8_0004/PHP02,10.461026027354276
2024,onh3,GEMS-0113_PHBW8_0006/PHP02,10.461026027354276
2024,onh3,GEMS-0113_PHBW8_0007/PHP02,10.461026027354276
2024,onh3,GEMS-0113_PHBW8_0008/PHP02,10.461026027354276
2024,onh3,GEMS-0113_PHBW8_0009/PHP02,10.461026027354276
2024,onh3,GEMS-0113_PHBW8_0010/PHP02,10.461026027354276
2024,onh3,GEMS-0113_PHBW8_0011/PHP02,10.461026027354276
2024,onh3,GEMS-0113_PHBW8_0012/PHP02,10.461026027354276
2024,onh3,GEMS-0113_PHBW8_0013/PHP02,10.461026027354276
2024,onh3,GEMS-0113_PHBW8_0017/PHP02,10.461026027354276
2024,onh3,GEMS-0219_3AZA1_0003/PHP02,10.461026027354276
2024,onh3,GEMS-0219_3AZA1_0004/PHP02,10.461026027354276
2024,onh3,GEMS-0219_3AZA1_0005/PHP02,10.461026027354276
2024,onh3,GEMS-0219_3AZA1_0006/PHP02,10.461026027354276
2024,onh3,GEMS-0219_3AZA1_0007/PHP02,10.461026027354276
2024,onh3,GEMS-0219_3AZA1_0009/PHP02,10.461026027354276
2024,onh3,GEMS-0219_3AZA1_0010/PHP02,10.461026027354276
2024,onh3,GEMS-0219_3AZA1_0012/PHP02,10.461026027354276
2024,onh3,GEMS-0219_3AZA1_0014/PHP02,10.461026027354276
2024,onh3,GEMS-0219_FBLL_0002/PHP02,10.461026027354276
2024,onh3,GEMS-0219_FBLL_0003/PHP02,10.461026027354276
2024,onh3,GEMS-0219_FBLL_0004/PHP02,10.461026027354276
2024,onh3,GEMS-0219_FBLL_0005/PHP02,10.461026027354276
2024,onh3,GEMS-0219_FBLL_0006/PHP02,10.461026027354276
2024,onh3,GEMS-0219_FBLL_0007/PHP02,10.461026027354276
2024,onh3,GEMS-0219_FBLL_0008/PHP02,10.461026027354276
2024,onh3,GEMS-0219_FBLL_0009/PHP02,10.461026027354276
2024,onh3,GEMS-0219_FBLL_0010/PHP02,10.461026027354276
2024,onh3,GEMS-0219_FBLL_0011/PHP02,10.461026027354276
2024,onh3,GEMS-0219_FBLL_0012/PHP02,10.461026027354276
2024,onh3,GEMS-0219_FBLL_0013/PHP02,10.461026027354276
2024,onh3,GEMS-0219_FBLL_0014/PHP02,10.461026027354276
2024,onh3,GEMS-0219_FBLL_0018/PHP02,10.461026027354276
2024,onh3,GEMS-0219_FBLL_0020/PHP02,10.461026027354276
2024,onh3,GEMS-0219_FBLL_0021/PHP02,10.461026027354276
2024,onh3,GEMS-0219_FBLL_0022/PHP02,10.461026027354276
2024,onh3,GEMS-0219_FBLL_0023/PHP02,10.461026027354276
2024,onh3,GEMS-0219_FBLL_0025/PHP02,10.461026027354276
2024,onh3,GEMS-0219_FBLL_0027/PHP02,10.461026027354276
2024,onh3,GEMS-0219_FBLL_0028/PHP02,10.461026027354276
2024,onh3,GEMS-0219_FBLL_0030/PHP02,10.461026027354276
2024,onh3,GEMS-0219_PHB47_0001/PHP02,10.461026027354276
2024,onh3,GEMS-0219_PHB47_0002/PHP02,10.461026027354276
2024,onh3,GEMS-0219_PHB47_0003/PHP02,10.461026027354276
2024,onh3,GEMS-0219_PHB47_0004/PHP02,10.461026027354276
2024,onh3,GEMS-0219_PHB47_0005/PHP02,10.461026027354276
2024,onh3,GEMS-0219_PHB47_0006/PHP02,10.461026027354276
2024,onh3,GEMS-0219_PHB47_0014/PHP02,10.461026027354276
2024,onh3,GEMS-0219_PHBW8_0002/PHP02,10.461026027354276
2024,onh3,GEMS-0219_PHBW8_0004/PHP02,10.461026027354276
2024,onh3,GEMS-0219_PHBW8_0008/PHP02,10.461026027354276
2024,onh3,GEMS-0219_PHBW8_0009/PHP02,10.461026027354276
2024,onh3,GEMS-0227_3AZA1_0001/PHP02,10.461026027354276
2024,onh3,GEMS-0227_3AZA1_0003/PHP02,10.461026027354276
2024,onh3,GEMS-0227_3AZA1_0004/PHP02,10.461026027354276
2024,onh3,GEMS-0227_3AZA1_0005/PHP02,10.461026027354276
2024,onh3,GEMS-0227_3AZA1_0006/PHP02,10.461026027354276
2024,onh3,GEMS-0227_3AZA1_0007/PHP02,10.461026027354276
2024,onh3,GEMS-0227_3AZA1_0008/PHP02,10.461026027354276
2024,onh3,GEMS-0227_3AZA1_0009/PHP02,10.461026027354276
2024,onh3,GEMS-0227_3AZA1_0010/PHP02,10.461026027354276
2024,onh3,GEMS-0227_3AZA1_0011/PHP02,10.461026027354276
2024,onh3,GEMS-0227_3AZA1_0012/PHP02,10.461026027354276
2024,onh3,GEMS-0227_3AZA1_0013/PHP02,10.461026027354276
2024,onh3,GEMS-0227_3AZA1_0014/PHP02,10.461026027354276
2024,onh3,GEMS-0227_3AZA1_0015/PHP02,10.461026027354276
2024,onh3,GEMS-0227_3AZA1_0016/PHP02,10.461026027354276
2024,onh3,GEMS-0227_3AZA1_0017/PHP02,10.461026027354276
2024,onh3,GEMS-0227_3AZA1_0018/PHP02,10.461026027354276
2024,onh3,GEMS-0227_3AZA1_0019/PHP02,10.461026027354276
2024,onh3,GEMS-0227_3AZA1_0022/PHP02,10.461026027354276
2024,onh3,GEMS-0227_3AZA1_0023/PHP02,10.461026027354276
2024,onh3,GEMS-0227_3AZA1_0024/PHP02,10.461026027354276
2024,onh3,GEMS-0227_3AZA1_0025/PHP02,10.461026027354276
2024,onh3,GEMS-0227_3AZA1_0028/PHP02,10.461026027354276
2024,onh3,GEMS-0227_3AZA1_0029/PHP02,10.461026027354276
2024,onh3,GEMS-0227_3AZA1_0031/PHP02,10.461026027354276
2024,onh3,GEMS-0227_3AZA1_0032/PHP02,10.461026027354276
2024,onh3,GEMS-0227_3AZA1_0034/PHP02,10.461026027354276
2024,onh3,GEMS-0227_3AZA1_0035/PHP02,10.461026027354276
2024,onh3,GEMS-0227_3AZA1_0040/PHP02,10.461026027354276
2024,onh3,GEMS-0227_3AZA1_0045/PHP02,10.461026027354276
2024,onh3,GEMS-0227_3AZA1_0046/PHP02,10.461026027354276
2024,onh3,GEMS-0227_3AZA1_0048/PHP02,10.461026027354276
2024,onh3,GEMS-0227_3AZA1_0049/PHP02,10.461026027354276
2024,onh3,GEMS-0227_FBLL_0001/PHP02,10.461026027354276
2024,onh3,GEMS-0227_FBLL_0002/PHP02,10.461026027354276
2024,onh3,GEMS-0227_FBLL_0003/PHP02,10.461026027354276
2024,onh3,GEMS-0227_FBLL_0004/PHP02,10.461026027354276
2024,onh3,GEMS-0227_FBLL_0005/PHP02,10.461026027354276
2024,onh3,GEMS-0227_FBLL_0007/PHP02,10.461026027354276
2024,onh3,GEMS-0227_FBLL_0008/PHP02,10.461026027354276
2024,onh3,GEMS-0227_FBLL_0009/PHP02,10.461026027354276
2024,onh3,GEMS-0227_FBLL_0014/PHP02,10.461026027354276
2024,onh3,GEMS-0227_FBLL_0016/PHP02,10.461026027354276
2024,onh3,GEMS-0227_FBLL_0018/PHP02,10.461026027354276
2024,onh3,GEMS-0227_FBLL_0021/PHP02,10.461026027354276
2024,onh3,GEMS-0227_FBLL_0022/PHP02,10.461026027354276
2024,onh3,GEMS-0227_FBLL_0023/PHP02,10.461026027354276
2024,onh3,GEMS-0227_FBLL_0024/PHP02,10.461026027354276
2024,onh3,GEMS-0227_FBLL_0025/PHP02,10.461026027354276
2024,onh3,GEMS-0227_FBLL_0027/PHP02,10.461026027354276
2024,onh3,GEMS-0227_FBLL_0028/PHP02,10.461026027354276
2024,onh3,GEMS-0227_FBLL_0029/PHP02,10.461026027354276
2024,onh3,GEMS-0227_FBLL_0030/PHP02,10.461026027354276
2024,onh3,GEMS-0227_FBLL_0033/PHP02,10.461026027354276
2024,onh3,GEMS-0227_FBLL_0034/PHP02,10.461026027354276
2024,onh3,GEMS-0227_FBLL_0035/PHP02,10.461026027354276
2024,onh3,GEMS-0227_FBLL_0036/PHP02,10.461026027354276
2024,onh3,GEMS-0227_FBLL_0037/PHP02,10.461026027354276
2024,onh3,GEMS-0227_FBLL_0038/PHP02,10.461026027354276
2024,onh3,GEMS-0227_FBLL_0039/PHP02,10.461026027354276
2024,onh3,GEMS-0227_FBLL_0040/PHP02,10.461026027354276
2024,onh3,GEMS-0227_FBLL_0041/PHP02,10.461026027354276
2024,onh3,GEMS-0227_FBLL_0042/PHP02,10.461026027354276
2024,onh3,GEMS-0227_FBLL_0044/PHP02,10.461026027354276
2024,onh3,GEMS-0227_FBLL_0046/PHP02,10.461026027354276
2024,onh3,GEMS-0227_FBLL_0047/PHP02,10.461026027354276
2024,onh3,GEMS-0227_FBLL_0048/PHP02,10.461026027354276
2024,onh3,GEMS-0227_FBLL_0049/PHP02,10.461026027354276
2024,onh3,GEMS-0227_FBLL_0050/PHP02,10.461026027354276
2024,onh3,GEMS-0227_FBLL_0051/PHP02,10.461026027354276
2024,onh3,GEMS-0227_FBLL_0052/PHP02,10.461026027354276
2024,onh3,GEMS-0227_FBLL_0053/PHP02,10.461026027354276
2024,onh3,GEMS-0227_FBLL_0054/PHP02,10.461026027354276
2024,onh3,GEMS-0227_FBLL_0056/PHP02,10.461026027354276
2024,onh3,GEMS-0227_FBLL_0057/PHP02,10.461026027354276
2024,onh3,GEMS-0227_FBLL_0059/PHP02,10.461026027354276
2024,onh3,GEMS-0227_FBLL_0063/PHP02,10.461026027354276
2024,onh3,GEMS-0227_FBLL_0064/PHP02,10.461026027354276
2024,onh3,GEMS-0227_FBLL_0066/PHP02,10.461026027354276
2024,onh3,GEMS-0227_FBLL_0067/PHP02,10.461026027354276
2024,onh3,GEMS-0227_FBLL_0068/PHP02,10.461026027354276
2024,onh3,GEMS-0227_FBLL_0070/PHP02,10.461026027354276
2024,onh3,GEMS-0227_FBLL_0072/PHP02,10.461026027354276
2024,onh3,GEMS-0227_FBLL_0073/PHP02,10.461026027354276
2024,onh3,GEMS-0227_FBLL_0075/PHP02,10.461026027354276
2024,onh3,GEMS-0227_FBLL_0077/PHP02,10.461026027354276
2024,onh3,GEMS-0227_FBLL_0078/PHP02,10.461026027354276
2024,onh3,GEMS-0227_FBLL_0082/PHP02,10.461026027354276
2024,onh3,GEMS-0227_FBLL_0084/PHP02,10.461026027354276
2024,onh3,GEMS-0227_FBLL_0085/PHP02,10.461026027354276
2024,onh3,GEMS-0227_FBLL_0086/PHP02,10.461026027354276
2024,onh3,GEMS-0227_FBLL_0087/PHP02,10.461026027354276
2024,onh3,GEMS-0227_FBLL_0088/PHP02,10.461026027354276
2024,onh3,GEMS-0227_FBLL_0089/PHP02,10.461026027354276
2024,onh3,GEMS-0227_FBLL_0090/PHP02,10.461026027354276
2024,onh3,GEMS-0227_FBLL_0093/PHP02,10.461026027354276
2024,onh3,GEMS-0227_FBLL_0094/PHP02,10.461026027354276
2024,onh3,GEMS-0227_FBLL_0095/PHP02,10.461026027354276
2024,onh3,GEMS-0227_FBLL_0096/PHP02,10.461026027354276
2024,onh3,GEMS-0227_FBLL_0097/PHP02,10.461026027354276
2024,onh3,GEMS-0227_FBLL_0098/PHP02,10.461026027354276
2024,onh3,GEMS-0227_FBLL_0101/PHP02,10.461026027354276
2024,onh3,GEMS-0227_FBLL_0102/PHP02,10.461026027354276
2024,onh3,GEMS-0227_FBLL_0104/PHP02,10.461026027354276
2024,onh3,GEMS-0227_FBLL_0107/PHP02,10.461026027354276
2024,onh3,GEMS-0227_FBLL_0110/PHP02,10.461026027354276
2024,onh3,GEMS-0227_FBLL_0111/PHP02,10.461026027354276
2024,onh3,GEMS-0227_FBLL_0113/PHP02,10.461026027354276
2024,onh3,GEMS-0227_FBLL_0114/PHP02,10.461026027354276
2024,onh3,GEMS-0227_FBLL_0116/PHP02,10.461026027354276
2024,onh3,GEMS-0227_FBLL_0117/PHP02,10.461026027354276
2024,onh3,GEMS-0227_FBLL_0118/PHP02,10.461026027354276
2024,onh3,GEMS-0227_FBLL_0124/PHP02,10.461026027354276
2024,onh3,GEMS-0227_FBLL_0125/PHP02,10.461026027354276
2024,onh3,GEMS-0227_FBLL_0133/PHP02,10.461026027354276
2024,onh3,GEMS-0227_FBLL_0134/PHP02,10.461026027354276
2024,onh3,GEMS-0227_FBLL_0140/PHP02,10.461026027354276
2024,onh3,GEMS-0227_FBLL_0141/PHP02,10.461026027354276
2024,onh3,GEMS-0227_PHB47_0001/PHP02,10.461026027354276
2024,onh3,GEMS-0227_PHB47_0002/PHP02,10.461026027354276
2024,onh3,GEMS-0227_PHB47_0003/PHP02,10.461026027354276
2024,onh3,GEMS-0227_PHB47_0004/PHP02,10.461026027354276
2024,onh3,GEMS-0227_PHB47_0007/PHP02,10.461026027354276
2024,onh3,GEMS-0227_PHB47_0009/PHP02,10.461026027354276
2024,onh3,GEMS-0227_PHB47_0011/PHP02,10.461026027354276
2024,onh3,GEMS-0227_PHB47_0012/PHP02,10.461026027354276
2024,onh3,GEMS-0227_PHB47_0014/PHP02,10.461026027354276
2024,onh3,GEMS-0227_PHB47_0022/PHP02,10.461026027354276
2024,onh3,GEMS-0227_PHB47_0024/PHP02,10.461026027354276
2024,onh3,GEMS-0227_PHB47_0025/PHP02,10.461026027354276
2024,onh3,GEMS-0227_PHB47_0026/PHP02,10.461026027354276
2024,onh3,GEMS-0227_PHBW8_0001/PHP02,10.461026027354276
2024,onh3,GEMS-0227_PHBW8_0002/PHP02,10.461026027354276
2024,onh3,GEMS-0227_PHBW8_0004/PHP02,10.461026027354276
2024,onh3,GEMS-0227_PHBW8_0007/PHP02,10.461026027354276
2024,onh3,GEMS-0227_PHBW8_0009/PHP02,10.461026027354276
2024,onh3,GEMS-0227_PHBW8_0010/PHP02,10.461026027354276
2024,onh3,GEMS-0227_PHBW8_0011/PHP02,10.461026027354276
2024,onh3,GEMS-0227_PHBW8_0012/PHP02,10.461026027354276
2024,onh3,GEMS-0227_PHBW8_0013/PHP02,10.461026027354276
2024,onh3,GEMS-0227_PHBW8_0015/PHP02,10.461026027354276
2024,onh3,GEMS-0227_PHBW8_0017/PHP02,10.461026027354276
2024,onh3,GEMS-0227_PHBW8_0019/PHP02,10.461026027354276
2024,onh3,GEMS-0227_PHBW8_0020/PHP02,10.461026027354276
2024,onh3,GEMS-0227_PHBW8_0022/PHP02,10.461026027354276
2024,onh3,GEMS-0227_PHBW8_0024/PHP02,10.461026027354276
2024,onh3,LH132/PHP02,10.28312488290516
2024,onh3,LH146HT/PHP02,10.461026027354276
2024,onh3,LH193/PHP02,10.461026027354276
2024,onh3,LH195/PHP02,10.79858603764322
2024,onh3,LH195/PHZ51,10.238542671781431
2024,onh3,LH197/PHP02,10.461026027354276
2024,onh3,LH200/PHP02,10.461026027354276
2024,onh3,LH204/PHP02,10.461026027354276
2024,onh3,LH224/PHP02,10.461026027354276
2024,onh3,LH225/PHP02,10.461026027354276
2024,onh3,LH226HT/PHP02,10.461026027354276
2024,onh3,LH228/PHP02,10.461026027354276
2024,onh3,LH231/PHP02,10.461026027354276
2024,onh3,LH234/PHP02,10.461026027354276
2024,onh3,LH235/PHP02,10.461026027354276
2024,onh3,LH236/PHP02,10.461026027354276
2024,onh3,LH237/PHP02,10.461026027354276
2024,onh3,LH238/PHP02,10.461026027354276
2024,onh3,LH244/PHK76,10.58536609771958
2024,onh3,LH244/PHP02,10.789380822441561
2024,onh3,LH264/PHP02,10.461026027354276
2024,onh3,LH286/PHP02,10.461026027354276
2024,onh3,LH287/LH244,12.392284490482261
2024,onh3,LH292/PHP02,10.461026027354276
2024,onh3,LH82/LH244,10.79389072577659
2024,onh3,MM501D/LH244,11.798131309522962
2024,onh3,NKH8431/PHP02,10.409467792029906
2024,onh3,PH05F/PHP02,10.461026027354276
2024,onh3,PH05G/PHP02,10.461026027354276
2024,onh3,PH05W/PHP02,10.461026027354276
2024,onh3,PH06N/PHP02,10.461026027354276
2024,onh3,PH07D/PHP02,10.461026027354276
2024,onh3,PH080/PHP02,10.461026027354276
2024,onh3,PH08A/PHP02,10.461026027354276
2024,onh3,PH09B/PHP02,10.461026027354276
2024,onh3,PH09E/PHP02,10.461026027354276
2024,onh3,PH0B4/PHP02,10.461026027354276
2024,onh3,PH0GP/PHP02,10.461026027354276
2024,onh3,PH19V/PHP02,10.461026027354276
2024,onh3,PH1GC/PHP02,10.461026027354276
2024,onh3,PH1TB/PHP02,10.461026027354276
2024,onh3,PH1W2/PHP02,10.461026027354276
2024,onh3,PH24E/LH244,11.798448364615425
2024,onh3,PH24M/PHP02,10.461026027354276
2024,onh3,PH37C/PHP02,10.461026027354276
2024,onh3,PH38D/PHP02,10.461026027354276
2024,onh3,PH42B/PHP02,10.461026027354276
2024,onh3,PH44A/PHP02,10.461026027354276
2024,onh3,PH55C/PHP02,10.461026027354276
2024,onh3,PH63A/PHP02,10.461026027354276
2024,onh3,PH79A/PHP02,10.461026027354276
2024,onh3,PHB47/PHN82,11.285539083323416
2024,onh3,PHB47/PHZ51,10.024137866414984
2024,onh3,PHDG1/PHP02,10.461026027354276
2024,onh3,PHEW7/PHP02,10.461026027354276
2024,onh3,PHG29/PHG47,9.287919026217143
2024,onh3,PHG39/PHN82,11.378330179811131
2024,onh3,PHHB9/PHP02,10.714715613767485
2024,onh3,PHJ40/PHAJ0,7.517127200763161
2024,onh3,PHJ89/LH244,11.575418020661504
2024,onh3,PHK56/LH244,11.832901236131024
2024,onh3,PHKV0/PHP02,10.461026027354276
2024,onh3,PHN41/PHP02,10.461026027354276
2024,onh3,PHN46/LH244,10.397672522139807
2024,onh3,PHN66/PHP02,10.461026027354276
2024,onh3,PHP02/LH244,11.832901236131024
2024,onh3,PHP38/PHP02,10.57779899069641
2024,onh3,PHPR5/PHP02,10.461026027354276
2024,onh3,PHR03/LH244,12.042515946081329
2024,onh3,PHR61/PHP02,10.461026027354276
2024,onh3,PHRE1/PHTD5,8.2725829397276
2024,onh3,PHT10/PHP02,10.461026027354276
2024,onh3,PHT11/PHP02,10.461026027354276
2024,onh3,PHT47/PHP02,10.461026027354276
2024,onh3,PHTP9/PHP02,10.461026027354276
2024,onh3,PHTV7/PHP02,10.461026027354276
2024,onh3,PHV37/PHP02,10.461026027354276
2024,onh3,PHW30/LH244,11.71179285204841
2024,onh3,PHW52/PHM49,10.993607885666757
2024,onh3,PHW52/PHP02,10.567133892151686
2024,onh3,TX777/LH195,9.12126817835223
2024,onh3,W10004_0018/PHP02,10.461026027354276
2024,onh3,W10004_0031/PHP02,11.45223407639506
2024,onh3,W10004_0034/PHP02,11.220651088732085
2024,onh3,W10004_0055/PHP02,11.384113725614126
2024,onh3,W10004_0062/PHP02,10.405350356266766
2024,onh3,W10004_0103/PHP02,11.340716557180889
2024,onh3,W10004_0122/PHP02,11.16534748143894
2024,onh3,W10004_0138/PHP02,10.911407101283606
2024,onh3,W10004_0160/PHP02,11.25599373609065
2024,onh3,W10004_0167/PHP02,10.883782538965042
2024,onh3,W10004_0168/PHP02,11.121436039921974
2024,onh3,W10004_0189/PHP02,11.575320971320242
2024,onh3,W10004_0236/PHP02,11.129559329791364
2024,onh3,W10004_0258/PHP02,11.640667545356516
2024,onh3,W10004_0311/PHP02,10.652246416687392
2024,onh3,W10004_0346/PHP02,11.60808750794115
2024,onh3,W10004_0389/PHP02,11.069153700359184
2024,onh3,W10004_0403/PHP02,11.179377344207461
2024,onh3,W10004_0409/PHP02,12.0426677798626
2024,onh3,W10004_0412/PHP02,11.121436039921974
2024,onh3,W10004_0476/PHP02,10.524804287946646
2024,onh3,W10004_0601/PHP02,11.169596871009983
2024,onh3,W10004_0608/PHP02,10.147865151867657
2024,onh3,W10004_0637/PHP02,11.25599373609065
2024,onh3,W10004_0658/PHP02,11.89943988712581
2024,onh3,W10004_0688/PHP02,10.869856534839458
2024,onh3,W10004_0691/PHP02,9.57132638219324
2024,onh3,W10004_0714/PHP02,11.129340810887632
2024,onh3,W10004_0715/PHP02,11.121436039921974
2024,onh3,W10004_0747/PHP02,11.6362760503132
2024,onh3,W10004_0754/PHP02,11.179377344207461
2024,onh3,W10004_0771/PHP02,11.220651088732085
2024,onh3,W10004_0776/PHP02,11.179377344207461
2024,onh3,W10004_0801/PHP02,11.6362760503132
2024,onh3,W10004_0858/PHP02,11.121436039921974
2024,onh3,W10004_0866/PHP02,11.50537397317503
2024,onh3,W10004_0949/PHP02,11.89943988712581
2024,onh3,W10004_1014/PHP02,11.16534748143894
2024,onh3,W10004_1018/PHP02,10.913525144359605
2024,onh3,W10004_1080/PHP02,11.649791525182136
2024,onh3,WQCD10/PHP02,10.461026027354276
2024,onh3,ZS01459/PHP02,10.461026027354276
2024,onh3,ZS0510/PHP02,10.461026027354276
2024,sch1,01CSI6/LH287,6.642535852984155
2024,sch1,01DIB2/LH287,6.642535852984155
2024,sch1,2369/LH123HT,7.881731762754344
2024,sch1,2FACC/LH287,6.884042544500674
2024,sch1,6F629/LH287,6.726155436797586
2024,sch1,B14A/OH43,6.128728934538594
2024,sch1,B37/H95,6.082237906623516
2024,sch1,B73/MO17,7.435156946684586
2024,sch1,B73/PHN82,7.563070102292438
2024,sch1,CG119/CG108,3.675125955520789
2024,sch1,CG44/CGR01,5.1648181793843815
2024,sch1,DK3IIH6/LH244,7.603906617828444
2024,sch1,FBLA/LH287,6.642535852984155
2024,sch1,GEMS-0061_3AZA1_0001/LH287,6.642535852984155
2024,sch1,GEMS-0061_3AZA1_0005/LH287,6.642535852984155
2024,sch1,GEMS-0061_3AZA1_0006/LH287,6.642535852984155
2024,sch1,GEMS-0061_3AZA1_0009/LH287,6.642535852984155
2024,sch1,GEMS-0061_3AZA1_0010/LH287,6.642535852984155
2024,sch1,GEMS-0061_3AZA1_0012/LH287,6.642535852984155
2024,sch1,GEMS-0061_3AZA1_0014/LH287,6.642535852984155
2024,sch1,GEMS-0061_3AZA1_0015/LH287,6.642535852984155
2024,sch1,GEMS-0061_3AZA1_0021/LH287,6.642535852984155
2024,sch1,GEMS-0061_3AZA1_0023/LH287,6.642535852984155
2024,sch1,GEMS-0061_FBLL_0002/LH287,6.642535852984155
2024,sch1,GEMS-0061_FBLL_0004/LH287,6.642535852984155
2024,sch1,GEMS-0061_FBLL_0005/LH287,6.642535852984155
2024,sch1,GEMS-0061_FBLL_0007/LH287,6.642535852984155
2024,sch1,GEMS-0061_FBLL_0008/LH287,6.642535852984155
2024,sch1,GEMS-0061_FBLL_0010/LH287,6.642535852984155
2024,sch1,GEMS-0061_FBLL_0011/LH287,6.642535852984155
2024,sch1,GEMS-0061_FBLL_0015/LH287,6.642535852984155
2024,sch1,GEMS-0061_FBLL_0016/LH287,6.642535852984155
2024,sch1,GEMS-0061_FBLL_0017/LH287,6.642535852984155
2024,sch1,GEMS-0061_FBLL_0018/LH287,6.642535852984155
2024,sch1,GEMS-0061_FBLL_0022/LH287,6.642535852984155
2024,sch1,GEMS-0061_FBLL_0024/LH287,6.642535852984155
2024,sch1,GEMS-0061_FBLL_0025/LH287,6.642535852984155
2024,sch1,GEMS-0061_FBLL_0026/LH287,6.642535852984155
2024,sch1,GEMS-0061_FBLL_0029/LH287,6.642535852984155
2024,sch1,GEMS-0061_FBLL_0031/LH287,6.642535852984155
2024,sch1,GEMS-0061_FBLL_0032/LH287,6.642535852984155
2024,sch1,GEMS-0061_FBLL_0033/LH287,6.642535852984155
2024,sch1,GEMS-0061_FBLL_0034/LH287,6.642535852984155
2024,sch1,GEMS-0061_FBLL_0037/LH287,6.642535852984155
2024,sch1,GEMS-0061_FBLL_0038/LH287,6.642535852984155
2024,sch1,GEMS-0061_FBLL_0039/LH287,6.642535852984155
2024,sch1,GEMS-0061_FBLL_0040/LH287,6.642535852984155
2024,sch1,GEMS-0061_FBLL_0047/LH287,6.642535852984155
2024,sch1,GEMS-0061_FBLL_0050/LH287,6.642535852984155
2024,sch1,GEMS-0113_3AZA1_0003/LH287,6.642535852984155
2024,sch1,GEMS-0113_3AZA1_0005/LH287,6.642535852984155
2024,sch1,GEMS-0113_3AZA1_0008/LH287,6.642535852984155
2024,sch1,GEMS-0113_3AZA1_0010/LH287,6.642535852984155
2024,sch1,GEMS-0113_3AZA1_0011/LH287,6.642535852984155
2024,sch1,GEMS-0113_3AZA1_0013/LH287,6.642535852984155
2024,sch1,GEMS-0113_3AZA1_0015/LH287,6.642535852984155
2024,sch1,GEMS-0113_3AZA1_0016/LH287,6.642535852984155
2024,sch1,GEMS-0113_3AZA1_0017/LH287,6.642535852984155
2024,sch1,GEMS-0113_3AZA1_0018/LH287,6.642535852984155
2024,sch1,GEMS-0113_3AZA1_0019/LH287,6.642535852984155
2024,sch1,GEMS-0113_3AZA1_0021/LH287,6.642535852984155
2024,sch1,GEMS-0113_3AZA1_0023/LH287,6.642535852984155
2024,sch1,GEMS-0113_3AZA1_0024/LH287,6.642535852984155
2024,sch1,GEMS-0113_3AZA1_0026/LH287,6.642535852984155
2024,sch1,GEMS-0113_3AZA1_0027/LH287,6.642535852984155
2024,sch1,GEMS-0113_3AZA1_0028/LH287,6.642535852984155
2024,sch1,GEMS-0113_3AZA1_0029/LH287,6.642535852984155
2024,sch1,GEMS-0113_3AZA1_0038/LH287,6.642535852984155
2024,sch1,GEMS-0113_FBLL_0002/LH287,6.642535852984155
2024,sch1,GEMS-0113_FBLL_0003/LH287,6.642535852984155
2024,sch1,GEMS-0113_FBLL_0004/LH287,6.642535852984155
2024,sch1,GEMS-0113_FBLL_0005/LH287,6.642535852984155
2024,sch1,GEMS-0113_FBLL_0007/LH287,6.642535852984155
2024,sch1,GEMS-0113_FBLL_0008/LH287,6.642535852984155
2024,sch1,GEMS-0113_FBLL_0011/LH287,6.642535852984155
2024,sch1,GEMS-0113_FBLL_0015/LH287,6.642535852984155
2024,sch1,GEMS-0113_PHB47_0001/LH287,6.642535852984155
2024,sch1,GEMS-0113_PHB47_0003/LH287,6.642535852984155
2024,sch1,GEMS-0113_PHB47_0004/LH287,6.642535852984155
2024,sch1,GEMS-0113_PHB47_0005/LH287,6.642535852984155
2024,sch1,GEMS-0113_PHB47_0006/LH287,6.642535852984155
2024,sch1,GEMS-0113_PHB47_0007/LH287,6.642535852984155
2024,sch1,GEMS-0113_PHB47_0009/LH287,6.642535852984155
2024,sch1,GEMS-0113_PHB47_0011/LH287,6.642535852984155
2024,sch1,GEMS-0113_PHB47_0012/LH287,6.642535852984155
2024,sch1,GEMS-0113_PHB47_0013/LH287,6.642535852984155
2024,sch1,GEMS-0113_PHB47_0014/LH287,6.642535852984155
2024,sch1,GEMS-0113_PHB47_0015/LH287,6.642535852984155
2024,sch1,GEMS-0113_PHB47_0017/LH287,6.642535852984155
2024,sch1,GEMS-0113_PHB47_0020/LH287,6.642535852984155
2024,sch1,GEMS-0113_PHB47_0021/LH287,6.642535852984155
2024,sch1,GEMS-0113_PHBW8_0001/LH287,6.642535852984155
2024,sch1,GEMS-0113_PHBW8_0005/LH287,6.642535852984155
2024,sch1,GEMS-0113_PHBW8_0006/LH287,6.642535852984155
2024,sch1,GEMS-0113_PHBW8_0007/LH287,6.642535852984155
2024,sch1,GEMS-0113_PHBW8_0008/LH287,6.642535852984155
2024,sch1,GEMS-0113_PHBW8_0009/LH287,6.642535852984155
2024,sch1,GEMS-0113_PHBW8_0012/LH287,6.642535852984155
2024,sch1,GEMS-0113_PHBW8_0013/LH287,6.642535852984155
2024,sch1,GEMS-0113_PHBW8_0017/LH287,6.642535852984155
2024,sch1,GEMS-0219_3AZA1_0001/LH287,6.642535852984155
2024,sch1,GEMS-0219_3AZA1_0003/LH287,6.642535852984155
2024,sch1,GEMS-0219_3AZA1_0004/LH287,6.642535852984155
2024,sch1,GEMS-0219_3AZA1_0005/LH287,6.642535852984155
2024,sch1,GEMS-0219_3AZA1_0007/LH287,6.642535852984155
2024,sch1,GEMS-0219_3AZA1_0008/LH287,6.642535852984155
2024,sch1,GEMS-0219_3AZA1_0009/LH287,6.642535852984155
2024,sch1,GEMS-0219_3AZA1_0010/LH287,6.642535852984155
2024,sch1,GEMS-0219_3AZA1_0014/LH287,6.642535852984155
2024,sch1,GEMS-0219_FBLL_0002/LH287,6.642535852984155
2024,sch1,GEMS-0219_FBLL_0003/LH287,6.642535852984155
2024,sch1,GEMS-0219_FBLL_0004/LH287,6.642535852984155
2024,sch1,GEMS-0219_FBLL_0006/LH287,6.642535852984155
2024,sch1,GEMS-0219_FBLL_0010/LH287,6.642535852984155
2024,sch1,GEMS-0219_FBLL_0011/LH287,6.642535852984155
2024,sch1,GEMS-0219_FBLL_0012/LH287,6.642535852984155
2024,sch1,GEMS-0219_FBLL_0013/LH287,6.642535852984155
2024,sch1,GEMS-0219_FBLL_0014/LH287,6.642535852984155
2024,sch1,GEMS-0219_FBLL_0015/LH287,6.642535852984155
2024,sch1,GEMS-0219_FBLL_0017/LH287,6.642535852984155
2024,sch1,GEMS-0219_FBLL_0018/LH287,6.642535852984155
2024,sch1,GEMS-0219_FBLL_0019/LH287,6.642535852984155
2024,sch1,GEMS-0219_FBLL_0020/LH287,6.642535852984155
2024,sch1,GEMS-0219_FBLL_0022/LH287,6.642535852984155
2024,sch1,GEMS-0219_FBLL_0023/LH287,6.642535852984155
2024,sch1,GEMS-0219_FBLL_0025/LH287,6.642535852984155
2024,sch1,GEMS-0219_FBLL_0027/LH287,6.642535852984155
2024,sch1,GEMS-0219_FBLL_0030/LH287,6.642535852984155
2024,sch1,GEMS-0219_PHB47_0002/LH287,6.642535852984155
2024,sch1,GEMS-0219_PHB47_0005/LH287,6.642535852984155
2024,sch1,GEMS-0219_PHB47_0014/LH287,6.642535852984155
2024,sch1,GEMS-0219_PHB47_0017/LH287,6.642535852984155
2024,sch1,GEMS-0219_PHBW8_0001/LH287,6.642535852984155
2024,sch1,GEMS-0219_PHBW8_0006/LH287,6.642535852984155
2024,sch1,GEMS-0219_PHBW8_0008/LH287,6.642535852984155
2024,sch1,GEMS-0219_PHBW8_0009/LH287,6.642535852984155
2024,sch1,GEMS-0219_PHBW8_0011/LH287,6.642535852984155
2024,sch1,GEMS-0227_3AZA1_0001/LH287,6.642535852984155
2024,sch1,GEMS-0227_3AZA1_0002/LH287,6.642535852984155
2024,sch1,GEMS-0227_3AZA1_0005/LH287,6.642535852984155
2024,sch1,GEMS-0227_3AZA1_0006/LH287,6.642535852984155
2024,sch1,GEMS-0227_3AZA1_0007/LH287,6.642535852984155
2024,sch1,GEMS-0227_3AZA1_0009/LH287,6.642535852984155
2024,sch1,GEMS-0227_3AZA1_0011/LH287,6.642535852984155
2024,sch1,GEMS-0227_3AZA1_0012/LH287,6.642535852984155
2024,sch1,GEMS-0227_3AZA1_0013/LH287,6.642535852984155
2024,sch1,GEMS-0227_3AZA1_0014/LH287,6.642535852984155
2024,sch1,GEMS-0227_3AZA1_0015/LH287,6.642535852984155
2024,sch1,GEMS-0227_3AZA1_0016/LH287,6.642535852984155
2024,sch1,GEMS-0227_3AZA1_0017/LH287,6.642535852984155
2024,sch1,GEMS-0227_3AZA1_0019/LH287,6.642535852984155
2024,sch1,GEMS-0227_3AZA1_0021/LH287,6.642535852984155
2024,sch1,GEMS-0227_3AZA1_0022/LH287,6.642535852984155
2024,sch1,GEMS-0227_3AZA1_0023/LH287,6.642535852984155
2024,sch1,GEMS-0227_3AZA1_0024/LH287,6.642535852984155
2024,sch1,GEMS-0227_3AZA1_0032/LH287,6.642535852984155
2024,sch1,GEMS-0227_3AZA1_0034/LH287,6.642535852984155
2024,sch1,GEMS-0227_3AZA1_0035/LH287,6.642535852984155
2024,sch1,GEMS-0227_3AZA1_0041/LH287,6.642535852984155
2024,sch1,GEMS-0227_3AZA1_0043/LH287,6.642535852984155
2024,sch1,GEMS-0227_3AZA1_0045/LH287,6.642535852984155
2024,sch1,GEMS-0227_3AZA1_0048/LH287,6.642535852984155
2024,sch1,GEMS-0227_3AZA1_0049/LH287,6.642535852984155
2024,sch1,GEMS-0227_FBLL_0002/LH287,6.642535852984155
2024,sch1,GEMS-0227_FBLL_0003/LH287,6.642535852984155
2024,sch1,GEMS-0227_FBLL_0004/LH287,6.642535852984155
2024,sch1,GEMS-0227_FBLL_0007/LH287,6.642535852984155
2024,sch1,GEMS-0227_FBLL_0008/LH287,6.642535852984155
2024,sch1,GEMS-0227_FBLL_0009/LH287,6.642535852984155
2024,sch1,GEMS-0227_FBLL_0010/LH287,6.642535852984155
2024,sch1,GEMS-0227_FBLL_0013/LH287,6.642535852984155
2024,sch1,GEMS-0227_FBLL_0015/LH287,6.642535852984155
2024,sch1,GEMS-0227_FBLL_0016/LH287,6.642535852984155
2024,sch1,GEMS-0227_FBLL_0019/LH287,6.642535852984155
2024,sch1,GEMS-0227_FBLL_0020/LH287,6.642535852984155
2024,sch1,GEMS-0227_FBLL_0021/LH287,6.642535852984155
2024,sch1,GEMS-0227_FBLL_0023/LH287,6.642535852984155
2024,sch1,GEMS-0227_FBLL_0024/LH287,6.642535852984155
2024,sch1,GEMS-0227_FBLL_0025/LH287,6.642535852984155
2024,sch1,GEMS-0227_FBLL_0026/LH287,6.642535852984155
2024,sch1,GEMS-0227_FBLL_0027/LH287,6.642535852984155
2024,sch1,GEMS-0227_FBLL_0028/LH287,6.642535852984155
2024,sch1,GEMS-0227_FBLL_0029/LH287,6.642535852984155
2024,sch1,GEMS-0227_FBLL_0030/LH287,6.642535852984155
2024,sch1,GEMS-0227_FBLL_0031/LH287,6.642535852984155
2024,sch1,GEMS-0227_FBLL_0033/LH287,6.642535852984155
2024,sch1,GEMS-0227_FBLL_0034/LH287,6.642535852984155
2024,sch1,GEMS-0227_FBLL_0035/LH287,6.642535852984155
2024,sch1,GEMS-0227_FBLL_0036/LH287,6.642535852984155
2024,sch1,GEMS-0227_FBLL_0037/LH287,6.642535852984155
2024,sch1,GEMS-0227_FBLL_0038/LH287,6.642535852984155
2024,sch1,GEMS-0227_FBLL_0039/LH287,6.642535852984155
2024,sch1,GEMS-0227_FBLL_0040/LH287,6.642535852984155
2024,sch1,GEMS-0227_FBLL_0041/LH287,6.642535852984155
2024,sch1,GEMS-0227_FBLL_0042/LH287,6.642535852984155
2024,sch1,GEMS-0227_FBLL_0046/LH287,6.642535852984155
2024,sch1,GEMS-0227_FBLL_0047/LH287,6.642535852984155
2024,sch1,GEMS-0227_FBLL_0049/LH287,6.642535852984155
2024,sch1,GEMS-0227_FBLL_0050/LH287,6.642535852984155
2024,sch1,GEMS-0227_FBLL_0051/LH287,6.642535852984155
2024,sch1,GEMS-0227_FBLL_0053/LH287,6.642535852984155
2024,sch1,GEMS-0227_FBLL_0054/LH287,6.642535852984155
2024,sch1,GEMS-0227_FBLL_0055/LH287,6.642535852984155
2024,sch1,GEMS-0227_FBLL_0056/LH287,6.642535852984155
2024,sch1,GEMS-0227_FBLL_0057/LH287,6.642535852984155
2024,sch1,GEMS-0227_FBLL_0059/LH287,6.642535852984155
2024,sch1,GEMS-0227_FBLL_0062/LH287,6.642535852984155
2024,sch1,GEMS-0227_FBLL_0063/LH287,6.642535852984155
2024,sch1,GEMS-0227_FBLL_0064/LH287,6.642535852984155
2024,sch1,GEMS-0227_FBLL_0066/LH287,6.642535852984155
2024,sch1,GEMS-0227_FBLL_0067/LH287,6.642535852984155
2024,sch1,GEMS-0227_FBLL_0068/LH287,6.642535852984155
2024,sch1,GEMS-0227_FBLL_0070/LH287,6.642535852984155
2024,sch1,GEMS-0227_FBLL_0071/LH287,6.642535852984155
2024,sch1,GEMS-0227_FBLL_0072/LH287,6.642535852984155
2024,sch1,GEMS-0227_FBLL_0073/LH287,6.642535852984155
2024,sch1,GEMS-0227_FBLL_0074/LH287,6.642535852984155
2024,sch1,GEMS-0227_FBLL_0075/LH287,6.642535852984155
2024,sch1,GEMS-0227_FBLL_0077/LH287,6.642535852984155
2024,sch1,GEMS-0227_FBLL_0079/LH287,6.642535852984155
2024,sch1,GEMS-0227_FBLL_0080/LH287,6.642535852984155
2024,sch1,GEMS-0227_FBLL_0082/LH287,6.642535852984155
2024,sch1,GEMS-0227_FBLL_0084/LH287,6.642535852984155
2024,sch1,GEMS-0227_FBLL_0085/LH287,6.642535852984155
2024,sch1,GEMS-0227_FBLL_0086/LH287,6.642535852984155
2024,sch1,GEMS-0227_FBLL_0087/LH287,6.642535852984155
2024,sch1,GEMS-0227_FBLL_0089/LH287,6.642535852984155
2024,sch1,GEMS-0227_FBLL_0090/LH287,6.642535852984155
2024,sch1,GEMS-0227_FBLL_0093/LH287,6.642535852984155
2024,sch1,GEMS-0227_FBLL_0094/LH287,6.642535852984155
2024,sch1,GEMS-0227_FBLL_0095/LH287,6.642535852984155
2024,sch1,GEMS-0227_FBLL_0097/LH287,6.642535852984155
2024,sch1,GEMS-0227_FBLL_0101/LH287,6.642535852984155
2024,sch1,GEMS-0227_FBLL_0102/LH287,6.642535852984155
2024,sch1,GEMS-0227_FBLL_0105/LH287,6.642535852984155
2024,sch1,GEMS-0227_FBLL_0106/LH287,6.642535852984155
2024,sch1,GEMS-0227_FBLL_0107/LH287,6.642535852984155
2024,sch1,GEMS-0227_FBLL_0110/LH287,6.642535852984155
2024,sch1,GEMS-0227_FBLL_0111/LH287,6.642535852984155
2024,sch1,GEMS-0227_FBLL_0115/LH287,6.642535852984155
2024,sch1,GEMS-0227_FBLL_0118/LH287,6.642535852984155
2024,sch1,GEMS-0227_FBLL_0121/LH287,6.642535852984155
2024,sch1,GEMS-0227_FBLL_0124/LH287,6.642535852984155
2024,sch1,GEMS-0227_FBLL_0125/LH287,6.642535852984155
2024,sch1,GEMS-0227_FBLL_0127/LH287,6.642535852984155
2024,sch1,GEMS-0227_FBLL_0133/LH287,6.642535852984155
2024,sch1,GEMS-0227_FBLL_0136/LH287,6.642535852984155
2024,sch1,GEMS-0227_FBLL_0140/LH287,6.642535852984155
2024,sch1,GEMS-0227_FBLL_0141/LH287,6.642535852984155
2024,sch1,GEMS-0227_PHB47_0001/LH287,6.642535852984155
2024,sch1,GEMS-0227_PHB47_0002/LH287,6.642535852984155
2024,sch1,GEMS-0227_PHB47_0003/LH287,6.642535852984155
2024,sch1,GEMS-0227_PHB47_0007/LH287,6.642535852984155
2024,sch1,GEMS-0227_PHB47_0010/LH287,6.642535852984155
2024,sch1,GEMS-0227_PHB47_0014/LH287,6.642535852984155
2024,sch1,GEMS-0227_PHB47_0016/LH287,6.642535852984155
2024,sch1,GEMS-0227_PHB47_0025/LH287,6.642535852984155
2024,sch1,GEMS-0227_PHB47_0026/LH287,6.642535852984155
2024,sch1,GEMS-0227_PHBW8_0001/LH287,6.642535852984155
2024,sch1,GEMS-0227_PHBW8_0002/LH287,6.642535852984155
2024,sch1,GEMS-0227_PHBW8_0003/LH287,6.642535852984155
2024,sch1,GEMS-0227_PHBW8_0005/LH287,6.642535852984155
2024,sch1,GEMS-0227_PHBW8_0006/LH287,6.642535852984155
2024,sch1,GEMS-0227_PHBW8_0007/LH287,6.642535852984155
2024,sch1,GEMS-0227_PHBW8_0009/LH287,6.642535852984155
2024,sch1,GEMS-0227_PHBW8_0011/LH287,6.642535852984155
2024,sch1,GEMS-0227_PHBW8_0012/LH287,6.642535852984155
2024,sch1,GEMS-0227_PHBW8_0015/LH287,6.642535852984155
2024,sch1,GEMS-0227_PHBW8_0016/LH287,6.642535852984155
2024,sch1,GEMS-0227_PHBW8_0018/LH287,6.642535852984155
2024,sch1,GEMS-0227_PHBW8_0019/LH287,6.642535852984155
2024,sch1,GEMS-0227_PHBW8_0021/LH287,6.642535852984155
2024,sch1,GEMS-0227_PHBW8_0022/LH287,6.642535852984155
2024,sch1,GEMS-0227_PHBW8_0024/LH287,6.642535852984155
2024,sch1,LH192/LH287,6.642535852984155
2024,sch1,LH193/LH287,6.642535852984155
2024,sch1,LH194/LH287,6.642535852984155
2024,sch1,LH195/LH287,6.896881426666305
2024,sch1,LH195/PHZ51,6.390269492613083
2024,sch1,LH197/LH287,6.642535852984155
2024,sch1,LH198/LH287,6.662214055757523
2024,sch1,LH204/LH287,6.642535852984155
2024,sch1,LH220HT/LH287,6.642535852984155
2024,sch1,LH225/LH287,6.642535852984155
2024,sch1,LH226HT/LH287,6.642535852984155
2024,sch1,LH228/LH287,6.642535852984155
2024,sch1,LH231/LH287,6.642535852984155
2024,sch1,LH234/LH287,6.642535852984155
2024,sch1,LH235/LH287,6.642535852984155
2024,sch1,LH236/LH287,6.642535852984155
2024,sch1,LH237/LH287,6.642535852984155
2024,sch1,LH238/LH287,6.642535852984155
2024,sch1,LH244/PHK76,6.2071397051289505
2024,sch1,LH273/LH287,6.642535852984155
2024,sch1,LH286/LH287,6.642535852984155
2024,sch1,LH287/LH244,8.221871647476721
2024,sch1,LH292/LH287,6.642535852984155
2024,sch1,LH82/LH244,6.793663124210827
2024,sch1,MM501D/LH244,7.541740904038373
2024,sch1,PH05W/LH287,6.642535852984155
2024,sch1,PH07D/LH287,6.642535852984155
2024,sch1,PH080/LH287,6.642535852984155
2024,sch1,PH08A/LH287,6.642535852984155
2024,sch1,PH09B/LH287,6.642535852984155
2024,sch1,PH09E/LH287,6.642535852984155
2024,sch1,PH0B4/LH287,6.642535852984155
2024,sch1,PH0GP/LH287,6.642535852984155
2024,sch1,PH12C/LH287,6.642535852984155
2024,sch1,PH19V/LH287,6.642535852984155
2024,sch1,PH1CA/LH287,6.642535852984155
2024,sch1,PH1GC/LH287,6.642535852984155
2024,sch1,PH1GG/LH287,6.642535852984155
2024,sch1,PH24E/LH244,7.842321024295448
2024,sch1,PH24M/LH287,6.642535852984155
2024,sch1,PH37C/LH287,6.642535852984155
2024,sch1,PH42B/LH287,6.642535852984155
2024,sch1,PH44A/LH287,6.642535852984155
2024,sch1,PH55C/LH287,6.642535852984155
2024,sch1,PH63A/LH287,6.642535852984155
2024,sch1,PH79A/LH287,6.642535852984155
2024,sch1,PHB47/PHN82,6.84888719121649
2024,sch1,PHB47/PHZ51,6.243347321042233
2024,sch1,PHEW7/LH287,6.642535852984155
2024,sch1,PHG29/PHG47,5.533678513162234
2024,sch1,PHG39/PHN82,6.842278978462071
2024,sch1,PHHB9/LH287,7.031456486629216
2024,sch1,PHJ40/PHAJ0,3.866716367295012
2024,sch1,PHJ89/LH244,7.280198318576344
2024,sch1,PHK56/LH244,7.608763308211123
2024,sch1,PHKV0/LH287,6.642535852984155
2024,sch1,PHN41/LH287,6.642535852984155
2024,sch1,PHN46/LH244,6.447210156613992
2024,sch1,PHN66/LH287,6.704410347921614
2024,sch1,PHNJ2/LH287,6.642535852984155
2024,sch1,PHP02/LH244,7.608763308211123
2024,sch1,PHP38/LH287,6.644113884204565
2024,sch1,PHR03/LH244,7.8198691214247145
2024,sch1,PHR61/LH287,6.642535852984155
2024,sch1,PHRE1/PHTD5,4.662545661848324
2024,sch1,PHT10/LH287,6.642535852984155
2024,sch1,PHT11/LH287,6.642535852984155
2024,sch1,PHT47/LH287,6.642535852984155
2024,sch1,PHTP9/LH287,6.642535852984155
2024,sch1,PHV37/LH287,6.642535852984155
2024,sch1,PHVA9/LH287,6.642535852984155
2024,sch1,PHVJ5/LH287,6.642535852984155
2024,sch1,PHW30/LH244,7.384989210371115
2024,sch1,PHW52/LH287,6.7496319379462815
2024,sch1,PHW52/PHM49,6.798596400788962
2024,sch1,W10004_0018/LH287,6.642535852984155
2024,sch1,W10004_0031/LH287,6.642535852984155
2024,sch1,W10004_0034/LH287,6.642535852984155
2024,sch1,W10004_0055/LH287,6.642535852984155
2024,sch1,W10004_0062/LH287,6.642535852984155
2024,sch1,W10004_0138/LH287,6.642535852984155
2024,sch1,W10004_0146/LH287,6.642535852984155
2024,sch1,W10004_0160/LH287,6.642535852984155
2024,sch1,W10004_0167/LH287,6.6149112906655905
2024,sch1,W10004_0168/LH287,6.642535852984155
2024,sch1,W10004_0238/LH287,6.642535852984155
2024,sch1,W10004_0258/LH287,6.678040401271166
2024,sch1,W10004_0270/LH287,6.642535852984155
2024,sch1,W10004_0311/LH287,6.642535852984155
2024,sch1,W10004_0346/LH287,6.642535852984155
2024,sch1,W10004_0389/LH287,6.642535852984155
2024,sch1,W10004_0409/LH287,6.737464297504959
2024,sch1,W10004_0476/LH287,6.563090297179561
2024,sch1,W10004_0608/LH287,6.642535852984155
2024,sch1,W10004_0637/LH287,6.642535852984155
2024,sch1,W10004_0658/LH287,6.642535852984155
2024,sch1,W10004_0688/LH287,6.642535852984155
2024,sch1,W10004_0691/LH287,6.358733398186965
2024,sch1,W10004_0714/LH287,6.607559355689141
2024,sch1,W10004_0715/LH287,6.642535852984155
2024,sch1,W10004_0747/LH287,6.642535852984155
2024,sch1,W10004_0754/LH287,6.642535852984155
2024,sch1,W10004_0771/LH287,6.642535852984155
2024,sch1,W10004_0822/LH287,6.642535852984155
2024,sch1,W10004_0859/LH287,6.623640321254883
2024,sch1,W10004_0866/LH287,6.698782938625209
2024,sch1,W10004_1014/LH287,6.642535852984155
2024,sch1,W10004_1018/LH287,6.642535852984155
2024,sch1,W10004_1032/LH287,6.642535852984155
2024,sch1,W10004_1080/LH287,6.642535852984155
2024,sch1,WQCD10/LH287,6.642535852984155
2024,txh1,01CSI6/LH287,8.388398819371925
2024,txh1,01DIB2/LH287,8.388398819371925
2024,txh1,2369/LH123HT,9.552553315693316
2024,txh1,B14A/OH43,7.854710176411732
2024,txh1,B37/H95,7.638789804409299
2024,txh1,B73/MO17,9.36899647482843
2024,txh1,B73/PHN82,9.648941747777037
2024,txh1,CG119/CG108,4.726496229778947
2024,txh1,CG44/CGR01,6.488130407888592
2024,txh1,DK3IIH6/LH244,9.51418463787452
2024,txh1,GEMS-0061_3AZA1_0004/LH287,8.388398819371925
2024,txh1,GEMS-0061_3AZA1_0010/LH287,8.388398819371925
2024,txh1,GEMS-0061_3AZA1_0014/LH287,8.388398819371925
2024,txh1,GEMS-0061_3AZA1_0016/LH287,8.388398819371925
2024,txh1,GEMS-0061_3AZA1_0017/LH287,8.388398819371925
2024,txh1,GEMS-0061_FBLL_0002/LH287,8.388398819371925
2024,txh1,GEMS-0061_FBLL_0014/LH287,8.388398819371925
2024,txh1,GEMS-0061_FBLL_0015/LH287,8.388398819371925
2024,txh1,GEMS-0061_FBLL_0017/LH287,8.388398819371925
2024,txh1,GEMS-0061_FBLL_0019/LH287,8.388398819371925
2024,txh1,GEMS-0061_FBLL_0023/LH287,8.388398819371925
2024,txh1,GEMS-0061_FBLL_0026/LH287,8.388398819371925
2024,txh1,GEMS-0061_FBLL_0029/LH287,8.388398819371925
2024,txh1,GEMS-0061_FBLL_0032/LH287,8.388398819371925
2024,txh1,GEMS-0061_FBLL_0035/LH287,8.388398819371925
2024,txh1,GEMS-0061_FBLL_0037/LH287,8.388398819371925
2024,txh1,GEMS-0061_FBLL_0040/LH287,8.388398819371925
2024,txh1,GEMS-0061_FBLL_0042/LH287,8.388398819371925
2024,txh1,GEMS-0061_FBLL_0050/LH287,8.388398819371925
2024,txh1,GEMS-0061_PHB47_0003/LH287,8.388398819371925
2024,txh1,GEMS-0061_PHBW8_0002/LH287,8.388398819371925
2024,txh1,GEMS-0113_3AZA1_0005/LH287,8.388398819371925
2024,txh1,GEMS-0113_3AZA1_0011/LH287,8.388398819371925
2024,txh1,GEMS-0113_3AZA1_0013/LH287,8.388398819371925
2024,txh1,GEMS-0113_3AZA1_0014/LH287,8.388398819371925
2024,txh1,GEMS-0113_3AZA1_0015/LH287,8.388398819371925
2024,txh1,GEMS-0113_3AZA1_0019/LH287,8.388398819371925
2024,txh1,GEMS-0113_3AZA1_0024/LH287,8.388398819371925
2024,txh1,GEMS-0113_3AZA1_0025/LH287,8.388398819371925
2024,txh1,GEMS-0113_3AZA1_0028/LH287,8.388398819371925
2024,txh1,GEMS-0113_FBLL_0002/LH287,8.388398819371925
2024,txh1,GEMS-0113_FBLL_0004/LH287,8.388398819371925
2024,txh1,GEMS-0113_FBLL_0005/LH287,8.388398819371925
2024,txh1,GEMS-0113_FBLL_0008/LH287,8.388398819371925
2024,txh1,GEMS-0113_FBLL_0010/LH287,8.388398819371925
2024,txh1,GEMS-0113_FBLL_0013/LH287,8.388398819371925
2024,txh1,GEMS-0113_PHB47_0001/LH287,8.388398819371925
2024,txh1,GEMS-0113_PHB47_0003/LH287,8.388398819371925
2024,txh1,GEMS-0113_PHB47_0004/LH287,8.388398819371925
2024,txh1,GEMS-0113_PHB47_0005/LH287,8.388398819371925
2024,txh1,GEMS-0113_PHB47_0006/LH287,8.388398819371925
2024,txh1,GEMS-0113_PHB47_0012/LH287,8.388398819371925
2024,txh1,GEMS-0113_PHB47_0013/LH287,8.388398819371925
2024,txh1,GEMS-0113_PHB47_0015/LH287,8.388398819371925
2024,txh1,GEMS-0113_PHB47_0017/LH287,8.388398819371925
2024,txh1,GEMS-0113_PHBW8_0002/LH287,8.388398819371925
2024,txh1,GEMS-0113_PHBW8_0005/LH287,8.388398819371925
2024,txh1,GEMS-0113_PHBW8_0006/LH287,8.388398819371925
2024,txh1,GEMS-0113_PHBW8_0007/LH287,8.388398819371925
2024,txh1,GEMS-0113_PHBW8_0008/LH287,8.388398819371925
2024,txh1,GEMS-0113_PHBW8_0010/LH287,8.388398819371925
2024,txh1,GEMS-0113_PHBW8_0011/LH287,8.388398819371925
2024,txh1,GEMS-0113_PHBW8_0012/LH287,8.388398819371925
2024,txh1,GEMS-0219_3AZA1_0005/LH287,8.388398819371925
2024,txh1,GEMS-0219_3AZA1_0006/LH287,8.388398819371925
2024,txh1,GEMS-0219_3AZA1_0008/LH287,8.388398819371925
2024,txh1,GEMS-0219_3AZA1_0009/LH287,8.388398819371925
2024,txh1,GEMS-0219_3AZA1_0014/LH287,8.388398819371925
2024,txh1,GEMS-0219_FBLL_0004/LH287,8.388398819371925
2024,txh1,GEMS-0219_FBLL_0005/LH287,8.388398819371925
2024,txh1,GEMS-0219_FBLL_0007/LH287,8.388398819371925
2024,txh1,GEMS-0219_FBLL_0008/LH287,8.388398819371925
2024,txh1,GEMS-0219_FBLL_0010/LH287,8.388398819371925
2024,txh1,GEMS-0219_FBLL_0014/LH287,8.388398819371925
2024,txh1,GEMS-0219_FBLL_0018/LH287,8.388398819371925
2024,txh1,GEMS-0219_FBLL_0019/LH287,8.388398819371925
2024,txh1,GEMS-0219_FBLL_0020/LH287,8.388398819371925
2024,txh1,GEMS-0219_PHB47_0001/LH287,8.388398819371925
2024,txh1,GEMS-0219_PHB47_0002/LH287,8.388398819371925
2024,txh1,GEMS-0219_PHB47_0003/LH287,8.388398819371925
2024,txh1,GEMS-0219_PHB47_0004/LH287,8.388398819371925
2024,txh1,GEMS-0219_PHB47_0006/LH287,8.388398819371925
2024,txh1,GEMS-0219_PHBW8_0002/LH287,8.388398819371925
2024,txh1,GEMS-0219_PHBW8_0009/LH287,8.388398819371925
2024,txh1,GEMS-0219_PHBW8_0011/LH287,8.388398819371925
2024,txh1,GEMS-0227_3AZA1_0003/LH287,8.388398819371925
2024,txh1,GEMS-0227_3AZA1_0004/LH287,8.388398819371925
2024,txh1,GEMS-0227_3AZA1_0005/LH287,8.388398819371925
2024,txh1,GEMS-0227_3AZA1_0011/LH287,8.388398819371925
2024,txh1,GEMS-0227_3AZA1_0014/LH287,8.388398819371925
2024,txh1,GEMS-0227_3AZA1_0019/LH287,8.388398819371925
2024,txh1,GEMS-0227_3AZA1_0023/LH287,8.388398819371925
2024,txh1,GEMS-0227_3AZA1_0025/LH287,8.388398819371925
2024,txh1,GEMS-0227_3AZA1_0030/LH287,8.388398819371925
2024,txh1,GEMS-0227_3AZA1_0036/LH287,8.388398819371925
2024,txh1,GEMS-0227_3AZA1_0041/LH287,8.388398819371925
2024,txh1,GEMS-0227_3AZA1_0045/LH287,8.388398819371925
2024,txh1,GEMS-0227_FBLL_0002/LH287,8.388398819371925
2024,txh1,GEMS-0227_FBLL_0004/LH287,8.388398819371925
2024,txh1,GEMS-0227_FBLL_0007/LH287,8.388398819371925
2024,txh1,GEMS-0227_FBLL_0009/LH287,8.388398819371925
2024,txh1,GEMS-0227_FBLL_0013/LH287,8.388398819371925
2024,txh1,GEMS-0227_FBLL_0014/LH287,8.388398819371925
2024,txh1,GEMS-0227_FBLL_0015/LH287,8.388398819371925
2024,txh1,GEMS-0227_FBLL_0019/LH287,8.388398819371925
2024,txh1,GEMS-0227_FBLL_0020/LH287,8.388398819371925
2024,txh1,GEMS-0227_FBLL_0023/LH287,8.388398819371925
2024,txh1,GEMS-0227_FBLL_0024/LH287,8.388398819371925
2024,txh1,GEMS-0227_FBLL_0027/LH287,8.388398819371925
2024,txh1,GEMS-0227_FBLL_0030/LH287,8.388398819371925
2024,txh1,GEMS-0227_FBLL_0031/LH287,8.388398819371925
2024,txh1,GEMS-0227_FBLL_0032/LH287,8.388398819371925
2024,txh1,GEMS-0227_FBLL_0034/LH287,8.388398819371925
2024,txh1,GEMS-0227_FBLL_0035/LH287,8.388398819371925
2024,txh1,GEMS-0227_FBLL_0036/LH287,8.388398819371925
2024,txh1,GEMS-0227_FBLL_0043/LH287,8.388398819371925
2024,txh1,GEMS-0227_FBLL_0044/LH287,8.388398819371925
2024,txh1,GEMS-0227_FBLL_0047/LH287,8.388398819371925
2024,txh1,GEMS-0227_FBLL_0048/LH287,8.388398819371925
2024,txh1,GEMS-0227_FBLL_0049/LH287,8.388398819371925
2024,txh1,GEMS-0227_FBLL_0052/LH287,8.388398819371925
2024,txh1,GEMS-0227_FBLL_0054/LH287,8.388398819371925
2024,txh1,GEMS-0227_FBLL_0055/LH287,8.388398819371925
2024,txh1,GEMS-0227_FBLL_0059/LH287,8.388398819371925
2024,txh1,GEMS-0227_FBLL_0063/LH287,8.388398819371925
2024,txh1,GEMS-0227_FBLL_0064/LH287,8.388398819371925
2024,txh1,GEMS-0227_FBLL_0069/LH287,8.388398819371925
2024,txh1,GEMS-0227_FBLL_0072/LH287,8.388398819371925
2024,txh1,GEMS-0227_FBLL_0073/LH287,8.388398819371925
2024,txh1,GEMS-0227_FBLL_0075/LH287,8.388398819371925
2024,txh1,GEMS-0227_FBLL_0077/LH287,8.388398819371925
2024,txh1,GEMS-0227_FBLL_0078/LH287,8.388398819371925
2024,txh1,GEMS-0227_FBLL_0085/LH287,8.388398819371925
2024,txh1,GEMS-0227_FBLL_0090/LH287,8.388398819371925
2024,txh1,GEMS-0227_FBLL_0101/LH287,8.388398819371925
2024,txh1,GEMS-0227_FBLL_0104/LH287,8.388398819371925
2024,txh1,GEMS-0227_FBLL_0106/LH287,8.388398819371925
2024,txh1,GEMS-0227_FBLL_0110/LH287,8.388398819371925
2024,txh1,GEMS-0227_FBLL_0111/LH287,8.388398819371925
2024,txh1,GEMS-0227_FBLL_0114/LH287,8.388398819371925
2024,txh1,GEMS-0227_FBLL_0116/LH287,8.388398819371925
2024,txh1,GEMS-0227_FBLL_0118/LH287,8.388398819371925
2024,txh1,GEMS-0227_FBLL_0121/LH287,8.388398819371925
2024,txh1,GEMS-0227_FBLL_0127/LH287,8.388398819371925
2024,txh1,GEMS-0227_FBLL_0134/LH287,8.388398819371925
2024,txh1,GEMS-0227_FBLL_0140/LH287,8.388398819371925
2024,txh1,GEMS-0227_FBLL_0141/LH287,8.388398819371925
2024,txh1,GEMS-0227_PHB47_0003/LH287,8.388398819371925
2024,txh1,GEMS-0227_PHB47_0007/LH287,8.388398819371925
2024,txh1,GEMS-0227_PHB47_0010/LH287,8.388398819371925
2024,txh1,GEMS-0227_PHB47_0012/LH287,8.388398819371925
2024,txh1,GEMS-0227_PHB47_0022/LH287,8.388398819371925
2024,txh1,GEMS-0227_PHB47_0026/LH287,8.388398819371925
2024,txh1,GEMS-0227_PHBW8_0001/LH287,8.388398819371925
2024,txh1,GEMS-0227_PHBW8_0003/LH287,8.388398819371925
2024,txh1,GEMS-0227_PHBW8_0004/LH287,8.388398819371925
2024,txh1,GEMS-0227_PHBW8_0006/LH287,8.388398819371925
2024,txh1,GEMS-0227_PHBW8_0007/LH287,8.388398819371925
2024,txh1,GEMS-0227_PHBW8_0009/LH287,8.388398819371925
2024,txh1,GEMS-0227_PHBW8_0010/LH287,8.388398819371925
2024,txh1,GEMS-0227_PHBW8_0012/LH287,8.388398819371925
2024,txh1,GEMS-0227_PHBW8_0015/LH287,8.388398819371925
2024,txh1,GEMS-0227_PHBW8_0017/LH287,8.388398819371925
2024,txh1,GEMS-0227_PHBW8_0019/LH287,8.388398819371925
2024,txh1,GEMS-0227_PHBW8_0024/LH287,8.388398819371925
2024,txh1,LH146HT/LH287,8.388398819371925
2024,txh1,LH192/LH287,8.388398819371925
2024,txh1,LH193/LH287,8.388398819371925
2024,txh1,LH194/LH287,8.388398819371925
2024,txh1,LH195/LH287,8.686159885835531
2024,txh1,LH195/PHZ51,7.992535188970041
2024,txh1,LH198/LH287,8.479522451560724
2024,txh1,LH224/LH287,8.388398819371925
2024,txh1,LH225/LH287,8.388398819371925
2024,txh1,LH236/LH287,8.388398819371925
2024,txh1,LH244/PHK76,8.35865155829088
2024,txh1,LH264/LH287,8.388398819371925
2024,txh1,LH286/LH287,8.388398819371925
2024,txh1,LH287/LH244,9.977330131576084
2024,txh1,LH292/LH287,8.388398819371925
2024,txh1,LH82/LH244,8.599935550541403
2024,txh1,MM501D/LH244,9.51418463787452
2024,txh1,NKH8431/LH287,8.34901509477778
2024,txh1,PH05F/LH287,8.388398819371925
2024,txh1,PH05G/LH287,8.388398819371925
2024,txh1,PH09E/LH287,8.388398819371925
2024,txh1,PH0B4/LH287,8.388398819371925
2024,txh1,PH0CD/LH287,8.388398819371925
2024,txh1,PH0GP/LH287,8.388398819371925
2024,txh1,PH1CA/LH287,8.388398819371925
2024,txh1,PH1GG/LH287,8.388398819371925
2024,txh1,PH24E/LH244,9.619506795644275
2024,txh1,PH32C/LH287,8.388398819371925
2024,txh1,PH42B/LH287,8.388398819371925
2024,txh1,PH44A/LH287,8.388398819371925
2024,txh1,PH63A/LH287,8.388398819371925
2024,txh1,PHB47/LH287,8.358971533526868
2024,txh1,PHB47/PHN82,8.964179126103486
2024,txh1,PHB47/PHZ51,7.596730986649597
2024,txh1,PHDG1/LH287,8.388398819371925
2024,txh1,PHG29/PHG47,7.140673829043366
2024,txh1,PHG39/PHN82,9.246614257319795
2024,txh1,PHJ40/PHAJ0,5.42483504955521
2024,txh1,PHJ89/LH244,9.279981258698205
2024,txh1,PHK56/LH244,9.563929430752262
2024,txh1,PHN41/LH287,8.388398819371925
2024,txh1,PHN46/LH244,8.220945833073491
2024,txh1,PHP02/LH244,9.563929430752262
2024,txh1,PHPR5/LH287,8.388398819371925
2024,txh1,PHR03/LH244,9.647845999237392
2024,txh1,PHRE1/PHTD5,5.961119475654007
2024,txh1,PHT11/LH287,8.388398819371925
2024,txh1,PHTP9/LH287,8.388398819371925
2024,txh1,PHTV7/LH287,8.388398819371925
2024,txh1,PHV37/LH287,8.388398819371925
2024,txh1,PHW30/LH244,9.395445937742458
2024,txh1,PHW52/PHM49,8.791140695176868
2024,txh1,W10004_0055/LH287,8.388398819371925
2024,txh1,W10004_0095/LH287,8.246145912071192
2024,txh1,W10004_0103/LH287,8.388398819371925
2024,txh1,W10004_0122/LH287,8.388398819371925
2024,txh1,W10004_0133/LH287,8.388398819371925
2024,txh1,W10004_0138/LH287,8.388398819371925
2024,txh1,W10004_0167/LH287,8.360774257053361
2024,txh1,W10004_0236/LH287,8.357527642411581
2024,txh1,W10004_0238/LH287,8.388398819371925
2024,txh1,W10004_0346/LH287,8.388398819371925
2024,txh1,W10004_0389/LH287,8.388398819371925
2024,txh1,W10004_0409/LH287,8.32596422088604
2024,txh1,W10004_0608/LH287,8.388398819371925
2024,txh1,W10004_0691/LH287,8.389980889132374
2024,txh1,W10004_0715/LH287,8.388398819371925
2024,txh1,W10004_0771/LH287,8.388398819371925
2024,txh1,W10004_0776/LH287,8.388398819371925
2024,txh1,W10004_0858/LH287,8.388398819371925
2024,txh1,W10004_0969/LH287,8.388398819371925
2024,txh1,W10004_1080/LH287,8.388398819371925
2024,txh1,ZS01459/LH287,8.388398819371925
2024,txh1,ZS0510/LH287,8.388398819371925
2024,wih1,2369/LH123HT,12.925969330473295
2024,wih1,2FACC/PHP02,11.517799757734679
2024,wih1,B14A/OH43,10.830007916862401
2024,wih1,B37/H95,10.578331469799199
2024,wih1,B73/MO17,12.61645736697918
2024,wih1,B73/PHN82,12.973173336809202
2024,wih1,B73/TX779,8.335962083414183
2024,wih1,CG119/CG108,6.201355165450666
2024,wih1,CG44/CGR01,9.207611745597257
2024,wih1,DK3IIH6/LH244,12.666282150509398
2024,wih1,DKFBHJ/PHP02,11.179002496495418
2024,wih1,FBLA/PHP02,11.179002496495418
2024,wih1,GEMS-0061_3AZA1_0001/PHP02,11.179002496495418
2024,wih1,GEMS-0061_3AZA1_0004/PHP02,11.179002496495418
2024,wih1,GEMS-0061_3AZA1_0005/PHP02,11.179002496495418
2024,wih1,GEMS-0061_3AZA1_0009/PHP02,11.179002496495418
2024,wih1,GEMS-0061_3AZA1_0010/PHP02,11.179002496495418
2024,wih1,GEMS-0061_3AZA1_0012/PHP02,11.179002496495418
2024,wih1,GEMS-0061_3AZA1_0016/PHP02,11.179002496495418
2024,wih1,GEMS-0061_3AZA1_0017/PHP02,11.179002496495418
2024,wih1,GEMS-0061_3AZA1_0021/PHP02,11.179002496495418
2024,wih1,GEMS-0061_3AZA1_0023/PHP02,11.179002496495418
2024,wih1,GEMS-0061_FBLL_0002/PHP02,11.179002496495418
2024,wih1,GEMS-0061_FBLL_0004/PHP02,11.179002496495418
2024,wih1,GEMS-0061_FBLL_0005/PHP02,11.179002496495418
2024,wih1,GEMS-0061_FBLL_0008/PHP02,11.179002496495418
2024,wih1,GEMS-0061_FBLL_0010/PHP02,11.179002496495418
2024,wih1,GEMS-0061_FBLL_0011/PHP02,11.179002496495418
2024,wih1,GEMS-0061_FBLL_0015/PHP02,11.179002496495418
2024,wih1,GEMS-0061_FBLL_0016/PHP02,11.179002496495418
2024,wih1,GEMS-0061_FBLL_0017/PHP02,11.179002496495418
2024,wih1,GEMS-0061_FBLL_0023/PHP02,11.179002496495418
2024,wih1,GEMS-0061_FBLL_0029/PHP02,11.179002496495418
2024,wih1,GEMS-0061_FBLL_0031/PHP02,11.179002496495418
2024,wih1,GEMS-0061_FBLL_0033/PHP02,11.179002496495418
2024,wih1,GEMS-0061_FBLL_0034/PHP02,11.179002496495418
2024,wih1,GEMS-0061_FBLL_0035/PHP02,11.179002496495418
2024,wih1,GEMS-0061_FBLL_0037/PHP02,11.179002496495418
2024,wih1,GEMS-0061_FBLL_0038/PHP02,11.179002496495418
2024,wih1,GEMS-0061_FBLL_0039/PHP02,11.179002496495418
2024,wih1,GEMS-0061_FBLL_0040/PHP02,11.179002496495418
2024,wih1,GEMS-0061_FBLL_0050/PHP02,11.179002496495418
2024,wih1,GEMS-0061_PHB47_0001/PHP02,11.179002496495418
2024,wih1,GEMS-0061_PHB47_0003/PHP02,11.179002496495418
2024,wih1,GEMS-0061_PHBW8_0001/PHP02,11.179002496495418
2024,wih1,GEMS-0061_PHBW8_0002/PHP02,11.179002496495418
2024,wih1,GEMS-0113_3AZA1_0001/PHP02,11.179002496495418
2024,wih1,GEMS-0113_3AZA1_0003/PHP02,11.179002496495418
2024,wih1,GEMS-0113_3AZA1_0005/PHP02,11.179002496495418
2024,wih1,GEMS-0113_3AZA1_0006/PHP02,11.179002496495418
2024,wih1,GEMS-0113_3AZA1_0007/PHP02,11.179002496495418
2024,wih1,GEMS-0113_3AZA1_0008/PHP02,11.179002496495418
2024,wih1,GEMS-0113_3AZA1_0010/PHP02,11.179002496495418
2024,wih1,GEMS-0113_3AZA1_0011/PHP02,11.179002496495418
2024,wih1,GEMS-0113_3AZA1_0013/PHP02,11.179002496495418
2024,wih1,GEMS-0113_3AZA1_0014/PHP02,11.179002496495418
2024,wih1,GEMS-0113_3AZA1_0015/PHP02,11.179002496495418
2024,wih1,GEMS-0113_3AZA1_0017/PHP02,11.179002496495418
2024,wih1,GEMS-0113_3AZA1_0019/PHP02,11.179002496495418
2024,wih1,GEMS-0113_3AZA1_0022/PHP02,11.179002496495418
2024,wih1,GEMS-0113_3AZA1_0024/PHP02,11.179002496495418
2024,wih1,GEMS-0113_3AZA1_0025/PHP02,11.179002496495418
2024,wih1,GEMS-0113_3AZA1_0026/PHP02,11.179002496495418
2024,wih1,GEMS-0113_3AZA1_0027/PHP02,11.179002496495418
2024,wih1,GEMS-0113_3AZA1_0028/PHP02,11.179002496495418
2024,wih1,GEMS-0113_3AZA1_0029/PHP02,11.179002496495418
2024,wih1,GEMS-0113_3AZA1_0038/PHP02,11.179002496495418
2024,wih1,GEMS-0113_FBLL_0004/PHP02,11.179002496495418
2024,wih1,GEMS-0113_FBLL_0005/PHP02,11.179002496495418
2024,wih1,GEMS-0113_FBLL_0007/PHP02,11.179002496495418
2024,wih1,GEMS-0113_FBLL_0008/PHP02,11.179002496495418
2024,wih1,GEMS-0113_FBLL_0011/PHP02,11.179002496495418
2024,wih1,GEMS-0113_FBLL_0013/PHP02,11.179002496495418
2024,wih1,GEMS-0113_PHB47_0001/PHP02,11.179002496495418
2024,wih1,GEMS-0113_PHB47_0003/PHP02,11.179002496495418
2024,wih1,GEMS-0113_PHB47_0004/PHP02,11.179002496495418
2024,wih1,GEMS-0113_PHB47_0005/PHP02,11.179002496495418
2024,wih1,GEMS-0113_PHB47_0007/PHP02,11.179002496495418
2024,wih1,GEMS-0113_PHB47_0009/PHP02,11.179002496495418
2024,wih1,GEMS-0113_PHB47_0012/PHP02,11.179002496495418
2024,wih1,GEMS-0113_PHB47_0013/PHP02,11.179002496495418
2024,wih1,GEMS-0113_PHB47_0014/PHP02,11.179002496495418
2024,wih1,GEMS-0113_PHB47_0015/PHP02,11.179002496495418
2024,wih1,GEMS-0113_PHB47_0017/PHP02,11.179002496495418
2024,wih1,GEMS-0113_PHB47_0021/PHP02,11.179002496495418
2024,wih1,GEMS-0113_PHBW8_0002/PHP02,11.179002496495418
2024,wih1,GEMS-0113_PHBW8_0004/PHP02,11.179002496495418
2024,wih1,GEMS-0113_PHBW8_0005/PHP02,11.179002496495418
2024,wih1,GEMS-0113_PHBW8_0006/PHP02,11.179002496495418
2024,wih1,GEMS-0113_PHBW8_0007/PHP02,11.179002496495418
2024,wih1,GEMS-0113_PHBW8_0008/PHP02,11.179002496495418
2024,wih1,GEMS-0113_PHBW8_0009/PHP02,11.179002496495418
2024,wih1,GEMS-0113_PHBW8_0011/PHP02,11.179002496495418
2024,wih1,GEMS-0113_PHBW8_0013/PHP02,11.179002496495418
2024,wih1,GEMS-0113_PHBW8_0014/PHP02,11.179002496495418
2024,wih1,GEMS-0113_PHBW8_0017/PHP02,11.179002496495418
2024,wih1,GEMS-0219_3AZA1_0002/PHP02,11.179002496495418
2024,wih1,GEMS-0219_3AZA1_0003/PHP02,11.179002496495418
2024,wih1,GEMS-0219_3AZA1_0005/PHP02,11.179002496495418
2024,wih1,GEMS-0219_3AZA1_0008/PHP02,11.179002496495418
2024,wih1,GEMS-0219_3AZA1_0010/PHP02,11.179002496495418
2024,wih1,GEMS-0219_3AZA1_0012/PHP02,11.179002496495418
2024,wih1,GEMS-0219_3AZA1_0014/PHP02,11.179002496495418
2024,wih1,GEMS-0219_FBLL_0002/PHP02,11.179002496495418
2024,wih1,GEMS-0219_FBLL_0003/PHP02,11.179002496495418
2024,wih1,GEMS-0219_FBLL_0007/PHP02,11.179002496495418
2024,wih1,GEMS-0219_FBLL_0008/PHP02,11.179002496495418
2024,wih1,GEMS-0219_FBLL_0009/PHP02,11.179002496495418
2024,wih1,GEMS-0219_FBLL_0010/PHP02,11.179002496495418
2024,wih1,GEMS-0219_FBLL_0011/PHP02,11.179002496495418
2024,wih1,GEMS-0219_FBLL_0012/PHP02,11.179002496495418
2024,wih1,GEMS-0219_FBLL_0013/PHP02,11.179002496495418
2024,wih1,GEMS-0219_FBLL_0014/PHP02,11.179002496495418
2024,wih1,GEMS-0219_FBLL_0017/PHP02,11.179002496495418
2024,wih1,GEMS-0219_FBLL_0018/PHP02,11.179002496495418
2024,wih1,GEMS-0219_FBLL_0019/PHP02,11.179002496495418
2024,wih1,GEMS-0219_FBLL_0020/PHP02,11.179002496495418
2024,wih1,GEMS-0219_FBLL_0023/PHP02,11.179002496495418
2024,wih1,GEMS-0219_FBLL_0025/PHP02,11.179002496495418
2024,wih1,GEMS-0219_FBLL_0027/PHP02,11.179002496495418
2024,wih1,GEMS-0219_PHB47_0001/PHP02,11.179002496495418
2024,wih1,GEMS-0219_PHB47_0002/PHP02,11.179002496495418
2024,wih1,GEMS-0219_PHB47_0003/PHP02,11.179002496495418
2024,wih1,GEMS-0219_PHB47_0004/PHP02,11.179002496495418
2024,wih1,GEMS-0219_PHB47_0005/PHP02,11.179002496495418
2024,wih1,GEMS-0219_PHB47_0011/PHP02,11.179002496495418
2024,wih1,GEMS-0219_PHB47_0014/PHP02,11.179002496495418
2024,wih1,GEMS-0219_PHB47_0017/PHP02,11.179002496495418
2024,wih1,GEMS-0219_PHBW8_0001/PHP02,11.179002496495418
2024,wih1,GEMS-0219_PHBW8_0006/PHP02,11.179002496495418
2024,wih1,GEMS-0219_PHBW8_0008/PHP02,11.179002496495418
2024,wih1,GEMS-0219_PHBW8_0009/PHP02,11.179002496495418
2024,wih1,GEMS-0219_PHBW8_0011/PHP02,11.179002496495418
2024,wih1,GEMS-0227_3AZA1_0002/PHP02,11.179002496495418
2024,wih1,GEMS-0227_3AZA1_0003/PHP02,11.179002496495418
2024,wih1,GEMS-0227_3AZA1_0007/PHP02,11.179002496495418
2024,wih1,GEMS-0227_3AZA1_0011/PHP02,11.179002496495418
2024,wih1,GEMS-0227_3AZA1_0013/PHP02,11.179002496495418
2024,wih1,GEMS-0227_3AZA1_0014/PHP02,11.179002496495418
2024,wih1,GEMS-0227_3AZA1_0015/PHP02,11.179002496495418
2024,wih1,GEMS-0227_3AZA1_0016/PHP02,11.179002496495418
2024,wih1,GEMS-0227_3AZA1_0017/PHP02,11.179002496495418
2024,wih1,GEMS-0227_3AZA1_0021/PHP02,11.179002496495418
2024,wih1,GEMS-0227_3AZA1_0022/PHP02,11.179002496495418
2024,wih1,GEMS-0227_3AZA1_0024/PHP02,11.179002496495418
2024,wih1,GEMS-0227_3AZA1_0025/PHP02,11.179002496495418
2024,wih1,GEMS-0227_3AZA1_0028/PHP02,11.179002496495418
2024,wih1,GEMS-0227_3AZA1_0029/PHP02,11.179002496495418
2024,wih1,GEMS-0227_3AZA1_0030/PHP02,11.179002496495418
2024,wih1,GEMS-0227_3AZA1_0031/PHP02,11.179002496495418
2024,wih1,GEMS-0227_3AZA1_0032/PHP02,11.179002496495418
2024,wih1,GEMS-0227_3AZA1_0034/PHP02,11.179002496495418
2024,wih1,GEMS-0227_3AZA1_0048/PHP02,11.179002496495418
2024,wih1,GEMS-0227_3AZA1_0049/PHP02,11.179002496495418
2024,wih1,GEMS-0227_FBLL_0001/PHP02,11.179002496495418
2024,wih1,GEMS-0227_FBLL_0002/PHP02,11.179002496495418
2024,wih1,GEMS-0227_FBLL_0003/PHP02,11.179002496495418
2024,wih1,GEMS-0227_FBLL_0007/PHP02,11.179002496495418
2024,wih1,GEMS-0227_FBLL_0010/PHP02,11.179002496495418
2024,wih1,GEMS-0227_FBLL_0013/PHP02,11.179002496495418
2024,wih1,GEMS-0227_FBLL_0016/PHP02,11.179002496495418
2024,wih1,GEMS-0227_FBLL_0017/PHP02,11.179002496495418
2024,wih1,GEMS-0227_FBLL_0019/PHP02,11.179002496495418
2024,wih1,GEMS-0227_FBLL_0020/PHP02,11.179002496495418
2024,wih1,GEMS-0227_FBLL_0021/PHP02,11.179002496495418
2024,wih1,GEMS-0227_FBLL_0022/PHP02,11.179002496495418
2024,wih1,GEMS-0227_FBLL_0023/PHP02,11.179002496495418
2024,wih1,GEMS-0227_FBLL_0024/PHP02,11.179002496495418
2024,wih1,GEMS-0227_FBLL_0025/PHP02,11.179002496495418
2024,wih1,GEMS-0227_FBLL_0026/PHP02,11.179002496495418
2024,wih1,GEMS-0227_FBLL_0028/PHP02,11.179002496495418
2024,wih1,GEMS-0227_FBLL_0029/PHP02,11.179002496495418
2024,wih1,GEMS-0227_FBLL_0030/PHP02,11.179002496495418
2024,wih1,GEMS-0227_FBLL_0031/PHP02,11.179002496495418
2024,wih1,GEMS-0227_FBLL_0032/PHP02,11.179002496495418
2024,wih1,GEMS-0227_FBLL_0033/PHP02,11.179002496495418
2024,wih1,GEMS-0227_FBLL_0035/PHP02,11.179002496495418
2024,wih1,GEMS-0227_FBLL_0038/PHP02,11.179002496495418
2024,wih1,GEMS-0227_FBLL_0039/PHP02,11.179002496495418
2024,wih1,GEMS-0227_FBLL_0040/PHP02,11.179002496495418
2024,wih1,GEMS-0227_FBLL_0041/PHP02,11.179002496495418
2024,wih1,GEMS-0227_FBLL_0044/PHP02,11.179002496495418
2024,wih1,GEMS-0227_FBLL_0045/PHP02,11.179002496495418
2024,wih1,GEMS-0227_FBLL_0046/PHP02,11.179002496495418
2024,wih1,GEMS-0227_FBLL_0048/PHP02,11.179002496495418
2024,wih1,GEMS-0227_FBLL_0050/PHP02,11.179002496495418
2024,wih1,GEMS-0227_FBLL_0051/PHP02,11.179002496495418
2024,wih1,GEMS-0227_FBLL_0052/PHP02,11.179002496495418
2024,wih1,GEMS-0227_FBLL_0054/PHP02,11.179002496495418
2024,wih1,GEMS-0227_FBLL_0055/PHP02,11.179002496495418
2024,wih1,GEMS-0227_FBLL_0056/PHP02,11.179002496495418
2024,wih1,GEMS-0227_FBLL_0057/PHP02,11.179002496495418
2024,wih1,GEMS-0227_FBLL_0058/PHP02,11.179002496495418
2024,wih1,GEMS-0227_FBLL_0059/PHP02,11.179002496495418
2024,wih1,GEMS-0227_FBLL_0060/PHP02,11.179002496495418
2024,wih1,GEMS-0227_FBLL_0062/PHP02,11.179002496495418
2024,wih1,GEMS-0227_FBLL_0066/PHP02,11.179002496495418
2024,wih1,GEMS-0227_FBLL_0067/PHP02,11.179002496495418
2024,wih1,GEMS-0227_FBLL_0071/PHP02,11.179002496495418
2024,wih1,GEMS-0227_FBLL_0072/PHP02,11.179002496495418
2024,wih1,GEMS-0227_FBLL_0074/PHP02,11.179002496495418
2024,wih1,GEMS-0227_FBLL_0075/PHP02,11.179002496495418
2024,wih1,GEMS-0227_FBLL_0077/PHP02,11.179002496495418
2024,wih1,GEMS-0227_FBLL_0079/PHP02,11.179002496495418
2024,wih1,GEMS-0227_FBLL_0080/PHP02,11.179002496495418
2024,wih1,GEMS-0227_FBLL_0084/PHP02,11.179002496495418
2024,wih1,GEMS-0227_FBLL_0086/PHP02,11.179002496495418
2024,wih1,GEMS-0227_FBLL_0087/PHP02,11.179002496495418
2024,wih1,GEMS-0227_FBLL_0088/PHP02,11.179002496495418
2024,wih1,GEMS-0227_FBLL_0089/PHP02,11.179002496495418
2024,wih1,GEMS-0227_FBLL_0094/PHP02,11.179002496495418
2024,wih1,GEMS-0227_FBLL_0095/PHP02,11.179002496495418
2024,wih1,GEMS-0227_FBLL_0096/PHP02,11.179002496495418
2024,wih1,GEMS-0227_FBLL_0098/PHP02,11.179002496495418
2024,wih1,GEMS-0227_FBLL_0101/PHP02,11.179002496495418
2024,wih1,GEMS-0227_FBLL_0104/PHP02,11.179002496495418
2024,wih1,GEMS-0227_FBLL_0105/PHP02,11.179002496495418
2024,wih1,GEMS-0227_FBLL_0106/PHP02,11.179002496495418
2024,wih1,GEMS-0227_FBLL_0111/PHP02,11.179002496495418
2024,wih1,GEMS-0227_FBLL_0114/PHP02,11.179002496495418
2024,wih1,GEMS-0227_FBLL_0117/PHP02,11.179002496495418
2024,wih1,GEMS-0227_FBLL_0118/PHP02,11.179002496495418
2024,wih1,GEMS-0227_FBLL_0125/PHP02,11.179002496495418
2024,wih1,GEMS-0227_FBLL_0127/PHP02,11.179002496495418
2024,wih1,GEMS-0227_FBLL_0133/PHP02,11.179002496495418
2024,wih1,GEMS-0227_FBLL_0134/PHP02,11.179002496495418
2024,wih1,GEMS-0227_FBLL_0136/PHP02,11.179002496495418
2024,wih1,GEMS-0227_PHB47_0004/PHP02,11.179002496495418
2024,wih1,GEMS-0227_PHB47_0007/PHP02,11.179002496495418
2024,wih1,GEMS-0227_PHB47_0010/PHP02,11.179002496495418
2024,wih1,GEMS-0227_PHB47_0011/PHP02,11.179002496495418
2024,wih1,GEMS-0227_PHB47_0012/PHP02,11.179002496495418
2024,wih1,GEMS-0227_PHB47_0014/PHP02,11.179002496495418
2024,wih1,GEMS-0227_PHB47_0023/PHP02,11.179002496495418
2024,wih1,GEMS-0227_PHB47_0024/PHP02,11.179002496495418
2024,wih1,GEMS-0227_PHB47_0026/PHP02,11.179002496495418
2024,wih1,GEMS-0227_PHBW8_0002/PHP02,11.179002496495418
2024,wih1,GEMS-0227_PHBW8_0003/PHP02,11.179002496495418
2024,wih1,GEMS-0227_PHBW8_0004/PHP02,11.179002496495418
2024,wih1,GEMS-0227_PHBW8_0005/PHP02,11.179002496495418
2024,wih1,GEMS-0227_PHBW8_0006/PHP02,11.179002496495418
2024,wih1,GEMS-0227_PHBW8_0007/PHP02,11.179002496495418
2024,wih1,GEMS-0227_PHBW8_0009/PHP02,11.179002496495418
2024,wih1,GEMS-0227_PHBW8_0010/PHP02,11.179002496495418
2024,wih1,GEMS-0227_PHBW8_0011/PHP02,11.179002496495418
2024,wih1,GEMS-0227_PHBW8_0012/PHP02,11.179002496495418
2024,wih1,GEMS-0227_PHBW8_0015/PHP02,11.179002496495418
2024,wih1,GEMS-0227_PHBW8_0016/PHP02,11.179002496495418
2024,wih1,GEMS-0227_PHBW8_0017/PHP02,11.179002496495418
2024,wih1,GEMS-0227_PHBW8_0018/PHP02,11.179002496495418
2024,wih1,GEMS-0227_PHBW8_0019/PHP02,11.179002496495418
2024,wih1,GEMS-0227_PHBW8_0022/PHP02,11.179002496495418
2024,wih1,LH146HT/PHP02,11.179002496495418
2024,wih1,LH192/PHP02,11.179002496495418
2024,wih1,LH194/PHP02,11.179002496495418
2024,wih1,LH195/PHZ51,10.88780252935259
2024,wih1,LH198/PHP02,11.167426273026948
2024,wih1,LH204/PHP02,11.179002496495418
2024,wih1,LH220HT/PHP02,11.179002496495418
2024,wih1,LH224/PHP02,11.179002496495418
2024,wih1,LH225/PHP02,11.179002496495418
2024,wih1,LH226HT/PHP02,11.179002496495418
2024,wih1,LH231/PHP02,11.179002496495418
2024,wih1,LH237/PHP02,11.179002496495418
2024,wih1,LH244/PHK76,11.493911783795792
2024,wih1,LH264/PHP02,11.179002496495418
2024,wih1,LH273/PHP02,11.179002496495418
2024,wih1,LH286/PHP02,11.179002496495418
2024,wih1,LH287/LH244,13.414820034651422
2024,wih1,LH292/PHP02,11.179002496495418
2024,wih1,LH82/LH244,11.47394828955127
2024,wih1,MM501D/LH244,12.742492234254952
2024,wih1,PH05G/PHP02,11.179002496495418
2024,wih1,PH05W/PHP02,11.179002496495418
2024,wih1,PH06N/PHP02,11.179002496495418
2024,wih1,PH09B/PHP02,11.179002496495418
2024,wih1,PH09E/PHP02,11.179002496495418
2024,wih1,PH0B4/PHP02,11.179002496495418
2024,wih1,PH0CD/PHP02,11.179002496495418
2024,wih1,PH0GP/PHP02,11.179002496495418
2024,wih1,PH12C/PHP02,11.179002496495418
2024,wih1,PH1GG/PHP02,11.179002496495418
2024,wih1,PH1W2/PHP02,11.179002496495418
2024,wih1,PH24E/LH244,12.83674902468787
2024,wih1,PH24M/PHP02,11.179002496495418
2024,wih1,PH37C/PHP02,11.179002496495418
2024,wih1,PH38D/PHP02,11.179002496495418
2024,wih1,PH44A/PHP02,11.179002496495418
2024,wih1,PH63A/PHP02,11.179002496495418
2024,wih1,PHB47/PHN82,12.172491258333523
2024,wih1,PHB47/PHP02,11.241656578412188
2024,wih1,PHB47/PHZ51,10.720446897339974
2024,wih1,PHBW8/PHP02,11.179002496495418
2024,wih1,PHDG1/PHP02,11.179002496495418
2024,wih1,PHG29/PHG47,9.602811242391159
2024,wih1,PHG39/PHN82,12.22647811853236
2024,wih1,PHHB9/PHP02,11.399425558983534
2024,wih1,PHJ40/PHAJ0,8.082780631830994
2024,wih1,PHJ89/LH244,12.440821299930615
2024,wih1,PHJR5/PHP02,11.179002496495418
2024,wih1,PHK56/LH244,12.689091391793514
2024,wih1,PHKV0/PHP02,11.179002496495418
2024,wih1,PHN41/PHP02,11.179002496495418
2024,wih1,PHN46/LH244,10.916619209222668
2024,wih1,PHN66/PHP02,11.182929525381919
2024,wih1,PHNJ2/PHP02,11.179002496495418
2024,wih1,PHP02/LH244,12.689091391793514
2024,wih1,PHP38/PHP02,11.270395927709254
2024,wih1,PHPR5/PHP02,11.179002496495418
2024,wih1,PHR03/LH244,12.985373849717297
2024,wih1,PHR61/PHP02,11.179002496495418
2024,wih1,PHRE1/PHTD5,8.456883279738197
2024,wih1,PHT10/PHP02,11.179002496495418
2024,wih1,PHTV7/PHP02,11.179002496495418
2024,wih1,PHV37/PHP02,11.179002496495418
2024,wih1,PHVA9/PHP02,11.179002496495418
2024,wih1,PHVJ5/PHP02,11.179002496495418
2024,wih1,PHW30/LH244,12.540910616997689
2024,wih1,PHW52/PHM49,11.649243049202859
2024,wih1,PHW52/PHP02,11.242594149077954
2024,wih1,TX777/LH195,9.810342625909938
2024,wih1,W10004_0018/PHP02,11.179002496495418
2024,wih1,W10004_0031/PHP02,12.348749124496848
2024,wih1,W10004_0055/PHP02,12.229907138989727
2024,wih1,W10004_0133/PHP02,12.013230521885367
2024,wih1,W10004_0138/PHP02,11.580671255577558
2024,wih1,W10004_0146/PHP02,12.07467868628085
2024,wih1,W10004_0167/PHP02,11.6209932414582
2024,wih1,W10004_0168/PHP02,11.88335494101832
2024,wih1,W10004_0236/PHP02,11.90396972809514
2024,wih1,W10004_0238/PHP02,11.993629694703147
2024,wih1,W10004_0346/PHP02,12.53544876086622
2024,wih1,W10004_0403/PHP02,11.993629694703147
2024,wih1,W10004_0412/PHP02,11.90396972809514
2024,wih1,W10004_0476/PHP02,11.276039836027948
2024,wih1,W10004_0601/PHP02,12.089483649895774
2024,wih1,W10004_0608/PHP02,10.937376777570673
2024,wih1,W10004_0637/PHP02,12.07467868628085
2024,wih1,W10004_0658/PHP02,12.929254896956504
2024,wih1,W10004_0714/PHP02,11.833956772528191
2024,wih1,W10004_0715/PHP02,11.90396972809514
2024,wih1,W10004_0771/PHP02,12.013230521885367
2024,wih1,W10004_0776/PHP02,11.993629694703147
2024,wih1,W10004_0801/PHP02,12.665469768776937
2024,wih1,W10004_0858/PHP02,11.90396972809514
2024,wih1,W10004_0866/PHP02,12.437193246815673
2024,wih1,W10004_0949/PHP02,12.875588154701337
2024,wih1,W10004_0969/PHP02,11.457665628818997
2024,wih1,W10004_1014/PHP02,11.939757879742716
2024,wih1,W10004_1018/PHP02,11.577733555388534
2024,wih1,W10004_1032/PHP02,11.457665628818997
2024,wih1,WQCD10/PHP02,11.179002496495418
2024,wih1,ZS01459/PHP02,11.179002496495418
2024,wih1,ZS0510/PHP02,11.179002496495418
2024,wih2,01CSI6/LH287,10.608540268667785
2024,wih2,01DIB2/LH287,10.608540268667785
2024,wih2,01DIB2/PHP02,10.479171595418805
2024,wih2,2369/LH123HT,11.66572840324479
2024,wih2,2FACC/LH287,10.935703419743021
2024,wih2,2FACC/PHP02,10.80883530887908
2024,wih2,6F629/PHP02,10.612364536906961
2024,wih2,B14A/OH43,10.112606439150651
2024,wih2,B37/H95,9.963513378671909
2024,wih2,B73/MO17,11.777460020585227
2024,wih2,B73/PHN82,12.117819398152841
2024,wih2,B73/TX779,7.940085818403702
2024,wih2,CG119/CG108,6.0988073465681465
2024,wih2,CG44/CGR01,8.62940308850577
2024,wih2,DK3IIH6/LH244,11.805553914589296
2024,wih2,FBLA/PHP02,10.479171595418805
2024,wih2,FBLL/PHP02,10.479171595418805
2024,wih2,GEMS-0061_3AZA1_0001/LH287,10.608540268667785
2024,wih2,GEMS-0061_3AZA1_0001/PHP02,10.479171595418805
2024,wih2,GEMS-0061_3AZA1_0005/LH287,10.608540268667785
2024,wih2,GEMS-0061_3AZA1_0005/PHP02,10.479171595418805
2024,wih2,GEMS-0061_3AZA1_0006/LH287,10.608540268667785
2024,wih2,GEMS-0061_3AZA1_0006/PHP02,10.479171595418805
2024,wih2,GEMS-0061_3AZA1_0007/PHP02,10.479171595418805
2024,wih2,GEMS-0061_3AZA1_0009/LH287,10.608540268667785
2024,wih2,GEMS-0061_3AZA1_0009/PHP02,10.479171595418805
2024,wih2,GEMS-0061_3AZA1_0010/LH287,10.608540268667785
2024,wih2,GEMS-0061_3AZA1_0011/PHP02,10.479171595418805
2024,wih2,GEMS-0061_3AZA1_0012/LH287,10.608540268667785
2024,wih2,GEMS-0061_3AZA1_0012/PHP02,10.479171595418805
2024,wih2,GEMS-0061_3AZA1_0013/LH287,10.608540268667785
2024,wih2,GEMS-0061_3AZA1_0013/PHP02,10.479171595418805
2024,wih2,GEMS-0061_3AZA1_0014/LH287,10.608540268667785
2024,wih2,GEMS-0061_3AZA1_0014/PHP02,10.479171595418805
2024,wih2,GEMS-0061_3AZA1_0015/PHP02,10.479171595418805
2024,wih2,GEMS-0061_3AZA1_0017/LH287,10.608540268667785
2024,wih2,GEMS-0061_3AZA1_0017/PHP02,10.479171595418805
2024,wih2,GEMS-0061_3AZA1_0023/LH287,10.608540268667785
2024,wih2,GEMS-0061_3AZA1_0023/PHP02,10.479171595418805
2024,wih2,GEMS-0061_FBLL_0002/LH287,10.608540268667785
2024,wih2,GEMS-0061_FBLL_0002/PHP02,10.479171595418805
2024,wih2,GEMS-0061_FBLL_0004/LH287,10.608540268667785
2024,wih2,GEMS-0061_FBLL_0004/PHP02,10.479171595418805
2024,wih2,GEMS-0061_FBLL_0005/LH287,10.608540268667785
2024,wih2,GEMS-0061_FBLL_0005/PHP02,10.479171595418805
2024,wih2,GEMS-0061_FBLL_0007/PHP02,10.479171595418805
2024,wih2,GEMS-0061_FBLL_0008/LH287,10.608540268667785
2024,wih2,GEMS-0061_FBLL_0008/PHP02,10.479171595418805
2024,wih2,GEMS-0061_FBLL_0009/LH287,10.608540268667785
2024,wih2,GEMS-0061_FBLL_0009/PHP02,10.479171595418805
2024,wih2,GEMS-0061_FBLL_0010/LH287,10.608540268667785
2024,wih2,GEMS-0061_FBLL_0010/PHP02,10.479171595418805
2024,wih2,GEMS-0061_FBLL_0011/LH287,10.608540268667785
2024,wih2,GEMS-0061_FBLL_0011/PHP02,10.479171595418805
2024,wih2,GEMS-0061_FBLL_0014/PHP02,10.479171595418805
2024,wih2,GEMS-0061_FBLL_0017/PHP02,10.479171595418805
2024,wih2,GEMS-0061_FBLL_0018/LH287,10.608540268667785
2024,wih2,GEMS-0061_FBLL_0018/PHP02,10.479171595418805
2024,wih2,GEMS-0061_FBLL_0019/LH287,10.608540268667785
2024,wih2,GEMS-0061_FBLL_0019/PHP02,10.479171595418805
2024,wih2,GEMS-0061_FBLL_0022/LH287,10.608540268667785
2024,wih2,GEMS-0061_FBLL_0022/PHP02,10.479171595418805
2024,wih2,GEMS-0061_FBLL_0023/LH287,10.608540268667785
2024,wih2,GEMS-0061_FBLL_0024/LH287,10.608540268667785
2024,wih2,GEMS-0061_FBLL_0024/PHP02,10.479171595418805
2024,wih2,GEMS-0061_FBLL_0025/PHP02,10.479171595418805
2024,wih2,GEMS-0061_FBLL_0026/PHP02,10.479171595418805
2024,wih2,GEMS-0061_FBLL_0029/PHP02,10.479171595418805
2024,wih2,GEMS-0061_FBLL_0031/LH287,10.608540268667785
2024,wih2,GEMS-0061_FBLL_0032/PHP02,10.479171595418805
2024,wih2,GEMS-0061_FBLL_0033/LH287,10.608540268667785
2024,wih2,GEMS-0061_FBLL_0034/LH287,10.608540268667785
2024,wih2,GEMS-0061_FBLL_0034/PHP02,10.479171595418805
2024,wih2,GEMS-0061_FBLL_0037/LH287,10.608540268667785
2024,wih2,GEMS-0061_FBLL_0037/PHP02,10.479171595418805
2024,wih2,GEMS-0061_FBLL_0038/LH287,10.608540268667785
2024,wih2,GEMS-0061_FBLL_0038/PHP02,10.479171595418805
2024,wih2,GEMS-0061_FBLL_0039/PHP02,10.479171595418805
2024,wih2,GEMS-0061_FBLL_0040/LH287,10.608540268667785
2024,wih2,GEMS-0061_FBLL_0042/PHP02,10.479171595418805
2024,wih2,GEMS-0061_FBLL_0044/LH287,10.608540268667785
2024,wih2,GEMS-0061_FBLL_0044/PHP02,10.479171595418805
2024,wih2,GEMS-0061_FBLL_0047/PHP02,10.479171595418805
2024,wih2,GEMS-0061_FBLL_0050/PHP02,10.479171595418805
2024,wih2,GEMS-0061_PHB47_0003/LH287,10.608540268667785
2024,wih2,GEMS-0061_PHB47_0003/PHP02,10.479171595418805
2024,wih2,GEMS-0061_PHB47_0004/LH287,10.608540268667785
2024,wih2,GEMS-0061_PHB47_0004/PHP02,10.479171595418805
2024,wih2,GEMS-0061_PHBW8_0001/LH287,10.608540268667785
2024,wih2,GEMS-0061_PHBW8_0002/LH287,10.608540268667785
2024,wih2,GEMS-0061_PHBW8_0002/PHP02,10.479171595418805
2024,wih2,GEMS-0113_3AZA1_0001/LH287,10.608540268667785
2024,wih2,GEMS-0113_3AZA1_0001/PHP02,10.479171595418805
2024,wih2,GEMS-0113_3AZA1_0002/LH287,10.608540268667785
2024,wih2,GEMS-0113_3AZA1_0002/PHP02,10.479171595418805
2024,wih2,GEMS-0113_3AZA1_0003/LH287,10.608540268667785
2024,wih2,GEMS-0113_3AZA1_0004/LH287,10.608540268667785
2024,wih2,GEMS-0113_3AZA1_0004/PHP02,10.479171595418805
2024,wih2,GEMS-0113_3AZA1_0005/LH287,10.608540268667785
2024,wih2,GEMS-0113_3AZA1_0007/LH287,10.608540268667785
2024,wih2,GEMS-0113_3AZA1_0008/LH287,10.608540268667785
2024,wih2,GEMS-0113_3AZA1_0008/PHP02,10.479171595418805
2024,wih2,GEMS-0113_3AZA1_0010/PHP02,10.479171595418805
2024,wih2,GEMS-0113_3AZA1_0011/LH287,10.608540268667785
2024,wih2,GEMS-0113_3AZA1_0013/LH287,10.608540268667785
2024,wih2,GEMS-0113_3AZA1_0013/PHP02,10.479171595418805
2024,wih2,GEMS-0113_3AZA1_0014/PHP02,10.479171595418805
2024,wih2,GEMS-0113_3AZA1_0015/LH287,10.608540268667785
2024,wih2,GEMS-0113_3AZA1_0016/PHP02,10.479171595418805
2024,wih2,GEMS-0113_3AZA1_0017/LH287,10.608540268667785
2024,wih2,GEMS-0113_3AZA1_0017/PHP02,10.479171595418805
2024,wih2,GEMS-0113_3AZA1_0018/PHP02,10.479171595418805
2024,wih2,GEMS-0113_3AZA1_0019/LH287,10.608540268667785
2024,wih2,GEMS-0113_3AZA1_0019/PHP02,10.479171595418805
2024,wih2,GEMS-0113_3AZA1_0021/LH287,10.608540268667785
2024,wih2,GEMS-0113_3AZA1_0021/PHP02,10.479171595418805
2024,wih2,GEMS-0113_3AZA1_0022/LH287,10.608540268667785
2024,wih2,GEMS-0113_3AZA1_0022/PHP02,10.479171595418805
2024,wih2,GEMS-0113_3AZA1_0023/LH287,10.608540268667785
2024,wih2,GEMS-0113_3AZA1_0025/LH287,10.608540268667785
2024,wih2,GEMS-0113_3AZA1_0025/PHP02,10.479171595418805
2024,wih2,GEMS-0113_3AZA1_0026/LH287,10.608540268667785
2024,wih2,GEMS-0113_3AZA1_0026/PHP02,10.479171595418805
2024,wih2,GEMS-0113_3AZA1_0027/LH287,10.608540268667785
2024,wih2,GEMS-0113_3AZA1_0027/PHP02,10.479171595418805
2024,wih2,GEMS-0113_3AZA1_0028/LH287,10.608540268667785
2024,wih2,GEMS-0113_3AZA1_0029/LH287,10.608540268667785
2024,wih2,GEMS-0113_3AZA1_0029/PHP02,10.479171595418805
2024,wih2,GEMS-0113_3AZA1_0031/PHP02,10.479171595418805
2024,wih2,GEMS-0113_3AZA1_0038/LH287,10.608540268667785
2024,wih2,GEMS-0113_FBLL_0002/LH287,10.608540268667785
2024,wih2,GEMS-0113_FBLL_0002/PHP02,10.479171595418805
2024,wih2,GEMS-0113_FBLL_0003/PHP02,10.479171595418805
2024,wih2,GEMS-0113_FBLL_0004/LH287,10.608540268667785
2024,wih2,GEMS-0113_FBLL_0005/LH287,10.608540268667785
2024,wih2,GEMS-0113_FBLL_0005/PHP02,10.479171595418805
2024,wih2,GEMS-0113_FBLL_0006/LH287,10.608540268667785
2024,wih2,GEMS-0113_FBLL_0006/PHP02,10.479171595418805
2024,wih2,GEMS-0113_FBLL_0007/LH287,10.608540268667785
2024,wih2,GEMS-0113_FBLL_0007/PHP02,10.479171595418805
2024,wih2,GEMS-0113_FBLL_0008/PHP02,10.479171595418805
2024,wih2,GEMS-0113_FBLL_0010/LH287,10.608540268667785
2024,wih2,GEMS-0113_FBLL_0010/PHP02,10.479171595418805
2024,wih2,GEMS-0113_FBLL_0011/PHP02,10.479171595418805
2024,wih2,GEMS-0113_FBLL_0013/LH287,10.608540268667785
2024,wih2,GEMS-0113_FBLL_0015/LH287,10.608540268667785
2024,wih2,GEMS-0113_FBLL_0015/PHP02,10.479171595418805
2024,wih2,GEMS-0113_PHB47_0001/LH287,10.608540268667785
2024,wih2,GEMS-0113_PHB47_0003/LH287,10.608540268667785
2024,wih2,GEMS-0113_PHB47_0003/PHP02,10.479171595418805
2024,wih2,GEMS-0113_PHB47_0004/PHP02,10.479171595418805
2024,wih2,GEMS-0113_PHB47_0005/LH287,10.608540268667785
2024,wih2,GEMS-0113_PHB47_0006/LH287,10.608540268667785
2024,wih2,GEMS-0113_PHB47_0006/PHP02,10.479171595418805
2024,wih2,GEMS-0113_PHB47_0007/LH287,10.608540268667785
2024,wih2,GEMS-0113_PHB47_0007/PHP02,10.479171595418805
2024,wih2,GEMS-0113_PHB47_0008/LH287,10.608540268667785
2024,wih2,GEMS-0113_PHB47_0008/PHP02,10.479171595418805
2024,wih2,GEMS-0113_PHB47_0009/LH287,10.608540268667785
2024,wih2,GEMS-0113_PHB47_0009/PHP02,10.479171595418805
2024,wih2,GEMS-0113_PHB47_0011/LH287,10.608540268667785
2024,wih2,GEMS-0113_PHB47_0011/PHP02,10.479171595418805
2024,wih2,GEMS-0113_PHB47_0012/LH287,10.608540268667785
2024,wih2,GEMS-0113_PHB47_0012/PHP02,10.479171595418805
2024,wih2,GEMS-0113_PHB47_0013/LH287,10.608540268667785
2024,wih2,GEMS-0113_PHB47_0014/LH287,10.608540268667785
2024,wih2,GEMS-0113_PHB47_0015/PHP02,10.479171595418805
2024,wih2,GEMS-0113_PHB47_0017/LH287,10.608540268667785
2024,wih2,GEMS-0113_PHB47_0019/LH287,10.608540268667785
2024,wih2,GEMS-0113_PHB47_0019/PHP02,10.479171595418805
2024,wih2,GEMS-0113_PHB47_0020/LH287,10.608540268667785
2024,wih2,GEMS-0113_PHB47_0020/PHP02,10.479171595418805
2024,wih2,GEMS-0113_PHBW8_0001/LH287,10.608540268667785
2024,wih2,GEMS-0113_PHBW8_0001/PHP02,10.479171595418805
2024,wih2,GEMS-0113_PHBW8_0004/LH287,10.608540268667785
2024,wih2,GEMS-0113_PHBW8_0005/LH287,10.608540268667785
2024,wih2,GEMS-0113_PHBW8_0006/LH287,10.608540268667785
2024,wih2,GEMS-0113_PHBW8_0006/PHP02,10.479171595418805
2024,wih2,GEMS-0113_PHBW8_0007/PHP02,10.479171595418805
2024,wih2,GEMS-0113_PHBW8_0008/LH287,10.608540268667785
2024,wih2,GEMS-0113_PHBW8_0009/LH287,10.608540268667785
2024,wih2,GEMS-0113_PHBW8_0010/LH287,10.608540268667785
2024,wih2,GEMS-0113_PHBW8_0010/PHP02,10.479171595418805
2024,wih2,GEMS-0113_PHBW8_0011/LH287,10.608540268667785
2024,wih2,GEMS-0113_PHBW8_0012/LH287,10.608540268667785
2024,wih2,GEMS-0113_PHBW8_0012/PHP02,10.479171595418805
2024,wih2,GEMS-0113_PHBW8_0013/LH287,10.608540268667785
2024,wih2,GEMS-0113_PHBW8_0013/PHP02,10.479171595418805
2024,wih2,GEMS-0113_PHBW8_0014/LH287,10.608540268667785
2024,wih2,GEMS-0113_PHBW8_0014/PHP02,10.479171595418805
2024,wih2,GEMS-0113_PHBW8_0017/PHP02,10.479171595418805
2024,wih2,GEMS-0219_3AZA1_0001/PHP02,10.479171595418805
2024,wih2,GEMS-0219_3AZA1_0002/PHP02,10.479171595418805
2024,wih2,GEMS-0219_3AZA1_0003/PHP02,10.479171595418805
2024,wih2,GEMS-0219_3AZA1_0004/PHP02,10.479171595418805
2024,wih2,GEMS-0219_3AZA1_0005/LH287,10.608540268667785
2024,wih2,GEMS-0219_3AZA1_0005/PHP02,10.479171595418805
2024,wih2,GEMS-0219_3AZA1_0006/LH287,10.608540268667785
2024,wih2,GEMS-0219_3AZA1_0006/PHP02,10.479171595418805
2024,wih2,GEMS-0219_3AZA1_0007/LH287,10.608540268667785
2024,wih2,GEMS-0219_3AZA1_0007/PHP02,10.479171595418805
2024,wih2,GEMS-0219_3AZA1_0009/PHP02,10.479171595418805
2024,wih2,GEMS-0219_3AZA1_0010/LH287,10.608540268667785
2024,wih2,GEMS-0219_3AZA1_0010/PHP02,10.479171595418805
2024,wih2,GEMS-0219_3AZA1_0012/LH287,10.608540268667785
2024,wih2,GEMS-0219_3AZA1_0012/PHP02,10.479171595418805
2024,wih2,GEMS-0219_3AZA1_0014/LH287,10.608540268667785
2024,wih2,GEMS-0219_3AZA1_0014/PHP02,10.479171595418805
2024,wih2,GEMS-0219_FBLL_0002/LH287,10.608540268667785
2024,wih2,GEMS-0219_FBLL_0003/LH287,10.608540268667785
2024,wih2,GEMS-0219_FBLL_0004/LH287,10.608540268667785
2024,wih2,GEMS-0219_FBLL_0004/PHP02,10.479171595418805
2024,wih2,GEMS-0219_FBLL_0005/LH287,10.608540268667785
2024,wih2,GEMS-0219_FBLL_0005/PHP02,10.479171595418805
2024,wih2,GEMS-0219_FBLL_0006/LH287,10.608540268667785
2024,wih2,GEMS-0219_FBLL_0006/PHP02,10.479171595418805
2024,wih2,GEMS-0219_FBLL_0007/LH287,10.608540268667785
2024,wih2,GEMS-0219_FBLL_0008/LH287,10.608540268667785
2024,wih2,GEMS-0219_FBLL_0008/PHP02,10.479171595418805
2024,wih2,GEMS-0219_FBLL_0009/LH287,10.608540268667785
2024,wih2,GEMS-0219_FBLL_0009/PHP02,10.479171595418805
2024,wih2,GEMS-0219_FBLL_0010/LH287,10.608540268667785
2024,wih2,GEMS-0219_FBLL_0010/PHP02,10.479171595418805
2024,wih2,GEMS-0219_FBLL_0011/PHP02,10.479171595418805
2024,wih2,GEMS-0219_FBLL_0012/LH287,10.608540268667785
2024,wih2,GEMS-0219_FBLL_0013/LH287,10.608540268667785
2024,wih2,GEMS-0219_FBLL_0013/PHP02,10.479171595418805
2024,wih2,GEMS-0219_FBLL_0014/LH287,10.608540268667785
2024,wih2,GEMS-0219_FBLL_0014/PHP02,10.479171595418805
2024,wih2,GEMS-0219_FBLL_0015/PHP02,10.479171595418805
2024,wih2,GEMS-0219_FBLL_0017/PHP02,10.479171595418805
2024,wih2,GEMS-0219_FBLL_0018/LH287,10.608540268667785
2024,wih2,GEMS-0219_FBLL_0018/PHP02,10.479171595418805
2024,wih2,GEMS-0219_FBLL_0019/PHP02,10.479171595418805
2024,wih2,GEMS-0219_FBLL_0020/LH287,10.608540268667785
2024,wih2,GEMS-0219_FBLL_0021/PHP02,10.479171595418805
2024,wih2,GEMS-0219_FBLL_0022/LH287,10.608540268667785
2024,wih2,GEMS-0219_FBLL_0022/PHP02,10.479171595418805
2024,wih2,GEMS-0219_FBLL_0023/LH287,10.608540268667785
2024,wih2,GEMS-0219_FBLL_0025/LH287,10.608540268667785
2024,wih2,GEMS-0219_FBLL_0027/LH287,10.608540268667785
2024,wih2,GEMS-0219_FBLL_0027/PHP02,10.479171595418805
2024,wih2,GEMS-0219_FBLL_0028/LH287,10.608540268667785
2024,wih2,GEMS-0219_FBLL_0028/PHP02,10.479171595418805
2024,wih2,GEMS-0219_FBLL_0030/LH287,10.608540268667785
2024,wih2,GEMS-0219_FBLL_0030/PHP02,10.479171595418805
2024,wih2,GEMS-0219_PHB47_0001/LH287,10.608540268667785
2024,wih2,GEMS-0219_PHB47_0002/LH287,10.608540268667785
2024,wih2,GEMS-0219_PHB47_0003/LH287,10.608540268667785
2024,wih2,GEMS-0219_PHB47_0003/PHP02,10.479171595418805
2024,wih2,GEMS-0219_PHB47_0004/PHP02,10.479171595418805
2024,wih2,GEMS-0219_PHB47_0005/LH287,10.608540268667785
2024,wih2,GEMS-0219_PHB47_0006/LH287,10.608540268667785
2024,wih2,GEMS-0219_PHB47_0006/PHP02,10.479171595418805
2024,wih2,GEMS-0219_PHB47_0011/LH287,10.608540268667785
2024,wih2,GEMS-0219_PHB47_0011/PHP02,10.479171595418805
2024,wih2,GEMS-0219_PHB47_0014/PHP02,10.479171595418805
2024,wih2,GEMS-0219_PHBW8_0002/LH287,10.608540268667785
2024,wih2,GEMS-0219_PHBW8_0002/PHP02,10.479171595418805
2024,wih2,GEMS-0219_PHBW8_0003/LH287,10.608540268667785
2024,wih2,GEMS-0219_PHBW8_0003/PHP02,10.479171595418805
2024,wih2,GEMS-0219_PHBW8_0004/LH287,10.608540268667785
2024,wih2,GEMS-0219_PHBW8_0004/PHP02,10.479171595418805
2024,wih2,GEMS-0219_PHBW8_0006/LH287,10.608540268667785
2024,wih2,GEMS-0219_PHBW8_0006/PHP02,10.479171595418805
2024,wih2,GEMS-0219_PHBW8_0008/LH287,10.608540268667785
2024,wih2,GEMS-0219_PHBW8_0008/PHP02,10.479171595418805
2024,wih2,GEMS-0219_PHBW8_0009/LH287,10.608540268667785
2024,wih2,GEMS-0219_PHBW8_0011/LH287,10.608540268667785
2024,wih2,GEMS-0219_PHBW8_0011/PHP02,10.479171595418805
2024,wih2,GEMS-0227_3AZA1_0001/LH287,10.608540268667785
2024,wih2,GEMS-0227_3AZA1_0001/PHP02,10.479171595418805
2024,wih2,GEMS-0227_3AZA1_0002/PHP02,10.479171595418805
2024,wih2,GEMS-0227_3AZA1_0003/LH287,10.608540268667785
2024,wih2,GEMS-0227_3AZA1_0003/PHP02,10.479171595418805
2024,wih2,GEMS-0227_3AZA1_0004/LH287,10.608540268667785
2024,wih2,GEMS-0227_3AZA1_0004/PHP02,10.479171595418805
2024,wih2,GEMS-0227_3AZA1_0005/PHP02,10.479171595418805
2024,wih2,GEMS-0227_3AZA1_0006/PHP02,10.479171595418805
2024,wih2,GEMS-0227_3AZA1_0007/LH287,10.608540268667785
2024,wih2,GEMS-0227_3AZA1_0008/LH287,10.608540268667785
2024,wih2,GEMS-0227_3AZA1_0008/PHP02,10.479171595418805
2024,wih2,GEMS-0227_3AZA1_0009/LH287,10.608540268667785
2024,wih2,GEMS-0227_3AZA1_0009/PHP02,10.479171595418805
2024,wih2,GEMS-0227_3AZA1_0010/LH287,10.608540268667785
2024,wih2,GEMS-0227_3AZA1_0010/PHP02,10.479171595418805
2024,wih2,GEMS-0227_3AZA1_0011/LH287,10.608540268667785
2024,wih2,GEMS-0227_3AZA1_0011/PHP02,10.479171595418805
2024,wih2,GEMS-0227_3AZA1_0012/LH287,10.608540268667785
2024,wih2,GEMS-0227_3AZA1_0012/PHP02,10.479171595418805
2024,wih2,GEMS-0227_3AZA1_0013/LH287,10.608540268667785
2024,wih2,GEMS-0227_3AZA1_0013/PHP02,10.479171595418805
2024,wih2,GEMS-0227_3AZA1_0015/LH287,10.608540268667785
2024,wih2,GEMS-0227_3AZA1_0016/LH287,10.608540268667785
2024,wih2,GEMS-0227_3AZA1_0016/PHP02,10.479171595418805
2024,wih2,GEMS-0227_3AZA1_0017/LH287,10.608540268667785
2024,wih2,GEMS-0227_3AZA1_0018/PHP02,10.479171595418805
2024,wih2,GEMS-0227_3AZA1_0019/LH287,10.608540268667785
2024,wih2,GEMS-0227_3AZA1_0019/PHP02,10.479171595418805
2024,wih2,GEMS-0227_3AZA1_0022/LH287,10.608540268667785
2024,wih2,GEMS-0227_3AZA1_0023/LH287,10.608540268667785
2024,wih2,GEMS-0227_3AZA1_0023/PHP02,10.479171595418805
2024,wih2,GEMS-0227_3AZA1_0024/LH287,10.608540268667785
2024,wih2,GEMS-0227_3AZA1_0024/PHP02,10.479171595418805
2024,wih2,GEMS-0227_3AZA1_0028/LH287,10.608540268667785
2024,wih2,GEMS-0227_3AZA1_0029/LH287,10.608540268667785
2024,wih2,GEMS-0227_3AZA1_0030/PHP02,10.479171595418805
2024,wih2,GEMS-0227_3AZA1_0031/PHP02,10.479171595418805
2024,wih2,GEMS-0227_3AZA1_0032/LH287,10.608540268667785
2024,wih2,GEMS-0227_3AZA1_0032/PHP02,10.479171595418805
2024,wih2,GEMS-0227_3AZA1_0034/LH287,10.608540268667785
2024,wih2,GEMS-0227_3AZA1_0035/LH287,10.608540268667785
2024,wih2,GEMS-0227_3AZA1_0035/PHP02,10.479171595418805
2024,wih2,GEMS-0227_3AZA1_0036/PHP02,10.479171595418805
2024,wih2,GEMS-0227_3AZA1_0040/PHP02,10.479171595418805
2024,wih2,GEMS-0227_3AZA1_0041/PHP02,10.479171595418805
2024,wih2,GEMS-0227_3AZA1_0043/LH287,10.608540268667785
2024,wih2,GEMS-0227_3AZA1_0043/PHP02,10.479171595418805
2024,wih2,GEMS-0227_3AZA1_0045/LH287,10.608540268667785
2024,wih2,GEMS-0227_3AZA1_0045/PHP02,10.479171595418805
2024,wih2,GEMS-0227_3AZA1_0046/LH287,10.608540268667785
2024,wih2,GEMS-0227_3AZA1_0046/PHP02,10.479171595418805
2024,wih2,GEMS-0227_3AZA1_0048/PHP02,10.479171595418805
2024,wih2,GEMS-0227_FBLL_0001/PHP02,10.479171595418805
2024,wih2,GEMS-0227_FBLL_0002/LH287,10.608540268667785
2024,wih2,GEMS-0227_FBLL_0002/PHP02,10.479171595418805
2024,wih2,GEMS-0227_FBLL_0003/LH287,10.608540268667785
2024,wih2,GEMS-0227_FBLL_0004/PHP02,10.479171595418805
2024,wih2,GEMS-0227_FBLL_0005/LH287,10.608540268667785
2024,wih2,GEMS-0227_FBLL_0005/PHP02,10.479171595418805
2024,wih2,GEMS-0227_FBLL_0007/PHP02,10.479171595418805
2024,wih2,GEMS-0227_FBLL_0008/PHP02,10.479171595418805
2024,wih2,GEMS-0227_FBLL_0009/PHP02,10.479171595418805
2024,wih2,GEMS-0227_FBLL_0010/LH287,10.608540268667785
2024,wih2,GEMS-0227_FBLL_0010/PHP02,10.479171595418805
2024,wih2,GEMS-0227_FBLL_0013/LH287,10.608540268667785
2024,wih2,GEMS-0227_FBLL_0013/PHP02,10.479171595418805
2024,wih2,GEMS-0227_FBLL_0014/LH287,10.608540268667785
2024,wih2,GEMS-0227_FBLL_0014/PHP02,10.479171595418805
2024,wih2,GEMS-0227_FBLL_0015/LH287,10.608540268667785
2024,wih2,GEMS-0227_FBLL_0015/PHP02,10.479171595418805
2024,wih2,GEMS-0227_FBLL_0016/LH287,10.608540268667785
2024,wih2,GEMS-0227_FBLL_0017/LH287,10.608540268667785
2024,wih2,GEMS-0227_FBLL_0017/PHP02,10.479171595418805
2024,wih2,GEMS-0227_FBLL_0018/LH287,10.608540268667785
2024,wih2,GEMS-0227_FBLL_0018/PHP02,10.479171595418805
2024,wih2,GEMS-0227_FBLL_0019/LH287,10.608540268667785
2024,wih2,GEMS-0227_FBLL_0020/LH287,10.608540268667785
2024,wih2,GEMS-0227_FBLL_0020/PHP02,10.479171595418805
2024,wih2,GEMS-0227_FBLL_0021/LH287,10.608540268667785
2024,wih2,GEMS-0227_FBLL_0021/PHP02,10.479171595418805
2024,wih2,GEMS-0227_FBLL_0022/PHP02,10.479171595418805
2024,wih2,GEMS-0227_FBLL_0023/LH287,10.608540268667785
2024,wih2,GEMS-0227_FBLL_0023/PHP02,10.479171595418805
2024,wih2,GEMS-0227_FBLL_0024/LH287,10.608540268667785
2024,wih2,GEMS-0227_FBLL_0025/LH287,10.608540268667785
2024,wih2,GEMS-0227_FBLL_0025/PHP02,10.479171595418805
2024,wih2,GEMS-0227_FBLL_0026/LH287,10.608540268667785
2024,wih2,GEMS-0227_FBLL_0027/LH287,10.608540268667785
2024,wih2,GEMS-0227_FBLL_0027/PHP02,10.479171595418805
2024,wih2,GEMS-0227_FBLL_0028/LH287,10.608540268667785
2024,wih2,GEMS-0227_FBLL_0029/LH287,10.608540268667785
2024,wih2,GEMS-0227_FBLL_0030/LH287,10.608540268667785
2024,wih2,GEMS-0227_FBLL_0030/PHP02,10.479171595418805
2024,wih2,GEMS-0227_FBLL_0031/LH287,10.608540268667785
2024,wih2,GEMS-0227_FBLL_0032/LH287,10.608540268667785
2024,wih2,GEMS-0227_FBLL_0033/PHP02,10.479171595418805
2024,wih2,GEMS-0227_FBLL_0034/LH287,10.608540268667785
2024,wih2,GEMS-0227_FBLL_0034/PHP02,10.479171595418805
2024,wih2,GEMS-0227_FBLL_0035/LH287,10.608540268667785
2024,wih2,GEMS-0227_FBLL_0036/LH287,10.608540268667785
2024,wih2,GEMS-0227_FBLL_0036/PHP02,10.479171595418805
2024,wih2,GEMS-0227_FBLL_0037/LH287,10.608540268667785
2024,wih2,GEMS-0227_FBLL_0037/PHP02,10.479171595418805
2024,wih2,GEMS-0227_FBLL_0038/LH287,10.608540268667785
2024,wih2,GEMS-0227_FBLL_0039/LH287,10.608540268667785
2024,wih2,GEMS-0227_FBLL_0039/PHP02,10.479171595418805
2024,wih2,GEMS-0227_FBLL_0040/LH287,10.608540268667785
2024,wih2,GEMS-0227_FBLL_0040/PHP02,10.479171595418805
2024,wih2,GEMS-0227_FBLL_0042/LH287,10.608540268667785
2024,wih2,GEMS-0227_FBLL_0042/PHP02,10.479171595418805
2024,wih2,GEMS-0227_FBLL_0043/PHP02,10.479171595418805
2024,wih2,GEMS-0227_FBLL_0044/LH287,10.608540268667785
2024,wih2,GEMS-0227_FBLL_0045/LH287,10.608540268667785
2024,wih2,GEMS-0227_FBLL_0045/PHP02,10.479171595418805
2024,wih2,GEMS-0227_FBLL_0046/LH287,10.608540268667785
2024,wih2,GEMS-0227_FBLL_0046/PHP02,10.479171595418805
2024,wih2,GEMS-0227_FBLL_0047/LH287,10.608540268667785
2024,wih2,GEMS-0227_FBLL_0047/PHP02,10.479171595418805
2024,wih2,GEMS-0227_FBLL_0048/LH287,10.608540268667785
2024,wih2,GEMS-0227_FBLL_0048/PHP02,10.479171595418805
2024,wih2,GEMS-0227_FBLL_0049/LH287,10.608540268667785
2024,wih2,GEMS-0227_FBLL_0049/PHP02,10.479171595418805
2024,wih2,GEMS-0227_FBLL_0050/LH287,10.608540268667785
2024,wih2,GEMS-0227_FBLL_0050/PHP02,10.479171595418805
2024,wih2,GEMS-0227_FBLL_0051/PHP02,10.479171595418805
2024,wih2,GEMS-0227_FBLL_0053/LH287,10.608540268667785
2024,wih2,GEMS-0227_FBLL_0053/PHP02,10.479171595418805
2024,wih2,GEMS-0227_FBLL_0054/LH287,10.608540268667785
2024,wih2,GEMS-0227_FBLL_0055/PHP02,10.479171595418805
2024,wih2,GEMS-0227_FBLL_0056/LH287,10.608540268667785
2024,wih2,GEMS-0227_FBLL_0056/PHP02,10.479171595418805
2024,wih2,GEMS-0227_FBLL_0057/PHP02,10.479171595418805
2024,wih2,GEMS-0227_FBLL_0058/LH287,10.608540268667785
2024,wih2,GEMS-0227_FBLL_0058/PHP02,10.479171595418805
2024,wih2,GEMS-0227_FBLL_0059/LH287,10.608540268667785
2024,wih2,GEMS-0227_FBLL_0060/LH287,10.608540268667785
2024,wih2,GEMS-0227_FBLL_0060/PHP02,10.479171595418805
2024,wih2,GEMS-0227_FBLL_0062/LH287,10.608540268667785
2024,wih2,GEMS-0227_FBLL_0063/LH287,10.608540268667785
2024,wih2,GEMS-0227_FBLL_0063/PHP02,10.479171595418805
2024,wih2,GEMS-0227_FBLL_0064/LH287,10.608540268667785
2024,wih2,GEMS-0227_FBLL_0064/PHP02,10.479171595418805
2024,wih2,GEMS-0227_FBLL_0066/LH287,10.608540268667785
2024,wih2,GEMS-0227_FBLL_0066/PHP02,10.479171595418805
2024,wih2,GEMS-0227_FBLL_0067/LH287,10.608540268667785
2024,wih2,GEMS-0227_FBLL_0068/LH287,10.608540268667785
2024,wih2,GEMS-0227_FBLL_0068/PHP02,10.479171595418805
2024,wih2,GEMS-0227_FBLL_0069/PHP02,10.479171595418805
2024,wih2,GEMS-0227_FBLL_0070/PHP02,10.479171595418805
2024,wih2,GEMS-0227_FBLL_0071/LH287,10.608540268667785
2024,wih2,GEMS-0227_FBLL_0072/LH287,10.608540268667785
2024,wih2,GEMS-0227_FBLL_0073/LH287,10.608540268667785
2024,wih2,GEMS-0227_FBLL_0073/PHP02,10.479171595418805
2024,wih2,GEMS-0227_FBLL_0074/LH287,10.608540268667785
2024,wih2,GEMS-0227_FBLL_0074/PHP02,10.479171595418805
2024,wih2,GEMS-0227_FBLL_0075/LH287,10.608540268667785
2024,wih2,GEMS-0227_FBLL_0077/LH287,10.608540268667785
2024,wih2,GEMS-0227_FBLL_0077/PHP02,10.479171595418805
2024,wih2,GEMS-0227_FBLL_0078/LH287,10.608540268667785
2024,wih2,GEMS-0227_FBLL_0078/PHP02,10.479171595418805
2024,wih2,GEMS-0227_FBLL_0079/LH287,10.608540268667785
2024,wih2,GEMS-0227_FBLL_0079/PHP02,10.479171595418805
2024,wih2,GEMS-0227_FBLL_0082/LH287,10.608540268667785
2024,wih2,GEMS-0227_FBLL_0082/PHP02,10.479171595418805
2024,wih2,GEMS-0227_FBLL_0084/PHP02,10.479171595418805
2024,wih2,GEMS-0227_FBLL_0085/PHP02,10.479171595418805
2024,wih2,GEMS-0227_FBLL_0086/LH287,10.608540268667785
2024,wih2,GEMS-0227_FBLL_0087/PHP02,10.479171595418805
2024,wih2,GEMS-0227_FBLL_0088/LH287,10.608540268667785
2024,wih2,GEMS-0227_FBLL_0088/PHP02,10.479171595418805
2024,wih2,GEMS-0227_FBLL_0089/LH287,10.608540268667785
2024,wih2,GEMS-0227_FBLL_0090/LH287,10.608540268667785
2024,wih2,GEMS-0227_FBLL_0090/PHP02,10.479171595418805
2024,wih2,GEMS-0227_FBLL_0093/LH287,10.608540268667785
2024,wih2,GEMS-0227_FBLL_0093/PHP02,10.479171595418805
2024,wih2,GEMS-0227_FBLL_0094/PHP02,10.479171595418805
2024,wih2,GEMS-0227_FBLL_0097/PHP02,10.479171595418805
2024,wih2,GEMS-0227_FBLL_0098/LH287,10.608540268667785
2024,wih2,GEMS-0227_FBLL_0098/PHP02,10.479171595418805
2024,wih2,GEMS-0227_FBLL_0101/LH287,10.608540268667785
2024,wih2,GEMS-0227_FBLL_0101/PHP02,10.479171595418805
2024,wih2,GEMS-0227_FBLL_0102/LH287,10.608540268667785
2024,wih2,GEMS-0227_FBLL_0102/PHP02,10.479171595418805
2024,wih2,GEMS-0227_FBLL_0104/PHP02,10.479171595418805
2024,wih2,GEMS-0227_FBLL_0105/LH287,10.608540268667785
2024,wih2,GEMS-0227_FBLL_0106/LH287,10.608540268667785
2024,wih2,GEMS-0227_FBLL_0106/PHP02,10.479171595418805
2024,wih2,GEMS-0227_FBLL_0107/LH287,10.608540268667785
2024,wih2,GEMS-0227_FBLL_0107/PHP02,10.479171595418805
2024,wih2,GEMS-0227_FBLL_0110/LH287,10.608540268667785
2024,wih2,GEMS-0227_FBLL_0110/PHP02,10.479171595418805
2024,wih2,GEMS-0227_FBLL_0111/LH287,10.608540268667785
2024,wih2,GEMS-0227_FBLL_0113/LH287,10.608540268667785
2024,wih2,GEMS-0227_FBLL_0113/PHP02,10.479171595418805
2024,wih2,GEMS-0227_FBLL_0114/LH287,10.608540268667785
2024,wih2,GEMS-0227_FBLL_0114/PHP02,10.479171595418805
2024,wih2,GEMS-0227_FBLL_0115/PHP02,10.479171595418805
2024,wih2,GEMS-0227_FBLL_0116/LH287,10.608540268667785
2024,wih2,GEMS-0227_FBLL_0116/PHP02,10.479171595418805
2024,wih2,GEMS-0227_FBLL_0117/LH287,10.608540268667785
2024,wih2,GEMS-0227_FBLL_0118/LH287,10.608540268667785
2024,wih2,GEMS-0227_FBLL_0121/PHP02,10.479171595418805
2024,wih2,GEMS-0227_FBLL_0124/LH287,10.608540268667785
2024,wih2,GEMS-0227_FBLL_0124/PHP02,10.479171595418805
2024,wih2,GEMS-0227_FBLL_0125/LH287,10.608540268667785
2024,wih2,GEMS-0227_FBLL_0125/PHP02,10.479171595418805
2024,wih2,GEMS-0227_FBLL_0127/LH287,10.608540268667785
2024,wih2,GEMS-0227_FBLL_0127/PHP02,10.479171595418805
2024,wih2,GEMS-0227_FBLL_0133/PHP02,10.479171595418805
2024,wih2,GEMS-0227_FBLL_0134/LH287,10.608540268667785
2024,wih2,GEMS-0227_FBLL_0134/PHP02,10.479171595418805
2024,wih2,GEMS-0227_FBLL_0136/LH287,10.608540268667785
2024,wih2,GEMS-0227_FBLL_0136/PHP02,10.479171595418805
2024,wih2,GEMS-0227_FBLL_0140/PHP02,10.479171595418805
2024,wih2,GEMS-0227_FBLL_0141/LH287,10.608540268667785
2024,wih2,GEMS-0227_FBLL_0141/PHP02,10.479171595418805
2024,wih2,GEMS-0227_PHB47_0001/PHP02,10.479171595418805
2024,wih2,GEMS-0227_PHB47_0002/PHP02,10.479171595418805
2024,wih2,GEMS-0227_PHB47_0003/PHP02,10.479171595418805
2024,wih2,GEMS-0227_PHB47_0004/LH287,10.608540268667785
2024,wih2,GEMS-0227_PHB47_0004/PHP02,10.479171595418805
2024,wih2,GEMS-0227_PHB47_0006/LH287,10.608540268667785
2024,wih2,GEMS-0227_PHB47_0006/PHP02,10.479171595418805
2024,wih2,GEMS-0227_PHB47_0007/LH287,10.608540268667785
2024,wih2,GEMS-0227_PHB47_0007/PHP02,10.479171595418805
2024,wih2,GEMS-0227_PHB47_0009/PHP02,10.479171595418805
2024,wih2,GEMS-0227_PHB47_0010/LH287,10.608540268667785
2024,wih2,GEMS-0227_PHB47_0011/LH287,10.608540268667785
2024,wih2,GEMS-0227_PHB47_0011/PHP02,10.479171595418805
2024,wih2,GEMS-0227_PHB47_0012/LH287,10.608540268667785
2024,wih2,GEMS-0227_PHB47_0012/PHP02,10.479171595418805
2024,wih2,GEMS-0227_PHB47_0014/LH287,10.608540268667785
2024,wih2,GEMS-0227_PHB47_0016/PHP02,10.479171595418805
2024,wih2,GEMS-0227_PHB47_0022/LH287,10.608540268667785
2024,wih2,GEMS-0227_PHB47_0022/PHP02,10.479171595418805
2024,wih2,GEMS-0227_PHB47_0024/LH287,10.608540268667785
2024,wih2,GEMS-0227_PHB47_0024/PHP02,10.479171595418805
2024,wih2,GEMS-0227_PHB47_0025/LH287,10.608540268667785
2024,wih2,GEMS-0227_PHB47_0025/PHP02,10.479171595418805
2024,wih2,GEMS-0227_PHB47_0026/LH287,10.608540268667785
2024,wih2,GEMS-0227_PHB47_0026/PHP02,10.479171595418805
2024,wih2,GEMS-0227_PHBW8_0001/LH287,10.608540268667785
2024,wih2,GEMS-0227_PHBW8_0001/PHP02,10.479171595418805
2024,wih2,GEMS-0227_PHBW8_0002/LH287,10.608540268667785
2024,wih2,GEMS-0227_PHBW8_0002/PHP02,10.479171595418805
2024,wih2,GEMS-0227_PHBW8_0003/LH287,10.608540268667785
2024,wih2,GEMS-0227_PHBW8_0003/PHP02,10.479171595418805
2024,wih2,GEMS-0227_PHBW8_0004/LH287,10.608540268667785
2024,wih2,GEMS-0227_PHBW8_0004/PHP02,10.479171595418805
2024,wih2,GEMS-0227_PHBW8_0005/LH287,10.608540268667785
2024,wih2,GEMS-0227_PHBW8_0006/LH287,10.608540268667785
2024,wih2,GEMS-0227_PHBW8_0006/PHP02,10.479171595418805
2024,wih2,GEMS-0227_PHBW8_0007/LH287,10.608540268667785
2024,wih2,GEMS-0227_PHBW8_0009/PHP02,10.479171595418805
2024,wih2,GEMS-0227_PHBW8_0010/LH287,10.608540268667785
2024,wih2,GEMS-0227_PHBW8_0010/PHP02,10.479171595418805
2024,wih2,GEMS-0227_PHBW8_0012/LH287,10.608540268667785
2024,wih2,GEMS-0227_PHBW8_0012/PHP02,10.479171595418805
2024,wih2,GEMS-0227_PHBW8_0013/LH287,10.608540268667785
2024,wih2,GEMS-0227_PHBW8_0013/PHP02,10.479171595418805
2024,wih2,GEMS-0227_PHBW8_0015/LH287,10.608540268667785
2024,wih2,GEMS-0227_PHBW8_0016/LH287,10.608540268667785
2024,wih2,GEMS-0227_PHBW8_0018/LH287,10.608540268667785
2024,wih2,GEMS-0227_PHBW8_0018/PHP02,10.479171595418805
2024,wih2,GEMS-0227_PHBW8_0019/LH287,10.608540268667785
2024,wih2,GEMS-0227_PHBW8_0019/PHP02,10.479171595418805
2024,wih2,GEMS-0227_PHBW8_0020/PHP02,10.479171595418805
2024,wih2,GEMS-0227_PHBW8_0021/LH287,10.608540268667785
2024,wih2,GEMS-0227_PHBW8_0021/PHP02,10.479171595418805
2024,wih2,GEMS-0227_PHBW8_0022/LH287,10.608540268667785
2024,wih2,GEMS-0227_PHBW8_0024/LH287,10.608540268667785
2024,wih2,GEMS-0227_PHBW8_0024/PHP02,10.479171595418805
2024,wih2,LH132/PHP02,10.245603331947395
2024,wih2,LH146HT/LH287,10.608540268667785
2024,wih2,LH146HT/PHP02,10.479171595418805
2024,wih2,LH192/PHP02,10.479171595418805
2024,wih2,LH193/LH287,10.608540268667785
2024,wih2,LH193/PHP02,10.479171595418805
2024,wih2,LH195/LH287,11.017183963205897
2024,wih2,LH195/PHP02,10.887815289956917
2024,wih2,LH195/PHZ51,10.360361954504976
2024,wih2,LH197/LH287,10.608540268667785
2024,wih2,LH197/PHP02,10.479171595418805
2024,wih2,LH198/LH287,10.596964045199314
2024,wih2,LH198/PHP02,10.467595371950335
2024,wih2,LH200/PHP02,10.479171595418805
2024,wih2,LH204/LH287,10.608540268667785
2024,wih2,LH204/PHP02,10.479171595418805
2024,wih2,LH220HT/LH287,10.608540268667785
2024,wih2,LH224/LH287,10.608540268667785
2024,wih2,LH224/PHP02,10.479171595418805
2024,wih2,LH225/LH287,10.608540268667785
2024,wih2,LH225/PHP02,10.479171595418805
2024,wih2,LH226HT/PHP02,10.479171595418805
2024,wih2,LH228/LH287,10.608540268667785
2024,wih2,LH228/PHP02,10.479171595418805
2024,wih2,LH231/PHP02,10.479171595418805
2024,wih2,LH234/LH287,10.608540268667785
2024,wih2,LH234/PHP02,10.479171595418805
2024,wih2,LH235/PHP02,10.479171595418805
2024,wih2,LH236/PHP02,10.479171595418805
2024,wih2,LH237/LH287,10.608540268667785
2024,wih2,LH237/PHP02,10.479171595418805
2024,wih2,LH238/LH287,10.608540268667785
2024,wih2,LH238/PHP02,10.479171595418805
2024,wih2,LH244/PHK76,10.809400147715397
2024,wih2,LH244/PHP02,10.906758193974529
2024,wih2,LH273/LH287,10.608540268667785
2024,wih2,LH286/PHP02,10.479171595418805
2024,wih2,LH287/LH244,12.308557854698577
2024,wih2,LH292/PHP02,10.479171595418805
2024,wih2,LH82/LH244,10.59326114353799
2024,wih2,MM501D/LH244,11.73258466257167
2024,wih2,NKH8431/LH287,10.608540268667785
2024,wih2,NKH8431/PHP02,10.479171595418805
2024,wih2,PH05F/PHP02,10.479171595418805
2024,wih2,PH05G/LH287,10.608540268667785
2024,wih2,PH05G/PHP02,10.479171595418805
2024,wih2,PH05W/LH287,10.608540268667785
2024,wih2,PH05W/PHP02,10.479171595418805
2024,wih2,PH06N/LH287,10.608540268667785
2024,wih2,PH07D/LH287,10.608540268667785
2024,wih2,PH07D/PHP02,10.479171595418805
2024,wih2,PH080/LH287,10.608540268667785
2024,wih2,PH080/PHP02,10.479171595418805
2024,wih2,PH08A/LH287,10.608540268667785
2024,wih2,PH08A/PHP02,10.479171595418805
2024,wih2,PH09B/PHP02,10.479171595418805
2024,wih2,PH09E/LH287,10.608540268667785
2024,wih2,PH09E/PHP02,10.479171595418805
2024,wih2,PH0B4/LH287,10.608540268667785
2024,wih2,PH0B4/PHP02,10.479171595418805
2024,wih2,PH0CD/LH287,10.608540268667785
2024,wih2,PH0GP/LH287,10.608540268667785
2024,wih2,PH0GP/PHP02,10.479171595418805
2024,wih2,PH19V/PHP02,10.479171595418805
2024,wih2,PH1CA/LH287,10.608540268667785
2024,wih2,PH1CA/PHP02,10.479171595418805
2024,wih2,PH1GC/LH287,10.608540268667785
2024,wih2,PH1GC/PHP02,10.479171595418805
2024,wih2,PH1TB/LH287,10.608540268667785
2024,wih2,PH1TB/PHP02,10.479171595418805
2024,wih2,PH1W2/LH287,10.608540268667785
2024,wih2,PH1W2/PHP02,10.479171595418805
2024,wih2,PH24E/LH244,11.807983288618466
2024,wih2,PH24M/LH287,10.608540268667785
2024,wih2,PH37C/LH287,10.608540268667785
2024,wih2,PH42B/LH287,10.608540268667785
2024,wih2,PH42B/PHP02,10.479171595418805
2024,wih2,PH44A/LH287,10.608540268667785
2024,wih2,PH44A/PHP02,10.479171595418805
2024,wih2,PH55C/LH287,10.608540268667785
2024,wih2,PH55C/PHP02,10.479171595418805
2024,wih2,PH63A/LH287,10.608540268667785
2024,wih2,PH63A/PHP02,10.479171595418805
2024,wih2,PH79A/LH287,10.608540268667785
2024,wih2,PH79A/PHP02,10.479171595418805
2024,wih2,PHB47/PHN82,11.45580091022892
2024,wih2,PHB47/PHZ51,10.043536404499353
2024,wih2,PHBW8/LH287,10.608540268667785
2024,wih2,PHBW8/PHP02,10.479171595418805
2024,wih2,PHDG1/LH287,10.608540268667785
2024,wih2,PHDG1/PHP02,10.479171595418805
2024,wih2,PHEW7/LH287,10.608540268667785
2024,wih2,PHEW7/PHP02,10.479171595418805
2024,wih2,PHG29/PHG47,9.074311005444125
2024,wih2,PHG39/PHN82,11.540939722300275
2024,wih2,PHHB9/LH287,10.863178120451673
2024,wih2,PHJ40/PHAJ0,7.03529456442958
2024,wih2,PHJ89/LH244,11.4129527946784
2024,wih2,PHJR5/LH287,10.608540268667785
2024,wih2,PHK56/LH244,11.691144505434174
2024,wih2,PHKV0/LH287,10.608540268667785
2024,wih2,PHN46/LH244,10.153997524986442
2024,wih2,PHN66/LH287,10.608540268667785
2024,wih2,PHN66/PHP02,10.479171595418805
2024,wih2,PHNJ2/LH287,10.608540268667785
2024,wih2,PHNJ2/PHP02,10.479171595418805
2024,wih2,PHP02/LH244,11.691144505434174
2024,wih2,PHP38/LH287,10.726738393241176
2024,wih2,PHP38/PHP02,10.597369719992196
2024,wih2,PHPR5/LH287,10.608540268667785
2024,wih2,PHR03/LH244,11.813666995590319
2024,wih2,PHR61/LH287,10.608540268667785
2024,wih2,PHRE1/PHTD5,8.001506626270332
2024,wih2,PHT10/LH287,10.608540268667785
2024,wih2,PHT10/PHP02,10.479171595418805
2024,wih2,PHT11/LH287,10.608540268667785
2024,wih2,PHT11/PHP02,10.479171595418805
2024,wih2,PHT47/PHP02,10.479171595418805
2024,wih2,PHTP9/PHP02,10.479171595418805
2024,wih2,PHTV7/LH287,10.608540268667785
2024,wih2,PHTV7/PHP02,10.479171595418805
2024,wih2,PHV37/LH287,10.608540268667785
2024,wih2,PHVA9/LH287,10.608540268667785
2024,wih2,PHVA9/PHP02,10.479171595418805
2024,wih2,PHVJ5/PHP02,10.479171595418805
2024,wih2,PHW30/LH244,11.544663771188034
2024,wih2,PHW52/LH287,10.954114673783033
2024,wih2,PHW52/PHM49,11.13713786564098
2024,wih2,PHW52/PHP02,10.824746000534054
2024,wih2,TX777/LH195,8.846336136554736
2024,wih2,W10004_0018/LH287,10.608540268667785
2024,wih2,W10004_0031/PHP02,11.531907763324424
2024,wih2,W10004_0034/LH287,10.608540268667785
2024,wih2,W10004_0034/PHP02,11.287828444520143
2024,wih2,W10004_0062/PHP02,10.423495924331295
2024,wih2,W10004_0095/LH287,10.216721978970936
2024,wih2,W10004_0095/PHP02,9.513267068590839
2024,wih2,W10004_0103/LH287,10.697136360435247
2024,wih2,W10004_0103/PHP02,11.41176718364617
2024,wih2,W10004_0122/LH287,10.608540268667785
2024,wih2,W10004_0122/PHP02,11.234843590986396
2024,wih2,W10004_0133/LH287,10.608540268667785
2024,wih2,W10004_0146/LH287,10.608540268667785
2024,wih2,W10004_0146/PHP02,11.323171091878708
2024,wih2,W10004_0160/LH287,10.608540268667785
2024,wih2,W10004_0160/PHP02,11.323171091878708
2024,wih2,W10004_0167/LH287,10.58091570634922
2024,wih2,W10004_0168/LH287,10.608540268667785
2024,wih2,W10004_0168/PHP02,11.190932149469427
2024,wih2,W10004_0189/LH287,10.608540268667785
2024,wih2,W10004_0189/PHP02,11.660523586588415
2024,wih2,W10004_0236/LH287,10.608540268667785
2024,wih2,W10004_0236/PHP02,11.199055439338819
2024,wih2,W10004_0238/LH287,10.608540268667785
2024,wih2,W10004_0238/PHP02,11.246554699995519
2024,wih2,W10004_0258/LH287,10.717589279266118
2024,wih2,W10004_0258/PHP02,11.640956773922758
2024,wih2,W10004_0270/PHP02,10.951752733969348
2024,wih2,W10004_0311/LH287,10.56848868311802
2024,wih2,W10004_0311/PHP02,10.635937319304483
2024,wih2,W10004_0389/LH287,10.608540268667785
2024,wih2,W10004_0389/PHP02,11.12308874444595
2024,wih2,W10004_0403/PHP02,11.246554699995519
2024,wih2,W10004_0409/LH287,10.760996233080885
2024,wih2,W10004_0409/PHP02,12.11985835380567
2024,wih2,W10004_0412/LH287,10.608540268667785
2024,wih2,W10004_0476/PHP02,10.662615535104964
2024,wih2,W10004_0601/PHP02,11.308116829600662
2024,wih2,W10004_0608/LH287,10.608540268667785
2024,wih2,W10004_0608/PHP02,10.278487937240538
2024,wih2,W10004_0637/LH287,10.608540268667785
2024,wih2,W10004_0637/PHP02,11.323171091878708
2024,wih2,W10004_0688/LH287,10.608540268667785
2024,wih2,W10004_0688/PHP02,10.924617112773284
2024,wih2,W10004_0691/LH287,10.352464888011852
2024,wih2,W10004_0691/PHP02,9.552562250558386
2024,wih2,W10004_0714/LH287,10.57356377137277
2024,wih2,W10004_0714/PHP02,11.164078942043805
2024,wih2,W10004_0715/LH287,10.608540268667785
2024,wih2,W10004_0715/PHP02,11.190932149469427
2024,wih2,W10004_0747/PHP02,11.764656170657208
2024,wih2,W10004_0754/LH287,10.608540268667785
2024,wih2,W10004_0754/PHP02,11.246554699995519
2024,wih2,W10004_0776/PHP02,11.246554699995519
2024,wih2,W10004_0801/PHP02,11.764656170657208
2024,wih2,W10004_0822/LH287,10.717874609397576
2024,wih2,W10004_0822/PHP02,11.35588904072531
2024,wih2,W10004_0859/LH287,10.589644736938512
2024,wih2,W10004_0859/PHP02,10.929919502051051
2024,wih2,W10004_0866/LH287,10.608540268667785
2024,wih2,W10004_0866/PHP02,11.606205227012298
2024,wih2,W10004_0949/LH287,10.608540268667785
2024,wih2,W10004_0949/PHP02,11.975848279186938
2024,wih2,W10004_0969/LH287,10.608540268667785
2024,wih2,W10004_0969/PHP02,10.86875270679694
2024,wih2,W10004_1018/PHP02,10.948815033780324
2024,wih2,W10004_1032/LH287,10.608540268667785
2024,wih2,W10004_1080/LH287,10.608540268667785
2024,wih2,W10004_1080/PHP02,11.7580656009137
2024,wih2,WQCD10/PHP02,10.479171595418805
2024,wih3,01DIB2/PHP02,10.544195766027084
2024,wih3,2369/LH123HT,12.270565142442209
2024,wih3,2FACC/PHP02,10.938084783995466
2024,wih3,B14A/OH43,10.095035306116273
2024,wih3,B37/H95,9.760623958122766
2024,wih3,B73/MO17,11.928244854857356
2024,wih3,B73/PHN82,12.355257679457045
2024,wih3,B73/TX779,8.005980203308885
2024,wih3,CG119/CG108,6.223390387748884
2024,wih3,CG44/CGR01,8.756767024460862
2024,wih3,DK3IIH6/LH244,12.055383904604406
2024,wih3,DKFBHJ/PHP02,10.544195766027084
2024,wih3,FBLA/PHP02,10.544195766027084
2024,wih3,FBLL/PHP02,10.544195766027084
2024,wih3,GEMS-0061_3AZA1_0004/PHP02,10.544195766027084
2024,wih3,GEMS-0061_3AZA1_0005/PHP02,10.544195766027084
2024,wih3,GEMS-0061_3AZA1_0006/PHP02,10.544195766027084
2024,wih3,GEMS-0061_3AZA1_0007/PHP02,10.544195766027084
2024,wih3,GEMS-0061_3AZA1_0009/PHP02,10.544195766027084
2024,wih3,GEMS-0061_3AZA1_0010/PHP02,10.544195766027084
2024,wih3,GEMS-0061_3AZA1_0011/PHP02,10.544195766027084
2024,wih3,GEMS-0061_3AZA1_0012/PHP02,10.544195766027084
2024,wih3,GEMS-0061_3AZA1_0013/PHP02,10.544195766027084
2024,wih3,GEMS-0061_3AZA1_0015/PHP02,10.544195766027084
2024,wih3,GEMS-0061_3AZA1_0017/PHP02,10.544195766027084
2024,wih3,GEMS-0061_3AZA1_0023/PHP02,10.544195766027084
2024,wih3,GEMS-0061_FBLL_0002/PHP02,10.544195766027084
2024,wih3,GEMS-0061_FBLL_0004/PHP02,10.544195766027084
2024,wih3,GEMS-0061_FBLL_0005/PHP02,10.544195766027084
2024,wih3,GEMS-0061_FBLL_0007/PHP02,10.544195766027084
2024,wih3,GEMS-0061_FBLL_0009/PHP02,10.544195766027084
2024,wih3,GEMS-0061_FBLL_0010/PHP02,10.544195766027084
2024,wih3,GEMS-0061_FBLL_0011/PHP02,10.544195766027084
2024,wih3,GEMS-0061_FBLL_0014/PHP02,10.544195766027084
2024,wih3,GEMS-0061_FBLL_0016/PHP02,10.544195766027084
2024,wih3,GEMS-0061_FBLL_0017/PHP02,10.544195766027084
2024,wih3,GEMS-0061_FBLL_0018/PHP02,10.544195766027084
2024,wih3,GEMS-0061_FBLL_0022/PHP02,10.544195766027084
2024,wih3,GEMS-0061_FBLL_0024/PHP02,10.544195766027084
2024,wih3,GEMS-0061_FBLL_0026/PHP02,10.544195766027084
2024,wih3,GEMS-0061_FBLL_0029/PHP02,10.544195766027084
2024,wih3,GEMS-0061_FBLL_0032/PHP02,10.544195766027084
2024,wih3,GEMS-0061_FBLL_0033/PHP02,10.544195766027084
2024,wih3,GEMS-0061_FBLL_0034/PHP02,10.544195766027084
2024,wih3,GEMS-0061_FBLL_0035/PHP02,10.544195766027084
2024,wih3,GEMS-0061_FBLL_0037/PHP02,10.544195766027084
2024,wih3,GEMS-0061_FBLL_0038/PHP02,10.544195766027084
2024,wih3,GEMS-0061_FBLL_0039/PHP02,10.544195766027084
2024,wih3,GEMS-0061_FBLL_0040/PHP02,10.544195766027084
2024,wih3,GEMS-0061_FBLL_0042/PHP02,10.544195766027084
2024,wih3,GEMS-0061_FBLL_0044/PHP02,10.544195766027084
2024,wih3,GEMS-0061_FBLL_0047/PHP02,10.544195766027084
2024,wih3,GEMS-0061_FBLL_0050/PHP02,10.544195766027084
2024,wih3,GEMS-0061_PHB47_0001/PHP02,10.544195766027084
2024,wih3,GEMS-0061_PHB47_0003/PHP02,10.544195766027084
2024,wih3,GEMS-0061_PHB47_0004/PHP02,10.544195766027084
2024,wih3,GEMS-0061_PHBW8_0001/PHP02,10.544195766027084
2024,wih3,GEMS-0061_PHBW8_0002/PHP02,10.544195766027084
2024,wih3,GEMS-0113_3AZA1_0001/PHP02,10.544195766027084
2024,wih3,GEMS-0113_3AZA1_0002/PHP02,10.544195766027084
2024,wih3,GEMS-0113_3AZA1_0003/PHP02,10.544195766027084
2024,wih3,GEMS-0113_3AZA1_0005/PHP02,10.544195766027084
2024,wih3,GEMS-0113_3AZA1_0006/PHP02,10.544195766027084
2024,wih3,GEMS-0113_3AZA1_0007/PHP02,10.544195766027084
2024,wih3,GEMS-0113_3AZA1_0008/PHP02,10.544195766027084
2024,wih3,GEMS-0113_3AZA1_0010/PHP02,10.544195766027084
2024,wih3,GEMS-0113_3AZA1_0011/PHP02,10.544195766027084
2024,wih3,GEMS-0113_3AZA1_0013/PHP02,10.544195766027084
2024,wih3,GEMS-0113_3AZA1_0016/PHP02,10.544195766027084
2024,wih3,GEMS-0113_3AZA1_0018/PHP02,10.544195766027084
2024,wih3,GEMS-0113_3AZA1_0019/PHP02,10.544195766027084
2024,wih3,GEMS-0113_3AZA1_0021/PHP02,10.544195766027084
2024,wih3,GEMS-0113_3AZA1_0022/PHP02,10.544195766027084
2024,wih3,GEMS-0113_3AZA1_0024/PHP02,10.544195766027084
2024,wih3,GEMS-0113_3AZA1_0025/PHP02,10.544195766027084
2024,wih3,GEMS-0113_3AZA1_0026/PHP02,10.544195766027084
2024,wih3,GEMS-0113_3AZA1_0027/PHP02,10.544195766027084
2024,wih3,GEMS-0113_3AZA1_0028/PHP02,10.544195766027084
2024,wih3,GEMS-0113_3AZA1_0029/PHP02,10.544195766027084
2024,wih3,GEMS-0113_3AZA1_0031/PHP02,10.544195766027084
2024,wih3,GEMS-0113_3AZA1_0038/PHP02,10.544195766027084
2024,wih3,GEMS-0113_FBLL_0002/PHP02,10.544195766027084
2024,wih3,GEMS-0113_FBLL_0004/PHP02,10.544195766027084
2024,wih3,GEMS-0113_FBLL_0005/PHP02,10.544195766027084
2024,wih3,GEMS-0113_FBLL_0006/PHP02,10.544195766027084
2024,wih3,GEMS-0113_FBLL_0010/PHP02,10.544195766027084
2024,wih3,GEMS-0113_FBLL_0011/PHP02,10.544195766027084
2024,wih3,GEMS-0113_FBLL_0013/PHP02,10.544195766027084
2024,wih3,GEMS-0113_FBLL_0015/PHP02,10.544195766027084
2024,wih3,GEMS-0113_PHB47_0001/PHP02,10.544195766027084
2024,wih3,GEMS-0113_PHB47_0004/PHP02,10.544195766027084
2024,wih3,GEMS-0113_PHB47_0005/PHP02,10.544195766027084
2024,wih3,GEMS-0113_PHB47_0006/PHP02,10.544195766027084
2024,wih3,GEMS-0113_PHB47_0007/PHP02,10.544195766027084
2024,wih3,GEMS-0113_PHB47_0008/PHP02,10.544195766027084
2024,wih3,GEMS-0113_PHB47_0009/PHP02,10.544195766027084
2024,wih3,GEMS-0113_PHB47_0012/PHP02,10.544195766027084
2024,wih3,GEMS-0113_PHB47_0013/PHP02,10.544195766027084
2024,wih3,GEMS-0113_PHB47_0014/PHP02,10.544195766027084
2024,wih3,GEMS-0113_PHB47_0015/PHP02,10.544195766027084
2024,wih3,GEMS-0113_PHB47_0017/PHP02,10.544195766027084
2024,wih3,GEMS-0113_PHB47_0019/PHP02,10.544195766027084
2024,wih3,GEMS-0113_PHB47_0020/PHP02,10.544195766027084
2024,wih3,GEMS-0113_PHB47_0021/PHP02,10.544195766027084
2024,wih3,GEMS-0113_PHBW8_0001/PHP02,10.544195766027084
2024,wih3,GEMS-0113_PHBW8_0006/PHP02,10.544195766027084
2024,wih3,GEMS-0113_PHBW8_0009/PHP02,10.544195766027084
2024,wih3,GEMS-0113_PHBW8_0011/PHP02,10.544195766027084
2024,wih3,GEMS-0113_PHBW8_0012/PHP02,10.544195766027084
2024,wih3,GEMS-0113_PHBW8_0013/PHP02,10.544195766027084
2024,wih3,GEMS-0113_PHBW8_0014/PHP02,10.544195766027084
2024,wih3,GEMS-0219_3AZA1_0001/PHP02,10.544195766027084
2024,wih3,GEMS-0219_3AZA1_0004/PHP02,10.544195766027084
2024,wih3,GEMS-0219_3AZA1_0005/PHP02,10.544195766027084
2024,wih3,GEMS-0219_3AZA1_0006/PHP02,10.544195766027084
2024,wih3,GEMS-0219_3AZA1_0008/PHP02,10.544195766027084
2024,wih3,GEMS-0219_3AZA1_0009/PHP02,10.544195766027084
2024,wih3,GEMS-0219_3AZA1_0012/PHP02,10.544195766027084
2024,wih3,GEMS-0219_FBLL_0002/PHP02,10.544195766027084
2024,wih3,GEMS-0219_FBLL_0003/PHP02,10.544195766027084
2024,wih3,GEMS-0219_FBLL_0004/PHP02,10.544195766027084
2024,wih3,GEMS-0219_FBLL_0007/PHP02,10.544195766027084
2024,wih3,GEMS-0219_FBLL_0010/PHP02,10.544195766027084
2024,wih3,GEMS-0219_FBLL_0011/PHP02,10.544195766027084
2024,wih3,GEMS-0219_FBLL_0012/PHP02,10.544195766027084
2024,wih3,GEMS-0219_FBLL_0014/PHP02,10.544195766027084
2024,wih3,GEMS-0219_FBLL_0015/PHP02,10.544195766027084
2024,wih3,GEMS-0219_FBLL_0017/PHP02,10.544195766027084
2024,wih3,GEMS-0219_FBLL_0018/PHP02,10.544195766027084
2024,wih3,GEMS-0219_FBLL_0019/PHP02,10.544195766027084
2024,wih3,GEMS-0219_FBLL_0020/PHP02,10.544195766027084
2024,wih3,GEMS-0219_FBLL_0022/PHP02,10.544195766027084
2024,wih3,GEMS-0219_FBLL_0023/PHP02,10.544195766027084
2024,wih3,GEMS-0219_FBLL_0025/PHP02,10.544195766027084
2024,wih3,GEMS-0219_FBLL_0027/PHP02,10.544195766027084
2024,wih3,GEMS-0219_FBLL_0028/PHP02,10.544195766027084
2024,wih3,GEMS-0219_FBLL_0030/PHP02,10.544195766027084
2024,wih3,GEMS-0219_PHB47_0001/PHP02,10.544195766027084
2024,wih3,GEMS-0219_PHB47_0002/PHP02,10.544195766027084
2024,wih3,GEMS-0219_PHB47_0003/PHP02,10.544195766027084
2024,wih3,GEMS-0219_PHB47_0004/PHP02,10.544195766027084
2024,wih3,GEMS-0219_PHB47_0005/PHP02,10.544195766027084
2024,wih3,GEMS-0219_PHB47_0011/PHP02,10.544195766027084
2024,wih3,GEMS-0219_PHB47_0014/PHP02,10.544195766027084
2024,wih3,GEMS-0219_PHB47_0017/PHP02,10.544195766027084
2024,wih3,GEMS-0219_PHBW8_0001/PHP02,10.544195766027084
2024,wih3,GEMS-0219_PHBW8_0002/PHP02,10.544195766027084
2024,wih3,GEMS-0219_PHBW8_0003/PHP02,10.544195766027084
2024,wih3,GEMS-0219_PHBW8_0004/PHP02,10.544195766027084
2024,wih3,GEMS-0219_PHBW8_0006/PHP02,10.544195766027084
2024,wih3,GEMS-0219_PHBW8_0008/PHP02,10.544195766027084
2024,wih3,GEMS-0219_PHBW8_0009/PHP02,10.544195766027084
2024,wih3,GEMS-0219_PHBW8_0011/PHP02,10.544195766027084
2024,wih3,GEMS-0227_3AZA1_0001/PHP02,10.544195766027084
2024,wih3,GEMS-0227_3AZA1_0002/PHP02,10.544195766027084
2024,wih3,GEMS-0227_3AZA1_0005/PHP02,10.544195766027084
2024,wih3,GEMS-0227_3AZA1_0008/PHP02,10.544195766027084
2024,wih3,GEMS-0227_3AZA1_0010/PHP02,10.544195766027084
2024,wih3,GEMS-0227_3AZA1_0011/PHP02,10.544195766027084
2024,wih3,GEMS-0227_3AZA1_0013/PHP02,10.544195766027084
2024,wih3,GEMS-0227_3AZA1_0014/PHP02,10.544195766027084
2024,wih3,GEMS-0227_3AZA1_0015/PHP02,10.544195766027084
2024,wih3,GEMS-0227_3AZA1_0016/PHP02,10.544195766027084
2024,wih3,GEMS-0227_3AZA1_0017/PHP02,10.544195766027084
2024,wih3,GEMS-0227_3AZA1_0018/PHP02,10.544195766027084
2024,wih3,GEMS-0227_3AZA1_0022/PHP02,10.544195766027084
2024,wih3,GEMS-0227_3AZA1_0023/PHP02,10.544195766027084
2024,wih3,GEMS-0227_3AZA1_0025/PHP02,10.544195766027084
2024,wih3,GEMS-0227_3AZA1_0028/PHP02,10.544195766027084
2024,wih3,GEMS-0227_3AZA1_0029/PHP02,10.544195766027084
2024,wih3,GEMS-0227_3AZA1_0030/PHP02,10.544195766027084
2024,wih3,GEMS-0227_3AZA1_0031/PHP02,10.544195766027084
2024,wih3,GEMS-0227_3AZA1_0034/PHP02,10.544195766027084
2024,wih3,GEMS-0227_3AZA1_0036/PHP02,10.544195766027084
2024,wih3,GEMS-0227_3AZA1_0040/PHP02,10.544195766027084
2024,wih3,GEMS-0227_3AZA1_0041/PHP02,10.544195766027084
2024,wih3,GEMS-0227_3AZA1_0043/PHP02,10.544195766027084
2024,wih3,GEMS-0227_3AZA1_0045/PHP02,10.544195766027084
2024,wih3,GEMS-0227_3AZA1_0046/PHP02,10.544195766027084
2024,wih3,GEMS-0227_3AZA1_0048/PHP02,10.544195766027084
2024,wih3,GEMS-0227_3AZA1_0049/PHP02,10.544195766027084
2024,wih3,GEMS-0227_FBLL_0001/PHP02,10.544195766027084
2024,wih3,GEMS-0227_FBLL_0003/PHP02,10.544195766027084
2024,wih3,GEMS-0227_FBLL_0004/PHP02,10.544195766027084
2024,wih3,GEMS-0227_FBLL_0005/PHP02,10.544195766027084
2024,wih3,GEMS-0227_FBLL_0007/PHP02,10.544195766027084
2024,wih3,GEMS-0227_FBLL_0008/PHP02,10.544195766027084
2024,wih3,GEMS-0227_FBLL_0009/PHP02,10.544195766027084
2024,wih3,GEMS-0227_FBLL_0010/PHP02,10.544195766027084
2024,wih3,GEMS-0227_FBLL_0013/PHP02,10.544195766027084
2024,wih3,GEMS-0227_FBLL_0014/PHP02,10.544195766027084
2024,wih3,GEMS-0227_FBLL_0015/PHP02,10.544195766027084
2024,wih3,GEMS-0227_FBLL_0016/PHP02,10.544195766027084
2024,wih3,GEMS-0227_FBLL_0017/PHP02,10.544195766027084
2024,wih3,GEMS-0227_FBLL_0018/PHP02,10.544195766027084
2024,wih3,GEMS-0227_FBLL_0019/PHP02,10.544195766027084
2024,wih3,GEMS-0227_FBLL_0020/PHP02,10.544195766027084
2024,wih3,GEMS-0227_FBLL_0022/PHP02,10.544195766027084
2024,wih3,GEMS-0227_FBLL_0023/PHP02,10.544195766027084
2024,wih3,GEMS-0227_FBLL_0024/PHP02,10.544195766027084
2024,wih3,GEMS-0227_FBLL_0025/PHP02,10.544195766027084
2024,wih3,GEMS-0227_FBLL_0026/PHP02,10.544195766027084
2024,wih3,GEMS-0227_FBLL_0028/PHP02,10.544195766027084
2024,wih3,GEMS-0227_FBLL_0029/PHP02,10.544195766027084
2024,wih3,GEMS-0227_FBLL_0030/PHP02,10.544195766027084
2024,wih3,GEMS-0227_FBLL_0031/PHP02,10.544195766027084
2024,wih3,GEMS-0227_FBLL_0032/PHP02,10.544195766027084
2024,wih3,GEMS-0227_FBLL_0033/PHP02,10.544195766027084
2024,wih3,GEMS-0227_FBLL_0034/PHP02,10.544195766027084
2024,wih3,GEMS-0227_FBLL_0035/PHP02,10.544195766027084
2024,wih3,GEMS-0227_FBLL_0036/PHP02,10.544195766027084
2024,wih3,GEMS-0227_FBLL_0038/PHP02,10.544195766027084
2024,wih3,GEMS-0227_FBLL_0041/PHP02,10.544195766027084
2024,wih3,GEMS-0227_FBLL_0042/PHP02,10.544195766027084
2024,wih3,GEMS-0227_FBLL_0043/PHP02,10.544195766027084
2024,wih3,GEMS-0227_FBLL_0044/PHP02,10.544195766027084
2024,wih3,GEMS-0227_FBLL_0045/PHP02,10.544195766027084
2024,wih3,GEMS-0227_FBLL_0046/PHP02,10.544195766027084
2024,wih3,GEMS-0227_FBLL_0047/PHP02,10.544195766027084
2024,wih3,GEMS-0227_FBLL_0048/PHP02,10.544195766027084
2024,wih3,GEMS-0227_FBLL_0049/PHP02,10.544195766027084
2024,wih3,GEMS-0227_FBLL_0052/PHP02,10.544195766027084
2024,wih3,GEMS-0227_FBLL_0053/PHP02,10.544195766027084
2024,wih3,GEMS-0227_FBLL_0055/PHP02,10.544195766027084
2024,wih3,GEMS-0227_FBLL_0057/PHP02,10.544195766027084
2024,wih3,GEMS-0227_FBLL_0058/PHP02,10.544195766027084
2024,wih3,GEMS-0227_FBLL_0059/PHP02,10.544195766027084
2024,wih3,GEMS-0227_FBLL_0060/PHP02,10.544195766027084
2024,wih3,GEMS-0227_FBLL_0062/PHP02,10.544195766027084
2024,wih3,GEMS-0227_FBLL_0064/PHP02,10.544195766027084
2024,wih3,GEMS-0227_FBLL_0066/PHP02,10.544195766027084
2024,wih3,GEMS-0227_FBLL_0067/PHP02,10.544195766027084
2024,wih3,GEMS-0227_FBLL_0068/PHP02,10.544195766027084
2024,wih3,GEMS-0227_FBLL_0069/PHP02,10.544195766027084
2024,wih3,GEMS-0227_FBLL_0070/PHP02,10.544195766027084
2024,wih3,GEMS-0227_FBLL_0071/PHP02,10.544195766027084
2024,wih3,GEMS-0227_FBLL_0072/PHP02,10.544195766027084
2024,wih3,GEMS-0227_FBLL_0073/PHP02,10.544195766027084
2024,wih3,GEMS-0227_FBLL_0075/PHP02,10.544195766027084
2024,wih3,GEMS-0227_FBLL_0077/PHP02,10.544195766027084
2024,wih3,GEMS-0227_FBLL_0078/PHP02,10.544195766027084
2024,wih3,GEMS-0227_FBLL_0080/PHP02,10.544195766027084
2024,wih3,GEMS-0227_FBLL_0082/PHP02,10.544195766027084
2024,wih3,GEMS-0227_FBLL_0085/PHP02,10.544195766027084
2024,wih3,GEMS-0227_FBLL_0086/PHP02,10.544195766027084
2024,wih3,GEMS-0227_FBLL_0087/PHP02,10.544195766027084
2024,wih3,GEMS-0227_FBLL_0088/PHP02,10.544195766027084
2024,wih3,GEMS-0227_FBLL_0089/PHP02,10.544195766027084
2024,wih3,GEMS-0227_FBLL_0090/PHP02,10.544195766027084
2024,wih3,GEMS-0227_FBLL_0093/PHP02,10.544195766027084
2024,wih3,GEMS-0227_FBLL_0094/PHP02,10.544195766027084
2024,wih3,GEMS-0227_FBLL_0095/PHP02,10.544195766027084
2024,wih3,GEMS-0227_FBLL_0096/PHP02,10.544195766027084
2024,wih3,GEMS-0227_FBLL_0097/PHP02,10.544195766027084
2024,wih3,GEMS-0227_FBLL_0098/PHP02,10.544195766027084
2024,wih3,GEMS-0227_FBLL_0101/PHP02,10.544195766027084
2024,wih3,GEMS-0227_FBLL_0102/PHP02,10.544195766027084
2024,wih3,GEMS-0227_FBLL_0105/PHP02,10.544195766027084
2024,wih3,GEMS-0227_FBLL_0106/PHP02,10.544195766027084
2024,wih3,GEMS-0227_FBLL_0110/PHP02,10.544195766027084
2024,wih3,GEMS-0227_FBLL_0111/PHP02,10.544195766027084
2024,wih3,GEMS-0227_FBLL_0113/PHP02,10.544195766027084
2024,wih3,GEMS-0227_FBLL_0114/PHP02,10.544195766027084
2024,wih3,GEMS-0227_FBLL_0116/PHP02,10.544195766027084
2024,wih3,GEMS-0227_FBLL_0117/PHP02,10.544195766027084
2024,wih3,GEMS-0227_FBLL_0118/PHP02,10.544195766027084
2024,wih3,GEMS-0227_FBLL_0121/PHP02,10.544195766027084
2024,wih3,GEMS-0227_FBLL_0124/PHP02,10.544195766027084
2024,wih3,GEMS-0227_FBLL_0125/PHP02,10.544195766027084
2024,wih3,GEMS-0227_FBLL_0133/PHP02,10.544195766027084
2024,wih3,GEMS-0227_FBLL_0141/PHP02,10.544195766027084
2024,wih3,GEMS-0227_PHB47_0001/PHP02,10.544195766027084
2024,wih3,GEMS-0227_PHB47_0002/PHP02,10.544195766027084
2024,wih3,GEMS-0227_PHB47_0003/PHP02,10.544195766027084
2024,wih3,GEMS-0227_PHB47_0004/PHP02,10.544195766027084
2024,wih3,GEMS-0227_PHB47_0006/PHP02,10.544195766027084
2024,wih3,GEMS-0227_PHB47_0009/PHP02,10.544195766027084
2024,wih3,GEMS-0227_PHB47_0010/PHP02,10.544195766027084
2024,wih3,GEMS-0227_PHB47_0012/PHP02,10.544195766027084
2024,wih3,GEMS-0227_PHB47_0014/PHP02,10.544195766027084
2024,wih3,GEMS-0227_PHB47_0016/PHP02,10.544195766027084
2024,wih3,GEMS-0227_PHB47_0022/PHP02,10.544195766027084
2024,wih3,GEMS-0227_PHB47_0023/PHP02,10.544195766027084
2024,wih3,GEMS-0227_PHB47_0024/PHP02,10.544195766027084
2024,wih3,GEMS-0227_PHB47_0025/PHP02,10.544195766027084
2024,wih3,GEMS-0227_PHBW8_0001/PHP02,10.544195766027084
2024,wih3,GEMS-0227_PHBW8_0002/PHP02,10.544195766027084
2024,wih3,GEMS-0227_PHBW8_0003/PHP02,10.544195766027084
2024,wih3,GEMS-0227_PHBW8_0004/PHP02,10.544195766027084
2024,wih3,GEMS-0227_PHBW8_0006/PHP02,10.544195766027084
2024,wih3,GEMS-0227_PHBW8_0007/PHP02,10.544195766027084
2024,wih3,GEMS-0227_PHBW8_0009/PHP02,10.544195766027084
2024,wih3,GEMS-0227_PHBW8_0010/PHP02,10.544195766027084
2024,wih3,GEMS-0227_PHBW8_0011/PHP02,10.544195766027084
2024,wih3,GEMS-0227_PHBW8_0012/PHP02,10.544195766027084
2024,wih3,GEMS-0227_PHBW8_0013/PHP02,10.544195766027084
2024,wih3,GEMS-0227_PHBW8_0015/PHP02,10.544195766027084
2024,wih3,GEMS-0227_PHBW8_0016/PHP02,10.544195766027084
2024,wih3,GEMS-0227_PHBW8_0017/PHP02,10.544195766027084
2024,wih3,GEMS-0227_PHBW8_0018/PHP02,10.544195766027084
2024,wih3,GEMS-0227_PHBW8_0019/PHP02,10.544195766027084
2024,wih3,GEMS-0227_PHBW8_0020/PHP02,10.544195766027084
2024,wih3,GEMS-0227_PHBW8_0021/PHP02,10.544195766027084
2024,wih3,GEMS-0227_PHBW8_0022/PHP02,10.544195766027084
2024,wih3,GEMS-0227_PHBW8_0024/PHP02,10.544195766027084
2024,wih3,LH146HT/PHP02,10.544195766027084
2024,wih3,LH192/PHP02,10.544195766027084
2024,wih3,LH194/PHP02,10.544195766027084
2024,wih3,LH195/PHP02,10.756965301470396
2024,wih3,LH195/PHZ51,10.165899808823754
2024,wih3,LH197/PHP02,10.544195766027084
2024,wih3,LH198/PHP02,10.532619542558614
2024,wih3,LH200/PHP02,10.544195766027084
2024,wih3,LH204/PHP02,10.544195766027084
2024,wih3,LH224/PHP02,10.544195766027084
2024,wih3,LH225/PHP02,10.544195766027084
2024,wih3,LH231/PHP02,10.544195766027084
2024,wih3,LH234/PHP02,10.544195766027084
2024,wih3,LH235/PHP02,10.544195766027084
2024,wih3,LH236/PHP02,10.544195766027084
2024,wih3,LH237/PHP02,10.544195766027084
2024,wih3,LH244/PHK76,10.778882927376108
2024,wih3,LH244/PHP02,11.166735948691601
2024,wih3,LH264/PHP02,10.544195766027084
2024,wih3,LH273/PHP02,10.544195766027084
2024,wih3,LH286/PHP02,10.544195766027084
2024,wih3,LH287/LH244,12.667462368204921
2024,wih3,LH82/LH244,10.754641820401504
2024,wih3,MM501D/LH244,12.13159398834996
2024,wih3,NKH8431/PHP02,10.492637530702714
2024,wih3,PH05F/PHP02,10.544195766027084
2024,wih3,PH06N/PHP02,10.544195766027084
2024,wih3,PH080/PHP02,10.544195766027084
2024,wih3,PH08A/PHP02,10.544195766027084
2024,wih3,PH0CD/PHP02,10.544195766027084
2024,wih3,PH0GP/PHP02,10.544195766027084
2024,wih3,PH12C/PHP02,10.544195766027084
2024,wih3,PH19V/PHP02,10.544195766027084
2024,wih3,PH1CA/PHP02,10.544195766027084
2024,wih3,PH1GC/PHP02,10.544195766027084
2024,wih3,PH1TB/PHP02,10.544195766027084
2024,wih3,PH1W2/PHP02,10.544195766027084
2024,wih3,PH24E/LH244,12.262942310578563
2024,wih3,PH24M/PHP02,10.544195766027084
2024,wih3,PH37C/PHP02,10.544195766027084
2024,wih3,PH38D/PHP02,10.544195766027084
2024,wih3,PH44A/PHP02,10.544195766027084
2024,wih3,PH55C/PHP02,10.544195766027084
2024,wih3,PH79A/PHP02,10.544195766027084
2024,wih3,PHB47/PHN82,11.444903018095452
2024,wih3,PHB47/PHP02,10.610164700867509
2024,wih3,PHB47/PHZ51,10.031898858514515
2024,wih3,PHBW8/PHP02,10.544195766027084
2024,wih3,PHDG1/PHP02,10.544195766027084
2024,wih3,PHG29/PHG47,8.925450332108351
2024,wih3,PHG39/PHN82,11.532766792748907
2024,wih3,PHHB9/PHP02,10.78415332420579
2024,wih3,PHJ40/PHAJ0,7.721296691540285
2024,wih3,PHJ89/LH244,11.660639260456547
2024,wih3,PHK56/LH244,12.078193145888523
2024,wih3,PHKV0/PHP02,10.544195766027084
2024,wih3,PHN41/PHP02,10.544195766027084
2024,wih3,PHN46/LH244,10.238993928275315
2024,wih3,PHNJ2/PHP02,10.544195766027084
2024,wih3,PHP02/LH244,12.078193145888523
2024,wih3,PHP38/PHP02,10.662393890600475
2024,wih3,PHR03/LH244,12.343811627809309
2024,wih3,PHR61/PHP02,10.544195766027084
2024,wih3,PHRE1/PHTD5,7.885893143874943
2024,wih3,PHT10/PHP02,10.544195766027084
2024,wih3,PHT11/PHP02,10.544195766027084
2024,wih3,PHTP9/PHP02,10.544195766027084
2024,wih3,PHV37/PHP02,10.544195766027084
2024,wih3,PHVA9/PHP02,10.544195766027084
2024,wih3,PHVJ5/PHP02,10.544195766027084
2024,wih3,PHW30/LH244,11.831806798356723
2024,wih3,PHW52/PHM49,11.04275060533241
2024,wih3,PHW52/PHP02,10.73428564694475
2024,wih3,TX777/LH195,9.098365929330871
2024,wih3,W10004_0018/PHP02,10.544195766027084
2024,wih3,W10004_0034/PHP02,11.413151754854386
2024,wih3,W10004_0055/PHP02,11.686281408190629
2024,wih3,W10004_0062/PHP02,10.502065161177322
2024,wih3,W10004_0103/PHP02,11.474599919249869
2024,wih3,W10004_0133/PHP02,11.413151754854386
2024,wih3,W10004_0138/PHP02,10.92436243963931
2024,wih3,W10004_0146/PHP02,11.474599919249869
2024,wih3,W10004_0160/PHP02,11.474599919249869
2024,wih3,W10004_0167/PHP02,10.948810694145871
2024,wih3,W10004_0189/PHP02,11.968419226596772
2024,wih3,W10004_0236/PHP02,11.31823326380902
2024,wih3,W10004_0258/PHP02,11.918642864194396
2024,wih3,W10004_0270/PHP02,10.976435256464436
2024,wih3,W10004_0311/PHP02,10.610013954372196
2024,wih3,W10004_0346/PHP02,11.984337354449659
2024,wih3,W10004_0403/PHP02,11.393550927672166
2024,wih3,W10004_0409/PHP02,12.582513398939872
2024,wih3,W10004_0412/PHP02,11.31823326380902
2024,wih3,W10004_0601/PHP02,11.503747185609654
2024,wih3,W10004_0608/PHP02,10.328622295111296
2024,wih3,W10004_0637/PHP02,11.474599919249869
2024,wih3,W10004_0658/PHP02,12.348078404101946
2024,wih3,W10004_0688/PHP02,10.841006625169891
2024,wih3,W10004_0691/PHP02,9.60994021148972
2024,wih3,W10004_0715/PHP02,11.31823326380902
2024,wih3,W10004_0747/PHP02,12.057683684310797
2024,wih3,W10004_0754/PHP02,11.41997567180176
2024,wih3,W10004_0771/PHP02,11.413151754854386
2024,wih3,W10004_0776/PHP02,11.393550927672166
2024,wih3,W10004_0801/PHP02,12.057683684310797
2024,wih3,W10004_0822/PHP02,11.393550927672166
2024,wih3,W10004_0858/PHP02,11.31823326380902
2024,wih3,W10004_0859/PHP02,10.896135247066145
2024,wih3,W10004_0866/PHP02,11.898454744632712
2024,wih3,W10004_0949/PHP02,12.29441166184678
2024,wih3,W10004_0969/PHP02,10.753155623985856
2024,wih3,W10004_1014/PHP02,11.354021415456597
2024,wih3,W10004_1018/PHP02,10.915030778795417
2024,wih3,W10004_1032/PHP02,10.753155623985856
2024,wih3,W10004_1080/PHP02,12.066013370984228
2024,wih3,WQCD10/PHP02,10.544195766027084
2024,wih3,ZS01459/PHP02,10.544195766027084
2024,wih3,ZS0510/PHP02,10.544195766027084
