year,site,hybrid,predicted_yield_mg_ha
2024,deh1,01CSI6/LH287,9.902308464050293
2024,deh1,01DIB2/LH287,9.902308464050293
2024,deh1,01DIB2/PHP02,9.902308464050293
2024,deh1,2369/LH123HT,11.613076210021973
2024,deh1,2FACC/PHP02,9.902308464050293
2024,deh1,6F629/LH287,9.902308464050293
2024,deh1,6F629/PHP02,9.902308464050293
2024,deh1,B14A/OH43,9.145232200622559
2024,deh1,B37/H95,9.009469985961914
2024,deh1,B73/MO17,10.982982635498047
2024,deh1,B73/PHN82,11.721631050109863
2024,deh1,B73/TX779,8.480804443359375
2024,deh1,CG119/CG108,4.633493423461914
2024,deh1,CG44/CGR01,8.014904022216797
2024,deh1,DK3IIH6/LH244,11.093286514282227
2024,deh1,DKFBHJ/LH287,9.902308464050293
2024,deh1,DKFBHJ/PHP02,9.902308464050293
2024,deh1,FBLL/LH287,9.902308464050293
2024,deh1,FBLL/PHP02,9.902308464050293
2024,deh1,GEMS-0061_3AZA1_0001/LH287,9.902308464050293
2024,deh1,GEMS-0061_3AZA1_0001/PHP02,9.902308464050293
2024,deh1,GEMS-0061_3AZA1_0004/PHP02,9.902308464050293
2024,deh1,GEMS-0061_3AZA1_0005/PHP02,9.902308464050293
2024,deh1,GEMS-0061_3AZA1_0006/LH287,9.902308464050293
2024,deh1,GEMS-0061_3AZA1_0007/PHP02,9.902308464050293
2024,deh1,GEMS-0061_3AZA1_0009/LH287,9.902308464050293
2024,deh1,GEMS-0061_3AZA1_0009/PHP02,9.902308464050293
2024,deh1,GEMS-0061_3AZA1_0010/PHP02,9.902308464050293
2024,deh1,GEMS-0061_3AZA1_0012/PHP02,9.902308464050293
2024,deh1,GEMS-0061_3AZA1_0013/LH287,9.902308464050293
2024,deh1,GEMS-0061_3AZA1_0013/PHP02,9.902308464050293
2024,deh1,GEMS-0061_3AZA1_0016/PHP02,9.902308464050293
2024,deh1,GEMS-0061_3AZA1_0017/PHP02,9.902308464050293
2024,deh1,GEMS-0061_3AZA1_0021/LH287,9.902308464050293
2024,deh1,GEMS-0061_3AZA1_0021/PHP02,9.902308464050293
2024,deh1,GEMS-0061_3AZA1_0023/PHP02,9.902308464050293
2024,deh1,GEMS-0061_FBLL_0002/PHP02,9.902308464050293
2024,deh1,GEMS-0061_FBLL_0004/PHP02,9.902308464050293
2024,deh1,GEMS-0061_FBLL_0005/LH287,9.902308464050293
2024,deh1,GEMS-0061_FBLL_0005/PHP02,9.902308464050293
2024,deh1,GEMS-0061_FBLL_0008/LH287,9.902308464050293
2024,deh1,GEMS-0061_FBLL_0008/PHP02,9.902308464050293
2024,deh1,GEMS-0061_FBLL_0009/LH287,9.902308464050293
2024,deh1,GEMS-0061_FBLL_0009/PHP02,9.902308464050293
2024,deh1,GEMS-0061_FBLL_0010/LH287,9.902308464050293
2024,deh1,GEMS-0061_FBLL_0010/PHP02,9.902308464050293
2024,deh1,GEMS-0061_FBLL_0014/PHP02,9.902308464050293
2024,deh1,GEMS-0061_FBLL_0015/PHP02,9.902308464050293
2024,deh1,GEMS-0061_FBLL_0016/LH287,9.902308464050293
2024,deh1,GEMS-0061_FBLL_0016/PHP02,9.902308464050293
2024,deh1,GEMS-0061_FBLL_0017/PHP02,9.902308464050293
2024,deh1,GEMS-0061_FBLL_0019/PHP02,9.902308464050293
2024,deh1,GEMS-0061_FBLL_0023/LH287,9.902308464050293
2024,deh1,GEMS-0061_FBLL_0024/LH287,9.902308464050293
2024,deh1,GEMS-0061_FBLL_0025/PHP02,9.902308464050293
2024,deh1,GEMS-0061_FBLL_0026/LH287,9.902308464050293
2024,deh1,GEMS-0061_FBLL_0029/LH287,9.902308464050293
2024,deh1,GEMS-0061_FBLL_0029/PHP02,9.902308464050293
2024,deh1,GEMS-0061_FBLL_0031/LH287,9.902308464050293
2024,deh1,GEMS-0061_FBLL_0031/PHP02,9.902308464050293
2024,deh1,GEMS-0061_FBLL_0032/PHP02,9.902308464050293
2024,deh1,GEMS-0061_FBLL_0033/PHP02,9.902308464050293
2024,deh1,GEMS-0061_FBLL_0034/LH287,9.902308464050293
2024,deh1,GEMS-0061_FBLL_0035/PHP02,9.902308464050293
2024,deh1,GEMS-0061_FBLL_0039/LH287,9.902308464050293
2024,deh1,GEMS-0061_FBLL_0039/PHP02,9.902308464050293
2024,deh1,GEMS-0061_FBLL_0040/LH287,9.902308464050293
2024,deh1,GEMS-0061_FBLL_0040/PHP02,9.902308464050293
2024,deh1,GEMS-0061_FBLL_0042/PHP02,9.902308464050293
2024,deh1,GEMS-0061_FBLL_0044/LH287,9.902308464050293
2024,deh1,GEMS-0061_FBLL_0044/PHP02,9.902308464050293
2024,deh1,GEMS-0061_FBLL_0047/PHP02,9.902308464050293
2024,deh1,GEMS-0061_FBLL_0050/LH287,9.902308464050293
2024,deh1,GEMS-0061_FBLL_0050/PHP02,9.902308464050293
2024,deh1,GEMS-0061_PHB47_0001/LH287,9.902308464050293
2024,deh1,GEMS-0061_PHB47_0001/PHP02,9.902308464050293
2024,deh1,GEMS-0061_PHB47_0003/LH287,9.902308464050293
2024,deh1,GEMS-0061_PHB47_0004/LH287,9.902308464050293
2024,deh1,GEMS-0061_PHB47_0004/PHP02,9.902308464050293
2024,deh1,GEMS-0061_PHBW8_0002/PHP02,9.902308464050293
2024,deh1,GEMS-0113_3AZA1_0001/LH287,9.902308464050293
2024,deh1,GEMS-0113_3AZA1_0001/PHP02,9.902308464050293
2024,deh1,GEMS-0113_3AZA1_0002/LH287,9.902308464050293
2024,deh1,GEMS-0113_3AZA1_0003/PHP02,9.902308464050293
2024,deh1,GEMS-0113_3AZA1_0004/LH287,9.902308464050293
2024,deh1,GEMS-0113_3AZA1_0004/PHP02,9.902308464050293
2024,deh1,GEMS-0113_3AZA1_0005/PHP02,9.902308464050293
2024,deh1,GEMS-0113_3AZA1_0006/LH287,9.902308464050293
2024,deh1,GEMS-0113_3AZA1_0006/PHP02,9.902308464050293
2024,deh1,GEMS-0113_3AZA1_0007/PHP02,9.902308464050293
2024,deh1,GEMS-0113_3AZA1_0010/PHP02,9.902308464050293
2024,deh1,GEMS-0113_3AZA1_0011/PHP02,9.902308464050293
2024,deh1,GEMS-0113_3AZA1_0013/LH287,9.902308464050293
2024,deh1,GEMS-0113_3AZA1_0013/PHP02,9.902308464050293
2024,deh1,GEMS-0113_3AZA1_0014/PHP02,9.902308464050293
2024,deh1,GEMS-0113_3AZA1_0015/PHP02,9.902308464050293
2024,deh1,GEMS-0113_3AZA1_0016/LH287,9.902308464050293
2024,deh1,GEMS-0113_3AZA1_0016/PHP02,9.902308464050293
2024,deh1,GEMS-0113_3AZA1_0017/LH287,9.902308464050293
2024,deh1,GEMS-0113_3AZA1_0017/PHP02,9.902308464050293
2024,deh1,GEMS-0113_3AZA1_0018/PHP02,9.902308464050293
2024,deh1,GEMS-0113_3AZA1_0019/PHP02,9.902308464050293
2024,deh1,GEMS-0113_3AZA1_0025/LH287,9.902308464050293
2024,deh1,GEMS-0113_3AZA1_0025/PHP02,9.902308464050293
2024,deh1,GEMS-0113_3AZA1_0026/LH287,9.902308464050293
2024,deh1,GEMS-0113_3AZA1_0026/PHP02,9.902308464050293
2024,deh1,GEMS-0113_3AZA1_0027/PHP02,9.902308464050293
2024,deh1,GEMS-0113_3AZA1_0028/LH287,9.902308464050293
2024,deh1,GEMS-0113_3AZA1_0028/PHP02,9.902308464050293
2024,deh1,GEMS-0113_3AZA1_0029/PHP02,9.902308464050293
2024,deh1,GEMS-0113_3AZA1_0031/LH287,9.902308464050293
2024,deh1,GEMS-0113_3AZA1_0031/PHP02,9.902308464050293
2024,deh1,GEMS-0113_3AZA1_0038/LH287,9.902308464050293
2024,deh1,GEMS-0113_3AZA1_0038/PHP02,9.902308464050293
2024,deh1,GEMS-0113_FBLL_0002/PHP02,9.902308464050293
2024,deh1,GEMS-0113_FBLL_0003/PHP02,9.902308464050293
2024,deh1,GEMS-0113_FBLL_0004/PHP02,9.902308464050293
2024,deh1,GEMS-0113_FBLL_0005/LH287,9.902308464050293
2024,deh1,GEMS-0113_FBLL_0005/PHP02,9.902308464050293
2024,deh1,GEMS-0113_FBLL_0006/LH287,9.902308464050293
2024,deh1,GEMS-0113_FBLL_0008/LH287,9.902308464050293
2024,deh1,GEMS-0113_FBLL_0008/PHP02,9.902308464050293
2024,deh1,GEMS-0113_FBLL_0010/PHP02,9.902308464050293
2024,deh1,GEMS-0113_FBLL_0015/LH287,9.902308464050293
2024,deh1,GEMS-0113_PHB47_0001/PHP02,9.902308464050293
2024,deh1,GEMS-0113_PHB47_0003/PHP02,9.902308464050293
2024,deh1,GEMS-0113_PHB47_0004/LH287,9.902308464050293
2024,deh1,GEMS-0113_PHB47_0005/PHP02,9.902308464050293
2024,deh1,GEMS-0113_PHB47_0006/PHP02,9.902308464050293
2024,deh1,GEMS-0113_PHB47_0007/LH287,9.902308464050293
2024,deh1,GEMS-0113_PHB47_0007/PHP02,9.902308464050293
2024,deh1,GEMS-0113_PHB47_0009/LH287,9.902308464050293
2024,deh1,GEMS-0113_PHB47_0011/PHP02,9.902308464050293
2024,deh1,GEMS-0113_PHB47_0012/PHP02,9.902308464050293
2024,deh1,GEMS-0113_PHB47_0013/LH287,9.902308464050293
2024,deh1,GEMS-0113_PHB47_0013/PHP02,9.902308464050293
2024,deh1,GEMS-0113_PHB47_0014/PHP02,9.902308464050293
2024,deh1,GEMS-0113_PHB47_0015/LH287,9.902308464050293
2024,deh1,GEMS-0113_PHB47_0015/PHP02,9.902308464050293
2024,deh1,GEMS-0113_PHB47_0017/LH287,9.902308464050293
2024,deh1,GEMS-0113_PHB47_0017/PHP02,9.902308464050293
2024,deh1,GEMS-0113_PHB47_0019/LH287,9.902308464050293
2024,deh1,GEMS-0113_PHB47_0019/PHP02,9.902308464050293
2024,deh1,GEMS-0113_PHB47_0020/PHP02,9.902308464050293
2024,deh1,GEMS-0113_PHB47_0021/PHP02,9.902308464050293
2024,deh1,GEMS-0113_PHBW8_0002/LH287,9.902308464050293
2024,deh1,GEMS-0113_PHBW8_0002/PHP02,9.902308464050293
2024,deh1,GEMS-0113_PHBW8_0004/PHP02,9.902308464050293
2024,deh1,GEMS-0113_PHBW8_0005/PHP02,9.902308464050293
2024,deh1,GEMS-0113_PHBW8_0006/LH287,9.902308464050293
2024,deh1,GEMS-0113_PHBW8_0006/PHP02,9.902308464050293
2024,deh1,GEMS-0113_PHBW8_0007/LH287,9.902308464050293
2024,deh1,GEMS-0113_PHBW8_0008/PHP02,9.902308464050293
2024,deh1,GEMS-0113_PHBW8_0010/PHP02,9.902308464050293
2024,deh1,GEMS-0113_PHBW8_0011/LH287,9.902308464050293
2024,deh1,GEMS-0113_PHBW8_0011/PHP02,9.902308464050293
2024,deh1,GEMS-0113_PHBW8_0012/LH287,9.902308464050293
2024,deh1,GEMS-0113_PHBW8_0012/PHP02,9.902308464050293
2024,deh1,GEMS-0113_PHBW8_0013/LH287,9.902308464050293
2024,deh1,GEMS-0113_PHBW8_0014/LH287,9.902308464050293
2024,deh1,GEMS-0113_PHBW8_0014/PHP02,9.902308464050293
2024,deh1,GEMS-0113_PHBW8_0017/LH287,9.902308464050293
2024,deh1,GEMS-0113_PHBW8_0017/PHP02,9.902308464050293
2024,deh1,GEMS-0219_3AZA1_0001/LH287,9.902308464050293
2024,deh1,GEMS-0219_3AZA1_0002/PHP02,9.902308464050293
2024,deh1,GEMS-0219_3AZA1_0003/PHP02,9.902308464050293
2024,deh1,GEMS-0219_3AZA1_0004/PHP02,9.902308464050293
2024,deh1,GEMS-0219_3AZA1_0005/LH287,9.902308464050293
2024,deh1,GEMS-0219_3AZA1_0005/PHP02,9.902308464050293
2024,deh1,GEMS-0219_3AZA1_0007/LH287,9.902308464050293
2024,deh1,GEMS-0219_3AZA1_0007/PHP02,9.902308464050293
2024,deh1,GEMS-0219_3AZA1_0008/LH287,9.902308464050293
2024,deh1,GEMS-0219_3AZA1_0008/PHP02,9.902308464050293
2024,deh1,GEMS-0219_3AZA1_0009/PHP02,9.902308464050293
2024,deh1,GEMS-0219_3AZA1_0010/PHP02,9.902308464050293
2024,deh1,GEMS-0219_3AZA1_0012/LH287,9.902308464050293
2024,deh1,GEMS-0219_3AZA1_0012/PHP02,9.902308464050293
2024,deh1,GEMS-0219_3AZA1_0014/PHP02,9.902308464050293
2024,deh1,GEMS-0219_FBLL_0002/PHP02,9.902308464050293
2024,deh1,GEMS-0219_FBLL_0003/PHP02,9.902308464050293
2024,deh1,GEMS-0219_FBLL_0004/LH287,9.902308464050293
2024,deh1,GEMS-0219_FBLL_0004/PHP02,9.902308464050293
2024,deh1,GEMS-0219_FBLL_0005/LH287,9.902308464050293
2024,deh1,GEMS-0219_FBLL_0005/PHP02,9.902308464050293
2024,deh1,GEMS-0219_FBLL_0006/LH287,9.902308464050293
2024,deh1,GEMS-0219_FBLL_0006/PHP02,9.902308464050293
2024,deh1,GEMS-0219_FBLL_0007/PHP02,9.902308464050293
2024,deh1,GEMS-0219_FBLL_0008/LH287,9.902308464050293
2024,deh1,GEMS-0219_FBLL_0008/PHP02,9.902308464050293
2024,deh1,GEMS-0219_FBLL_0009/PHP02,9.902308464050293
2024,deh1,GEMS-0219_FBLL_0010/PHP02,9.902308464050293
2024,deh1,GEMS-0219_FBLL_0011/LH287,9.902308464050293
2024,deh1,GEMS-0219_FBLL_0012/LH287,9.902308464050293
2024,deh1,GEMS-0219_FBLL_0012/PHP02,9.902308464050293
2024,deh1,GEMS-0219_FBLL_0013/LH287,9.902308464050293
2024,deh1,GEMS-0219_FBLL_0013/PHP02,9.902308464050293
2024,deh1,GEMS-0219_FBLL_0015/LH287,9.902308464050293
2024,deh1,GEMS-0219_FBLL_0015/PHP02,9.902308464050293
2024,deh1,GEMS-0219_FBLL_0017/PHP02,9.902308464050293
2024,deh1,GEMS-0219_FBLL_0018/LH287,9.902308464050293
2024,deh1,GEMS-0219_FBLL_0019/PHP02,9.902308464050293
2024,deh1,GEMS-0219_FBLL_0020/LH287,9.902308464050293
2024,deh1,GEMS-0219_FBLL_0020/PHP02,9.902308464050293
2024,deh1,GEMS-0219_FBLL_0021/PHP02,9.902308464050293
2024,deh1,GEMS-0219_FBLL_0022/PHP02,9.902308464050293
2024,deh1,GEMS-0219_FBLL_0023/LH287,9.902308464050293
2024,deh1,GEMS-0219_FBLL_0025/LH287,9.902308464050293
2024,deh1,GEMS-0219_FBLL_0025/PHP02,9.902308464050293
2024,deh1,GEMS-0219_FBLL_0027/PHP02,9.902308464050293
2024,deh1,GEMS-0219_FBLL_0028/LH287,9.902308464050293
2024,deh1,GEMS-0219_FBLL_0030/PHP02,9.902308464050293
2024,deh1,GEMS-0219_PHB47_0001/LH287,9.902308464050293
2024,deh1,GEMS-0219_PHB47_0001/PHP02,9.902308464050293
2024,deh1,GEMS-0219_PHB47_0002/PHP02,9.902308464050293
2024,deh1,GEMS-0219_PHB47_0003/LH287,9.902308464050293
2024,deh1,GEMS-0219_PHB47_0003/PHP02,9.902308464050293
2024,deh1,GEMS-0219_PHB47_0004/PHP02,9.902308464050293
2024,deh1,GEMS-0219_PHB47_0006/LH287,9.902308464050293
2024,deh1,GEMS-0219_PHB47_0006/PHP02,9.902308464050293
2024,deh1,GEMS-0219_PHB47_0011/PHP02,9.902308464050293
2024,deh1,GEMS-0219_PHB47_0014/LH287,9.902308464050293
2024,deh1,GEMS-0219_PHB47_0017/LH287,9.902308464050293
2024,deh1,GEMS-0219_PHB47_0017/PHP02,9.902308464050293
2024,deh1,GEMS-0219_PHBW8_0001/LH287,9.902308464050293
2024,deh1,GEMS-0219_PHBW8_0001/PHP02,9.902308464050293
2024,deh1,GEMS-0219_PHBW8_0002/PHP02,9.902308464050293
2024,deh1,GEMS-0219_PHBW8_0003/LH287,9.902308464050293
2024,deh1,GEMS-0219_PHBW8_0003/PHP02,9.902308464050293
2024,deh1,GEMS-0219_PHBW8_0004/PHP02,9.902308464050293
2024,deh1,GEMS-0219_PHBW8_0006/PHP02,9.902308464050293
2024,deh1,GEMS-0219_PHBW8_0008/LH287,9.902308464050293
2024,deh1,GEMS-0219_PHBW8_0008/PHP02,9.902308464050293
2024,deh1,GEMS-0227_3AZA1_0002/PHP02,9.902308464050293
2024,deh1,GEMS-0227_3AZA1_0003/LH287,9.902308464050293
2024,deh1,GEMS-0227_3AZA1_0003/PHP02,9.902308464050293
2024,deh1,GEMS-0227_3AZA1_0004/PHP02,9.902308464050293
2024,deh1,GEMS-0227_3AZA1_0006/PHP02,9.902308464050293
2024,deh1,GEMS-0227_3AZA1_0007/LH287,9.902308464050293
2024,deh1,GEMS-0227_3AZA1_0007/PHP02,9.902308464050293
2024,deh1,GEMS-0227_3AZA1_0008/LH287,9.902308464050293
2024,deh1,GEMS-0227_3AZA1_0008/PHP02,9.902308464050293
2024,deh1,GEMS-0227_3AZA1_0009/PHP02,9.902308464050293
2024,deh1,GEMS-0227_3AZA1_0010/LH287,9.902308464050293
2024,deh1,GEMS-0227_3AZA1_0011/PHP02,9.902308464050293
2024,deh1,GEMS-0227_3AZA1_0012/PHP02,9.902308464050293
2024,deh1,GEMS-0227_3AZA1_0013/LH287,9.902308464050293
2024,deh1,GEMS-0227_3AZA1_0013/PHP02,9.902308464050293
2024,deh1,GEMS-0227_3AZA1_0014/LH287,9.902308464050293
2024,deh1,GEMS-0227_3AZA1_0015/PHP02,9.902308464050293
2024,deh1,GEMS-0227_3AZA1_0016/LH287,9.902308464050293
2024,deh1,GEMS-0227_3AZA1_0016/PHP02,9.902308464050293
2024,deh1,GEMS-0227_3AZA1_0017/LH287,9.902308464050293
2024,deh1,GEMS-0227_3AZA1_0018/LH287,9.902308464050293
2024,deh1,GEMS-0227_3AZA1_0018/PHP02,9.902308464050293
2024,deh1,GEMS-0227_3AZA1_0022/LH287,9.902308464050293
2024,deh1,GEMS-0227_3AZA1_0023/LH287,9.902308464050293
2024,deh1,GEMS-0227_3AZA1_0024/LH287,9.902308464050293
2024,deh1,GEMS-0227_3AZA1_0025/PHP02,9.902308464050293
2024,deh1,GEMS-0227_3AZA1_0029/LH287,9.902308464050293
2024,deh1,GEMS-0227_3AZA1_0029/PHP02,9.902308464050293
2024,deh1,GEMS-0227_3AZA1_0030/LH287,9.902308464050293
2024,deh1,GEMS-0227_3AZA1_0030/PHP02,9.902308464050293
2024,deh1,GEMS-0227_3AZA1_0031/LH287,9.902308464050293
2024,deh1,GEMS-0227_3AZA1_0034/PHP02,9.902308464050293
2024,deh1,GEMS-0227_3AZA1_0035/LH287,9.902308464050293
2024,deh1,GEMS-0227_3AZA1_0036/PHP02,9.902308464050293
2024,deh1,GEMS-0227_3AZA1_0040/LH287,9.902308464050293
2024,deh1,GEMS-0227_3AZA1_0040/PHP02,9.902308464050293
2024,deh1,GEMS-0227_3AZA1_0043/LH287,9.902308464050293
2024,deh1,GEMS-0227_3AZA1_0043/PHP02,9.902308464050293
2024,deh1,GEMS-0227_3AZA1_0045/PHP02,9.902308464050293
2024,deh1,GEMS-0227_3AZA1_0046/PHP02,9.902308464050293
2024,deh1,GEMS-0227_3AZA1_0049/PHP02,9.902308464050293
2024,deh1,GEMS-0227_FBLL_0001/LH287,9.902308464050293
2024,deh1,GEMS-0227_FBLL_0002/LH287,9.902308464050293
2024,deh1,GEMS-0227_FBLL_0002/PHP02,9.902308464050293
2024,deh1,GEMS-0227_FBLL_0004/LH287,9.902308464050293
2024,deh1,GEMS-0227_FBLL_0004/PHP02,9.902308464050293
2024,deh1,GEMS-0227_FBLL_0005/LH287,9.902308464050293
2024,deh1,GEMS-0227_FBLL_0005/PHP02,9.902308464050293
2024,deh1,GEMS-0227_FBLL_0008/LH287,9.902308464050293
2024,deh1,GEMS-0227_FBLL_0010/LH287,9.902308464050293
2024,deh1,GEMS-0227_FBLL_0010/PHP02,9.902308464050293
2024,deh1,GEMS-0227_FBLL_0013/LH287,9.902308464050293
2024,deh1,GEMS-0227_FBLL_0014/LH287,9.902308464050293
2024,deh1,GEMS-0227_FBLL_0014/PHP02,9.902308464050293
2024,deh1,GEMS-0227_FBLL_0015/PHP02,9.902308464050293
2024,deh1,GEMS-0227_FBLL_0017/LH287,9.902308464050293
2024,deh1,GEMS-0227_FBLL_0017/PHP02,9.902308464050293
2024,deh1,GEMS-0227_FBLL_0018/PHP02,9.902308464050293
2024,deh1,GEMS-0227_FBLL_0020/PHP02,9.902308464050293
2024,deh1,GEMS-0227_FBLL_0021/LH287,9.902308464050293
2024,deh1,GEMS-0227_FBLL_0021/PHP02,9.902308464050293
2024,deh1,GEMS-0227_FBLL_0022/PHP02,9.902308464050293
2024,deh1,GEMS-0227_FBLL_0023/LH287,9.902308464050293
2024,deh1,GEMS-0227_FBLL_0025/PHP02,9.902308464050293
2024,deh1,GEMS-0227_FBLL_0026/LH287,9.902308464050293
2024,deh1,GEMS-0227_FBLL_0026/PHP02,9.902308464050293
2024,deh1,GEMS-0227_FBLL_0027/PHP02,9.902308464050293
2024,deh1,GEMS-0227_FBLL_0028/LH287,9.902308464050293
2024,deh1,GEMS-0227_FBLL_0028/PHP02,9.902308464050293
2024,deh1,GEMS-0227_FBLL_0029/LH287,9.902308464050293
2024,deh1,GEMS-0227_FBLL_0030/PHP02,9.902308464050293
2024,deh1,GEMS-0227_FBLL_0032/PHP02,9.902308464050293
2024,deh1,GEMS-0227_FBLL_0033/PHP02,9.902308464050293
2024,deh1,GEMS-0227_FBLL_0034/LH287,9.902308464050293
2024,deh1,GEMS-0227_FBLL_0034/PHP02,9.902308464050293
2024,deh1,GEMS-0227_FBLL_0035/PHP02,9.902308464050293
2024,deh1,GEMS-0227_FBLL_0036/PHP02,9.902308464050293
2024,deh1,GEMS-0227_FBLL_0037/PHP02,9.902308464050293
2024,deh1,GEMS-0227_FBLL_0038/PHP02,9.902308464050293
2024,deh1,GEMS-0227_FBLL_0039/LH287,9.902308464050293
2024,deh1,GEMS-0227_FBLL_0040/PHP02,9.902308464050293
2024,deh1,GEMS-0227_FBLL_0041/LH287,9.902308464050293
2024,deh1,GEMS-0227_FBLL_0041/PHP02,9.902308464050293
2024,deh1,GEMS-0227_FBLL_0042/LH287,9.902308464050293
2024,deh1,GEMS-0227_FBLL_0043/LH287,9.902308464050293
2024,deh1,GEMS-0227_FBLL_0043/PHP02,9.902308464050293
2024,deh1,GEMS-0227_FBLL_0044/LH287,9.902308464050293
2024,deh1,GEMS-0227_FBLL_0044/PHP02,9.902308464050293
2024,deh1,GEMS-0227_FBLL_0045/PHP02,9.902308464050293
2024,deh1,GEMS-0227_FBLL_0047/LH287,9.902308464050293
2024,deh1,GEMS-0227_FBLL_0047/PHP02,9.902308464050293
2024,deh1,GEMS-0227_FBLL_0048/PHP02,9.902308464050293
2024,deh1,GEMS-0227_FBLL_0049/PHP02,9.902308464050293
2024,deh1,GEMS-0227_FBLL_0050/LH287,9.902308464050293
2024,deh1,GEMS-0227_FBLL_0051/LH287,9.902308464050293
2024,deh1,GEMS-0227_FBLL_0051/PHP02,9.902308464050293
2024,deh1,GEMS-0227_FBLL_0052/LH287,9.902308464050293
2024,deh1,GEMS-0227_FBLL_0052/PHP02,9.902308464050293
2024,deh1,GEMS-0227_FBLL_0053/PHP02,9.902308464050293
2024,deh1,GEMS-0227_FBLL_0054/PHP02,9.902308464050293
2024,deh1,GEMS-0227_FBLL_0055/PHP02,9.902308464050293
2024,deh1,GEMS-0227_FBLL_0056/LH287,9.902308464050293
2024,deh1,GEMS-0227_FBLL_0056/PHP02,9.902308464050293
2024,deh1,GEMS-0227_FBLL_0057/LH287,9.902308464050293
2024,deh1,GEMS-0227_FBLL_0057/PHP02,9.902308464050293
2024,deh1,GEMS-0227_FBLL_0058/PHP02,9.902308464050293
2024,deh1,GEMS-0227_FBLL_0059/LH287,9.902308464050293
2024,deh1,GEMS-0227_FBLL_0062/PHP02,9.902308464050293
2024,deh1,GEMS-0227_FBLL_0063/PHP02,9.902308464050293
2024,deh1,GEMS-0227_FBLL_0064/LH287,9.902308464050293
2024,deh1,GEMS-0227_FBLL_0064/PHP02,9.902308464050293
2024,deh1,GEMS-0227_FBLL_0066/PHP02,9.902308464050293
2024,deh1,GEMS-0227_FBLL_0067/PHP02,9.902308464050293
2024,deh1,GEMS-0227_FBLL_0071/LH287,9.902308464050293
2024,deh1,GEMS-0227_FBLL_0071/PHP02,9.902308464050293
2024,deh1,GEMS-0227_FBLL_0073/PHP02,9.902308464050293
2024,deh1,GEMS-0227_FBLL_0075/LH287,9.902308464050293
2024,deh1,GEMS-0227_FBLL_0075/PHP02,9.902308464050293
2024,deh1,GEMS-0227_FBLL_0079/PHP02,9.902308464050293
2024,deh1,GEMS-0227_FBLL_0082/PHP02,9.902308464050293
2024,deh1,GEMS-0227_FBLL_0084/LH287,9.902308464050293
2024,deh1,GEMS-0227_FBLL_0085/LH287,9.902308464050293
2024,deh1,GEMS-0227_FBLL_0085/PHP02,9.902308464050293
2024,deh1,GEMS-0227_FBLL_0086/PHP02,9.902308464050293
2024,deh1,GEMS-0227_FBLL_0087/PHP02,9.902308464050293
2024,deh1,GEMS-0227_FBLL_0088/LH287,9.902308464050293
2024,deh1,GEMS-0227_FBLL_0089/LH287,9.902308464050293
2024,deh1,GEMS-0227_FBLL_0090/PHP02,9.902308464050293
2024,deh1,GEMS-0227_FBLL_0093/PHP02,9.902308464050293
2024,deh1,GEMS-0227_FBLL_0094/PHP02,9.902308464050293
2024,deh1,GEMS-0227_FBLL_0095/PHP02,9.902308464050293
2024,deh1,GEMS-0227_FBLL_0097/LH287,9.902308464050293
2024,deh1,GEMS-0227_FBLL_0097/PHP02,9.902308464050293
2024,deh1,GEMS-0227_FBLL_0098/LH287,9.902308464050293
2024,deh1,GEMS-0227_FBLL_0098/PHP02,9.902308464050293
2024,deh1,GEMS-0227_FBLL_0101/PHP02,9.902308464050293
2024,deh1,GEMS-0227_FBLL_0102/PHP02,9.902308464050293
2024,deh1,GEMS-0227_FBLL_0104/PHP02,9.902308464050293
2024,deh1,GEMS-0227_FBLL_0105/PHP02,9.902308464050293
2024,deh1,GEMS-0227_FBLL_0107/PHP02,9.902308464050293
2024,deh1,GEMS-0227_FBLL_0110/LH287,9.902308464050293
2024,deh1,GEMS-0227_FBLL_0110/PHP02,9.902308464050293
2024,deh1,GEMS-0227_FBLL_0111/PHP02,9.902308464050293
2024,deh1,GEMS-0227_FBLL_0113/LH287,9.902308464050293
2024,deh1,GEMS-0227_FBLL_0113/PHP02,9.902308464050293
2024,deh1,GEMS-0227_FBLL_0114/LH287,9.902308464050293
2024,deh1,GEMS-0227_FBLL_0114/PHP02,9.902308464050293
2024,deh1,GEMS-0227_FBLL_0115/LH287,9.902308464050293
2024,deh1,GEMS-0227_FBLL_0115/PHP02,9.902308464050293
2024,deh1,GEMS-0227_FBLL_0116/PHP02,9.902308464050293
2024,deh1,GEMS-0227_FBLL_0117/PHP02,9.902308464050293
2024,deh1,GEMS-0227_FBLL_0121/LH287,9.902308464050293
2024,deh1,GEMS-0227_FBLL_0121/PHP02,9.902308464050293
2024,deh1,GEMS-0227_FBLL_0124/PHP02,9.902308464050293
2024,deh1,GEMS-0227_FBLL_0125/PHP02,9.902308464050293
2024,deh1,GEMS-0227_FBLL_0127/PHP02,9.902308464050293
2024,deh1,GEMS-0227_FBLL_0133/LH287,9.902308464050293
2024,deh1,GEMS-0227_FBLL_0133/PHP02,9.902308464050293
2024,deh1,GEMS-0227_FBLL_0136/PHP02,9.902308464050293
2024,deh1,GEMS-0227_FBLL_0140/PHP02,9.902308464050293
2024,deh1,GEMS-0227_FBLL_0141/LH287,9.902308464050293
2024,deh1,GEMS-0227_FBLL_0141/PHP02,9.902308464050293
2024,deh1,GEMS-0227_PHB47_0001/LH287,9.902308464050293
2024,deh1,GEMS-0227_PHB47_0002/LH287,9.902308464050293
2024,deh1,GEMS-0227_PHB47_0002/PHP02,9.902308464050293
2024,deh1,GEMS-0227_PHB47_0003/LH287,9.902308464050293
2024,deh1,GEMS-0227_PHB47_0004/PHP02,9.902308464050293
2024,deh1,GEMS-0227_PHB47_0007/PHP02,9.902308464050293
2024,deh1,GEMS-0227_PHB47_0009/LH287,9.902308464050293
2024,deh1,GEMS-0227_PHB47_0010/PHP02,9.902308464050293
2024,deh1,GEMS-0227_PHB47_0011/PHP02,9.902308464050293
2024,deh1,GEMS-0227_PHB47_0012/PHP02,9.902308464050293
2024,deh1,GEMS-0227_PHB47_0014/PHP02,9.902308464050293
2024,deh1,GEMS-0227_PHB47_0016/PHP02,9.902308464050293
2024,deh1,GEMS-0227_PHB47_0022/PHP02,9.902308464050293
2024,deh1,GEMS-0227_PHB47_0023/PHP02,9.902308464050293
2024,deh1,GEMS-0227_PHB47_0024/LH287,9.902308464050293
2024,deh1,GEMS-0227_PHB47_0024/PHP02,9.902308464050293
2024,deh1,GEMS-0227_PHB47_0025/PHP02,9.902308464050293
2024,deh1,GEMS-0227_PHB47_0026/LH287,9.902308464050293
2024,deh1,GEMS-0227_PHB47_0026/PHP02,9.902308464050293
2024,deh1,GEMS-0227_PHBW8_0001/PHP02,9.902308464050293
2024,deh1,GEMS-0227_PHBW8_0003/PHP02,9.902308464050293
2024,deh1,GEMS-0227_PHBW8_0004/PHP02,9.902308464050293
2024,deh1,GEMS-0227_PHBW8_0005/LH287,9.902308464050293
2024,deh1,GEMS-0227_PHBW8_0005/PHP02,9.902308464050293
2024,deh1,GEMS-0227_PHBW8_0006/PHP02,9.902308464050293
2024,deh1,GEMS-0227_PHBW8_0007/PHP02,9.902308464050293
2024,deh1,GEMS-0227_PHBW8_0009/LH287,9.902308464050293
2024,deh1,GEMS-0227_PHBW8_0009/PHP02,9.902308464050293
2024,deh1,GEMS-0227_PHBW8_0010/PHP02,9.902308464050293
2024,deh1,GEMS-0227_PHBW8_0011/LH287,9.902308464050293
2024,deh1,GEMS-0227_PHBW8_0012/PHP02,9.902308464050293
2024,deh1,GEMS-0227_PHBW8_0013/PHP02,9.902308464050293
2024,deh1,GEMS-0227_PHBW8_0015/LH287,9.902308464050293
2024,deh1,GEMS-0227_PHBW8_0016/PHP02,9.902308464050293
2024,deh1,GEMS-0227_PHBW8_0017/PHP02,9.902308464050293
2024,deh1,GEMS-0227_PHBW8_0018/PHP02,9.902308464050293
2024,deh1,GEMS-0227_PHBW8_0019/LH287,9.902308464050293
2024,deh1,GEMS-0227_PHBW8_0020/PHP02,9.902308464050293
2024,deh1,GEMS-0227_PHBW8_0021/LH287,9.902308464050293
2024,deh1,GEMS-0227_PHBW8_0021/PHP02,9.902308464050293
2024,deh1,GEMS-0227_PHBW8_0022/LH287,9.902308464050293
2024,deh1,GEMS-0227_PHBW8_0022/PHP02,9.902308464050293
2024,deh1,GEMS-0227_PHBW8_0024/PHP02,9.902308464050293
2024,deh1,LH132/LH287,9.902308464050293
2024,deh1,LH192/LH287,9.902308464050293
2024,deh1,LH193/PHP02,9.902308464050293
2024,deh1,LH195/LH287,9.902308464050293
2024,deh1,LH195/PHP02,9.8298797607421875
2024,deh1,LH195/PHZ51,9.203400611877441
2024,deh1,LH197/LH287,9.902308464050293
2024,deh1,LH197/PHP02,9.902308464050293
2024,deh1,LH198/LH287,9.902308464050293
2024,deh1,LH200/LH287,9.902308464050293
2024,deh1,LH204/LH287,9.902308464050293
2024,deh1,LH204/PHP02,9.902308464050293
2024,deh1,LH224/LH287,9.902308464050293
2024,deh1,LH224/PHP02,9.902308464050293
2024,deh1,LH225/LH287,9.902308464050293
2024,deh1,LH225/PHP02,9.902308464050293
2024,deh1,LH226HT/LH287,9.902308464050293
2024,deh1,LH226HT/PHP02,9.902308464050293
2024,deh1,LH228/PHP02,9.902308464050293
2024,deh1,LH231/PHP02,9.902308464050293
2024,deh1,LH234/LH287,9.902308464050293
2024,deh1,LH235/LH287,9.902308464050293
2024,deh1,LH235/PHP02,9.902308464050293
2024,deh1,LH236/PHP02,9.902308464050293
2024,deh1,LH237/LH287,9.902308464050293
2024,deh1,LH237/PHP02,9.902308464050293
2024,deh1,LH238/PHP02,9.902308464050293
2024,deh1,LH244/PHK76,9.318286895751953
2024,deh1,LH244/PHP02,9.902308464050293
2024,deh1,LH264/PHP02,9.902308464050293
2024,deh1,LH286/PHP02,9.902308464050293
2024,deh1,LH287/LH244,12.051539421081543
2024,deh1,LH292/LH287,9.902308464050293
2024,deh1,LH292/PHP02,9.902308464050293
2024,deh1,LH82/LH244,9.847110748291016
2024,deh1,MM501D/LH244,11.194340705871582
2024,deh1,NKH8431/LH287,9.902308464050293
2024,deh1,PH05F/PHP02,9.902308464050293
2024,deh1,PH05G/PHP02,9.902308464050293
2024,deh1,PH05W/PHP02,9.902308464050293
2024,deh1,PH06N/LH287,9.902308464050293
2024,deh1,PH07D/PHP02,9.902308464050293
2024,deh1,PH080/PHP02,9.902308464050293
2024,deh1,PH09B/PHP02,9.902308464050293
2024,deh1,PH0B4/LH287,9.902308464050293
2024,deh1,PH0B4/PHP02,9.902308464050293
2024,deh1,PH12C/LH287,9.902308464050293
2024,deh1,PH1CA/LH287,9.902308464050293
2024,deh1,PH1CA/PHP02,9.902308464050293
2024,deh1,PH1GC/LH287,9.902308464050293
2024,deh1,PH1GC/PHP02,9.902308464050293
2024,deh1,PH1GG/LH287,9.902308464050293
2024,deh1,PH1GG/PHP02,9.902308464050293
2024,deh1,PH1TB/LH287,9.902308464050293
2024,deh1,PH1TB/PHP02,9.902308464050293
2024,deh1,PH1W2/LH287,9.902308464050293
2024,deh1,PH1W2/PHP02,9.902308464050293
2024,deh1,PH24E/LH244,11.405674934387207
2024,deh1,PH38D/PHP02,9.902308464050293
2024,deh1,PH42B/PHP02,9.902308464050293
2024,deh1,PH44A/LH287,9.902308464050293
2024,deh1,PH44A/PHP02,9.902308464050293
2024,deh1,PH55C/PHP02,9.902308464050293
2024,deh1,PH63A/PHP02,9.902308464050293
2024,deh1,PH79A/PHP02,9.902308464050293
2024,deh1,PHB47/PHN82,10.546954154968262
2024,deh1,PHB47/PHZ51,8.993219375610352
2024,deh1,PHBW8/LH287,9.902308464050293
2024,deh1,PHBW8/PHP02,9.902308464050293
2024,deh1,PHEW7/PHP02,9.902308464050293
2024,deh1,PHG29/PHG47,8.38649845123291
2024,deh1,PHG39/PHN82,10.715009689331055
2024,deh1,PHJ40/PHAJ0,4.633493423461914
2024,deh1,PHJ89/LH244,10.775885581970215
2024,deh1,PHJR5/LH287,9.902308464050293
2024,deh1,PHJR5/PHP02,9.902308464050293
2024,deh1,PHK56/LH244,11.317055702209473
2024,deh1,PHKV0/PHP02,9.902308464050293
2024,deh1,PHN41/PHP02,9.902308464050293
2024,deh1,PHN46/LH244,9.364381790161133
2024,deh1,PHN66/PHP02,9.902308464050293
2024,deh1,PHNJ2/PHP02,9.902308464050293
2024,deh1,PHP02/LH244,11.362573623657227
2024,deh1,PHP38/LH287,9.902308464050293
2024,deh1,PHP38/PHP02,9.902308464050293
2024,deh1,PHPR5/PHP02,9.902308464050293
2024,deh1,PHR03/LH244,11.618640899658203
2024,deh1,PHR61/PHP02,9.902308464050293
2024,deh1,PHRE1/PHTD5,6.464779853820801
2024,deh1,PHT10/LH287,9.902308464050293
2024,deh1,PHT10/PHP02,9.902308464050293
2024,deh1,PHT11/PHP02,9.902308464050293
2024,deh1,PHT47/LH287,9.902308464050293
2024,deh1,PHT47/PHP02,9.902308464050293
2024,deh1,PHTP9/LH287,9.902308464050293
2024,deh1,PHTP9/PHP02,9.902308464050293
2024,deh1,PHTV7/PHP02,9.902308464050293
2024,deh1,PHV37/LH287,9.902308464050293
2024,deh1,PHV37/PHP02,9.902308464050293
2024,deh1,PHVA9/PHP02,9.902308464050293
2024,deh1,PHVJ5/LH287,9.902308464050293
2024,deh1,PHVJ5/PHP02,9.902308464050293
2024,deh1,PHW30/LH244,10.882012367248535
2024,deh1,PHW52/LH287,9.902308464050293
2024,deh1,PHW52/PHM49,10.010903358459473
2024,deh1,TX777/LH195,8.737364768981934
2024,deh1,W10004_0018/PHP02,9.866401672363281
2024,deh1,W10004_0031/PHP02,11.362573623657227
2024,deh1,W10004_0062/PHP02,9.879748344421387
2024,deh1,W10004_0095/LH287,9.902308464050293
2024,deh1,W10004_0095/PHP02,9.230552673339844
2024,deh1,W10004_0103/LH287,9.902308464050293
2024,deh1,W10004_0103/PHP02,10.85494613647461
2024,deh1,W10004_0122/PHP02,10.775885581970215
2024,deh1,W10004_0133/PHP02,10.760814666748047
2024,deh1,W10004_0138/LH287,9.902308464050293
2024,deh1,W10004_0138/PHP02,10.368956565856934
2024,deh1,W10004_0146/LH287,9.902308464050293
2024,deh1,W10004_0146/PHP02,10.949222564697266
2024,deh1,W10004_0160/PHP02,10.948686599731445
2024,deh1,W10004_0167/LH287,9.902308464050293
2024,deh1,W10004_0167/PHP02,10.57784652709961
2024,deh1,W10004_0168/LH287,9.902308464050293
2024,deh1,W10004_0168/PHP02,10.808072090148926
2024,deh1,W10004_0189/PHP02,11.645634651184082
2024,deh1,W10004_0238/LH287,9.902308464050293
2024,deh1,W10004_0238/PHP02,10.750179290771484
2024,deh1,W10004_0258/PHP02,11.317055702209473
2024,deh1,W10004_0270/LH287,9.902308464050293
2024,deh1,W10004_0311/PHP02,10.091130256652832
2024,deh1,W10004_0346/LH287,9.902308464050293
2024,deh1,W10004_0389/PHP02,10.740981101989746
2024,deh1,W10004_0409/LH287,9.902308464050293
2024,deh1,W10004_0412/LH287,9.902308464050293
2024,deh1,W10004_0412/PHP02,10.804339408874512
2024,deh1,W10004_0476/LH287,9.902308464050293
2024,deh1,W10004_0476/PHP02,9.984624862670898
2024,deh1,W10004_0601/LH287,9.902308464050293
2024,deh1,W10004_0608/LH287,9.902308464050293
2024,deh1,W10004_0608/PHP02,9.456388473510742
2024,deh1,W10004_0637/LH287,9.902308464050293
2024,deh1,W10004_0637/PHP02,10.85494613647461
2024,deh1,W10004_0658/LH287,9.902308464050293
2024,deh1,W10004_0658/PHP02,12.051539421081543
2024,deh1,W10004_0688/PHP02,10.394831657409668
2024,deh1,W10004_0691/LH287,9.902308464050293
2024,deh1,W10004_0691/PHP02,9.041594505310059
2024,deh1,W10004_0714/LH287,9.902308464050293
2024,deh1,W10004_0714/PHP02,10.849123001098633
2024,deh1,W10004_0715/LH287,9.902308464050293
2024,deh1,W10004_0747/PHP02,11.640399932861328
2024,deh1,W10004_0776/PHP02,10.726282119750977
2024,deh1,W10004_0801/PHP02,11.593341827392578
2024,deh1,W10004_0822/LH287,9.902308464050293
2024,deh1,W10004_0822/PHP02,10.750179290771484
2024,deh1,W10004_0859/LH287,9.902308464050293
2024,deh1,W10004_0859/PHP02,10.357721328735352
2024,deh1,W10004_0866/PHP02,11.382433891296387
2024,deh1,W10004_0949/LH287,9.902308464050293
2024,deh1,W10004_0969/LH287,9.902308464050293
2024,deh1,W10004_0969/PHP02,10.144542694091797
2024,deh1,W10004_1014/PHP02,10.775885581970215
2024,deh1,WQCD10/LH287,9.902308464050293
2024,deh1,ZS01459/LH287,9.902308464050293
2024,deh1,ZS01459/PHP02,9.902308464050293
2024,deh1,ZS0510/LH287,9.902308464050293
2024,gah1,01CSI6/LH287,7.519294261932373
2024,gah1,01DIB2/LH287,7.519294261932373
2024,gah1,2369/LH123HT,9.100829124450684
2024,gah1,2FACC/LH287,7.519294261932373
2024,gah1,6F629/LH287,7.519294261932373
2024,gah1,B14A/OH43,6.994809627532959
2024,gah1,B37/H95,7.183793067932129
2024,gah1,B73/MO17,8.385734558105469
2024,gah1,B73/PHN82,8.998226165771484
2024,gah1,CG119/CG108,5.557888507843018
2024,gah1,CG44/CGR01,6.281032562255859
2024,gah1,DK3IIH6/LH244,8.511420249938965
2024,gah1,DKFBHJ/LH287,7.519294261932373
2024,gah1,FBLL/LH287,7.519294261932373
2024,gah1,GEMS-0061_3AZA1_0001/LH287,7.519294261932373
2024,gah1,GEMS-0061_3AZA1_0007/LH287,7.519294261932373
2024,gah1,GEMS-0061_3AZA1_0009/LH287,7.519294261932373
2024,gah1,GEMS-0061_3AZA1_0010/LH287,7.519294261932373
2024,gah1,GEMS-0061_3AZA1_0012/LH287,7.519294261932373
2024,gah1,GEMS-0061_3AZA1_0013/LH287,7.519294261932373
2024,gah1,GEMS-0061_3AZA1_0014/LH287,7.519294261932373
2024,gah1,GEMS-0061_3AZA1_0017/LH287,7.519294261932373
2024,gah1,GEMS-0061_3AZA1_0021/LH287,7.519294261932373
2024,gah1,GEMS-0061_FBLL_0004/LH287,7.519294261932373
2024,gah1,GEMS-0061_FBLL_0005/LH287,7.519294261932373
2024,gah1,GEMS-0061_FBLL_0008/LH287,7.519294261932373
2024,gah1,GEMS-0061_FBLL_0009/LH287,7.519294261932373
2024,gah1,GEMS-0061_FBLL_0010/LH287,7.519294261932373
2024,gah1,GEMS-0061_FBLL_0015/LH287,7.519294261932373
2024,gah1,GEMS-0061_FBLL_0016/LH287,7.519294261932373
2024,gah1,GEMS-0061_FBLL_0017/LH287,7.519294261932373
2024,gah1,GEMS-0061_FBLL_0019/LH287,7.519294261932373
2024,gah1,GEMS-0061_FBLL_0022/LH287,7.519294261932373
2024,gah1,GEMS-0061_FBLL_0023/LH287,7.519294261932373
2024,gah1,GEMS-0061_FBLL_0025/LH287,7.519294261932373
2024,gah1,GEMS-0061_FBLL_0029/LH287,7.519294261932373
2024,gah1,GEMS-0061_FBLL_0035/LH287,7.519294261932373
2024,gah1,GEMS-0061_FBLL_0037/LH287,7.519294261932373
2024,gah1,GEMS-0061_FBLL_0039/LH287,7.519294261932373
2024,gah1,GEMS-0061_FBLL_0040/LH287,7.519294261932373
2024,gah1,GEMS-0061_FBLL_0044/LH287,7.519294261932373
2024,gah1,GEMS-0061_FBLL_0050/LH287,7.519294261932373
2024,gah1,GEMS-0061_PHB47_0001/LH287,7.519294261932373
2024,gah1,GEMS-0061_PHB47_0003/LH287,7.519294261932373
2024,gah1,GEMS-0061_PHB47_0004/LH287,7.519294261932373
2024,gah1,GEMS-0061_PHBW8_0001/LH287,7.519294261932373
2024,gah1,GEMS-0061_PHBW8_0002/LH287,7.519294261932373
2024,gah1,GEMS-0113_3AZA1_0001/LH287,7.519294261932373
2024,gah1,GEMS-0113_3AZA1_0002/LH287,7.519294261932373
2024,gah1,GEMS-0113_3AZA1_0004/LH287,7.519294261932373
2024,gah1,GEMS-0113_3AZA1_0005/LH287,7.519294261932373
2024,gah1,GEMS-0113_3AZA1_0006/LH287,7.519294261932373
2024,gah1,GEMS-0113_3AZA1_0007/LH287,7.519294261932373
2024,gah1,GEMS-0113_3AZA1_0018/LH287,7.519294261932373
2024,gah1,GEMS-0113_3AZA1_0021/LH287,7.519294261932373
2024,gah1,GEMS-0113_3AZA1_0022/LH287,7.519294261932373
2024,gah1,GEMS-0113_3AZA1_0023/LH287,7.519294261932373
2024,gah1,GEMS-0113_3AZA1_0025/LH287,7.519294261932373
2024,gah1,GEMS-0113_3AZA1_0027/LH287,7.519294261932373
2024,gah1,GEMS-0113_3AZA1_0028/LH287,7.519294261932373
2024,gah1,GEMS-0113_3AZA1_0029/LH287,7.519294261932373
2024,gah1,GEMS-0113_3AZA1_0031/LH287,7.519294261932373
2024,gah1,GEMS-0113_3AZA1_0038/LH287,7.519294261932373
2024,gah1,GEMS-0113_FBLL_0002/LH287,7.519294261932373
2024,gah1,GEMS-0113_FBLL_0003/LH287,7.519294261932373
2024,gah1,GEMS-0113_FBLL_0004/LH287,7.519294261932373
2024,gah1,GEMS-0113_FBLL_0006/LH287,7.519294261932373
2024,gah1,GEMS-0113_FBLL_0007/LH287,7.519294261932373
2024,gah1,GEMS-0113_FBLL_0008/LH287,7.519294261932373
2024,gah1,GEMS-0113_FBLL_0010/LH287,7.519294261932373
2024,gah1,GEMS-0113_FBLL_0011/LH287,7.519294261932373
2024,gah1,GEMS-0113_FBLL_0013/LH287,7.519294261932373
2024,gah1,GEMS-0113_PHB47_0001/LH287,7.519294261932373
2024,gah1,GEMS-0113_PHB47_0007/LH287,7.519294261932373
2024,gah1,GEMS-0113_PHB47_0008/LH287,7.519294261932373
2024,gah1,GEMS-0113_PHB47_0009/LH287,7.519294261932373
2024,gah1,GEMS-0113_PHB47_0011/LH287,7.519294261932373
2024,gah1,GEMS-0113_PHB47_0012/LH287,7.519294261932373
2024,gah1,GEMS-0113_PHB47_0013/LH287,7.519294261932373
2024,gah1,GEMS-0113_PHB47_0014/LH287,7.519294261932373
2024,gah1,GEMS-0113_PHB47_0017/LH287,7.519294261932373
2024,gah1,GEMS-0113_PHB47_0019/LH287,7.519294261932373
2024,gah1,GEMS-0113_PHB47_0020/LH287,7.519294261932373
2024,gah1,GEMS-0113_PHB47_0021/LH287,7.519294261932373
2024,gah1,GEMS-0113_PHBW8_0001/LH287,7.519294261932373
2024,gah1,GEMS-0113_PHBW8_0002/LH287,7.519294261932373
2024,gah1,GEMS-0113_PHBW8_0004/LH287,7.519294261932373
2024,gah1,GEMS-0113_PHBW8_0007/LH287,7.519294261932373
2024,gah1,GEMS-0113_PHBW8_0010/LH287,7.519294261932373
2024,gah1,GEMS-0113_PHBW8_0011/LH287,7.519294261932373
2024,gah1,GEMS-0113_PHBW8_0013/LH287,7.519294261932373
2024,gah1,GEMS-0113_PHBW8_0014/LH287,7.519294261932373
2024,gah1,GEMS-0219_3AZA1_0002/LH287,7.519294261932373
2024,gah1,GEMS-0219_3AZA1_0004/LH287,7.519294261932373
2024,gah1,GEMS-0219_3AZA1_0006/LH287,7.519294261932373
2024,gah1,GEMS-0219_3AZA1_0007/LH287,7.519294261932373
2024,gah1,GEMS-0219_3AZA1_0008/LH287,7.519294261932373
2024,gah1,GEMS-0219_3AZA1_0009/LH287,7.519294261932373
2024,gah1,GEMS-0219_3AZA1_0012/LH287,7.519294261932373
2024,gah1,GEMS-0219_3AZA1_0014/LH287,7.519294261932373
2024,gah1,GEMS-0219_FBLL_0005/LH287,7.519294261932373
2024,gah1,GEMS-0219_FBLL_0007/LH287,7.519294261932373
2024,gah1,GEMS-0219_FBLL_0008/LH287,7.519294261932373
2024,gah1,GEMS-0219_FBLL_0009/LH287,7.519294261932373
2024,gah1,GEMS-0219_FBLL_0013/LH287,7.519294261932373
2024,gah1,GEMS-0219_FBLL_0014/LH287,7.519294261932373
2024,gah1,GEMS-0219_FBLL_0015/LH287,7.519294261932373
2024,gah1,GEMS-0219_FBLL_0017/LH287,7.519294261932373
2024,gah1,GEMS-0219_FBLL_0018/LH287,7.519294261932373
2024,gah1,GEMS-0219_FBLL_0019/LH287,7.519294261932373
2024,gah1,GEMS-0219_FBLL_0020/LH287,7.519294261932373
2024,gah1,GEMS-0219_FBLL_0021/LH287,7.519294261932373
2024,gah1,GEMS-0219_FBLL_0025/LH287,7.519294261932373
2024,gah1,GEMS-0219_FBLL_0028/LH287,7.519294261932373
2024,gah1,GEMS-0219_FBLL_0030/LH287,7.519294261932373
2024,gah1,GEMS-0219_PHB47_0001/LH287,7.519294261932373
2024,gah1,GEMS-0219_PHB47_0003/LH287,7.519294261932373
2024,gah1,GEMS-0219_PHB47_0006/LH287,7.519294261932373
2024,gah1,GEMS-0219_PHB47_0011/LH287,7.519294261932373
2024,gah1,GEMS-0219_PHB47_0014/LH287,7.519294261932373
2024,gah1,GEMS-0219_PHBW8_0001/LH287,7.519294261932373
2024,gah1,GEMS-0219_PHBW8_0002/LH287,7.519294261932373
2024,gah1,GEMS-0219_PHBW8_0003/LH287,7.519294261932373
2024,gah1,GEMS-0219_PHBW8_0004/LH287,7.519294261932373
2024,gah1,GEMS-0219_PHBW8_0006/LH287,7.519294261932373
2024,gah1,GEMS-0219_PHBW8_0009/LH287,7.519294261932373
2024,gah1,GEMS-0227_3AZA1_0003/LH287,7.519294261932373
2024,gah1,GEMS-0227_3AZA1_0004/LH287,7.519294261932373
2024,gah1,GEMS-0227_3AZA1_0007/LH287,7.519294261932373
2024,gah1,GEMS-0227_3AZA1_0008/LH287,7.519294261932373
2024,gah1,GEMS-0227_3AZA1_0009/LH287,7.519294261932373
2024,gah1,GEMS-0227_3AZA1_0010/LH287,7.519294261932373
2024,gah1,GEMS-0227_3AZA1_0011/LH287,7.519294261932373
2024,gah1,GEMS-0227_3AZA1_0012/LH287,7.519294261932373
2024,gah1,GEMS-0227_3AZA1_0013/LH287,7.519294261932373
2024,gah1,GEMS-0227_3AZA1_0014/LH287,7.519294261932373
2024,gah1,GEMS-0227_3AZA1_0015/LH287,7.519294261932373
2024,gah1,GEMS-0227_3AZA1_0018/LH287,7.519294261932373
2024,gah1,GEMS-0227_3AZA1_0019/LH287,7.519294261932373
2024,gah1,GEMS-0227_3AZA1_0021/LH287,7.519294261932373
2024,gah1,GEMS-0227_3AZA1_0022/LH287,7.519294261932373
2024,gah1,GEMS-0227_3AZA1_0025/LH287,7.519294261932373
2024,gah1,GEMS-0227_3AZA1_0028/LH287,7.519294261932373
2024,gah1,GEMS-0227_3AZA1_0029/LH287,7.519294261932373
2024,gah1,GEMS-0227_3AZA1_0030/LH287,7.519294261932373
2024,gah1,GEMS-0227_3AZA1_0031/LH287,7.519294261932373
2024,gah1,GEMS-0227_3AZA1_0032/LH287,7.519294261932373
2024,gah1,GEMS-0227_3AZA1_0035/LH287,7.519294261932373
2024,gah1,GEMS-0227_3AZA1_0036/LH287,7.519294261932373
2024,gah1,GEMS-0227_3AZA1_0040/LH287,7.519294261932373
2024,gah1,GEMS-0227_3AZA1_0041/LH287,7.519294261932373
2024,gah1,GEMS-0227_3AZA1_0046/LH287,7.519294261932373
2024,gah1,GEMS-0227_3AZA1_0048/LH287,7.519294261932373
2024,gah1,GEMS-0227_3AZA1_0049/LH287,7.519294261932373
2024,gah1,GEMS-0227_FBLL_0001/LH287,7.519294261932373
2024,gah1,GEMS-0227_FBLL_0002/LH287,7.519294261932373
2024,gah1,GEMS-0227_FBLL_0003/LH287,7.519294261932373
2024,gah1,GEMS-0227_FBLL_0005/LH287,7.519294261932373
2024,gah1,GEMS-0227_FBLL_0007/LH287,7.519294261932373
2024,gah1,GEMS-0227_FBLL_0009/LH287,7.519294261932373
2024,gah1,GEMS-0227_FBLL_0010/LH287,7.519294261932373
2024,gah1,GEMS-0227_FBLL_0013/LH287,7.519294261932373
2024,gah1,GEMS-0227_FBLL_0014/LH287,7.519294261932373
2024,gah1,GEMS-0227_FBLL_0015/LH287,7.519294261932373
2024,gah1,GEMS-0227_FBLL_0016/LH287,7.519294261932373
2024,gah1,GEMS-0227_FBLL_0017/LH287,7.519294261932373
2024,gah1,GEMS-0227_FBLL_0018/LH287,7.519294261932373
2024,gah1,GEMS-0227_FBLL_0019/LH287,7.519294261932373
2024,gah1,GEMS-0227_FBLL_0021/LH287,7.519294261932373
2024,gah1,GEMS-0227_FBLL_0022/LH287,7.519294261932373
2024,gah1,GEMS-0227_FBLL_0024/LH287,7.519294261932373
2024,gah1,GEMS-0227_FBLL_0026/LH287,7.519294261932373
2024,gah1,GEMS-0227_FBLL_0027/LH287,7.519294261932373
2024,gah1,GEMS-0227_FBLL_0031/LH287,7.519294261932373
2024,gah1,GEMS-0227_FBLL_0032/LH287,7.519294261932373
2024,gah1,GEMS-0227_FBLL_0036/LH287,7.519294261932373
2024,gah1,GEMS-0227_FBLL_0037/LH287,7.519294261932373
2024,gah1,GEMS-0227_FBLL_0038/LH287,7.519294261932373
2024,gah1,GEMS-0227_FBLL_0040/LH287,7.519294261932373
2024,gah1,GEMS-0227_FBLL_0043/LH287,7.519294261932373
2024,gah1,GEMS-0227_FBLL_0044/LH287,7.519294261932373
2024,gah1,GEMS-0227_FBLL_0045/LH287,7.519294261932373
2024,gah1,GEMS-0227_FBLL_0047/LH287,7.519294261932373
2024,gah1,GEMS-0227_FBLL_0048/LH287,7.519294261932373
2024,gah1,GEMS-0227_FBLL_0052/LH287,7.519294261932373
2024,gah1,GEMS-0227_FBLL_0054/LH287,7.519294261932373
2024,gah1,GEMS-0227_FBLL_0055/LH287,7.519294261932373
2024,gah1,GEMS-0227_FBLL_0056/LH287,7.519294261932373
2024,gah1,GEMS-0227_FBLL_0057/LH287,7.519294261932373
2024,gah1,GEMS-0227_FBLL_0058/LH287,7.519294261932373
2024,gah1,GEMS-0227_FBLL_0060/LH287,7.519294261932373
2024,gah1,GEMS-0227_FBLL_0064/LH287,7.519294261932373
2024,gah1,GEMS-0227_FBLL_0066/LH287,7.519294261932373
2024,gah1,GEMS-0227_FBLL_0069/LH287,7.519294261932373
2024,gah1,GEMS-0227_FBLL_0070/LH287,7.519294261932373
2024,gah1,GEMS-0227_FBLL_0071/LH287,7.519294261932373
2024,gah1,GEMS-0227_FBLL_0072/LH287,7.519294261932373
2024,gah1,GEMS-0227_FBLL_0075/LH287,7.519294261932373
2024,gah1,GEMS-0227_FBLL_0077/LH287,7.519294261932373
2024,gah1,GEMS-0227_FBLL_0078/LH287,7.519294261932373
2024,gah1,GEMS-0227_FBLL_0079/LH287,7.519294261932373
2024,gah1,GEMS-0227_FBLL_0082/LH287,7.519294261932373
2024,gah1,GEMS-0227_FBLL_0085/LH287,7.519294261932373
2024,gah1,GEMS-0227_FBLL_0086/LH287,7.519294261932373
2024,gah1,GEMS-0227_FBLL_0087/LH287,7.519294261932373
2024,gah1,GEMS-0227_FBLL_0088/LH287,7.519294261932373
2024,gah1,GEMS-0227_FBLL_0089/LH287,7.519294261932373
2024,gah1,GEMS-0227_FBLL_0090/LH287,7.519294261932373
2024,gah1,GEMS-0227_FBLL_0094/LH287,7.519294261932373
2024,gah1,GEMS-0227_FBLL_0095/LH287,7.519294261932373
2024,gah1,GEMS-0227_FBLL_0096/LH287,7.519294261932373
2024,gah1,GEMS-0227_FBLL_0097/LH287,7.519294261932373
2024,gah1,GEMS-0227_FBLL_0098/LH287,7.519294261932373
2024,gah1,GEMS-0227_FBLL_0101/LH287,7.519294261932373
2024,gah1,GEMS-0227_FBLL_0102/LH287,7.519294261932373
2024,gah1,GEMS-0227_FBLL_0104/LH287,7.519294261932373
2024,gah1,GEMS-0227_FBLL_0105/LH287,7.519294261932373
2024,gah1,GEMS-0227_FBLL_0113/LH287,7.519294261932373
2024,gah1,GEMS-0227_FBLL_0114/LH287,7.519294261932373
2024,gah1,GEMS-0227_FBLL_0115/LH287,7.519294261932373
2024,gah1,GEMS-0227_FBLL_0116/LH287,7.519294261932373
2024,gah1,GEMS-0227_FBLL_0117/LH287,7.519294261932373
2024,gah1,GEMS-0227_FBLL_0118/LH287,7.519294261932373
2024,gah1,GEMS-0227_FBLL_0125/LH287,7.519294261932373
2024,gah1,GEMS-0227_FBLL_0134/LH287,7.519294261932373
2024,gah1,GEMS-0227_FBLL_0136/LH287,7.519294261932373
2024,gah1,GEMS-0227_PHB47_0001/LH287,7.519294261932373
2024,gah1,GEMS-0227_PHB47_0002/LH287,7.519294261932373
2024,gah1,GEMS-0227_PHB47_0003/LH287,7.519294261932373
2024,gah1,GEMS-0227_PHB47_0004/LH287,7.519294261932373
2024,gah1,GEMS-0227_PHB47_0006/LH287,7.519294261932373
2024,gah1,GEMS-0227_PHB47_0007/LH287,7.519294261932373
2024,gah1,GEMS-0227_PHB47_0009/LH287,7.519294261932373
2024,gah1,GEMS-0227_PHB47_0011/LH287,7.519294261932373
2024,gah1,GEMS-0227_PHB47_0012/LH287,7.519294261932373
2024,gah1,GEMS-0227_PHB47_0014/LH287,7.519294261932373
2024,gah1,GEMS-0227_PHB47_0022/LH287,7.519294261932373
2024,gah1,GEMS-0227_PHB47_0024/LH287,7.519294261932373
2024,gah1,GEMS-0227_PHBW8_0003/LH287,7.519294261932373
2024,gah1,GEMS-0227_PHBW8_0004/LH287,7.519294261932373
2024,gah1,GEMS-0227_PHBW8_0006/LH287,7.519294261932373
2024,gah1,GEMS-0227_PHBW8_0010/LH287,7.519294261932373
2024,gah1,GEMS-0227_PHBW8_0011/LH287,7.519294261932373
2024,gah1,GEMS-0227_PHBW8_0013/LH287,7.519294261932373
2024,gah1,GEMS-0227_PHBW8_0015/LH287,7.519294261932373
2024,gah1,GEMS-0227_PHBW8_0016/LH287,7.519294261932373
2024,gah1,GEMS-0227_PHBW8_0017/LH287,7.519294261932373
2024,gah1,GEMS-0227_PHBW8_0019/LH287,7.519294261932373
2024,gah1,GEMS-0227_PHBW8_0020/LH287,7.519294261932373
2024,gah1,GEMS-0227_PHBW8_0021/LH287,7.519294261932373
2024,gah1,GEMS-0227_PHBW8_0024/LH287,7.519294261932373
2024,gah1,LH132/LH287,7.519294261932373
2024,gah1,LH146HT/LH287,7.519294261932373
2024,gah1,LH192/LH287,7.519294261932373
2024,gah1,LH193/LH287,7.519294261932373
2024,gah1,LH195/LH287,7.519294261932373
2024,gah1,LH195/PHZ51,7.038814067840576
2024,gah1,LH198/LH287,7.519294261932373
2024,gah1,LH200/LH287,7.519294261932373
2024,gah1,LH220HT/LH287,7.519294261932373
2024,gah1,LH224/LH287,7.519294261932373
2024,gah1,LH225/LH287,7.519294261932373
2024,gah1,LH228/LH287,7.519294261932373
2024,gah1,LH234/LH287,7.519294261932373
2024,gah1,LH235/LH287,7.519294261932373
2024,gah1,LH236/LH287,7.519294261932373
2024,gah1,LH237/LH287,7.519294261932373
2024,gah1,LH244/PHK76,7.517180442810059
2024,gah1,LH264/LH287,7.519294261932373
2024,gah1,LH273/LH287,7.519294261932373
2024,gah1,LH287/LH244,9.287702560424805
2024,gah1,LH82/LH244,7.6435370445251465
2024,gah1,MM501D/LH244,8.737460136413574
2024,gah1,NKH8431/LH287,7.519294261932373
2024,gah1,PH05F/LH287,7.519294261932373
2024,gah1,PH05G/LH287,7.519294261932373
2024,gah1,PH06N/LH287,7.519294261932373
2024,gah1,PH07D/LH287,7.519294261932373
2024,gah1,PH08A/LH287,7.519294261932373
2024,gah1,PH09B/LH287,7.519294261932373
2024,gah1,PH09E/LH287,7.519294261932373
2024,gah1,PH0B4/LH287,7.519294261932373
2024,gah1,PH0CD/LH287,7.519294261932373
2024,gah1,PH19V/LH287,7.519294261932373
2024,gah1,PH1CA/LH287,7.519294261932373
2024,gah1,PH1GC/LH287,7.519294261932373
2024,gah1,PH1TB/LH287,7.519294261932373
2024,gah1,PH1W2/LH287,7.519294261932373
2024,gah1,PH24E/LH244,8.903870582580566
2024,gah1,PH24M/LH287,7.519294261932373
2024,gah1,PH37C/LH287,7.519294261932373
2024,gah1,PH38D/LH287,7.519294261932373
2024,gah1,PH42B/LH287,7.519294261932373
2024,gah1,PH44A/LH287,7.519294261932373
2024,gah1,PH55C/LH287,7.519294261932373
2024,gah1,PH63A/LH287,7.519294261932373
2024,gah1,PHB47/LH287,7.519294261932373
2024,gah1,PHB47/PHN82,8.18018627166748
2024,gah1,PHB47/PHZ51,7.119780540466309
2024,gah1,PHBW8/LH287,7.519294261932373
2024,gah1,PHDG1/LH287,7.519294261932373
2024,gah1,PHG29/PHG47,6.886654853820801
2024,gah1,PHG39/PHN82,8.166884422302246
2024,gah1,PHJ40/PHAJ0,5.557888507843018
2024,gah1,PHJ89/LH244,8.143106460571289
2024,gah1,PHJR5/LH287,7.519294261932373
2024,gah1,PHK56/LH244,8.77793025970459
2024,gah1,PHN41/LH287,7.519294261932373
2024,gah1,PHN46/LH244,7.171994686126709
2024,gah1,PHN66/LH287,7.519294261932373
2024,gah1,PHNJ2/LH287,7.519294261932373
2024,gah1,PHP02/LH244,8.882573127746582
2024,gah1,PHP38/LH287,7.519294261932373
2024,gah1,PHPR5/LH287,7.519294261932373
2024,gah1,PHR03/LH244,8.800052642822266
2024,gah1,PHRE1/PHTD5,6.347707271575928
2024,gah1,PHT10/LH287,7.519294261932373
2024,gah1,PHT47/LH287,7.519294261932373
2024,gah1,PHTV7/LH287,7.519294261932373
2024,gah1,PHV37/LH287,7.519294261932373
2024,gah1,PHVA9/LH287,7.519294261932373
2024,gah1,PHVJ5/LH287,7.519294261932373
2024,gah1,PHW30/LH244,8.46605110168457
2024,gah1,PHW52/LH287,7.519294261932373
2024,gah1,PHW52/PHM49,7.767588138580322
2024,gah1,W10004_0055/LH287,7.519294261932373
2024,gah1,W10004_0062/LH287,7.519294261932373
2024,gah1,W10004_0095/LH287,7.519294261932373
2024,gah1,W10004_0103/LH287,7.519294261932373
2024,gah1,W10004_0122/LH287,7.519294261932373
2024,gah1,W10004_0133/LH287,7.519294261932373
2024,gah1,W10004_0160/LH287,7.519294261932373
2024,gah1,W10004_0167/LH287,7.519294261932373
2024,gah1,W10004_0189/LH287,7.519294261932373
2024,gah1,W10004_0236/LH287,7.519294261932373
2024,gah1,W10004_0311/LH287,7.519294261932373
2024,gah1,W10004_0389/LH287,7.519294261932373
2024,gah1,W10004_0403/LH287,7.519294261932373
2024,gah1,W10004_0412/LH287,7.519294261932373
2024,gah1,W10004_0601/LH287,7.519294261932373
2024,gah1,W10004_0658/LH287,7.519294261932373
2024,gah1,W10004_0691/LH287,7.519294261932373
2024,gah1,W10004_0714/LH287,7.519294261932373
2024,gah1,W10004_0715/LH287,7.519294261932373
2024,gah1,W10004_0747/LH287,7.519294261932373
2024,gah1,W10004_0776/LH287,7.519294261932373
2024,gah1,W10004_0801/LH287,7.519294261932373
2024,gah1,W10004_0858/LH287,7.519294261932373
2024,gah1,W10004_0859/LH287,7.519294261932373
2024,gah1,W10004_0949/LH287,7.519294261932373
2024,gah1,W10004_0969/LH287,7.519294261932373
2024,gah1,W10004_1018/LH287,7.519294261932373
2024,gah1,WQCD10/LH287,7.519294261932373
2024,gah1,ZS01459/LH287,7.519294261932373
2024,gah1,ZS0510/LH287,7.519294261932373
2024,gah2,01CSI6/LH287,9.559940338134766
2024,gah2,01DIB2/LH287,9.559940338134766
2024,gah2,2369/LH123HT,10.208319664001465
2024,gah2,6F629/LH287,9.559940338134766
2024,gah2,B14A/OH43,9.215867042541504
2024,gah2,B37/H95,9.14162826538086
2024,gah2,B73/MO17,9.449188232421875
2024,gah2,B73/PHN82,10.638411521911621
2024,gah2,CG119/CG108,4.554531097412109
2024,gah2,CG44/CGR01,7.693050861358643
2024,gah2,DK3IIH6/LH244,10.002253532409668
2024,gah2,FBLA/LH287,9.559940338134766
2024,gah2,GEMS-0061_3AZA1_0005/LH287,9.559940338134766
2024,gah2,GEMS-0061_3AZA1_0006/LH287,9.559940338134766
2024,gah2,GEMS-0061_3AZA1_0007/LH287,9.559940338134766
2024,gah2,GEMS-0061_3AZA1_0009/LH287,9.559940338134766
2024,gah2,GEMS-0061_3AZA1_0013/LH287,9.559940338134766
2024,gah2,GEMS-0061_3AZA1_0014/LH287,9.559940338134766
2024,gah2,GEMS-0061_3AZA1_0015/LH287,9.559940338134766
2024,gah2,GEMS-0061_3AZA1_0017/LH287,9.559940338134766
2024,gah2,GEMS-0061_3AZA1_0023/LH287,9.559940338134766
2024,gah2,GEMS-0061_FBLL_0002/LH287,9.559940338134766
2024,gah2,GEMS-0061_FBLL_0004/LH287,9.559940338134766
2024,gah2,GEMS-0061_FBLL_0007/LH287,9.559940338134766
2024,gah2,GEMS-0061_FBLL_0008/LH287,9.559940338134766
2024,gah2,GEMS-0061_FBLL_0011/LH287,9.559940338134766
2024,gah2,GEMS-0061_FBLL_0017/LH287,9.559940338134766
2024,gah2,GEMS-0061_FBLL_0018/LH287,9.559940338134766
2024,gah2,GEMS-0061_FBLL_0019/LH287,9.559940338134766
2024,gah2,GEMS-0061_FBLL_0024/LH287,9.559940338134766
2024,gah2,GEMS-0061_FBLL_0026/LH287,9.559940338134766
2024,gah2,GEMS-0061_FBLL_0031/LH287,9.559940338134766
2024,gah2,GEMS-0061_FBLL_0032/LH287,9.559940338134766
2024,gah2,GEMS-0061_FBLL_0033/LH287,9.559940338134766
2024,gah2,GEMS-0061_FBLL_0034/LH287,9.559940338134766
2024,gah2,GEMS-0061_FBLL_0035/LH287,9.559940338134766
2024,gah2,GEMS-0061_FBLL_0038/LH287,9.559940338134766
2024,gah2,GEMS-0061_FBLL_0039/LH287,9.559940338134766
2024,gah2,GEMS-0061_PHB47_0001/LH287,9.559940338134766
2024,gah2,GEMS-0061_PHB47_0003/LH287,9.559940338134766
2024,gah2,GEMS-0061_PHB47_0004/LH287,9.559940338134766
2024,gah2,GEMS-0061_PHBW8_0001/LH287,9.559940338134766
2024,gah2,GEMS-0061_PHBW8_0002/LH287,9.559940338134766
2024,gah2,GEMS-0113_3AZA1_0001/LH287,9.559940338134766
2024,gah2,GEMS-0113_3AZA1_0002/LH287,9.559940338134766
2024,gah2,GEMS-0113_3AZA1_0003/LH287,9.559940338134766
2024,gah2,GEMS-0113_3AZA1_0004/LH287,9.559940338134766
2024,gah2,GEMS-0113_3AZA1_0006/LH287,9.559940338134766
2024,gah2,GEMS-0113_3AZA1_0007/LH287,9.559940338134766
2024,gah2,GEMS-0113_3AZA1_0008/LH287,9.559940338134766
2024,gah2,GEMS-0113_3AZA1_0010/LH287,9.559940338134766
2024,gah2,GEMS-0113_3AZA1_0011/LH287,9.559940338134766
2024,gah2,GEMS-0113_3AZA1_0013/LH287,9.559940338134766
2024,gah2,GEMS-0113_3AZA1_0015/LH287,9.559940338134766
2024,gah2,GEMS-0113_3AZA1_0016/LH287,9.559940338134766
2024,gah2,GEMS-0113_3AZA1_0017/LH287,9.559940338134766
2024,gah2,GEMS-0113_3AZA1_0018/LH287,9.559940338134766
2024,gah2,GEMS-0113_3AZA1_0019/LH287,9.559940338134766
2024,gah2,GEMS-0113_3AZA1_0021/LH287,9.559940338134766
2024,gah2,GEMS-0113_3AZA1_0024/LH287,9.559940338134766
2024,gah2,GEMS-0113_3AZA1_0025/LH287,9.559940338134766
2024,gah2,GEMS-0113_3AZA1_0026/LH287,9.559940338134766
2024,gah2,GEMS-0113_3AZA1_0027/LH287,9.559940338134766
2024,gah2,GEMS-0113_3AZA1_0031/LH287,9.559940338134766
2024,gah2,GEMS-0113_FBLL_0003/LH287,9.559940338134766
2024,gah2,GEMS-0113_FBLL_0004/LH287,9.559940338134766
2024,gah2,GEMS-0113_FBLL_0005/LH287,9.559940338134766
2024,gah2,GEMS-0113_FBLL_0006/LH287,9.559940338134766
2024,gah2,GEMS-0113_FBLL_0010/LH287,9.559940338134766
2024,gah2,GEMS-0113_FBLL_0011/LH287,9.559940338134766
2024,gah2,GEMS-0113_FBLL_0013/LH287,9.559940338134766
2024,gah2,GEMS-0113_FBLL_0015/LH287,9.559940338134766
2024,gah2,GEMS-0113_PHB47_0003/LH287,9.559940338134766
2024,gah2,GEMS-0113_PHB47_0004/LH287,9.559940338134766
2024,gah2,GEMS-0113_PHB47_0005/LH287,9.559940338134766
2024,gah2,GEMS-0113_PHB47_0006/LH287,9.559940338134766
2024,gah2,GEMS-0113_PHB47_0008/LH287,9.559940338134766
2024,gah2,GEMS-0113_PHB47_0009/LH287,9.559940338134766
2024,gah2,GEMS-0113_PHB47_0012/LH287,9.559940338134766
2024,gah2,GEMS-0113_PHB47_0015/LH287,9.559940338134766
2024,gah2,GEMS-0113_PHB47_0017/LH287,9.559940338134766
2024,gah2,GEMS-0113_PHB47_0019/LH287,9.559940338134766
2024,gah2,GEMS-0113_PHB47_0020/LH287,9.559940338134766
2024,gah2,GEMS-0113_PHB47_0021/LH287,9.559940338134766
2024,gah2,GEMS-0113_PHBW8_0004/LH287,9.559940338134766
2024,gah2,GEMS-0113_PHBW8_0005/LH287,9.559940338134766
2024,gah2,GEMS-0113_PHBW8_0006/LH287,9.559940338134766
2024,gah2,GEMS-0113_PHBW8_0008/LH287,9.559940338134766
2024,gah2,GEMS-0113_PHBW8_0009/LH287,9.559940338134766
2024,gah2,GEMS-0113_PHBW8_0010/LH287,9.559940338134766
2024,gah2,GEMS-0113_PHBW8_0011/LH287,9.559940338134766
2024,gah2,GEMS-0113_PHBW8_0012/LH287,9.559940338134766
2024,gah2,GEMS-0113_PHBW8_0013/LH287,9.559940338134766
2024,gah2,GEMS-0113_PHBW8_0014/LH287,9.559940338134766
2024,gah2,GEMS-0113_PHBW8_0017/LH287,9.559940338134766
2024,gah2,GEMS-0219_3AZA1_0001/LH287,9.559940338134766
2024,gah2,GEMS-0219_3AZA1_0003/LH287,9.559940338134766
2024,gah2,GEMS-0219_3AZA1_0005/LH287,9.559940338134766
2024,gah2,GEMS-0219_3AZA1_0006/LH287,9.559940338134766
2024,gah2,GEMS-0219_3AZA1_0008/LH287,9.559940338134766
2024,gah2,GEMS-0219_3AZA1_0010/LH287,9.559940338134766
2024,gah2,GEMS-0219_3AZA1_0012/LH287,9.559940338134766
2024,gah2,GEMS-0219_FBLL_0002/LH287,9.559940338134766
2024,gah2,GEMS-0219_FBLL_0003/LH287,9.559940338134766
2024,gah2,GEMS-0219_FBLL_0004/LH287,9.559940338134766
2024,gah2,GEMS-0219_FBLL_0006/LH287,9.559940338134766
2024,gah2,GEMS-0219_FBLL_0007/LH287,9.559940338134766
2024,gah2,GEMS-0219_FBLL_0008/LH287,9.559940338134766
2024,gah2,GEMS-0219_FBLL_0009/LH287,9.559940338134766
2024,gah2,GEMS-0219_FBLL_0010/LH287,9.559940338134766
2024,gah2,GEMS-0219_FBLL_0011/LH287,9.559940338134766
2024,gah2,GEMS-0219_FBLL_0012/LH287,9.559940338134766
2024,gah2,GEMS-0219_FBLL_0013/LH287,9.559940338134766
2024,gah2,GEMS-0219_FBLL_0021/LH287,9.559940338134766
2024,gah2,GEMS-0219_FBLL_0022/LH287,9.559940338134766
2024,gah2,GEMS-0219_FBLL_0023/LH287,9.559940338134766
2024,gah2,GEMS-0219_FBLL_0027/LH287,9.559940338134766
2024,gah2,GEMS-0219_FBLL_0030/LH287,9.559940338134766
2024,gah2,GEMS-0219_PHB47_0001/LH287,9.559940338134766
2024,gah2,GEMS-0219_PHB47_0002/LH287,9.559940338134766
2024,gah2,GEMS-0219_PHB47_0003/LH287,9.559940338134766
2024,gah2,GEMS-0219_PHB47_0005/LH287,9.559940338134766
2024,gah2,GEMS-0219_PHB47_0006/LH287,9.559940338134766
2024,gah2,GEMS-0219_PHB47_0011/LH287,9.559940338134766
2024,gah2,GEMS-0219_PHB47_0014/LH287,9.559940338134766
2024,gah2,GEMS-0219_PHB47_0017/LH287,9.559940338134766
2024,gah2,GEMS-0219_PHBW8_0002/LH287,9.559940338134766
2024,gah2,GEMS-0219_PHBW8_0003/LH287,9.559940338134766
2024,gah2,GEMS-0219_PHBW8_0004/LH287,9.559940338134766
2024,gah2,GEMS-0219_PHBW8_0008/LH287,9.559940338134766
2024,gah2,GEMS-0219_PHBW8_0009/LH287,9.559940338134766
2024,gah2,GEMS-0219_PHBW8_0011/LH287,9.559940338134766
2024,gah2,GEMS-0227_3AZA1_0001/LH287,9.559940338134766
2024,gah2,GEMS-0227_3AZA1_0002/LH287,9.559940338134766
2024,gah2,GEMS-0227_3AZA1_0003/LH287,9.559940338134766
2024,gah2,GEMS-0227_3AZA1_0004/LH287,9.559940338134766
2024,gah2,GEMS-0227_3AZA1_0005/LH287,9.559940338134766
2024,gah2,GEMS-0227_3AZA1_0006/LH287,9.559940338134766
2024,gah2,GEMS-0227_3AZA1_0008/LH287,9.559940338134766
2024,gah2,GEMS-0227_3AZA1_0009/LH287,9.559940338134766
2024,gah2,GEMS-0227_3AZA1_0010/LH287,9.559940338134766
2024,gah2,GEMS-0227_3AZA1_0011/LH287,9.559940338134766
2024,gah2,GEMS-0227_3AZA1_0012/LH287,9.559940338134766
2024,gah2,GEMS-0227_3AZA1_0013/LH287,9.559940338134766
2024,gah2,GEMS-0227_3AZA1_0015/LH287,9.559940338134766
2024,gah2,GEMS-0227_3AZA1_0016/LH287,9.559940338134766
2024,gah2,GEMS-0227_3AZA1_0017/LH287,9.559940338134766
2024,gah2,GEMS-0227_3AZA1_0018/LH287,9.559940338134766
2024,gah2,GEMS-0227_3AZA1_0019/LH287,9.559940338134766
2024,gah2,GEMS-0227_3AZA1_0023/LH287,9.559940338134766
2024,gah2,GEMS-0227_3AZA1_0024/LH287,9.559940338134766
2024,gah2,GEMS-0227_3AZA1_0028/LH287,9.559940338134766
2024,gah2,GEMS-0227_3AZA1_0029/LH287,9.559940338134766
2024,gah2,GEMS-0227_3AZA1_0030/LH287,9.559940338134766
2024,gah2,GEMS-0227_3AZA1_0034/LH287,9.559940338134766
2024,gah2,GEMS-0227_3AZA1_0036/LH287,9.559940338134766
2024,gah2,GEMS-0227_3AZA1_0040/LH287,9.559940338134766
2024,gah2,GEMS-0227_3AZA1_0043/LH287,9.559940338134766
2024,gah2,GEMS-0227_3AZA1_0045/LH287,9.559940338134766
2024,gah2,GEMS-0227_3AZA1_0046/LH287,9.559940338134766
2024,gah2,GEMS-0227_3AZA1_0048/LH287,9.559940338134766
2024,gah2,GEMS-0227_FBLL_0001/LH287,9.559940338134766
2024,gah2,GEMS-0227_FBLL_0004/LH287,9.559940338134766
2024,gah2,GEMS-0227_FBLL_0005/LH287,9.559940338134766
2024,gah2,GEMS-0227_FBLL_0007/LH287,9.559940338134766
2024,gah2,GEMS-0227_FBLL_0008/LH287,9.559940338134766
2024,gah2,GEMS-0227_FBLL_0010/LH287,9.559940338134766
2024,gah2,GEMS-0227_FBLL_0020/LH287,9.559940338134766
2024,gah2,GEMS-0227_FBLL_0021/LH287,9.559940338134766
2024,gah2,GEMS-0227_FBLL_0022/LH287,9.559940338134766
2024,gah2,GEMS-0227_FBLL_0023/LH287,9.559940338134766
2024,gah2,GEMS-0227_FBLL_0025/LH287,9.559940338134766
2024,gah2,GEMS-0227_FBLL_0027/LH287,9.559940338134766
2024,gah2,GEMS-0227_FBLL_0028/LH287,9.559940338134766
2024,gah2,GEMS-0227_FBLL_0029/LH287,9.559940338134766
2024,gah2,GEMS-0227_FBLL_0030/LH287,9.559940338134766
2024,gah2,GEMS-0227_FBLL_0031/LH287,9.559940338134766
2024,gah2,GEMS-0227_FBLL_0033/LH287,9.559940338134766
2024,gah2,GEMS-0227_FBLL_0034/LH287,9.559940338134766
2024,gah2,GEMS-0227_FBLL_0035/LH287,9.559940338134766
2024,gah2,GEMS-0227_FBLL_0038/LH287,9.559940338134766
2024,gah2,GEMS-0227_FBLL_0039/LH287,9.559940338134766
2024,gah2,GEMS-0227_FBLL_0041/LH287,9.559940338134766
2024,gah2,GEMS-0227_FBLL_0042/LH287,9.559940338134766
2024,gah2,GEMS-0227_FBLL_0043/LH287,9.559940338134766
2024,gah2,GEMS-0227_FBLL_0044/LH287,9.559940338134766
2024,gah2,GEMS-0227_FBLL_0046/LH287,9.559940338134766
2024,gah2,GEMS-0227_FBLL_0048/LH287,9.559940338134766
2024,gah2,GEMS-0227_FBLL_0049/LH287,9.559940338134766
2024,gah2,GEMS-0227_FBLL_0050/LH287,9.559940338134766
2024,gah2,GEMS-0227_FBLL_0051/LH287,9.559940338134766
2024,gah2,GEMS-0227_FBLL_0053/LH287,9.559940338134766
2024,gah2,GEMS-0227_FBLL_0058/LH287,9.559940338134766
2024,gah2,GEMS-0227_FBLL_0059/LH287,9.559940338134766
2024,gah2,GEMS-0227_FBLL_0062/LH287,9.559940338134766
2024,gah2,GEMS-0227_FBLL_0063/LH287,9.559940338134766
2024,gah2,GEMS-0227_FBLL_0064/LH287,9.559940338134766
2024,gah2,GEMS-0227_FBLL_0066/LH287,9.559940338134766
2024,gah2,GEMS-0227_FBLL_0067/LH287,9.559940338134766
2024,gah2,GEMS-0227_FBLL_0068/LH287,9.559940338134766
2024,gah2,GEMS-0227_FBLL_0073/LH287,9.559940338134766
2024,gah2,GEMS-0227_FBLL_0074/LH287,9.559940338134766
2024,gah2,GEMS-0227_FBLL_0078/LH287,9.559940338134766
2024,gah2,GEMS-0227_FBLL_0080/LH287,9.559940338134766
2024,gah2,GEMS-0227_FBLL_0082/LH287,9.559940338134766
2024,gah2,GEMS-0227_FBLL_0084/LH287,9.559940338134766
2024,gah2,GEMS-0227_FBLL_0086/LH287,9.559940338134766
2024,gah2,GEMS-0227_FBLL_0087/LH287,9.559940338134766
2024,gah2,GEMS-0227_FBLL_0090/LH287,9.559940338134766
2024,gah2,GEMS-0227_FBLL_0093/LH287,9.559940338134766
2024,gah2,GEMS-0227_FBLL_0095/LH287,9.559940338134766
2024,gah2,GEMS-0227_FBLL_0096/LH287,9.559940338134766
2024,gah2,GEMS-0227_FBLL_0097/LH287,9.559940338134766
2024,gah2,GEMS-0227_FBLL_0098/LH287,9.559940338134766
2024,gah2,GEMS-0227_FBLL_0101/LH287,9.559940338134766
2024,gah2,GEMS-0227_FBLL_0102/LH287,9.559940338134766
2024,gah2,GEMS-0227_FBLL_0104/LH287,9.559940338134766
2024,gah2,GEMS-0227_FBLL_0106/LH287,9.559940338134766
2024,gah2,GEMS-0227_FBLL_0107/LH287,9.559940338134766
2024,gah2,GEMS-0227_FBLL_0110/LH287,9.559940338134766
2024,gah2,GEMS-0227_FBLL_0111/LH287,9.559940338134766
2024,gah2,GEMS-0227_FBLL_0113/LH287,9.559940338134766
2024,gah2,GEMS-0227_FBLL_0114/LH287,9.559940338134766
2024,gah2,GEMS-0227_FBLL_0116/LH287,9.559940338134766
2024,gah2,GEMS-0227_FBLL_0117/LH287,9.559940338134766
2024,gah2,GEMS-0227_FBLL_0121/LH287,9.559940338134766
2024,gah2,GEMS-0227_FBLL_0124/LH287,9.559940338134766
2024,gah2,GEMS-0227_FBLL_0127/LH287,9.559940338134766
2024,gah2,GEMS-0227_FBLL_0133/LH287,9.559940338134766
2024,gah2,GEMS-0227_FBLL_0136/LH287,9.559940338134766
2024,gah2,GEMS-0227_FBLL_0140/LH287,9.559940338134766
2024,gah2,GEMS-0227_FBLL_0141/LH287,9.559940338134766
2024,gah2,GEMS-0227_PHB47_0001/LH287,9.559940338134766
2024,gah2,GEMS-0227_PHB47_0002/LH287,9.559940338134766
2024,gah2,GEMS-0227_PHB47_0003/LH287,9.559940338134766
2024,gah2,GEMS-0227_PHB47_0004/LH287,9.559940338134766
2024,gah2,GEMS-0227_PHB47_0006/LH287,9.559940338134766
2024,gah2,GEMS-0227_PHB47_0010/LH287,9.559940338134766
2024,gah2,GEMS-0227_PHB47_0011/LH287,9.559940338134766
2024,gah2,GEMS-0227_PHB47_0016/LH287,9.559940338134766
2024,gah2,GEMS-0227_PHB47_0022/LH287,9.559940338134766
2024,gah2,GEMS-0227_PHB47_0024/LH287,9.559940338134766
2024,gah2,GEMS-0227_PHB47_0025/LH287,9.559940338134766
2024,gah2,GEMS-0227_PHB47_0026/LH287,9.559940338134766
2024,gah2,GEMS-0227_PHBW8_0001/LH287,9.559940338134766
2024,gah2,GEMS-0227_PHBW8_0002/LH287,9.559940338134766
2024,gah2,GEMS-0227_PHBW8_0003/LH287,9.559940338134766
2024,gah2,GEMS-0227_PHBW8_0005/LH287,9.559940338134766
2024,gah2,GEMS-0227_PHBW8_0006/LH287,9.559940338134766
2024,gah2,GEMS-0227_PHBW8_0007/LH287,9.559940338134766
2024,gah2,GEMS-0227_PHBW8_0009/LH287,9.559940338134766
2024,gah2,GEMS-0227_PHBW8_0010/LH287,9.559940338134766
2024,gah2,GEMS-0227_PHBW8_0011/LH287,9.559940338134766
2024,gah2,GEMS-0227_PHBW8_0012/LH287,9.559940338134766
2024,gah2,GEMS-0227_PHBW8_0016/LH287,9.559940338134766
2024,gah2,GEMS-0227_PHBW8_0017/LH287,9.559940338134766
2024,gah2,GEMS-0227_PHBW8_0018/LH287,9.559940338134766
2024,gah2,GEMS-0227_PHBW8_0019/LH287,9.559940338134766
2024,gah2,GEMS-0227_PHBW8_0020/LH287,9.559940338134766
2024,gah2,GEMS-0227_PHBW8_0021/LH287,9.559940338134766
2024,gah2,GEMS-0227_PHBW8_0022/LH287,9.559940338134766
2024,gah2,LH132/LH287,9.559940338134766
2024,gah2,LH146HT/LH287,9.559940338134766
2024,gah2,LH192/LH287,9.559940338134766
2024,gah2,LH193/LH287,9.559940338134766
2024,gah2,LH194/LH287,9.559940338134766
2024,gah2,LH195/LH287,9.559940338134766
2024,gah2,LH195/PHZ51,9.146378517150879
2024,gah2,LH197/LH287,9.559940338134766
2024,gah2,LH198/LH287,9.559940338134766
2024,gah2,LH200/LH287,9.559940338134766
2024,gah2,LH204/LH287,9.559940338134766
2024,gah2,LH224/LH287,9.559940338134766
2024,gah2,LH225/LH287,9.559940338134766
2024,gah2,LH226HT/LH287,9.559940338134766
2024,gah2,LH228/LH287,9.559940338134766
2024,gah2,LH231/LH287,9.559940338134766
2024,gah2,LH235/LH287,9.559940338134766
2024,gah2,LH236/LH287,9.559940338134766
2024,gah2,LH238/LH287,9.559940338134766
2024,gah2,LH244/PHK76,9.310689926147461
2024,gah2,LH264/LH287,9.559940338134766
2024,gah2,LH273/LH287,9.559940338134766
2024,gah2,LH286/LH287,9.559940338134766
2024,gah2,LH287/LH244,10.82972526550293
2024,gah2,LH292/LH287,9.559940338134766
2024,gah2,LH82/LH244,9.288978576660156
2024,gah2,MM501D/LH244,9.966185569763184
2024,gah2,NKH8431/LH287,9.559940338134766
2024,gah2,PH05W/LH287,9.559940338134766
2024,gah2,PH07D/LH287,9.559940338134766
2024,gah2,PH080/LH287,9.559940338134766
2024,gah2,PH09B/LH287,9.559940338134766
2024,gah2,PH0CD/LH287,9.559940338134766
2024,gah2,PH0GP/LH287,9.559940338134766
2024,gah2,PH12C/LH287,9.559940338134766
2024,gah2,PH1CA/LH287,9.559940338134766
2024,gah2,PH1GG/LH287,9.559940338134766
2024,gah2,PH1TB/LH287,9.559940338134766
2024,gah2,PH1W2/LH287,9.559940338134766
2024,gah2,PH24E/LH244,10.393773078918457
2024,gah2,PH38D/LH287,9.559940338134766
2024,gah2,PH42B/LH287,9.559940338134766
2024,gah2,PH44A/LH287,9.559940338134766
2024,gah2,PH55C/LH287,9.559940338134766
2024,gah2,PH79A/LH287,9.559940338134766
2024,gah2,PHB47/LH287,9.559940338134766
2024,gah2,PHB47/PHN82,9.54602336883545
2024,gah2,PHB47/PHZ51,9.05355167388916
2024,gah2,PHBW8/LH287,9.559940338134766
2024,gah2,PHDG1/LH287,9.559940338134766
2024,gah2,PHEW7/LH287,9.559940338134766
2024,gah2,PHG29/PHG47,8.830099105834961
2024,gah2,PHG39/PHN82,9.81697940826416
2024,gah2,PHHB9/LH287,9.559940338134766
2024,gah2,PHJ40/PHAJ0,4.554531097412109
2024,gah2,PHJ89/LH244,9.443108558654785
2024,gah2,PHK56/LH244,9.879403114318848
2024,gah2,PHKV0/LH287,9.559940338134766
2024,gah2,PHN41/LH287,9.559940338134766
2024,gah2,PHN46/LH244,9.302556991577148
2024,gah2,PHN66/LH287,9.559940338134766
2024,gah2,PHP02/LH244,9.997501373291016
2024,gah2,PHPR5/LH287,9.559940338134766
2024,gah2,PHR03/LH244,10.49472713470459
2024,gah2,PHR61/LH287,9.559940338134766
2024,gah2,PHRE1/PHTD5,6.646495342254639
2024,gah2,PHT10/LH287,9.559940338134766
2024,gah2,PHT11/LH287,9.559940338134766
2024,gah2,PHTP9/LH287,9.559940338134766
2024,gah2,PHVA9/LH287,9.559940338134766
2024,gah2,PHW30/LH244,9.727787971496582
2024,gah2,PHW52/PHM49,9.334939002990723
2024,gah2,W10004_0018/LH287,9.559940338134766
2024,gah2,W10004_0031/LH287,9.559940338134766
2024,gah2,W10004_0034/LH287,9.559940338134766
2024,gah2,W10004_0055/LH287,9.559940338134766
2024,gah2,W10004_0122/LH287,9.559940338134766
2024,gah2,W10004_0133/LH287,9.559940338134766
2024,gah2,W10004_0138/LH287,9.559940338134766
2024,gah2,W10004_0146/LH287,9.559940338134766
2024,gah2,W10004_0168/LH287,9.559940338134766
2024,gah2,W10004_0189/LH287,9.559940338134766
2024,gah2,W10004_0238/LH287,9.559940338134766
2024,gah2,W10004_0258/LH287,9.559940338134766
2024,gah2,W10004_0270/LH287,9.559940338134766
2024,gah2,W10004_0311/LH287,9.559940338134766
2024,gah2,W10004_0346/LH287,9.559940338134766
2024,gah2,W10004_0389/LH287,9.559940338134766
2024,gah2,W10004_0403/LH287,9.559940338134766
2024,gah2,W10004_0409/LH287,9.559940338134766
2024,gah2,W10004_0412/LH287,9.559940338134766
2024,gah2,W10004_0476/LH287,9.559940338134766
2024,gah2,W10004_0608/LH287,9.559940338134766
2024,gah2,W10004_0637/LH287,9.559940338134766
2024,gah2,W10004_0658/LH287,9.559940338134766
2024,gah2,W10004_0688/LH287,9.559940338134766
2024,gah2,W10004_0754/LH287,9.559940338134766
2024,gah2,W10004_0771/LH287,9.559940338134766
2024,gah2,W10004_0776/LH287,9.559940338134766
2024,gah2,W10004_0801/LH287,9.559940338134766
2024,gah2,W10004_0822/LH287,9.559940338134766
2024,gah2,W10004_0859/LH287,9.559940338134766
2024,gah2,W10004_0866/LH287,9.559940338134766
2024,gah2,W10004_0949/LH287,9.559940338134766
2024,gah2,W10004_1014/LH287,9.559940338134766
2024,gah2,W10004_1032/LH287,9.559940338134766
2024,gah2,W10004_1080/LH287,9.559940338134766
2024,gah2,ZS0510/LH287,9.559940338134766
2024,iah2,01CSI6/LH287,10.808917045593262
2024,iah2,01DIB2/LH287,10.808917045593262
2024,iah2,2369/LH123HT,13.178024291992188
2024,iah2,2FACC/LH287,10.808917045593262
2024,iah2,6F629/LH287,10.808917045593262
2024,iah2,6F629/PHP02,10.808917045593262
2024,iah2,B14A/OH43,10.241272926330566
2024,iah2,B37/H95,10.02307415008545
2024,iah2,B73/MO17,12.728315353393555
2024,iah2,B73/PHN82,13.149657249450684
2024,iah2,B73/TX779,7.829892635345459
2024,iah2,CG119/CG108,5.770116806030273
2024,iah2,CG44/CGR01,8.763368606567383
2024,iah2,DK3IIH6/LH244,12.721745491027832
2024,iah2,DKFBHJ/LH287,10.808917045593262
2024,iah2,DKFBHJ/PHP02,10.808917045593262
2024,iah2,FBLA/LH287,10.808917045593262
2024,iah2,FBLA/PHP02,10.808917045593262
2024,iah2,FBLL/LH287,10.808917045593262
2024,iah2,FBLL/PHP02,10.808917045593262
2024,iah2,GEMS-0061_3AZA1_0001/LH287,10.808917045593262
2024,iah2,GEMS-0061_3AZA1_0001/PHP02,10.808917045593262
2024,iah2,GEMS-0061_3AZA1_0003/PHP02,10.808917045593262
2024,iah2,GEMS-0061_3AZA1_0004/PHP02,10.808917045593262
2024,iah2,GEMS-0061_3AZA1_0005/PHP02,10.808917045593262
2024,iah2,GEMS-0061_3AZA1_0006/LH287,10.808917045593262
2024,iah2,GEMS-0061_3AZA1_0007/LH287,10.808917045593262
2024,iah2,GEMS-0061_3AZA1_0007/PHP02,10.808917045593262
2024,iah2,GEMS-0061_3AZA1_0009/LH287,10.808917045593262
2024,iah2,GEMS-0061_3AZA1_0009/PHP02,10.808917045593262
2024,iah2,GEMS-0061_3AZA1_0010/LH287,10.808917045593262
2024,iah2,GEMS-0061_3AZA1_0010/PHP02,10.808917045593262
2024,iah2,GEMS-0061_3AZA1_0011/PHP02,10.808917045593262
2024,iah2,GEMS-0061_3AZA1_0012/LH287,10.808917045593262
2024,iah2,GEMS-0061_3AZA1_0012/PHP02,10.808917045593262
2024,iah2,GEMS-0061_3AZA1_0013/PHP02,10.808917045593262
2024,iah2,GEMS-0061_3AZA1_0014/LH287,10.808917045593262
2024,iah2,GEMS-0061_3AZA1_0014/PHP02,10.808917045593262
2024,iah2,GEMS-0061_3AZA1_0015/LH287,10.808917045593262
2024,iah2,GEMS-0061_3AZA1_0015/PHP02,10.808917045593262
2024,iah2,GEMS-0061_3AZA1_0016/PHP02,10.808917045593262
2024,iah2,GEMS-0061_3AZA1_0017/LH287,10.808917045593262
2024,iah2,GEMS-0061_3AZA1_0017/PHP02,10.808917045593262
2024,iah2,GEMS-0061_3AZA1_0023/PHP02,10.808917045593262
2024,iah2,GEMS-0061_FBLL_0002/PHP02,10.808917045593262
2024,iah2,GEMS-0061_FBLL_0004/LH287,10.808917045593262
2024,iah2,GEMS-0061_FBLL_0004/PHP02,10.808917045593262
2024,iah2,GEMS-0061_FBLL_0005/PHP02,10.808917045593262
2024,iah2,GEMS-0061_FBLL_0007/PHP02,10.808917045593262
2024,iah2,GEMS-0061_FBLL_0008/PHP02,10.808917045593262
2024,iah2,GEMS-0061_FBLL_0010/LH287,10.808917045593262
2024,iah2,GEMS-0061_FBLL_0011/PHP02,10.808917045593262
2024,iah2,GEMS-0061_FBLL_0014/PHP02,10.808917045593262
2024,iah2,GEMS-0061_FBLL_0015/LH287,10.808917045593262
2024,iah2,GEMS-0061_FBLL_0015/PHP02,10.808917045593262
2024,iah2,GEMS-0061_FBLL_0016/PHP02,10.808917045593262
2024,iah2,GEMS-0061_FBLL_0017/LH287,10.808917045593262
2024,iah2,GEMS-0061_FBLL_0018/LH287,10.808917045593262
2024,iah2,GEMS-0061_FBLL_0019/LH287,10.808917045593262
2024,iah2,GEMS-0061_FBLL_0019/PHP02,10.808917045593262
2024,iah2,GEMS-0061_FBLL_0021/PHP02,10.808917045593262
2024,iah2,GEMS-0061_FBLL_0022/LH287,10.808917045593262
2024,iah2,GEMS-0061_FBLL_0023/LH287,10.808917045593262
2024,iah2,GEMS-0061_FBLL_0023/PHP02,10.808917045593262
2024,iah2,GEMS-0061_FBLL_0024/LH287,10.808917045593262
2024,iah2,GEMS-0061_FBLL_0024/PHP02,10.808917045593262
2024,iah2,GEMS-0061_FBLL_0026/LH287,10.808917045593262
2024,iah2,GEMS-0061_FBLL_0029/LH287,10.808917045593262
2024,iah2,GEMS-0061_FBLL_0029/PHP02,10.808917045593262
2024,iah2,GEMS-0061_FBLL_0031/LH287,10.808917045593262
2024,iah2,GEMS-0061_FBLL_0031/PHP02,10.808917045593262
2024,iah2,GEMS-0061_FBLL_0032/PHP02,10.808917045593262
2024,iah2,GEMS-0061_FBLL_0033/PHP02,10.808917045593262
2024,iah2,GEMS-0061_FBLL_0034/LH287,10.808917045593262
2024,iah2,GEMS-0061_FBLL_0034/PHP02,10.808917045593262
2024,iah2,GEMS-0061_FBLL_0037/LH287,10.808917045593262
2024,iah2,GEMS-0061_FBLL_0039/LH287,10.808917045593262
2024,iah2,GEMS-0061_FBLL_0039/PHP02,10.808917045593262
2024,iah2,GEMS-0061_FBLL_0042/PHP02,10.808917045593262
2024,iah2,GEMS-0061_FBLL_0044/PHP02,10.808917045593262
2024,iah2,GEMS-0061_FBLL_0047/PHP02,10.808917045593262
2024,iah2,GEMS-0061_PHB47_0001/LH287,10.808917045593262
2024,iah2,GEMS-0061_PHB47_0001/PHP02,10.808917045593262
2024,iah2,GEMS-0061_PHB47_0003/LH287,10.808917045593262
2024,iah2,GEMS-0061_PHB47_0004/LH287,10.808917045593262
2024,iah2,GEMS-0061_PHB47_0004/PHP02,10.808917045593262
2024,iah2,GEMS-0061_PHBW8_0001/LH287,10.808917045593262
2024,iah2,GEMS-0061_PHBW8_0001/PHP02,10.808917045593262
2024,iah2,GEMS-0061_PHBW8_0002/LH287,10.808917045593262
2024,iah2,GEMS-0061_PHBW8_0002/PHP02,10.808917045593262
2024,iah2,GEMS-0113_3AZA1_0001/LH287,10.808917045593262
2024,iah2,GEMS-0113_3AZA1_0001/PHP02,10.808917045593262
2024,iah2,GEMS-0113_3AZA1_0002/LH287,10.808917045593262
2024,iah2,GEMS-0113_3AZA1_0002/PHP02,10.808917045593262
2024,iah2,GEMS-0113_3AZA1_0003/PHP02,10.808917045593262
2024,iah2,GEMS-0113_3AZA1_0005/PHP02,10.808917045593262
2024,iah2,GEMS-0113_3AZA1_0006/PHP02,10.808917045593262
2024,iah2,GEMS-0113_3AZA1_0007/LH287,10.808917045593262
2024,iah2,GEMS-0113_3AZA1_0007/PHP02,10.808917045593262
2024,iah2,GEMS-0113_3AZA1_0008/LH287,10.808917045593262
2024,iah2,GEMS-0113_3AZA1_0008/PHP02,10.808917045593262
2024,iah2,GEMS-0113_3AZA1_0010/PHP02,10.808917045593262
2024,iah2,GEMS-0113_3AZA1_0011/PHP02,10.808917045593262
2024,iah2,GEMS-0113_3AZA1_0013/PHP02,10.808917045593262
2024,iah2,GEMS-0113_3AZA1_0014/PHP02,10.808917045593262
2024,iah2,GEMS-0113_3AZA1_0015/LH287,10.808917045593262
2024,iah2,GEMS-0113_3AZA1_0015/PHP02,10.808917045593262
2024,iah2,GEMS-0113_3AZA1_0016/PHP02,10.808917045593262
2024,iah2,GEMS-0113_3AZA1_0017/LH287,10.808917045593262
2024,iah2,GEMS-0113_3AZA1_0017/PHP02,10.808917045593262
2024,iah2,GEMS-0113_3AZA1_0018/LH287,10.808917045593262
2024,iah2,GEMS-0113_3AZA1_0018/PHP02,10.808917045593262
2024,iah2,GEMS-0113_3AZA1_0021/LH287,10.808917045593262
2024,iah2,GEMS-0113_3AZA1_0021/PHP02,10.808917045593262
2024,iah2,GEMS-0113_3AZA1_0023/LH287,10.808917045593262
2024,iah2,GEMS-0113_3AZA1_0023/PHP02,10.808917045593262
2024,iah2,GEMS-0113_3AZA1_0025/PHP02,10.808917045593262
2024,iah2,GEMS-0113_3AZA1_0026/LH287,10.808917045593262
2024,iah2,GEMS-0113_3AZA1_0027/LH287,10.808917045593262
2024,iah2,GEMS-0113_3AZA1_0027/PHP02,10.808917045593262
2024,iah2,GEMS-0113_3AZA1_0028/LH287,10.808917045593262
2024,iah2,GEMS-0113_3AZA1_0028/PHP02,10.808917045593262
2024,iah2,GEMS-0113_3AZA1_0029/LH287,10.808917045593262
2024,iah2,GEMS-0113_3AZA1_0029/PHP02,10.808917045593262
2024,iah2,GEMS-0113_3AZA1_0031/PHP02,10.808917045593262
2024,iah2,GEMS-0113_FBLL_0002/LH287,10.808917045593262
2024,iah2,GEMS-0113_FBLL_0002/PHP02,10.808917045593262
2024,iah2,GEMS-0113_FBLL_0003/PHP02,10.808917045593262
2024,iah2,GEMS-0113_FBLL_0004/LH287,10.808917045593262
2024,iah2,GEMS-0113_FBLL_0005/LH287,10.808917045593262
2024,iah2,GEMS-0113_FBLL_0006/LH287,10.808917045593262
2024,iah2,GEMS-0113_FBLL_0006/PHP02,10.808917045593262
2024,iah2,GEMS-0113_FBLL_0007/LH287,10.808917045593262
2024,iah2,GEMS-0113_FBLL_0007/PHP02,10.808917045593262
2024,iah2,GEMS-0113_FBLL_0008/PHP02,10.808917045593262
2024,iah2,GEMS-0113_FBLL_0010/LH287,10.808917045593262
2024,iah2,GEMS-0113_FBLL_0010/PHP02,10.808917045593262
2024,iah2,GEMS-0113_FBLL_0011/LH287,10.808917045593262
2024,iah2,GEMS-0113_FBLL_0013/LH287,10.808917045593262
2024,iah2,GEMS-0113_FBLL_0015/LH287,10.808917045593262
2024,iah2,GEMS-0113_FBLL_0015/PHP02,10.808917045593262
2024,iah2,GEMS-0113_PHB47_0001/LH287,10.808917045593262
2024,iah2,GEMS-0113_PHB47_0001/PHP02,10.808917045593262
2024,iah2,GEMS-0113_PHB47_0003/PHP02,10.808917045593262
2024,iah2,GEMS-0113_PHB47_0004/PHP02,10.808917045593262
2024,iah2,GEMS-0113_PHB47_0005/PHP02,10.808917045593262
2024,iah2,GEMS-0113_PHB47_0006/PHP02,10.808917045593262
2024,iah2,GEMS-0113_PHB47_0007/LH287,10.808917045593262
2024,iah2,GEMS-0113_PHB47_0007/PHP02,10.808917045593262
2024,iah2,GEMS-0113_PHB47_0008/LH287,10.808917045593262
2024,iah2,GEMS-0113_PHB47_0011/PHP02,10.808917045593262
2024,iah2,GEMS-0113_PHB47_0013/LH287,10.808917045593262
2024,iah2,GEMS-0113_PHB47_0013/PHP02,10.808917045593262
2024,iah2,GEMS-0113_PHB47_0014/LH287,10.808917045593262
2024,iah2,GEMS-0113_PHB47_0015/LH287,10.808917045593262
2024,iah2,GEMS-0113_PHB47_0017/PHP02,10.808917045593262
2024,iah2,GEMS-0113_PHB47_0019/PHP02,10.808917045593262
2024,iah2,GEMS-0113_PHB47_0020/PHP02,10.808917045593262
2024,iah2,GEMS-0113_PHBW8_0001/LH287,10.808917045593262
2024,iah2,GEMS-0113_PHBW8_0001/PHP02,10.808917045593262
2024,iah2,GEMS-0113_PHBW8_0002/LH287,10.808917045593262
2024,iah2,GEMS-0113_PHBW8_0002/PHP02,10.808917045593262
2024,iah2,GEMS-0113_PHBW8_0004/LH287,10.808917045593262
2024,iah2,GEMS-0113_PHBW8_0004/PHP02,10.808917045593262
2024,iah2,GEMS-0113_PHBW8_0005/LH287,10.808917045593262
2024,iah2,GEMS-0113_PHBW8_0005/PHP02,10.808917045593262
2024,iah2,GEMS-0113_PHBW8_0006/LH287,10.808917045593262
2024,iah2,GEMS-0113_PHBW8_0006/PHP02,10.808917045593262
2024,iah2,GEMS-0113_PHBW8_0007/PHP02,10.808917045593262
2024,iah2,GEMS-0113_PHBW8_0008/PHP02,10.808917045593262
2024,iah2,GEMS-0113_PHBW8_0009/PHP02,10.808917045593262
2024,iah2,GEMS-0113_PHBW8_0010/PHP02,10.808917045593262
2024,iah2,GEMS-0113_PHBW8_0011/LH287,10.808917045593262
2024,iah2,GEMS-0113_PHBW8_0012/PHP02,10.808917045593262
2024,iah2,GEMS-0113_PHBW8_0013/LH287,10.808917045593262
2024,iah2,GEMS-0113_PHBW8_0014/LH287,10.808917045593262
2024,iah2,GEMS-0113_PHBW8_0017/PHP02,10.808917045593262
2024,iah2,GEMS-0219_3AZA1_0001/PHP02,10.808917045593262
2024,iah2,GEMS-0219_3AZA1_0002/LH287,10.808917045593262
2024,iah2,GEMS-0219_3AZA1_0002/PHP02,10.808917045593262
2024,iah2,GEMS-0219_3AZA1_0003/LH287,10.808917045593262
2024,iah2,GEMS-0219_3AZA1_0003/PHP02,10.808917045593262
2024,iah2,GEMS-0219_3AZA1_0005/LH287,10.808917045593262
2024,iah2,GEMS-0219_3AZA1_0005/PHP02,10.808917045593262
2024,iah2,GEMS-0219_3AZA1_0006/LH287,10.808917045593262
2024,iah2,GEMS-0219_3AZA1_0006/PHP02,10.808917045593262
2024,iah2,GEMS-0219_3AZA1_0007/PHP02,10.808917045593262
2024,iah2,GEMS-0219_3AZA1_0008/PHP02,10.808917045593262
2024,iah2,GEMS-0219_3AZA1_0010/LH287,10.808917045593262
2024,iah2,GEMS-0219_3AZA1_0012/LH287,10.808917045593262
2024,iah2,GEMS-0219_3AZA1_0012/PHP02,10.808917045593262
2024,iah2,GEMS-0219_3AZA1_0014/LH287,10.808917045593262
2024,iah2,GEMS-0219_3AZA1_0014/PHP02,10.808917045593262
2024,iah2,GEMS-0219_FBLL_0002/PHP02,10.808917045593262
2024,iah2,GEMS-0219_FBLL_0003/PHP02,10.808917045593262
2024,iah2,GEMS-0219_FBLL_0004/LH287,10.808917045593262
2024,iah2,GEMS-0219_FBLL_0006/PHP02,10.808917045593262
2024,iah2,GEMS-0219_FBLL_0008/LH287,10.808917045593262
2024,iah2,GEMS-0219_FBLL_0008/PHP02,10.808917045593262
2024,iah2,GEMS-0219_FBLL_0009/PHP02,10.808917045593262
2024,iah2,GEMS-0219_FBLL_0010/LH287,10.808917045593262
2024,iah2,GEMS-0219_FBLL_0010/PHP02,10.808917045593262
2024,iah2,GEMS-0219_FBLL_0011/LH287,10.808917045593262
2024,iah2,GEMS-0219_FBLL_0011/PHP02,10.808917045593262
2024,iah2,GEMS-0219_FBLL_0012/PHP02,10.808917045593262
2024,iah2,GEMS-0219_FBLL_0013/LH287,10.808917045593262
2024,iah2,GEMS-0219_FBLL_0013/PHP02,10.808917045593262
2024,iah2,GEMS-0219_FBLL_0014/PHP02,10.808917045593262
2024,iah2,GEMS-0219_FBLL_0015/PHP02,10.808917045593262
2024,iah2,GEMS-0219_FBLL_0017/LH287,10.808917045593262
2024,iah2,GEMS-0219_FBLL_0017/PHP02,10.808917045593262
2024,iah2,GEMS-0219_FBLL_0018/LH287,10.808917045593262
2024,iah2,GEMS-0219_FBLL_0019/LH287,10.808917045593262
2024,iah2,GEMS-0219_FBLL_0020/LH287,10.808917045593262
2024,iah2,GEMS-0219_FBLL_0022/PHP02,10.808917045593262
2024,iah2,GEMS-0219_FBLL_0023/LH287,10.808917045593262
2024,iah2,GEMS-0219_FBLL_0025/LH287,10.808917045593262
2024,iah2,GEMS-0219_FBLL_0027/LH287,10.808917045593262
2024,iah2,GEMS-0219_FBLL_0028/LH287,10.808917045593262
2024,iah2,GEMS-0219_FBLL_0030/LH287,10.808917045593262
2024,iah2,GEMS-0219_FBLL_0030/PHP02,10.808917045593262
2024,iah2,GEMS-0219_PHB47_0001/LH287,10.808917045593262
2024,iah2,GEMS-0219_PHB47_0001/PHP02,10.808917045593262
2024,iah2,GEMS-0219_PHB47_0002/PHP02,10.808917045593262
2024,iah2,GEMS-0219_PHB47_0003/LH287,10.808917045593262
2024,iah2,GEMS-0219_PHB47_0003/PHP02,10.808917045593262
2024,iah2,GEMS-0219_PHB47_0004/PHP02,10.808917045593262
2024,iah2,GEMS-0219_PHB47_0005/LH287,10.808917045593262
2024,iah2,GEMS-0219_PHB47_0005/PHP02,10.808917045593262
2024,iah2,GEMS-0219_PHB47_0006/LH287,10.808917045593262
2024,iah2,GEMS-0219_PHB47_0006/PHP02,10.808917045593262
2024,iah2,GEMS-0219_PHB47_0011/LH287,10.808917045593262
2024,iah2,GEMS-0219_PHB47_0014/PHP02,10.808917045593262
2024,iah2,GEMS-0219_PHB47_0017/PHP02,10.808917045593262
2024,iah2,GEMS-0219_PHBW8_0001/LH287,10.808917045593262
2024,iah2,GEMS-0219_PHBW8_0001/PHP02,10.808917045593262
2024,iah2,GEMS-0219_PHBW8_0002/LH287,10.808917045593262
2024,iah2,GEMS-0219_PHBW8_0002/PHP02,10.808917045593262
2024,iah2,GEMS-0219_PHBW8_0003/PHP02,10.808917045593262
2024,iah2,GEMS-0219_PHBW8_0004/PHP02,10.808917045593262
2024,iah2,GEMS-0219_PHBW8_0006/LH287,10.808917045593262
2024,iah2,GEMS-0219_PHBW8_0006/PHP02,10.808917045593262
2024,iah2,GEMS-0219_PHBW8_0008/LH287,10.808917045593262
2024,iah2,GEMS-0219_PHBW8_0009/LH287,10.808917045593262
2024,iah2,GEMS-0219_PHBW8_0009/PHP02,10.808917045593262
2024,iah2,GEMS-0219_PHBW8_0011/PHP02,10.808917045593262
2024,iah2,GEMS-0227_3AZA1_0001/LH287,10.808917045593262
2024,iah2,GEMS-0227_3AZA1_0001/PHP02,10.808917045593262
2024,iah2,GEMS-0227_3AZA1_0002/LH287,10.808917045593262
2024,iah2,GEMS-0227_3AZA1_0002/PHP02,10.808917045593262
2024,iah2,GEMS-0227_3AZA1_0003/LH287,10.808917045593262
2024,iah2,GEMS-0227_3AZA1_0004/PHP02,10.808917045593262
2024,iah2,GEMS-0227_3AZA1_0005/PHP02,10.808917045593262
2024,iah2,GEMS-0227_3AZA1_0006/LH287,10.808917045593262
2024,iah2,GEMS-0227_3AZA1_0006/PHP02,10.808917045593262
2024,iah2,GEMS-0227_3AZA1_0007/PHP02,10.808917045593262
2024,iah2,GEMS-0227_3AZA1_0008/LH287,10.808917045593262
2024,iah2,GEMS-0227_3AZA1_0008/PHP02,10.808917045593262
2024,iah2,GEMS-0227_3AZA1_0009/LH287,10.808917045593262
2024,iah2,GEMS-0227_3AZA1_0009/PHP02,10.808917045593262
2024,iah2,GEMS-0227_3AZA1_0010/LH287,10.808917045593262
2024,iah2,GEMS-0227_3AZA1_0011/LH287,10.808917045593262
2024,iah2,GEMS-0227_3AZA1_0012/LH287,10.808917045593262
2024,iah2,GEMS-0227_3AZA1_0012/PHP02,10.808917045593262
2024,iah2,GEMS-0227_3AZA1_0013/PHP02,10.808917045593262
2024,iah2,GEMS-0227_3AZA1_0014/LH287,10.808917045593262
2024,iah2,GEMS-0227_3AZA1_0015/LH287,10.808917045593262
2024,iah2,GEMS-0227_3AZA1_0015/PHP02,10.808917045593262
2024,iah2,GEMS-0227_3AZA1_0016/LH287,10.808917045593262
2024,iah2,GEMS-0227_3AZA1_0017/LH287,10.808917045593262
2024,iah2,GEMS-0227_3AZA1_0018/PHP02,10.808917045593262
2024,iah2,GEMS-0227_3AZA1_0019/LH287,10.808917045593262
2024,iah2,GEMS-0227_3AZA1_0019/PHP02,10.808917045593262
2024,iah2,GEMS-0227_3AZA1_0021/PHP02,10.808917045593262
2024,iah2,GEMS-0227_3AZA1_0022/LH287,10.808917045593262
2024,iah2,GEMS-0227_3AZA1_0023/LH287,10.808917045593262
2024,iah2,GEMS-0227_3AZA1_0023/PHP02,10.808917045593262
2024,iah2,GEMS-0227_3AZA1_0024/LH287,10.808917045593262
2024,iah2,GEMS-0227_3AZA1_0024/PHP02,10.808917045593262
2024,iah2,GEMS-0227_3AZA1_0028/PHP02,10.808917045593262
2024,iah2,GEMS-0227_3AZA1_0029/LH287,10.808917045593262
2024,iah2,GEMS-0227_3AZA1_0030/LH287,10.808917045593262
2024,iah2,GEMS-0227_3AZA1_0031/PHP02,10.808917045593262
2024,iah2,GEMS-0227_3AZA1_0032/LH287,10.808917045593262
2024,iah2,GEMS-0227_3AZA1_0032/PHP02,10.808917045593262
2024,iah2,GEMS-0227_3AZA1_0034/LH287,10.808917045593262
2024,iah2,GEMS-0227_3AZA1_0034/PHP02,10.808917045593262
2024,iah2,GEMS-0227_3AZA1_0035/LH287,10.808917045593262
2024,iah2,GEMS-0227_3AZA1_0035/PHP02,10.808917045593262
2024,iah2,GEMS-0227_3AZA1_0036/LH287,10.808917045593262
2024,iah2,GEMS-0227_3AZA1_0036/PHP02,10.808917045593262
2024,iah2,GEMS-0227_3AZA1_0040/LH287,10.808917045593262
2024,iah2,GEMS-0227_3AZA1_0040/PHP02,10.808917045593262
2024,iah2,GEMS-0227_3AZA1_0041/LH287,10.808917045593262
2024,iah2,GEMS-0227_3AZA1_0041/PHP02,10.808917045593262
2024,iah2,GEMS-0227_3AZA1_0043/LH287,10.808917045593262
2024,iah2,GEMS-0227_3AZA1_0045/LH287,10.808917045593262
2024,iah2,GEMS-0227_3AZA1_0045/PHP02,10.808917045593262
2024,iah2,GEMS-0227_3AZA1_0046/LH287,10.808917045593262
2024,iah2,GEMS-0227_3AZA1_0048/LH287,10.808917045593262
2024,iah2,GEMS-0227_3AZA1_0048/PHP02,10.808917045593262
2024,iah2,GEMS-0227_3AZA1_0049/LH287,10.808917045593262
2024,iah2,GEMS-0227_FBLL_0001/LH287,10.808917045593262
2024,iah2,GEMS-0227_FBLL_0001/PHP02,10.808917045593262
2024,iah2,GEMS-0227_FBLL_0002/PHP02,10.808917045593262
2024,iah2,GEMS-0227_FBLL_0003/LH287,10.808917045593262
2024,iah2,GEMS-0227_FBLL_0003/PHP02,10.808917045593262
2024,iah2,GEMS-0227_FBLL_0004/LH287,10.808917045593262
2024,iah2,GEMS-0227_FBLL_0007/PHP02,10.808917045593262
2024,iah2,GEMS-0227_FBLL_0008/PHP02,10.808917045593262
2024,iah2,GEMS-0227_FBLL_0009/LH287,10.808917045593262
2024,iah2,GEMS-0227_FBLL_0009/PHP02,10.808917045593262
2024,iah2,GEMS-0227_FBLL_0010/LH287,10.808917045593262
2024,iah2,GEMS-0227_FBLL_0012/PHP02,10.808917045593262
2024,iah2,GEMS-0227_FBLL_0013/LH287,10.808917045593262
2024,iah2,GEMS-0227_FBLL_0013/PHP02,10.808917045593262
2024,iah2,GEMS-0227_FBLL_0014/PHP02,10.808917045593262
2024,iah2,GEMS-0227_FBLL_0015/LH287,10.808917045593262
2024,iah2,GEMS-0227_FBLL_0016/LH287,10.808917045593262
2024,iah2,GEMS-0227_FBLL_0016/PHP02,10.808917045593262
2024,iah2,GEMS-0227_FBLL_0017/LH287,10.808917045593262
2024,iah2,GEMS-0227_FBLL_0017/PHP02,10.808917045593262
2024,iah2,GEMS-0227_FBLL_0018/LH287,10.808917045593262
2024,iah2,GEMS-0227_FBLL_0018/PHP02,10.808917045593262
2024,iah2,GEMS-0227_FBLL_0019/PHP02,10.808917045593262
2024,iah2,GEMS-0227_FBLL_0020/LH287,10.808917045593262
2024,iah2,GEMS-0227_FBLL_0020/PHP02,10.808917045593262
2024,iah2,GEMS-0227_FBLL_0021/PHP02,10.808917045593262
2024,iah2,GEMS-0227_FBLL_0022/LH287,10.808917045593262
2024,iah2,GEMS-0227_FBLL_0022/PHP02,10.808917045593262
2024,iah2,GEMS-0227_FBLL_0023/LH287,10.808917045593262
2024,iah2,GEMS-0227_FBLL_0023/PHP02,10.808917045593262
2024,iah2,GEMS-0227_FBLL_0024/PHP02,10.808917045593262
2024,iah2,GEMS-0227_FBLL_0025/LH287,10.808917045593262
2024,iah2,GEMS-0227_FBLL_0025/PHP02,10.808917045593262
2024,iah2,GEMS-0227_FBLL_0026/LH287,10.808917045593262
2024,iah2,GEMS-0227_FBLL_0026/PHP02,10.808917045593262
2024,iah2,GEMS-0227_FBLL_0027/LH287,10.808917045593262
2024,iah2,GEMS-0227_FBLL_0028/PHP02,10.808917045593262
2024,iah2,GEMS-0227_FBLL_0029/LH287,10.808917045593262
2024,iah2,GEMS-0227_FBLL_0029/PHP02,10.808917045593262
2024,iah2,GEMS-0227_FBLL_0031/LH287,10.808917045593262
2024,iah2,GEMS-0227_FBLL_0031/PHP02,10.808917045593262
2024,iah2,GEMS-0227_FBLL_0034/PHP02,10.808917045593262
2024,iah2,GEMS-0227_FBLL_0035/LH287,10.808917045593262
2024,iah2,GEMS-0227_FBLL_0035/PHP02,10.808917045593262
2024,iah2,GEMS-0227_FBLL_0036/LH287,10.808917045593262
2024,iah2,GEMS-0227_FBLL_0036/PHP02,10.808917045593262
2024,iah2,GEMS-0227_FBLL_0037/LH287,10.808917045593262
2024,iah2,GEMS-0227_FBLL_0037/PHP02,10.808917045593262
2024,iah2,GEMS-0227_FBLL_0038/LH287,10.808917045593262
2024,iah2,GEMS-0227_FBLL_0038/PHP02,10.808917045593262
2024,iah2,GEMS-0227_FBLL_0039/LH287,10.808917045593262
2024,iah2,GEMS-0227_FBLL_0040/LH287,10.808917045593262
2024,iah2,GEMS-0227_FBLL_0041/PHP02,10.808917045593262
2024,iah2,GEMS-0227_FBLL_0042/PHP02,10.808917045593262
2024,iah2,GEMS-0227_FBLL_0043/LH287,10.808917045593262
2024,iah2,GEMS-0227_FBLL_0043/PHP02,10.808917045593262
2024,iah2,GEMS-0227_FBLL_0044/LH287,10.808917045593262
2024,iah2,GEMS-0227_FBLL_0044/PHP02,10.808917045593262
2024,iah2,GEMS-0227_FBLL_0045/PHP02,10.808917045593262
2024,iah2,GEMS-0227_FBLL_0046/PHP02,10.808917045593262
2024,iah2,GEMS-0227_FBLL_0047/LH287,10.808917045593262
2024,iah2,GEMS-0227_FBLL_0047/PHP02,10.808917045593262
2024,iah2,GEMS-0227_FBLL_0049/LH287,10.808917045593262
2024,iah2,GEMS-0227_FBLL_0049/PHP02,10.808917045593262
2024,iah2,GEMS-0227_FBLL_0050/PHP02,10.808917045593262
2024,iah2,GEMS-0227_FBLL_0051/LH287,10.808917045593262
2024,iah2,GEMS-0227_FBLL_0054/LH287,10.808917045593262
2024,iah2,GEMS-0227_FBLL_0054/PHP02,10.808917045593262
2024,iah2,GEMS-0227_FBLL_0055/LH287,10.808917045593262
2024,iah2,GEMS-0227_FBLL_0055/PHP02,10.808917045593262
2024,iah2,GEMS-0227_FBLL_0056/PHP02,10.808917045593262
2024,iah2,GEMS-0227_FBLL_0057/LH287,10.808917045593262
2024,iah2,GEMS-0227_FBLL_0058/LH287,10.808917045593262
2024,iah2,GEMS-0227_FBLL_0059/LH287,10.808917045593262
2024,iah2,GEMS-0227_FBLL_0059/PHP02,10.808917045593262
2024,iah2,GEMS-0227_FBLL_0060/PHP02,10.808917045593262
2024,iah2,GEMS-0227_FBLL_0063/LH287,10.808917045593262
2024,iah2,GEMS-0227_FBLL_0063/PHP02,10.808917045593262
2024,iah2,GEMS-0227_FBLL_0064/LH287,10.808917045593262
2024,iah2,GEMS-0227_FBLL_0064/PHP02,10.808917045593262
2024,iah2,GEMS-0227_FBLL_0066/LH287,10.808917045593262
2024,iah2,GEMS-0227_FBLL_0066/PHP02,10.808917045593262
2024,iah2,GEMS-0227_FBLL_0067/PHP02,10.808917045593262
2024,iah2,GEMS-0227_FBLL_0068/LH287,10.808917045593262
2024,iah2,GEMS-0227_FBLL_0069/LH287,10.808917045593262
2024,iah2,GEMS-0227_FBLL_0069/PHP02,10.808917045593262
2024,iah2,GEMS-0227_FBLL_0071/PHP02,10.808917045593262
2024,iah2,GEMS-0227_FBLL_0073/PHP02,10.808917045593262
2024,iah2,GEMS-0227_FBLL_0074/LH287,10.808917045593262
2024,iah2,GEMS-0227_FBLL_0075/PHP02,10.808917045593262
2024,iah2,GEMS-0227_FBLL_0077/LH287,10.808917045593262
2024,iah2,GEMS-0227_FBLL_0078/PHP02,10.808917045593262
2024,iah2,GEMS-0227_FBLL_0079/LH287,10.808917045593262
2024,iah2,GEMS-0227_FBLL_0079/PHP02,10.808917045593262
2024,iah2,GEMS-0227_FBLL_0080/LH287,10.808917045593262
2024,iah2,GEMS-0227_FBLL_0085/LH287,10.808917045593262
2024,iah2,GEMS-0227_FBLL_0085/PHP02,10.808917045593262
2024,iah2,GEMS-0227_FBLL_0087/LH287,10.808917045593262
2024,iah2,GEMS-0227_FBLL_0087/PHP02,10.808917045593262
2024,iah2,GEMS-0227_FBLL_0088/LH287,10.808917045593262
2024,iah2,GEMS-0227_FBLL_0088/PHP02,10.808917045593262
2024,iah2,GEMS-0227_FBLL_0089/PHP02,10.808917045593262
2024,iah2,GEMS-0227_FBLL_0090/LH287,10.808917045593262
2024,iah2,GEMS-0227_FBLL_0090/PHP02,10.808917045593262
2024,iah2,GEMS-0227_FBLL_0093/LH287,10.808917045593262
2024,iah2,GEMS-0227_FBLL_0096/LH287,10.808917045593262
2024,iah2,GEMS-0227_FBLL_0097/LH287,10.808917045593262
2024,iah2,GEMS-0227_FBLL_0098/PHP02,10.808917045593262
2024,iah2,GEMS-0227_FBLL_0101/LH287,10.808917045593262
2024,iah2,GEMS-0227_FBLL_0104/PHP02,10.808917045593262
2024,iah2,GEMS-0227_FBLL_0105/LH287,10.808917045593262
2024,iah2,GEMS-0227_FBLL_0105/PHP02,10.808917045593262
2024,iah2,GEMS-0227_FBLL_0106/LH287,10.808917045593262
2024,iah2,GEMS-0227_FBLL_0106/PHP02,10.808917045593262
2024,iah2,GEMS-0227_FBLL_0110/LH287,10.808917045593262
2024,iah2,GEMS-0227_FBLL_0110/PHP02,10.808917045593262
2024,iah2,GEMS-0227_FBLL_0111/LH287,10.808917045593262
2024,iah2,GEMS-0227_FBLL_0111/PHP02,10.808917045593262
2024,iah2,GEMS-0227_FBLL_0113/LH287,10.808917045593262
2024,iah2,GEMS-0227_FBLL_0114/LH287,10.808917045593262
2024,iah2,GEMS-0227_FBLL_0115/LH287,10.808917045593262
2024,iah2,GEMS-0227_FBLL_0116/PHP02,10.808917045593262
2024,iah2,GEMS-0227_FBLL_0118/LH287,10.808917045593262
2024,iah2,GEMS-0227_FBLL_0118/PHP02,10.808917045593262
2024,iah2,GEMS-0227_FBLL_0121/LH287,10.808917045593262
2024,iah2,GEMS-0227_FBLL_0124/LH287,10.808917045593262
2024,iah2,GEMS-0227_FBLL_0125/LH287,10.808917045593262
2024,iah2,GEMS-0227_FBLL_0125/PHP02,10.808917045593262
2024,iah2,GEMS-0227_FBLL_0133/LH287,10.808917045593262
2024,iah2,GEMS-0227_FBLL_0133/PHP02,10.808917045593262
2024,iah2,GEMS-0227_FBLL_0136/LH287,10.808917045593262
2024,iah2,GEMS-0227_FBLL_0136/PHP02,10.808917045593262
2024,iah2,GEMS-0227_FBLL_0140/LH287,10.808917045593262
2024,iah2,GEMS-0227_FBLL_0140/PHP02,10.808917045593262
2024,iah2,GEMS-0227_FBLL_0141/PHP02,10.808917045593262
2024,iah2,GEMS-0227_PHB47_0001/LH287,10.808917045593262
2024,iah2,GEMS-0227_PHB47_0002/LH287,10.808917045593262
2024,iah2,GEMS-0227_PHB47_0002/PHP02,10.808917045593262
2024,iah2,GEMS-0227_PHB47_0003/PHP02,10.808917045593262
2024,iah2,GEMS-0227_PHB47_0004/PHP02,10.808917045593262
2024,iah2,GEMS-0227_PHB47_0006/LH287,10.808917045593262
2024,iah2,GEMS-0227_PHB47_0007/LH287,10.808917045593262
2024,iah2,GEMS-0227_PHB47_0009/LH287,10.808917045593262
2024,iah2,GEMS-0227_PHB47_0009/PHP02,10.808917045593262
2024,iah2,GEMS-0227_PHB47_0010/LH287,10.808917045593262
2024,iah2,GEMS-0227_PHB47_0010/PHP02,10.808917045593262
2024,iah2,GEMS-0227_PHB47_0011/LH287,10.808917045593262
2024,iah2,GEMS-0227_PHB47_0012/LH287,10.808917045593262
2024,iah2,GEMS-0227_PHB47_0012/PHP02,10.808917045593262
2024,iah2,GEMS-0227_PHB47_0014/LH287,10.808917045593262
2024,iah2,GEMS-0227_PHB47_0016/LH287,10.808917045593262
2024,iah2,GEMS-0227_PHB47_0024/LH287,10.808917045593262
2024,iah2,GEMS-0227_PHB47_0025/PHP02,10.808917045593262
2024,iah2,GEMS-0227_PHBW8_0001/LH287,10.808917045593262
2024,iah2,GEMS-0227_PHBW8_0001/PHP02,10.808917045593262
2024,iah2,GEMS-0227_PHBW8_0002/LH287,10.808917045593262
2024,iah2,GEMS-0227_PHBW8_0004/LH287,10.808917045593262
2024,iah2,GEMS-0227_PHBW8_0004/PHP02,10.808917045593262
2024,iah2,GEMS-0227_PHBW8_0005/LH287,10.808917045593262
2024,iah2,GEMS-0227_PHBW8_0006/LH287,10.808917045593262
2024,iah2,GEMS-0227_PHBW8_0007/LH287,10.808917045593262
2024,iah2,GEMS-0227_PHBW8_0007/PHP02,10.808917045593262
2024,iah2,GEMS-0227_PHBW8_0009/LH287,10.808917045593262
2024,iah2,GEMS-0227_PHBW8_0010/LH287,10.808917045593262
2024,iah2,GEMS-0227_PHBW8_0010/PHP02,10.808917045593262
2024,iah2,GEMS-0227_PHBW8_0012/LH287,10.808917045593262
2024,iah2,GEMS-0227_PHBW8_0012/PHP02,10.808917045593262
2024,iah2,GEMS-0227_PHBW8_0015/LH287,10.808917045593262
2024,iah2,GEMS-0227_PHBW8_0015/PHP02,10.808917045593262
2024,iah2,GEMS-0227_PHBW8_0016/LH287,10.808917045593262
2024,iah2,GEMS-0227_PHBW8_0017/LH287,10.808917045593262
2024,iah2,GEMS-0227_PHBW8_0018/LH287,10.808917045593262
2024,iah2,GEMS-0227_PHBW8_0019/LH287,10.808917045593262
2024,iah2,GEMS-0227_PHBW8_0020/LH287,10.808917045593262
2024,iah2,GEMS-0227_PHBW8_0020/PHP02,10.808917045593262
2024,iah2,GEMS-0227_PHBW8_0021/PHP02,10.808917045593262
2024,iah2,GEMS-0227_PHBW8_0022/LH287,10.808917045593262
2024,iah2,GEMS-0227_PHBW8_0022/PHP02,10.808917045593262
2024,iah2,GEMS-0227_PHBW8_0024/LH287,10.808917045593262
2024,iah2,GEMS-0227_PHBW8_0024/PHP02,10.808917045593262
2024,iah2,LH132/LH287,10.808917045593262
2024,iah2,LH132/PHP02,10.681443214416504
2024,iah2,LH192/PHP02,10.808917045593262
2024,iah2,LH193/LH287,10.808917045593262
2024,iah2,LH194/LH287,10.808917045593262
2024,iah2,LH194/PHP02,10.808917045593262
2024,iah2,LH195/LH287,10.808917045593262
2024,iah2,LH195/PHP02,10.921243667602539
2024,iah2,LH195/PHZ51,10.20395565032959
2024,iah2,LH197/PHP02,10.808917045593262
2024,iah2,LH198/LH287,10.808917045593262
2024,iah2,LH200/LH287,10.808917045593262
2024,iah2,LH200/PHP02,10.808917045593262
2024,iah2,LH204/LH287,10.808917045593262
2024,iah2,LH204/PHP02,10.808917045593262
2024,iah2,LH224/LH287,10.808917045593262
2024,iah2,LH224/PHP02,10.808917045593262
2024,iah2,LH225/LH287,10.808917045593262
2024,iah2,LH225/PHP02,10.808917045593262
2024,iah2,LH226HT/LH287,10.808917045593262
2024,iah2,LH226HT/PHP02,10.808917045593262
2024,iah2,LH228/PHP02,10.808917045593262
2024,iah2,LH231/LH287,10.808917045593262
2024,iah2,LH234/LH287,10.808917045593262
2024,iah2,LH234/PHP02,10.808917045593262
2024,iah2,LH235/LH287,10.808917045593262
2024,iah2,LH235/PHP02,10.808917045593262
2024,iah2,LH236/PHP02,10.808917045593262
2024,iah2,LH244/PHK76,10.286360740661621
2024,iah2,LH264/LH287,10.808917045593262
2024,iah2,LH264/PHP02,10.808917045593262
2024,iah2,LH273/LH287,10.808917045593262
2024,iah2,LH287/LH244,13.707680702209473
2024,iah2,LH292/LH287,10.808917045593262
2024,iah2,LH292/PHP02,10.808917045593262
2024,iah2,LH82/LH244,10.77938175201416
2024,iah2,MM501D/LH244,12.835007667541504
2024,iah2,NKH8431/LH287,10.808917045593262
2024,iah2,PH05F/LH287,10.808917045593262
2024,iah2,PH05F/PHP02,10.808917045593262
2024,iah2,PH05G/LH287,10.808917045593262
2024,iah2,PH05W/PHP02,10.808917045593262
2024,iah2,PH06N/PHP02,10.808917045593262
2024,iah2,PH07D/LH287,10.808917045593262
2024,iah2,PH07D/PHP02,10.808917045593262
2024,iah2,PH08A/LH287,10.808917045593262
2024,iah2,PH08A/PHP02,10.808917045593262
2024,iah2,PH09E/LH287,10.808917045593262
2024,iah2,PH09E/PHP02,10.808917045593262
2024,iah2,PH0B4/PHP02,10.808917045593262
2024,iah2,PH0CD/LH287,10.808917045593262
2024,iah2,PH0GP/PHP02,10.808917045593262
2024,iah2,PH12C/LH287,10.808917045593262
2024,iah2,PH12C/PHP02,10.808917045593262
2024,iah2,PH19V/LH287,10.808917045593262
2024,iah2,PH19V/PHP02,10.808917045593262
2024,iah2,PH1CA/LH287,10.808917045593262
2024,iah2,PH1CA/PHP02,10.808917045593262
2024,iah2,PH1GC/PHP02,10.808917045593262
2024,iah2,PH1GG/PHP02,10.808917045593262
2024,iah2,PH1TB/LH287,10.808917045593262
2024,iah2,PH1W2/LH287,10.808917045593262
2024,iah2,PH1W2/PHP02,10.808917045593262
2024,iah2,PH24E/LH244,13.098944664001465
2024,iah2,PH24M/LH287,10.808917045593262
2024,iah2,PH24M/PHP02,10.808917045593262
2024,iah2,PH32C/PHP02,10.808917045593262
2024,iah2,PH37C/LH287,10.808917045593262
2024,iah2,PH38D/LH287,10.808917045593262
2024,iah2,PH38D/PHP02,10.808917045593262
2024,iah2,PH42B/LH287,10.808917045593262
2024,iah2,PH44A/LH287,10.808917045593262
2024,iah2,PH44A/PHP02,10.808917045593262
2024,iah2,PH55C/PHP02,10.808917045593262
2024,iah2,PH63A/PHP02,10.808917045593262
2024,iah2,PH79A/LH287,10.808917045593262
2024,iah2,PH79A/PHP02,10.808917045593262
2024,iah2,PHB47/LH287,10.808917045593262
2024,iah2,PHB47/PHN82,11.962346076965332
2024,iah2,PHB47/PHZ51,10.018179893493652
2024,iah2,PHBW8/LH287,10.808917045593262
2024,iah2,PHEW7/LH287,10.808917045593262
2024,iah2,PHEW7/PHP02,10.808917045593262
2024,iah2,PHG29/PHG47,9.2024688720703125
2024,iah2,PHG39/PHN82,12.011762619018555
2024,iah2,PHHB9/LH287,10.808917045593262
2024,iah2,PHHB9/PHP02,10.808917045593262
2024,iah2,PHJ40/PHAJ0,5.770116806030273
2024,iah2,PHJ89/LH244,12.265127182006836
2024,iah2,PHK56/LH244,12.993446350097656
2024,iah2,PHKV0/LH287,10.808917045593262
2024,iah2,PHKV0/PHP02,10.808917045593262
2024,iah2,PHN41/PHP02,10.808917045593262
2024,iah2,PHN46/LH244,10.301806449890137
2024,iah2,PHN66/LH287,10.808917045593262
2024,iah2,PHNJ2/LH287,10.808917045593262
2024,iah2,PHP02/LH244,13.027315139770508
2024,iah2,PHP38/LH287,10.808917045593262
2024,iah2,PHR03/LH244,13.17214584350586
2024,iah2,PHR61/LH287,10.808917045593262
2024,iah2,PHRE1/PHTD5,7.76287841796875
2024,iah2,PHT10/LH287,10.808917045593262
2024,iah2,PHT10/PHP02,10.808917045593262
2024,iah2,PHT47/LH287,10.808917045593262
2024,iah2,PHTP9/LH287,10.808917045593262
2024,iah2,PHV37/PHP02,10.808917045593262
2024,iah2,PHVA9/LH287,10.808917045593262
2024,iah2,PHVJ5/LH287,10.808917045593262
2024,iah2,PHW30/LH244,12.724038124084473
2024,iah2,PHW52/PHM49,10.936422348022461
2024,iah2,TX777/LH195,8.771151542663574
2024,iah2,W10004_0031/LH287,10.808917045593262
2024,iah2,W10004_0034/LH287,10.808917045593262
2024,iah2,W10004_0055/LH287,10.808917045593262
2024,iah2,W10004_0055/PHP02,12.827329635620117
2024,iah2,W10004_0062/PHP02,10.786417961120605
2024,iah2,W10004_0095/PHP02,10.23271656036377
2024,iah2,W10004_0103/LH287,10.808917045593262
2024,iah2,W10004_0122/PHP02,12.265127182006836
2024,iah2,W10004_0133/LH287,10.808917045593262
2024,iah2,W10004_0133/PHP02,12.431861877441406
2024,iah2,W10004_0138/LH287,10.808917045593262
2024,iah2,W10004_0138/PHP02,11.522504806518555
2024,iah2,W10004_0160/LH287,10.808917045593262
2024,iah2,W10004_0160/PHP02,12.628183364868164
2024,iah2,W10004_0168/LH287,10.808917045593262
2024,iah2,W10004_0168/PHP02,12.291671752929688
2024,iah2,W10004_0189/LH287,10.808917045593262
2024,iah2,W10004_0189/PHP02,13.165349960327148
2024,iah2,W10004_0236/LH287,10.808917045593262
2024,iah2,W10004_0236/PHP02,12.324128150939941
2024,iah2,W10004_0238/LH287,10.808917045593262
2024,iah2,W10004_0258/LH287,10.808917045593262
2024,iah2,W10004_0258/PHP02,12.993446350097656
2024,iah2,W10004_0311/LH287,10.808917045593262
2024,iah2,W10004_0311/PHP02,11.021047592163086
2024,iah2,W10004_0346/PHP02,13.112064361572266
2024,iah2,W10004_0389/LH287,10.808917045593262
2024,iah2,W10004_0389/PHP02,12.031920433044434
2024,iah2,W10004_0403/LH287,10.808917045593262
2024,iah2,W10004_0403/PHP02,12.392428398132324
2024,iah2,W10004_0409/LH287,10.808917045593262
2024,iah2,W10004_0409/PHP02,13.651174545288086
2024,iah2,W10004_0412/LH287,10.808917045593262
2024,iah2,W10004_0476/PHP02,10.967334747314453
2024,iah2,W10004_0601/PHP02,12.298285484313965
2024,iah2,W10004_0608/LH287,10.808917045593262
2024,iah2,W10004_0637/LH287,10.808917045593262
2024,iah2,W10004_0658/LH287,10.808917045593262
2024,iah2,W10004_0658/PHP02,13.707680702209473
2024,iah2,W10004_0688/LH287,10.808917045593262
2024,iah2,W10004_0691/LH287,10.808917045593262
2024,iah2,W10004_0691/PHP02,10.070422172546387
2024,iah2,W10004_0714/LH287,10.808917045593262
2024,iah2,W10004_0714/PHP02,12.324128150939941
2024,iah2,W10004_0715/LH287,10.808917045593262
2024,iah2,W10004_0715/PHP02,12.289885520935059
2024,iah2,W10004_0747/LH287,10.808917045593262
2024,iah2,W10004_0771/PHP02,12.43835163116455
2024,iah2,W10004_0822/LH287,10.808917045593262
2024,iah2,W10004_0858/LH287,10.808917045593262
2024,iah2,W10004_0858/PHP02,12.32951831817627
2024,iah2,W10004_0859/PHP02,11.400786399841309
2024,iah2,W10004_0866/LH287,10.808917045593262
2024,iah2,W10004_0866/PHP02,12.967450141906738
2024,iah2,W10004_0949/LH287,10.808917045593262
2024,iah2,W10004_0969/LH287,10.808917045593262
2024,iah2,W10004_0969/PHP02,11.069253921508789
2024,iah2,W10004_1014/PHP02,12.265127182006836
2024,iah2,W10004_1018/PHP02,11.400786399841309
2024,iah2,W10004_1032/LH287,10.808917045593262
2024,iah2,W10004_1032/PHP02,11.17663860321045
2024,iah2,W10004_1080/LH287,10.808917045593262
2024,iah2,WQCD10/LH287,10.808917045593262
2024,iah2,WQCD10/PHP02,10.808917045593262
2024,iah2,ZS01459/PHP02,10.808917045593262
2024,iah4,01CSI6/LH287,11.574028968811035
2024,iah4,01DIB2/LH287,11.574028968811035
2024,iah4,01DIB2/PHP02,11.574028968811035
2024,iah4,2369/LH123HT,13.463242530822754
2024,iah4,2FACC/PHP02,11.574028968811035
2024,iah4,6F629/PHP02,11.574028968811035
2024,iah4,B14A/OH43,11.020024299621582
2024,iah4,B37/H95,10.584596633911133
2024,iah4,B73/MO17,12.784704208374023
2024,iah4,B73/PHN82,13.446805000305176
2024,iah4,B73/TX779,8.045133590698242
2024,iah4,CG119/CG108,6.651828289031982
2024,iah4,CG44/CGR01,9.437298774719238
2024,iah4,DK3IIH6/LH244,12.797922134399414
2024,iah4,DKFBHJ/LH287,11.574028968811035
2024,iah4,FBLA/LH287,11.574028968811035
2024,iah4,FBLA/PHP02,11.574028968811035
2024,iah4,FBLL/LH287,11.574028968811035
2024,iah4,GEMS-0061_3AZA1_0001/LH287,11.574028968811035
2024,iah4,GEMS-0061_3AZA1_0001/PHP02,11.574028968811035
2024,iah4,GEMS-0061_3AZA1_0004/PHP02,11.574028968811035
2024,iah4,GEMS-0061_3AZA1_0005/LH287,11.574028968811035
2024,iah4,GEMS-0061_3AZA1_0006/PHP02,11.574028968811035
2024,iah4,GEMS-0061_3AZA1_0007/LH287,11.574028968811035
2024,iah4,GEMS-0061_3AZA1_0007/PHP02,11.574028968811035
2024,iah4,GEMS-0061_3AZA1_0009/LH287,11.574028968811035
2024,iah4,GEMS-0061_3AZA1_0010/LH287,11.574028968811035
2024,iah4,GEMS-0061_3AZA1_0010/PHP02,11.574028968811035
2024,iah4,GEMS-0061_3AZA1_0011/PHP02,11.574028968811035
2024,iah4,GEMS-0061_3AZA1_0012/LH287,11.574028968811035
2024,iah4,GEMS-0061_3AZA1_0012/PHP02,11.574028968811035
2024,iah4,GEMS-0061_3AZA1_0013/LH287,11.574028968811035
2024,iah4,GEMS-0061_3AZA1_0013/PHP02,11.574028968811035
2024,iah4,GEMS-0061_3AZA1_0014/LH287,11.574028968811035
2024,iah4,GEMS-0061_3AZA1_0014/PHP02,11.574028968811035
2024,iah4,GEMS-0061_3AZA1_0015/LH287,11.574028968811035
2024,iah4,GEMS-0061_3AZA1_0015/PHP02,11.574028968811035
2024,iah4,GEMS-0061_3AZA1_0016/PHP02,11.574028968811035
2024,iah4,GEMS-0061_3AZA1_0017/LH287,11.574028968811035
2024,iah4,GEMS-0061_3AZA1_0017/PHP02,11.574028968811035
2024,iah4,GEMS-0061_3AZA1_0021/LH287,11.574028968811035
2024,iah4,GEMS-0061_3AZA1_0021/PHP02,11.574028968811035
2024,iah4,GEMS-0061_3AZA1_0023/PHP02,11.574028968811035
2024,iah4,GEMS-0061_FBLL_0002/LH287,11.574028968811035
2024,iah4,GEMS-0061_FBLL_0002/PHP02,11.574028968811035
2024,iah4,GEMS-0061_FBLL_0004/LH287,11.574028968811035
2024,iah4,GEMS-0061_FBLL_0005/PHP02,11.574028968811035
2024,iah4,GEMS-0061_FBLL_0008/LH287,11.574028968811035
2024,iah4,GEMS-0061_FBLL_0008/PHP02,11.574028968811035
2024,iah4,GEMS-0061_FBLL_0009/LH287,11.574028968811035
2024,iah4,GEMS-0061_FBLL_0009/PHP02,11.574028968811035
2024,iah4,GEMS-0061_FBLL_0010/LH287,11.574028968811035
2024,iah4,GEMS-0061_FBLL_0010/PHP02,11.574028968811035
2024,iah4,GEMS-0061_FBLL_0011/LH287,11.574028968811035
2024,iah4,GEMS-0061_FBLL_0011/PHP02,11.574028968811035
2024,iah4,GEMS-0061_FBLL_0014/PHP02,11.574028968811035
2024,iah4,GEMS-0061_FBLL_0015/LH287,11.574028968811035
2024,iah4,GEMS-0061_FBLL_0015/PHP02,11.574028968811035
2024,iah4,GEMS-0061_FBLL_0016/LH287,11.574028968811035
2024,iah4,GEMS-0061_FBLL_0016/PHP02,11.574028968811035
2024,iah4,GEMS-0061_FBLL_0017/LH287,11.574028968811035
2024,iah4,GEMS-0061_FBLL_0017/PHP02,11.574028968811035
2024,iah4,GEMS-0061_FBLL_0018/PHP02,11.574028968811035
2024,iah4,GEMS-0061_FBLL_0019/PHP02,11.574028968811035
2024,iah4,GEMS-0061_FBLL_0022/LH287,11.574028968811035
2024,iah4,GEMS-0061_FBLL_0022/PHP02,11.574028968811035
2024,iah4,GEMS-0061_FBLL_0023/LH287,11.574028968811035
2024,iah4,GEMS-0061_FBLL_0023/PHP02,11.574028968811035
2024,iah4,GEMS-0061_FBLL_0024/LH287,11.574028968811035
2024,iah4,GEMS-0061_FBLL_0024/PHP02,11.574028968811035
2024,iah4,GEMS-0061_FBLL_0025/LH287,11.574028968811035
2024,iah4,GEMS-0061_FBLL_0025/PHP02,11.574028968811035
2024,iah4,GEMS-0061_FBLL_0026/LH287,11.574028968811035
2024,iah4,GEMS-0061_FBLL_0029/LH287,11.574028968811035
2024,iah4,GEMS-0061_FBLL_0029/PHP02,11.574028968811035
2024,iah4,GEMS-0061_FBLL_0031/LH287,11.574028968811035
2024,iah4,GEMS-0061_FBLL_0032/LH287,11.574028968811035
2024,iah4,GEMS-0061_FBLL_0032/PHP02,11.574028968811035
2024,iah4,GEMS-0061_FBLL_0033/PHP02,11.574028968811035
2024,iah4,GEMS-0061_FBLL_0034/LH287,11.574028968811035
2024,iah4,GEMS-0061_FBLL_0035/LH287,11.574028968811035
2024,iah4,GEMS-0061_FBLL_0037/LH287,11.574028968811035
2024,iah4,GEMS-0061_FBLL_0038/LH287,11.574028968811035
2024,iah4,GEMS-0061_FBLL_0038/PHP02,11.574028968811035
2024,iah4,GEMS-0061_FBLL_0039/LH287,11.574028968811035
2024,iah4,GEMS-0061_FBLL_0040/LH287,11.574028968811035
2024,iah4,GEMS-0061_FBLL_0040/PHP02,11.574028968811035
2024,iah4,GEMS-0061_FBLL_0044/LH287,11.574028968811035
2024,iah4,GEMS-0061_FBLL_0047/PHP02,11.574028968811035
2024,iah4,GEMS-0061_FBLL_0050/LH287,11.574028968811035
2024,iah4,GEMS-0061_FBLL_0050/PHP02,11.574028968811035
2024,iah4,GEMS-0061_PHB47_0003/LH287,11.574028968811035
2024,iah4,GEMS-0061_PHB47_0004/PHP02,11.574028968811035
2024,iah4,GEMS-0061_PHBW8_0001/LH287,11.574028968811035
2024,iah4,GEMS-0061_PHBW8_0001/PHP02,11.574028968811035
2024,iah4,GEMS-0061_PHBW8_0002/LH287,11.574028968811035
2024,iah4,GEMS-0061_PHBW8_0002/PHP02,11.574028968811035
2024,iah4,GEMS-0113_3AZA1_0001/PHP02,11.574028968811035
2024,iah4,GEMS-0113_3AZA1_0002/LH287,11.574028968811035
2024,iah4,GEMS-0113_3AZA1_0002/PHP02,11.574028968811035
2024,iah4,GEMS-0113_3AZA1_0003/PHP02,11.574028968811035
2024,iah4,GEMS-0113_3AZA1_0004/LH287,11.574028968811035
2024,iah4,GEMS-0113_3AZA1_0004/PHP02,11.574028968811035
2024,iah4,GEMS-0113_3AZA1_0005/LH287,11.574028968811035
2024,iah4,GEMS-0113_3AZA1_0005/PHP02,11.574028968811035
2024,iah4,GEMS-0113_3AZA1_0006/LH287,11.574028968811035
2024,iah4,GEMS-0113_3AZA1_0008/LH287,11.574028968811035
2024,iah4,GEMS-0113_3AZA1_0010/LH287,11.574028968811035
2024,iah4,GEMS-0113_3AZA1_0010/PHP02,11.574028968811035
2024,iah4,GEMS-0113_3AZA1_0011/LH287,11.574028968811035
2024,iah4,GEMS-0113_3AZA1_0011/PHP02,11.574028968811035
2024,iah4,GEMS-0113_3AZA1_0013/LH287,11.574028968811035
2024,iah4,GEMS-0113_3AZA1_0013/PHP02,11.574028968811035
2024,iah4,GEMS-0113_3AZA1_0014/PHP02,11.574028968811035
2024,iah4,GEMS-0113_3AZA1_0015/LH287,11.574028968811035
2024,iah4,GEMS-0113_3AZA1_0015/PHP02,11.574028968811035
2024,iah4,GEMS-0113_3AZA1_0016/LH287,11.574028968811035
2024,iah4,GEMS-0113_3AZA1_0016/PHP02,11.574028968811035
2024,iah4,GEMS-0113_3AZA1_0017/LH287,11.574028968811035
2024,iah4,GEMS-0113_3AZA1_0018/LH287,11.574028968811035
2024,iah4,GEMS-0113_3AZA1_0018/PHP02,11.574028968811035
2024,iah4,GEMS-0113_3AZA1_0019/LH287,11.574028968811035
2024,iah4,GEMS-0113_3AZA1_0019/PHP02,11.574028968811035
2024,iah4,GEMS-0113_3AZA1_0021/PHP02,11.574028968811035
2024,iah4,GEMS-0113_3AZA1_0022/LH287,11.574028968811035
2024,iah4,GEMS-0113_3AZA1_0022/PHP02,11.574028968811035
2024,iah4,GEMS-0113_3AZA1_0024/PHP02,11.574028968811035
2024,iah4,GEMS-0113_3AZA1_0025/LH287,11.574028968811035
2024,iah4,GEMS-0113_3AZA1_0026/LH287,11.574028968811035
2024,iah4,GEMS-0113_3AZA1_0026/PHP02,11.574028968811035
2024,iah4,GEMS-0113_3AZA1_0027/LH287,11.574028968811035
2024,iah4,GEMS-0113_3AZA1_0027/PHP02,11.574028968811035
2024,iah4,GEMS-0113_3AZA1_0028/LH287,11.574028968811035
2024,iah4,GEMS-0113_3AZA1_0028/PHP02,11.574028968811035
2024,iah4,GEMS-0113_3AZA1_0029/LH287,11.574028968811035
2024,iah4,GEMS-0113_3AZA1_0031/LH287,11.574028968811035
2024,iah4,GEMS-0113_3AZA1_0031/PHP02,11.574028968811035
2024,iah4,GEMS-0113_3AZA1_0038/LH287,11.574028968811035
2024,iah4,GEMS-0113_3AZA1_0038/PHP02,11.574028968811035
2024,iah4,GEMS-0113_FBLL_0002/LH287,11.574028968811035
2024,iah4,GEMS-0113_FBLL_0002/PHP02,11.574028968811035
2024,iah4,GEMS-0113_FBLL_0003/LH287,11.574028968811035
2024,iah4,GEMS-0113_FBLL_0003/PHP02,11.574028968811035
2024,iah4,GEMS-0113_FBLL_0004/LH287,11.574028968811035
2024,iah4,GEMS-0113_FBLL_0004/PHP02,11.574028968811035
2024,iah4,GEMS-0113_FBLL_0005/LH287,11.574028968811035
2024,iah4,GEMS-0113_FBLL_0006/LH287,11.574028968811035
2024,iah4,GEMS-0113_FBLL_0006/PHP02,11.574028968811035
2024,iah4,GEMS-0113_FBLL_0007/PHP02,11.574028968811035
2024,iah4,GEMS-0113_FBLL_0008/LH287,11.574028968811035
2024,iah4,GEMS-0113_FBLL_0010/PHP02,11.574028968811035
2024,iah4,GEMS-0113_FBLL_0011/LH287,11.574028968811035
2024,iah4,GEMS-0113_FBLL_0013/LH287,11.574028968811035
2024,iah4,GEMS-0113_FBLL_0015/LH287,11.574028968811035
2024,iah4,GEMS-0113_PHB47_0001/LH287,11.574028968811035
2024,iah4,GEMS-0113_PHB47_0001/PHP02,11.574028968811035
2024,iah4,GEMS-0113_PHB47_0002/PHP02,11.574028968811035
2024,iah4,GEMS-0113_PHB47_0003/LH287,11.574028968811035
2024,iah4,GEMS-0113_PHB47_0003/PHP02,11.574028968811035
2024,iah4,GEMS-0113_PHB47_0004/LH287,11.574028968811035
2024,iah4,GEMS-0113_PHB47_0004/PHP02,11.574028968811035
2024,iah4,GEMS-0113_PHB47_0005/LH287,11.574028968811035
2024,iah4,GEMS-0113_PHB47_0006/LH287,11.574028968811035
2024,iah4,GEMS-0113_PHB47_0007/LH287,11.574028968811035
2024,iah4,GEMS-0113_PHB47_0008/LH287,11.574028968811035
2024,iah4,GEMS-0113_PHB47_0008/PHP02,11.574028968811035
2024,iah4,GEMS-0113_PHB47_0009/LH287,11.574028968811035
2024,iah4,GEMS-0113_PHB47_0011/LH287,11.574028968811035
2024,iah4,GEMS-0113_PHB47_0011/PHP02,11.574028968811035
2024,iah4,GEMS-0113_PHB47_0012/PHP02,11.574028968811035
2024,iah4,GEMS-0113_PHB47_0013/LH287,11.574028968811035
2024,iah4,GEMS-0113_PHB47_0013/PHP02,11.574028968811035
2024,iah4,GEMS-0113_PHB47_0014/LH287,11.574028968811035
2024,iah4,GEMS-0113_PHB47_0014/PHP02,11.574028968811035
2024,iah4,GEMS-0113_PHB47_0015/LH287,11.574028968811035
2024,iah4,GEMS-0113_PHB47_0017/PHP02,11.574028968811035
2024,iah4,GEMS-0113_PHB47_0019/PHP02,11.574028968811035
2024,iah4,GEMS-0113_PHB47_0020/PHP02,11.574028968811035
2024,iah4,GEMS-0113_PHB47_0021/LH287,11.574028968811035
2024,iah4,GEMS-0113_PHBW8_0001/LH287,11.574028968811035
2024,iah4,GEMS-0113_PHBW8_0001/PHP02,11.574028968811035
2024,iah4,GEMS-0113_PHBW8_0002/LH287,11.574028968811035
2024,iah4,GEMS-0113_PHBW8_0002/PHP02,11.574028968811035
2024,iah4,GEMS-0113_PHBW8_0004/LH287,11.574028968811035
2024,iah4,GEMS-0113_PHBW8_0004/PHP02,11.574028968811035
2024,iah4,GEMS-0113_PHBW8_0005/LH287,11.574028968811035
2024,iah4,GEMS-0113_PHBW8_0006/LH287,11.574028968811035
2024,iah4,GEMS-0113_PHBW8_0006/PHP02,11.574028968811035
2024,iah4,GEMS-0113_PHBW8_0007/PHP02,11.574028968811035
2024,iah4,GEMS-0113_PHBW8_0008/PHP02,11.574028968811035
2024,iah4,GEMS-0113_PHBW8_0009/LH287,11.574028968811035
2024,iah4,GEMS-0113_PHBW8_0009/PHP02,11.574028968811035
2024,iah4,GEMS-0113_PHBW8_0010/LH287,11.574028968811035
2024,iah4,GEMS-0113_PHBW8_0010/PHP02,11.574028968811035
2024,iah4,GEMS-0113_PHBW8_0011/LH287,11.574028968811035
2024,iah4,GEMS-0113_PHBW8_0012/LH287,11.574028968811035
2024,iah4,GEMS-0113_PHBW8_0012/PHP02,11.574028968811035
2024,iah4,GEMS-0113_PHBW8_0013/LH287,11.574028968811035
2024,iah4,GEMS-0113_PHBW8_0013/PHP02,11.574028968811035
2024,iah4,GEMS-0113_PHBW8_0014/LH287,11.574028968811035
2024,iah4,GEMS-0113_PHBW8_0014/PHP02,11.574028968811035
2024,iah4,GEMS-0113_PHBW8_0017/LH287,11.574028968811035
2024,iah4,GEMS-0113_PHBW8_0017/PHP02,11.574028968811035
2024,iah4,GEMS-0219_3AZA1_0001/LH287,11.574028968811035
2024,iah4,GEMS-0219_3AZA1_0002/LH287,11.574028968811035
2024,iah4,GEMS-0219_3AZA1_0002/PHP02,11.574028968811035
2024,iah4,GEMS-0219_3AZA1_0003/LH287,11.574028968811035
2024,iah4,GEMS-0219_3AZA1_0003/PHP02,11.574028968811035
2024,iah4,GEMS-0219_3AZA1_0004/LH287,11.574028968811035
2024,iah4,GEMS-0219_3AZA1_0005/LH287,11.574028968811035
2024,iah4,GEMS-0219_3AZA1_0005/PHP02,11.574028968811035
2024,iah4,GEMS-0219_3AZA1_0006/LH287,11.574028968811035
2024,iah4,GEMS-0219_3AZA1_0006/PHP02,11.574028968811035
2024,iah4,GEMS-0219_3AZA1_0007/PHP02,11.574028968811035
2024,iah4,GEMS-0219_3AZA1_0008/LH287,11.574028968811035
2024,iah4,GEMS-0219_3AZA1_0008/PHP02,11.574028968811035
2024,iah4,GEMS-0219_3AZA1_0009/LH287,11.574028968811035
2024,iah4,GEMS-0219_3AZA1_0009/PHP02,11.574028968811035
2024,iah4,GEMS-0219_3AZA1_0010/PHP02,11.574028968811035
2024,iah4,GEMS-0219_3AZA1_0012/PHP02,11.574028968811035
2024,iah4,GEMS-0219_3AZA1_0014/LH287,11.574028968811035
2024,iah4,GEMS-0219_FBLL_0002/LH287,11.574028968811035
2024,iah4,GEMS-0219_FBLL_0003/LH287,11.574028968811035
2024,iah4,GEMS-0219_FBLL_0003/PHP02,11.574028968811035
2024,iah4,GEMS-0219_FBLL_0004/LH287,11.574028968811035
2024,iah4,GEMS-0219_FBLL_0006/LH287,11.574028968811035
2024,iah4,GEMS-0219_FBLL_0006/PHP02,11.574028968811035
2024,iah4,GEMS-0219_FBLL_0007/LH287,11.574028968811035
2024,iah4,GEMS-0219_FBLL_0009/LH287,11.574028968811035
2024,iah4,GEMS-0219_FBLL_0009/PHP02,11.574028968811035
2024,iah4,GEMS-0219_FBLL_0010/LH287,11.574028968811035
2024,iah4,GEMS-0219_FBLL_0010/PHP02,11.574028968811035
2024,iah4,GEMS-0219_FBLL_0011/LH287,11.574028968811035
2024,iah4,GEMS-0219_FBLL_0011/PHP02,11.574028968811035
2024,iah4,GEMS-0219_FBLL_0012/LH287,11.574028968811035
2024,iah4,GEMS-0219_FBLL_0012/PHP02,11.574028968811035
2024,iah4,GEMS-0219_FBLL_0014/LH287,11.574028968811035
2024,iah4,GEMS-0219_FBLL_0015/LH287,11.574028968811035
2024,iah4,GEMS-0219_FBLL_0015/PHP02,11.574028968811035
2024,iah4,GEMS-0219_FBLL_0017/LH287,11.574028968811035
2024,iah4,GEMS-0219_FBLL_0017/PHP02,11.574028968811035
2024,iah4,GEMS-0219_FBLL_0018/PHP02,11.574028968811035
2024,iah4,GEMS-0219_FBLL_0019/LH287,11.574028968811035
2024,iah4,GEMS-0219_FBLL_0019/PHP02,11.574028968811035
2024,iah4,GEMS-0219_FBLL_0020/PHP02,11.574028968811035
2024,iah4,GEMS-0219_FBLL_0021/LH287,11.574028968811035
2024,iah4,GEMS-0219_FBLL_0023/PHP02,11.574028968811035
2024,iah4,GEMS-0219_FBLL_0025/LH287,11.574028968811035
2024,iah4,GEMS-0219_FBLL_0027/LH287,11.574028968811035
2024,iah4,GEMS-0219_FBLL_0027/PHP02,11.574028968811035
2024,iah4,GEMS-0219_FBLL_0028/LH287,11.574028968811035
2024,iah4,GEMS-0219_FBLL_0028/PHP02,11.574028968811035
2024,iah4,GEMS-0219_FBLL_0030/LH287,11.574028968811035
2024,iah4,GEMS-0219_FBLL_0030/PHP02,11.574028968811035
2024,iah4,GEMS-0219_PHB47_0001/PHP02,11.574028968811035
2024,iah4,GEMS-0219_PHB47_0002/LH287,11.574028968811035
2024,iah4,GEMS-0219_PHB47_0003/PHP02,11.574028968811035
2024,iah4,GEMS-0219_PHB47_0004/PHP02,11.574028968811035
2024,iah4,GEMS-0219_PHB47_0005/LH287,11.574028968811035
2024,iah4,GEMS-0219_PHB47_0006/LH287,11.574028968811035
2024,iah4,GEMS-0219_PHB47_0006/PHP02,11.574028968811035
2024,iah4,GEMS-0219_PHB47_0011/LH287,11.574028968811035
2024,iah4,GEMS-0219_PHB47_0011/PHP02,11.574028968811035
2024,iah4,GEMS-0219_PHB47_0014/LH287,11.574028968811035
2024,iah4,GEMS-0219_PHB47_0017/LH287,11.574028968811035
2024,iah4,GEMS-0219_PHBW8_0001/LH287,11.574028968811035
2024,iah4,GEMS-0219_PHBW8_0001/PHP02,11.574028968811035
2024,iah4,GEMS-0219_PHBW8_0002/LH287,11.574028968811035
2024,iah4,GEMS-0219_PHBW8_0002/PHP02,11.574028968811035
2024,iah4,GEMS-0219_PHBW8_0003/PHP02,11.574028968811035
2024,iah4,GEMS-0219_PHBW8_0004/LH287,11.574028968811035
2024,iah4,GEMS-0219_PHBW8_0006/PHP02,11.574028968811035
2024,iah4,GEMS-0219_PHBW8_0008/LH287,11.574028968811035
2024,iah4,GEMS-0219_PHBW8_0009/LH287,11.574028968811035
2024,iah4,GEMS-0219_PHBW8_0011/LH287,11.574028968811035
2024,iah4,GEMS-0219_PHBW8_0011/PHP02,11.574028968811035
2024,iah4,GEMS-0227_3AZA1_0001/LH287,11.574028968811035
2024,iah4,GEMS-0227_3AZA1_0002/LH287,11.574028968811035
2024,iah4,GEMS-0227_3AZA1_0002/PHP02,11.574028968811035
2024,iah4,GEMS-0227_3AZA1_0003/LH287,11.574028968811035
2024,iah4,GEMS-0227_3AZA1_0003/PHP02,11.574028968811035
2024,iah4,GEMS-0227_3AZA1_0004/LH287,11.574028968811035
2024,iah4,GEMS-0227_3AZA1_0004/PHP02,11.574028968811035
2024,iah4,GEMS-0227_3AZA1_0005/LH287,11.574028968811035
2024,iah4,GEMS-0227_3AZA1_0006/LH287,11.574028968811035
2024,iah4,GEMS-0227_3AZA1_0006/PHP02,11.574028968811035
2024,iah4,GEMS-0227_3AZA1_0007/PHP02,11.574028968811035
2024,iah4,GEMS-0227_3AZA1_0008/PHP02,11.574028968811035
2024,iah4,GEMS-0227_3AZA1_0009/LH287,11.574028968811035
2024,iah4,GEMS-0227_3AZA1_0009/PHP02,11.574028968811035
2024,iah4,GEMS-0227_3AZA1_0010/PHP02,11.574028968811035
2024,iah4,GEMS-0227_3AZA1_0011/LH287,11.574028968811035
2024,iah4,GEMS-0227_3AZA1_0011/PHP02,11.574028968811035
2024,iah4,GEMS-0227_3AZA1_0012/LH287,11.574028968811035
2024,iah4,GEMS-0227_3AZA1_0012/PHP02,11.574028968811035
2024,iah4,GEMS-0227_3AZA1_0013/LH287,11.574028968811035
2024,iah4,GEMS-0227_3AZA1_0014/LH287,11.574028968811035
2024,iah4,GEMS-0227_3AZA1_0014/PHP02,11.574028968811035
2024,iah4,GEMS-0227_3AZA1_0015/PHP02,11.574028968811035
2024,iah4,GEMS-0227_3AZA1_0016/LH287,11.574028968811035
2024,iah4,GEMS-0227_3AZA1_0017/LH287,11.574028968811035
2024,iah4,GEMS-0227_3AZA1_0017/PHP02,11.574028968811035
2024,iah4,GEMS-0227_3AZA1_0018/LH287,11.574028968811035
2024,iah4,GEMS-0227_3AZA1_0018/PHP02,11.574028968811035
2024,iah4,GEMS-0227_3AZA1_0019/PHP02,11.574028968811035
2024,iah4,GEMS-0227_3AZA1_0021/PHP02,11.574028968811035
2024,iah4,GEMS-0227_3AZA1_0022/LH287,11.574028968811035
2024,iah4,GEMS-0227_3AZA1_0022/PHP02,11.574028968811035
2024,iah4,GEMS-0227_3AZA1_0023/PHP02,11.574028968811035
2024,iah4,GEMS-0227_3AZA1_0024/PHP02,11.574028968811035
2024,iah4,GEMS-0227_3AZA1_0025/LH287,11.574028968811035
2024,iah4,GEMS-0227_3AZA1_0025/PHP02,11.574028968811035
2024,iah4,GEMS-0227_3AZA1_0028/LH287,11.574028968811035
2024,iah4,GEMS-0227_3AZA1_0028/PHP02,11.574028968811035
2024,iah4,GEMS-0227_3AZA1_0029/LH287,11.574028968811035
2024,iah4,GEMS-0227_3AZA1_0030/PHP02,11.574028968811035
2024,iah4,GEMS-0227_3AZA1_0031/LH287,11.574028968811035
2024,iah4,GEMS-0227_3AZA1_0031/PHP02,11.574028968811035
2024,iah4,GEMS-0227_3AZA1_0032/LH287,11.574028968811035
2024,iah4,GEMS-0227_3AZA1_0032/PHP02,11.574028968811035
2024,iah4,GEMS-0227_3AZA1_0034/LH287,11.574028968811035
2024,iah4,GEMS-0227_3AZA1_0034/PHP02,11.574028968811035
2024,iah4,GEMS-0227_3AZA1_0035/LH287,11.574028968811035
2024,iah4,GEMS-0227_3AZA1_0035/PHP02,11.574028968811035
2024,iah4,GEMS-0227_3AZA1_0036/LH287,11.574028968811035
2024,iah4,GEMS-0227_3AZA1_0036/PHP02,11.574028968811035
2024,iah4,GEMS-0227_3AZA1_0040/LH287,11.574028968811035
2024,iah4,GEMS-0227_3AZA1_0041/LH287,11.574028968811035
2024,iah4,GEMS-0227_3AZA1_0041/PHP02,11.574028968811035
2024,iah4,GEMS-0227_3AZA1_0043/PHP02,11.574028968811035
2024,iah4,GEMS-0227_3AZA1_0045/LH287,11.574028968811035
2024,iah4,GEMS-0227_3AZA1_0045/PHP02,11.574028968811035
2024,iah4,GEMS-0227_3AZA1_0046/LH287,11.574028968811035
2024,iah4,GEMS-0227_3AZA1_0046/PHP02,11.574028968811035
2024,iah4,GEMS-0227_3AZA1_0048/LH287,11.574028968811035
2024,iah4,GEMS-0227_3AZA1_0048/PHP02,11.574028968811035
2024,iah4,GEMS-0227_3AZA1_0049/LH287,11.574028968811035
2024,iah4,GEMS-0227_3AZA1_0049/PHP02,11.574028968811035
2024,iah4,GEMS-0227_FBLL_0001/LH287,11.574028968811035
2024,iah4,GEMS-0227_FBLL_0001/PHP02,11.574028968811035
2024,iah4,GEMS-0227_FBLL_0002/LH287,11.574028968811035
2024,iah4,GEMS-0227_FBLL_0002/PHP02,11.574028968811035
2024,iah4,GEMS-0227_FBLL_0003/LH287,11.574028968811035
2024,iah4,GEMS-0227_FBLL_0004/LH287,11.574028968811035
2024,iah4,GEMS-0227_FBLL_0004/PHP02,11.574028968811035
2024,iah4,GEMS-0227_FBLL_0007/LH287,11.574028968811035
2024,iah4,GEMS-0227_FBLL_0007/PHP02,11.574028968811035
2024,iah4,GEMS-0227_FBLL_0008/LH287,11.574028968811035
2024,iah4,GEMS-0227_FBLL_0008/PHP02,11.574028968811035
2024,iah4,GEMS-0227_FBLL_0009/LH287,11.574028968811035
2024,iah4,GEMS-0227_FBLL_0009/PHP02,11.574028968811035
2024,iah4,GEMS-0227_FBLL_0010/LH287,11.574028968811035
2024,iah4,GEMS-0227_FBLL_0013/LH287,11.574028968811035
2024,iah4,GEMS-0227_FBLL_0013/PHP02,11.574028968811035
2024,iah4,GEMS-0227_FBLL_0014/LH287,11.574028968811035
2024,iah4,GEMS-0227_FBLL_0015/LH287,11.574028968811035
2024,iah4,GEMS-0227_FBLL_0015/PHP02,11.574028968811035
2024,iah4,GEMS-0227_FBLL_0016/PHP02,11.574028968811035
2024,iah4,GEMS-0227_FBLL_0017/LH287,11.574028968811035
2024,iah4,GEMS-0227_FBLL_0017/PHP02,11.574028968811035
2024,iah4,GEMS-0227_FBLL_0018/LH287,11.574028968811035
2024,iah4,GEMS-0227_FBLL_0019/LH287,11.574028968811035
2024,iah4,GEMS-0227_FBLL_0019/PHP02,11.574028968811035
2024,iah4,GEMS-0227_FBLL_0020/LH287,11.574028968811035
2024,iah4,GEMS-0227_FBLL_0021/LH287,11.574028968811035
2024,iah4,GEMS-0227_FBLL_0022/LH287,11.574028968811035
2024,iah4,GEMS-0227_FBLL_0023/LH287,11.574028968811035
2024,iah4,GEMS-0227_FBLL_0024/LH287,11.574028968811035
2024,iah4,GEMS-0227_FBLL_0024/PHP02,11.574028968811035
2024,iah4,GEMS-0227_FBLL_0025/LH287,11.574028968811035
2024,iah4,GEMS-0227_FBLL_0025/PHP02,11.574028968811035
2024,iah4,GEMS-0227_FBLL_0027/LH287,11.574028968811035
2024,iah4,GEMS-0227_FBLL_0027/PHP02,11.574028968811035
2024,iah4,GEMS-0227_FBLL_0028/PHP02,11.574028968811035
2024,iah4,GEMS-0227_FBLL_0029/LH287,11.574028968811035
2024,iah4,GEMS-0227_FBLL_0029/PHP02,11.574028968811035
2024,iah4,GEMS-0227_FBLL_0030/LH287,11.574028968811035
2024,iah4,GEMS-0227_FBLL_0030/PHP02,11.574028968811035
2024,iah4,GEMS-0227_FBLL_0031/LH287,11.574028968811035
2024,iah4,GEMS-0227_FBLL_0032/LH287,11.574028968811035
2024,iah4,GEMS-0227_FBLL_0033/LH287,11.574028968811035
2024,iah4,GEMS-0227_FBLL_0033/PHP02,11.574028968811035
2024,iah4,GEMS-0227_FBLL_0034/PHP02,11.574028968811035
2024,iah4,GEMS-0227_FBLL_0035/LH287,11.574028968811035
2024,iah4,GEMS-0227_FBLL_0035/PHP02,11.574028968811035
2024,iah4,GEMS-0227_FBLL_0036/LH287,11.574028968811035
2024,iah4,GEMS-0227_FBLL_0037/LH287,11.574028968811035
2024,iah4,GEMS-0227_FBLL_0038/PHP02,11.574028968811035
2024,iah4,GEMS-0227_FBLL_0039/LH287,11.574028968811035
2024,iah4,GEMS-0227_FBLL_0039/PHP02,11.574028968811035
2024,iah4,GEMS-0227_FBLL_0040/LH287,11.574028968811035
2024,iah4,GEMS-0227_FBLL_0041/PHP02,11.574028968811035
2024,iah4,GEMS-0227_FBLL_0042/LH287,11.574028968811035
2024,iah4,GEMS-0227_FBLL_0042/PHP02,11.574028968811035
2024,iah4,GEMS-0227_FBLL_0043/LH287,11.574028968811035
2024,iah4,GEMS-0227_FBLL_0043/PHP02,11.574028968811035
2024,iah4,GEMS-0227_FBLL_0044/PHP02,11.574028968811035
2024,iah4,GEMS-0227_FBLL_0045/LH287,11.574028968811035
2024,iah4,GEMS-0227_FBLL_0045/PHP02,11.574028968811035
2024,iah4,GEMS-0227_FBLL_0046/LH287,11.574028968811035
2024,iah4,GEMS-0227_FBLL_0046/PHP02,11.574028968811035
2024,iah4,GEMS-0227_FBLL_0047/PHP02,11.574028968811035
2024,iah4,GEMS-0227_FBLL_0048/LH287,11.574028968811035
2024,iah4,GEMS-0227_FBLL_0048/PHP02,11.574028968811035
2024,iah4,GEMS-0227_FBLL_0049/LH287,11.574028968811035
2024,iah4,GEMS-0227_FBLL_0049/PHP02,11.574028968811035
2024,iah4,GEMS-0227_FBLL_0050/LH287,11.574028968811035
2024,iah4,GEMS-0227_FBLL_0050/PHP02,11.574028968811035
2024,iah4,GEMS-0227_FBLL_0051/LH287,11.574028968811035
2024,iah4,GEMS-0227_FBLL_0051/PHP02,11.574028968811035
2024,iah4,GEMS-0227_FBLL_0052/PHP02,11.574028968811035
2024,iah4,GEMS-0227_FBLL_0053/LH287,11.574028968811035
2024,iah4,GEMS-0227_FBLL_0053/PHP02,11.574028968811035
2024,iah4,GEMS-0227_FBLL_0054/LH287,11.574028968811035
2024,iah4,GEMS-0227_FBLL_0054/PHP02,11.574028968811035
2024,iah4,GEMS-0227_FBLL_0055/LH287,11.574028968811035
2024,iah4,GEMS-0227_FBLL_0056/LH287,11.574028968811035
2024,iah4,GEMS-0227_FBLL_0057/LH287,11.574028968811035
2024,iah4,GEMS-0227_FBLL_0057/PHP02,11.574028968811035
2024,iah4,GEMS-0227_FBLL_0058/PHP02,11.574028968811035
2024,iah4,GEMS-0227_FBLL_0059/LH287,11.574028968811035
2024,iah4,GEMS-0227_FBLL_0060/PHP02,11.574028968811035
2024,iah4,GEMS-0227_FBLL_0062/LH287,11.574028968811035
2024,iah4,GEMS-0227_FBLL_0063/LH287,11.574028968811035
2024,iah4,GEMS-0227_FBLL_0063/PHP02,11.574028968811035
2024,iah4,GEMS-0227_FBLL_0066/LH287,11.574028968811035
2024,iah4,GEMS-0227_FBLL_0068/LH287,11.574028968811035
2024,iah4,GEMS-0227_FBLL_0068/PHP02,11.574028968811035
2024,iah4,GEMS-0227_FBLL_0069/LH287,11.574028968811035
2024,iah4,GEMS-0227_FBLL_0069/PHP02,11.574028968811035
2024,iah4,GEMS-0227_FBLL_0070/LH287,11.574028968811035
2024,iah4,GEMS-0227_FBLL_0070/PHP02,11.574028968811035
2024,iah4,GEMS-0227_FBLL_0071/LH287,11.574028968811035
2024,iah4,GEMS-0227_FBLL_0071/PHP02,11.574028968811035
2024,iah4,GEMS-0227_FBLL_0073/LH287,11.574028968811035
2024,iah4,GEMS-0227_FBLL_0074/LH287,11.574028968811035
2024,iah4,GEMS-0227_FBLL_0074/PHP02,11.574028968811035
2024,iah4,GEMS-0227_FBLL_0075/LH287,11.574028968811035
2024,iah4,GEMS-0227_FBLL_0077/LH287,11.574028968811035
2024,iah4,GEMS-0227_FBLL_0078/LH287,11.574028968811035
2024,iah4,GEMS-0227_FBLL_0079/LH287,11.574028968811035
2024,iah4,GEMS-0227_FBLL_0079/PHP02,11.574028968811035
2024,iah4,GEMS-0227_FBLL_0080/LH287,11.574028968811035
2024,iah4,GEMS-0227_FBLL_0080/PHP02,11.574028968811035
2024,iah4,GEMS-0227_FBLL_0082/LH287,11.574028968811035
2024,iah4,GEMS-0227_FBLL_0082/PHP02,11.574028968811035
2024,iah4,GEMS-0227_FBLL_0084/PHP02,11.574028968811035
2024,iah4,GEMS-0227_FBLL_0085/LH287,11.574028968811035
2024,iah4,GEMS-0227_FBLL_0087/LH287,11.574028968811035
2024,iah4,GEMS-0227_FBLL_0087/PHP02,11.574028968811035
2024,iah4,GEMS-0227_FBLL_0088/PHP02,11.574028968811035
2024,iah4,GEMS-0227_FBLL_0090/LH287,11.574028968811035
2024,iah4,GEMS-0227_FBLL_0090/PHP02,11.574028968811035
2024,iah4,GEMS-0227_FBLL_0093/PHP02,11.574028968811035
2024,iah4,GEMS-0227_FBLL_0094/LH287,11.574028968811035
2024,iah4,GEMS-0227_FBLL_0094/PHP02,11.574028968811035
2024,iah4,GEMS-0227_FBLL_0095/LH287,11.574028968811035
2024,iah4,GEMS-0227_FBLL_0095/PHP02,11.574028968811035
2024,iah4,GEMS-0227_FBLL_0096/LH287,11.574028968811035
2024,iah4,GEMS-0227_FBLL_0096/PHP02,11.574028968811035
2024,iah4,GEMS-0227_FBLL_0097/LH287,11.574028968811035
2024,iah4,GEMS-0227_FBLL_0097/PHP02,11.574028968811035
2024,iah4,GEMS-0227_FBLL_0098/PHP02,11.574028968811035
2024,iah4,GEMS-0227_FBLL_0101/PHP02,11.574028968811035
2024,iah4,GEMS-0227_FBLL_0102/LH287,11.574028968811035
2024,iah4,GEMS-0227_FBLL_0102/PHP02,11.574028968811035
2024,iah4,GEMS-0227_FBLL_0104/LH287,11.574028968811035
2024,iah4,GEMS-0227_FBLL_0104/PHP02,11.574028968811035
2024,iah4,GEMS-0227_FBLL_0105/LH287,11.574028968811035
2024,iah4,GEMS-0227_FBLL_0106/LH287,11.574028968811035
2024,iah4,GEMS-0227_FBLL_0107/LH287,11.574028968811035
2024,iah4,GEMS-0227_FBLL_0110/LH287,11.574028968811035
2024,iah4,GEMS-0227_FBLL_0111/LH287,11.574028968811035
2024,iah4,GEMS-0227_FBLL_0111/PHP02,11.574028968811035
2024,iah4,GEMS-0227_FBLL_0113/LH287,11.574028968811035
2024,iah4,GEMS-0227_FBLL_0113/PHP02,11.574028968811035
2024,iah4,GEMS-0227_FBLL_0114/LH287,11.574028968811035
2024,iah4,GEMS-0227_FBLL_0114/PHP02,11.574028968811035
2024,iah4,GEMS-0227_FBLL_0115/LH287,11.574028968811035
2024,iah4,GEMS-0227_FBLL_0115/PHP02,11.574028968811035
2024,iah4,GEMS-0227_FBLL_0116/LH287,11.574028968811035
2024,iah4,GEMS-0227_FBLL_0118/LH287,11.574028968811035
2024,iah4,GEMS-0227_FBLL_0121/LH287,11.574028968811035
2024,iah4,GEMS-0227_FBLL_0124/LH287,11.574028968811035
2024,iah4,GEMS-0227_FBLL_0124/PHP02,11.574028968811035
2024,iah4,GEMS-0227_FBLL_0125/LH287,11.574028968811035
2024,iah4,GEMS-0227_FBLL_0125/PHP02,11.574028968811035
2024,iah4,GEMS-0227_FBLL_0127/LH287,11.574028968811035
2024,iah4,GEMS-0227_FBLL_0127/PHP02,11.574028968811035
2024,iah4,GEMS-0227_FBLL_0133/LH287,11.574028968811035
2024,iah4,GEMS-0227_FBLL_0134/LH287,11.574028968811035
2024,iah4,GEMS-0227_FBLL_0134/PHP02,11.574028968811035
2024,iah4,GEMS-0227_FBLL_0136/PHP02,11.574028968811035
2024,iah4,GEMS-0227_FBLL_0140/LH287,11.574028968811035
2024,iah4,GEMS-0227_FBLL_0140/PHP02,11.574028968811035
2024,iah4,GEMS-0227_FBLL_0141/PHP02,11.574028968811035
2024,iah4,GEMS-0227_PHB47_0001/LH287,11.574028968811035
2024,iah4,GEMS-0227_PHB47_0001/PHP02,11.574028968811035
2024,iah4,GEMS-0227_PHB47_0002/LH287,11.574028968811035
2024,iah4,GEMS-0227_PHB47_0002/PHP02,11.574028968811035
2024,iah4,GEMS-0227_PHB47_0003/LH287,11.574028968811035
2024,iah4,GEMS-0227_PHB47_0003/PHP02,11.574028968811035
2024,iah4,GEMS-0227_PHB47_0004/LH287,11.574028968811035
2024,iah4,GEMS-0227_PHB47_0004/PHP02,11.574028968811035
2024,iah4,GEMS-0227_PHB47_0006/LH287,11.574028968811035
2024,iah4,GEMS-0227_PHB47_0006/PHP02,11.574028968811035
2024,iah4,GEMS-0227_PHB47_0007/LH287,11.574028968811035
2024,iah4,GEMS-0227_PHB47_0007/PHP02,11.574028968811035
2024,iah4,GEMS-0227_PHB47_0009/LH287,11.574028968811035
2024,iah4,GEMS-0227_PHB47_0009/PHP02,11.574028968811035
2024,iah4,GEMS-0227_PHB47_0011/PHP02,11.574028968811035
2024,iah4,GEMS-0227_PHB47_0012/LH287,11.574028968811035
2024,iah4,GEMS-0227_PHB47_0016/LH287,11.574028968811035
2024,iah4,GEMS-0227_PHB47_0016/PHP02,11.574028968811035
2024,iah4,GEMS-0227_PHB47_0022/LH287,11.574028968811035
2024,iah4,GEMS-0227_PHB47_0022/PHP02,11.574028968811035
2024,iah4,GEMS-0227_PHB47_0023/PHP02,11.574028968811035
2024,iah4,GEMS-0227_PHB47_0024/LH287,11.574028968811035
2024,iah4,GEMS-0227_PHB47_0024/PHP02,11.574028968811035
2024,iah4,GEMS-0227_PHB47_0025/LH287,11.574028968811035
2024,iah4,GEMS-0227_PHB47_0025/PHP02,11.574028968811035
2024,iah4,GEMS-0227_PHBW8_0001/PHP02,11.574028968811035
2024,iah4,GEMS-0227_PHBW8_0002/LH287,11.574028968811035
2024,iah4,GEMS-0227_PHBW8_0002/PHP02,11.574028968811035
2024,iah4,GEMS-0227_PHBW8_0003/LH287,11.574028968811035
2024,iah4,GEMS-0227_PHBW8_0003/PHP02,11.574028968811035
2024,iah4,GEMS-0227_PHBW8_0004/LH287,11.574028968811035
2024,iah4,GEMS-0227_PHBW8_0004/PHP02,11.574028968811035
2024,iah4,GEMS-0227_PHBW8_0005/PHP02,11.574028968811035
2024,iah4,GEMS-0227_PHBW8_0006/PHP02,11.574028968811035
2024,iah4,GEMS-0227_PHBW8_0007/LH287,11.574028968811035
2024,iah4,GEMS-0227_PHBW8_0007/PHP02,11.574028968811035
2024,iah4,GEMS-0227_PHBW8_0009/LH287,11.574028968811035
2024,iah4,GEMS-0227_PHBW8_0009/PHP02,11.574028968811035
2024,iah4,GEMS-0227_PHBW8_0010/LH287,11.574028968811035
2024,iah4,GEMS-0227_PHBW8_0010/PHP02,11.574028968811035
2024,iah4,GEMS-0227_PHBW8_0011/LH287,11.574028968811035
2024,iah4,GEMS-0227_PHBW8_0011/PHP02,11.574028968811035
2024,iah4,GEMS-0227_PHBW8_0012/LH287,11.574028968811035
2024,iah4,GEMS-0227_PHBW8_0013/PHP02,11.574028968811035
2024,iah4,GEMS-0227_PHBW8_0015/LH287,11.574028968811035
2024,iah4,GEMS-0227_PHBW8_0015/PHP02,11.574028968811035
2024,iah4,GEMS-0227_PHBW8_0016/LH287,11.574028968811035
2024,iah4,GEMS-0227_PHBW8_0016/PHP02,11.574028968811035
2024,iah4,GEMS-0227_PHBW8_0017/LH287,11.574028968811035
2024,iah4,GEMS-0227_PHBW8_0017/PHP02,11.574028968811035
2024,iah4,GEMS-0227_PHBW8_0018/LH287,11.574028968811035
2024,iah4,GEMS-0227_PHBW8_0018/PHP02,11.574028968811035
2024,iah4,GEMS-0227_PHBW8_0019/LH287,11.574028968811035
2024,iah4,GEMS-0227_PHBW8_0019/PHP02,11.574028968811035
2024,iah4,GEMS-0227_PHBW8_0020/LH287,11.574028968811035
2024,iah4,GEMS-0227_PHBW8_0021/PHP02,11.574028968811035
2024,iah4,GEMS-0227_PHBW8_0022/PHP02,11.574028968811035
2024,iah4,GEMS-0227_PHBW8_0024/LH287,11.574028968811035
2024,iah4,GEMS-0227_PHBW8_0024/PHP02,11.574028968811035
2024,iah4,LH132/LH287,11.574028968811035
2024,iah4,LH132/PHP02,11.448612213134766
2024,iah4,LH146HT/LH287,11.574028968811035
2024,iah4,LH192/LH287,11.574028968811035
2024,iah4,LH192/PHP02,11.574028968811035
2024,iah4,LH193/LH287,11.574028968811035
2024,iah4,LH193/PHP02,11.574028968811035
2024,iah4,LH194/LH287,11.574028968811035
2024,iah4,LH195/LH287,11.574028968811035
2024,iah4,LH195/PHP02,11.55404281616211
2024,iah4,LH195/PHZ51,10.98340129852295
2024,iah4,LH197/PHP02,11.574028968811035
2024,iah4,LH198/LH287,11.574028968811035
2024,iah4,LH200/LH287,11.574028968811035
2024,iah4,LH204/PHP02,11.574028968811035
2024,iah4,LH220HT/PHP02,11.574028968811035
2024,iah4,LH224/LH287,11.574028968811035
2024,iah4,LH224/PHP02,11.574028968811035
2024,iah4,LH225/PHP02,11.574028968811035
2024,iah4,LH226HT/LH287,11.574028968811035
2024,iah4,LH226HT/PHP02,11.574028968811035
2024,iah4,LH228/LH287,11.574028968811035
2024,iah4,LH228/PHP02,11.574028968811035
2024,iah4,LH231/LH287,11.574028968811035
2024,iah4,LH231/PHP02,11.574028968811035
2024,iah4,LH234/LH287,11.574028968811035
2024,iah4,LH234/PHP02,11.574028968811035
2024,iah4,LH235/LH287,11.574028968811035
2024,iah4,LH236/LH287,11.574028968811035
2024,iah4,LH237/LH287,11.574028968811035
2024,iah4,LH238/PHP02,11.574028968811035
2024,iah4,LH244/PHK76,11.093979835510254
2024,iah4,LH244/PHP02,11.574028968811035
2024,iah4,LH264/LH287,11.574028968811035
2024,iah4,LH264/PHP02,11.574028968811035
2024,iah4,LH273/PHP02,11.574028968811035
2024,iah4,LH286/LH287,11.574028968811035
2024,iah4,LH286/PHP02,11.574028968811035
2024,iah4,LH287/LH244,13.811284065246582
2024,iah4,LH292/PHP02,11.574028968811035
2024,iah4,LH82/LH244,11.467848777770996
2024,iah4,MM501D/LH244,12.886558532714844
2024,iah4,NKH8431/LH287,11.574028968811035
2024,iah4,NKH8431/PHP02,11.574028968811035
2024,iah4,PH05F/LH287,11.574028968811035
2024,iah4,PH05G/PHP02,11.574028968811035
2024,iah4,PH05W/LH287,11.574028968811035
2024,iah4,PH05W/PHP02,11.574028968811035
2024,iah4,PH06N/LH287,11.574028968811035
2024,iah4,PH07D/LH287,11.574028968811035
2024,iah4,PH07D/PHP02,11.574028968811035
2024,iah4,PH080/LH287,11.574028968811035
2024,iah4,PH08A/PHP02,11.574028968811035
2024,iah4,PH09B/LH287,11.574028968811035
2024,iah4,PH09B/PHP02,11.574028968811035
2024,iah4,PH09E/LH287,11.574028968811035
2024,iah4,PH0B4/LH287,11.574028968811035
2024,iah4,PH0B4/PHP02,11.574028968811035
2024,iah4,PH0CD/LH287,11.574028968811035
2024,iah4,PH0CD/PHP02,11.574028968811035
2024,iah4,PH0GP/LH287,11.574028968811035
2024,iah4,PH0GP/PHP02,11.574028968811035
2024,iah4,PH12C/LH287,11.574028968811035
2024,iah4,PH12C/PHP02,11.574028968811035
2024,iah4,PH19V/LH287,11.574028968811035
2024,iah4,PH19V/PHP02,11.574028968811035
2024,iah4,PH1CA/LH287,11.574028968811035
2024,iah4,PH1CA/PHP02,11.574028968811035
2024,iah4,PH1GC/PHP02,11.574028968811035
2024,iah4,PH1GG/LH287,11.574028968811035
2024,iah4,PH1GG/PHP02,11.574028968811035
2024,iah4,PH1TB/PHP02,11.574028968811035
2024,iah4,PH1W2/LH287,11.574028968811035
2024,iah4,PH1W2/PHP02,11.574028968811035
2024,iah4,PH24E/LH244,13.242258071899414
2024,iah4,PH24M/LH287,11.574028968811035
2024,iah4,PH42B/LH287,11.574028968811035
2024,iah4,PH44A/LH287,11.574028968811035
2024,iah4,PH44A/PHP02,11.574028968811035
2024,iah4,PH55C/LH287,11.574028968811035
2024,iah4,PH63A/PHP02,11.574028968811035
2024,iah4,PH79A/LH287,11.574028968811035
2024,iah4,PH79A/PHP02,11.574028968811035
2024,iah4,PHB47/LH287,11.574028968811035
2024,iah4,PHB47/PHN82,11.968358039855957
2024,iah4,PHB47/PHP02,11.574028968811035
2024,iah4,PHB47/PHZ51,10.745529174804688
2024,iah4,PHBW8/LH287,11.574028968811035
2024,iah4,PHBW8/PHP02,11.574028968811035
2024,iah4,PHDG1/LH287,11.574028968811035
2024,iah4,PHDG1/PHP02,11.574028968811035
2024,iah4,PHEW7/LH287,11.574028968811035
2024,iah4,PHEW7/PHP02,11.574028968811035
2024,iah4,PHG29/PHG47,9.33958625793457
2024,iah4,PHG39/PHN82,12.1336030960083
2024,iah4,PHHB9/LH287,11.574028968811035
2024,iah4,PHHB9/PHP02,11.574028968811035
2024,iah4,PHJ40/PHAJ0,6.651828289031982
2024,iah4,PHJ89/LH244,12.310622215270996
2024,iah4,PHJR5/LH287,11.574028968811035
2024,iah4,PHJR5/PHP02,11.574028968811035
2024,iah4,PHK56/LH244,12.926626205444336
2024,iah4,PHKV0/LH287,11.574028968811035
2024,iah4,PHKV0/PHP02,11.574028968811035
2024,iah4,PHN41/LH287,11.574028968811035
2024,iah4,PHN46/LH244,11.036016464233398
2024,iah4,PHN66/PHP02,11.574028968811035
2024,iah4,PHNJ2/LH287,11.574028968811035
2024,iah4,PHNJ2/PHP02,11.574028968811035
2024,iah4,PHP02/LH244,12.918997764587402
2024,iah4,PHP38/PHP02,11.574028968811035
2024,iah4,PHPR5/LH287,11.574028968811035
2024,iah4,PHR03/LH244,13.283478736877441
2024,iah4,PHR61/PHP02,11.574028968811035
2024,iah4,PHRE1/PHTD5,7.907248020172119
2024,iah4,PHT10/PHP02,11.574028968811035
2024,iah4,PHT11/LH287,11.574028968811035
2024,iah4,PHT11/PHP02,11.574028968811035
2024,iah4,PHT47/LH287,11.574028968811035
2024,iah4,PHTP9/LH287,11.574028968811035
2024,iah4,PHTV7/LH287,11.574028968811035
2024,iah4,PHTV7/PHP02,11.574028968811035
2024,iah4,PHV37/PHP02,11.574028968811035
2024,iah4,PHVA9/LH287,11.574028968811035
2024,iah4,PHVA9/PHP02,11.574028968811035
2024,iah4,PHVJ5/LH287,11.574028968811035
2024,iah4,PHVJ5/PHP02,11.574028968811035
2024,iah4,PHW30/LH244,12.748327255249023
2024,iah4,PHW52/PHM49,11.602399826049805
2024,iah4,PHW52/PHP02,11.574028968811035
2024,iah4,TX777/LH195,8.989789009094238
2024,iah4,W10004_0018/PHP02,11.430588722229004
2024,iah4,W10004_0031/LH287,11.574028968811035
2024,iah4,W10004_0031/PHP02,12.918997764587402
2024,iah4,W10004_0034/LH287,11.574028968811035
2024,iah4,W10004_0034/PHP02,12.512275695800781
2024,iah4,W10004_0055/LH287,11.574028968811035
2024,iah4,W10004_0055/PHP02,12.813825607299805
2024,iah4,W10004_0062/LH287,11.574028968811035
2024,iah4,W10004_0062/PHP02,11.512349128723145
2024,iah4,W10004_0095/LH287,11.574028968811035
2024,iah4,W10004_0103/LH287,11.574028968811035
2024,iah4,W10004_0122/LH287,11.574028968811035
2024,iah4,W10004_0133/LH287,11.574028968811035
2024,iah4,W10004_0133/PHP02,12.512275695800781
2024,iah4,W10004_0138/LH287,11.574028968811035
2024,iah4,W10004_0138/PHP02,12.000185012817383
2024,iah4,W10004_0146/LH287,11.574028968811035
2024,iah4,W10004_0160/LH287,11.574028968811035
2024,iah4,W10004_0160/PHP02,12.738327026367188
2024,iah4,W10004_0167/LH287,11.574028968811035
2024,iah4,W10004_0168/PHP02,12.198264122009277
2024,iah4,W10004_0189/LH287,11.574028968811035
2024,iah4,W10004_0189/PHP02,13.367229461669922
2024,iah4,W10004_0236/LH287,11.574028968811035
2024,iah4,W10004_0236/PHP02,12.281432151794434
2024,iah4,W10004_0238/LH287,11.574028968811035
2024,iah4,W10004_0238/PHP02,12.461148262023926
2024,iah4,W10004_0258/LH287,11.574028968811035
2024,iah4,W10004_0270/PHP02,12.050183296203613
2024,iah4,W10004_0311/LH287,11.574028968811035
2024,iah4,W10004_0311/PHP02,11.557622909545898
2024,iah4,W10004_0346/LH287,11.574028968811035
2024,iah4,W10004_0346/PHP02,13.242169380187988
2024,iah4,W10004_0389/PHP02,12.042109489440918
2024,iah4,W10004_0403/LH287,11.574028968811035
2024,iah4,W10004_0403/PHP02,12.441328048706055
2024,iah4,W10004_0409/LH287,11.574028968811035
2024,iah4,W10004_0409/PHP02,13.682578086853027
2024,iah4,W10004_0412/LH287,11.574028968811035
2024,iah4,W10004_0412/PHP02,12.198622703552246
2024,iah4,W10004_0476/LH287,11.574028968811035
2024,iah4,W10004_0476/PHP02,11.58835220336914
2024,iah4,W10004_0601/LH287,11.574028968811035
2024,iah4,W10004_0601/PHP02,12.23147964477539
2024,iah4,W10004_0608/LH287,11.574028968811035
2024,iah4,W10004_0608/PHP02,11.005757331848145
2024,iah4,W10004_0637/LH287,11.574028968811035
2024,iah4,W10004_0637/PHP02,12.599592208862305
2024,iah4,W10004_0658/LH287,11.574028968811035
2024,iah4,W10004_0688/LH287,11.574028968811035
2024,iah4,W10004_0688/PHP02,11.715633392333984
2024,iah4,W10004_0691/LH287,11.574028968811035
2024,iah4,W10004_0714/LH287,11.574028968811035
2024,iah4,W10004_0714/PHP02,12.281432151794434
2024,iah4,W10004_0715/PHP02,12.198622703552246
2024,iah4,W10004_0747/LH287,11.574028968811035
2024,iah4,W10004_0747/PHP02,13.426427841186523
2024,iah4,W10004_0776/LH287,11.574028968811035
2024,iah4,W10004_0801/LH287,11.574028968811035
2024,iah4,W10004_0801/PHP02,13.49450969696045
2024,iah4,W10004_0858/PHP02,12.203779220581055
2024,iah4,W10004_0859/PHP02,11.90479564666748
2024,iah4,W10004_0866/PHP02,13.14409065246582
2024,iah4,W10004_0949/LH287,11.574028968811035
2024,iah4,W10004_0969/LH287,11.574028968811035
2024,iah4,W10004_0969/PHP02,11.5662841796875
2024,iah4,W10004_1014/LH287,11.574028968811035
2024,iah4,W10004_1032/LH287,11.574028968811035
2024,iah4,W10004_1032/PHP02,11.632661819458008
2024,iah4,W10004_1080/LH287,11.574028968811035
2024,iah4,WQCD10/LH287,11.574028968811035
2024,iah4,WQCD10/PHP02,11.574028968811035
2024,iah4,ZS01459/LH287,11.574028968811035
2024,iah4,ZS0510/LH287,11.574028968811035
2024,iah4,ZS0510/PHP02,11.574028968811035
2024,ilh1,2369/LH123HT,12.718622207641602
2024,ilh1,2FACC/PHP02,10.698850631713867
2024,ilh1,B14A/OH43,10.216493606567383
2024,ilh1,B37/H95,9.86237621307373
2024,ilh1,B73/MO17,12.17271614074707
2024,ilh1,B73/PHK76,10.610699653625488
2024,ilh1,B73/PHN82,12.501708030700684
2024,ilh1,B73/PHZ51,10.097382545471191
2024,ilh1,B73/TX779,8.329449653625488
2024,ilh1,CG119/CG108,5.127140045166016
2024,ilh1,CG44/CGR01,8.567344665527344
2024,ilh1,DK3IIH6/LH244,12.182892799377441
2024,ilh1,DKFBHJ/PHP02,10.698850631713867
2024,ilh1,FBLL/PHP02,10.698850631713867
2024,ilh1,GEMS-0061_3AZA1_0001/PHP02,10.698850631713867
2024,ilh1,GEMS-0061_3AZA1_0004/PHP02,10.698850631713867
2024,ilh1,GEMS-0061_3AZA1_0005/PHP02,10.698850631713867
2024,ilh1,GEMS-0061_3AZA1_0006/PHP02,10.698850631713867
2024,ilh1,GEMS-0061_3AZA1_0007/PHP02,10.698850631713867
2024,ilh1,GEMS-0061_3AZA1_0009/PHP02,10.698850631713867
2024,ilh1,GEMS-0061_3AZA1_0010/PHP02,10.698850631713867
2024,ilh1,GEMS-0061_3AZA1_0011/PHP02,10.698850631713867
2024,ilh1,GEMS-0061_3AZA1_0012/PHP02,10.698850631713867
2024,ilh1,GEMS-0061_3AZA1_0014/PHP02,10.698850631713867
2024,ilh1,GEMS-0061_3AZA1_0015/PHP02,10.698850631713867
2024,ilh1,GEMS-0061_3AZA1_0016/PHP02,10.698850631713867
2024,ilh1,GEMS-0061_3AZA1_0017/PHP02,10.698850631713867
2024,ilh1,GEMS-0061_3AZA1_0023/PHP02,10.698850631713867
2024,ilh1,GEMS-0061_FBLL_0002/PHP02,10.698850631713867
2024,ilh1,GEMS-0061_FBLL_0004/PHP02,10.698850631713867
2024,ilh1,GEMS-0061_FBLL_0005/PHP02,10.698850631713867
2024,ilh1,GEMS-0061_FBLL_0007/PHP02,10.698850631713867
2024,ilh1,GEMS-0061_FBLL_0009/PHP02,10.698850631713867
2024,ilh1,GEMS-0061_FBLL_0010/PHP02,10.698850631713867
2024,ilh1,GEMS-0061_FBLL_0011/PHP02,10.698850631713867
2024,ilh1,GEMS-0061_FBLL_0015/PHP02,10.698850631713867
2024,ilh1,GEMS-0061_FBLL_0016/PHP02,10.698850631713867
2024,ilh1,GEMS-0061_FBLL_0017/PHP02,10.698850631713867
2024,ilh1,GEMS-0061_FBLL_0018/PHP02,10.698850631713867
2024,ilh1,GEMS-0061_FBLL_0019/PHP02,10.698850631713867
2024,ilh1,GEMS-0061_FBLL_0023/PHP02,10.698850631713867
2024,ilh1,GEMS-0061_FBLL_0024/PHP02,10.698850631713867
2024,ilh1,GEMS-0061_FBLL_0025/PHP02,10.698850631713867
2024,ilh1,GEMS-0061_FBLL_0026/PHP02,10.698850631713867
2024,ilh1,GEMS-0061_FBLL_0029/PHP02,10.698850631713867
2024,ilh1,GEMS-0061_FBLL_0031/PHP02,10.698850631713867
2024,ilh1,GEMS-0061_FBLL_0032/PHP02,10.698850631713867
2024,ilh1,GEMS-0061_FBLL_0033/PHP02,10.698850631713867
2024,ilh1,GEMS-0061_FBLL_0034/PHP02,10.698850631713867
2024,ilh1,GEMS-0061_FBLL_0035/PHP02,10.698850631713867
2024,ilh1,GEMS-0061_FBLL_0037/PHP02,10.698850631713867
2024,ilh1,GEMS-0061_FBLL_0038/PHP02,10.698850631713867
2024,ilh1,GEMS-0061_FBLL_0039/PHP02,10.698850631713867
2024,ilh1,GEMS-0061_FBLL_0040/PHP02,10.698850631713867
2024,ilh1,GEMS-0061_FBLL_0042/PHP02,10.698850631713867
2024,ilh1,GEMS-0061_FBLL_0044/PHP02,10.698850631713867
2024,ilh1,GEMS-0061_FBLL_0047/PHP02,10.698850631713867
2024,ilh1,GEMS-0061_PHB47_0001/PHP02,10.698850631713867
2024,ilh1,GEMS-0061_PHB47_0003/PHP02,10.698850631713867
2024,ilh1,GEMS-0061_PHBW8_0001/PHP02,10.698850631713867
2024,ilh1,GEMS-0113_3AZA1_0003/PHP02,10.698850631713867
2024,ilh1,GEMS-0113_3AZA1_0006/PHP02,10.698850631713867
2024,ilh1,GEMS-0113_3AZA1_0007/PHP02,10.698850631713867
2024,ilh1,GEMS-0113_3AZA1_0008/PHP02,10.698850631713867
2024,ilh1,GEMS-0113_3AZA1_0010/PHP02,10.698850631713867
2024,ilh1,GEMS-0113_3AZA1_0015/PHP02,10.698850631713867
2024,ilh1,GEMS-0113_3AZA1_0017/PHP02,10.698850631713867
2024,ilh1,GEMS-0113_3AZA1_0018/PHP02,10.698850631713867
2024,ilh1,GEMS-0113_3AZA1_0019/PHP02,10.698850631713867
2024,ilh1,GEMS-0113_3AZA1_0021/PHP02,10.698850631713867
2024,ilh1,GEMS-0113_3AZA1_0022/PHP02,10.698850631713867
2024,ilh1,GEMS-0113_3AZA1_0023/PHP02,10.698850631713867
2024,ilh1,GEMS-0113_3AZA1_0025/PHP02,10.698850631713867
2024,ilh1,GEMS-0113_3AZA1_0028/PHP02,10.698850631713867
2024,ilh1,GEMS-0113_3AZA1_0029/PHP02,10.698850631713867
2024,ilh1,GEMS-0113_FBLL_0002/PHP02,10.698850631713867
2024,ilh1,GEMS-0113_FBLL_0004/PHP02,10.698850631713867
2024,ilh1,GEMS-0113_FBLL_0005/PHP02,10.698850631713867
2024,ilh1,GEMS-0113_FBLL_0008/PHP02,10.698850631713867
2024,ilh1,GEMS-0113_FBLL_0010/PHP02,10.698850631713867
2024,ilh1,GEMS-0113_FBLL_0011/PHP02,10.698850631713867
2024,ilh1,GEMS-0113_FBLL_0013/PHP02,10.698850631713867
2024,ilh1,GEMS-0113_FBLL_0015/PHP02,10.698850631713867
2024,ilh1,GEMS-0113_PHB47_0001/PHP02,10.698850631713867
2024,ilh1,GEMS-0113_PHB47_0005/PHP02,10.698850631713867
2024,ilh1,GEMS-0113_PHB47_0006/PHP02,10.698850631713867
2024,ilh1,GEMS-0113_PHB47_0007/PHP02,10.698850631713867
2024,ilh1,GEMS-0113_PHB47_0008/PHP02,10.698850631713867
2024,ilh1,GEMS-0113_PHB47_0009/PHP02,10.698850631713867
2024,ilh1,GEMS-0113_PHB47_0014/PHP02,10.698850631713867
2024,ilh1,GEMS-0113_PHB47_0015/PHP02,10.698850631713867
2024,ilh1,GEMS-0113_PHB47_0017/PHP02,10.698850631713867
2024,ilh1,GEMS-0113_PHB47_0021/PHP02,10.698850631713867
2024,ilh1,GEMS-0113_PHBW8_0002/PHP02,10.698850631713867
2024,ilh1,GEMS-0113_PHBW8_0005/PHP02,10.698850631713867
2024,ilh1,GEMS-0113_PHBW8_0006/PHP02,10.698850631713867
2024,ilh1,GEMS-0113_PHBW8_0010/PHP02,10.698850631713867
2024,ilh1,GEMS-0113_PHBW8_0011/PHP02,10.698850631713867
2024,ilh1,GEMS-0113_PHBW8_0012/PHP02,10.698850631713867
2024,ilh1,GEMS-0113_PHBW8_0017/PHP02,10.698850631713867
2024,ilh1,GEMS-0219_3AZA1_0001/PHP02,10.698850631713867
2024,ilh1,GEMS-0219_3AZA1_0004/PHP02,10.698850631713867
2024,ilh1,GEMS-0219_3AZA1_0005/PHP02,10.698850631713867
2024,ilh1,GEMS-0219_3AZA1_0006/PHP02,10.698850631713867
2024,ilh1,GEMS-0219_3AZA1_0007/PHP02,10.698850631713867
2024,ilh1,GEMS-0219_3AZA1_0008/PHP02,10.698850631713867
2024,ilh1,GEMS-0219_3AZA1_0014/PHP02,10.698850631713867
2024,ilh1,GEMS-0219_FBLL_0002/PHP02,10.698850631713867
2024,ilh1,GEMS-0219_FBLL_0003/PHP02,10.698850631713867
2024,ilh1,GEMS-0219_FBLL_0004/PHP02,10.698850631713867
2024,ilh1,GEMS-0219_FBLL_0005/PHP02,10.698850631713867
2024,ilh1,GEMS-0219_FBLL_0006/PHP02,10.698850631713867
2024,ilh1,GEMS-0219_FBLL_0007/PHP02,10.698850631713867
2024,ilh1,GEMS-0219_FBLL_0008/PHP02,10.698850631713867
2024,ilh1,GEMS-0219_FBLL_0010/PHP02,10.698850631713867
2024,ilh1,GEMS-0219_FBLL_0013/PHP02,10.698850631713867
2024,ilh1,GEMS-0219_FBLL_0014/PHP02,10.698850631713867
2024,ilh1,GEMS-0219_FBLL_0015/PHP02,10.698850631713867
2024,ilh1,GEMS-0219_FBLL_0018/PHP02,10.698850631713867
2024,ilh1,GEMS-0219_FBLL_0020/PHP02,10.698850631713867
2024,ilh1,GEMS-0219_FBLL_0021/PHP02,10.698850631713867
2024,ilh1,GEMS-0219_FBLL_0022/PHP02,10.698850631713867
2024,ilh1,GEMS-0219_FBLL_0023/PHP02,10.698850631713867
2024,ilh1,GEMS-0219_FBLL_0025/PHP02,10.698850631713867
2024,ilh1,GEMS-0219_FBLL_0027/PHP02,10.698850631713867
2024,ilh1,GEMS-0219_FBLL_0030/PHP02,10.698850631713867
2024,ilh1,GEMS-0219_PHB47_0002/PHP02,10.698850631713867
2024,ilh1,GEMS-0219_PHB47_0005/PHP02,10.698850631713867
2024,ilh1,GEMS-0219_PHB47_0011/PHP02,10.698850631713867
2024,ilh1,GEMS-0219_PHB47_0014/PHP02,10.698850631713867
2024,ilh1,GEMS-0219_PHB47_0017/PHP02,10.698850631713867
2024,ilh1,GEMS-0219_PHBW8_0002/PHP02,10.698850631713867
2024,ilh1,GEMS-0219_PHBW8_0003/PHP02,10.698850631713867
2024,ilh1,GEMS-0219_PHBW8_0004/PHP02,10.698850631713867
2024,ilh1,GEMS-0219_PHBW8_0006/PHP02,10.698850631713867
2024,ilh1,GEMS-0219_PHBW8_0008/PHP02,10.698850631713867
2024,ilh1,GEMS-0219_PHBW8_0009/PHP02,10.698850631713867
2024,ilh1,GEMS-0219_PHBW8_0011/PHP02,10.698850631713867
2024,ilh1,GEMS-0227_3AZA1_0001/PHP02,10.698850631713867
2024,ilh1,GEMS-0227_3AZA1_0005/PHP02,10.698850631713867
2024,ilh1,GEMS-0227_3AZA1_0006/PHP02,10.698850631713867
2024,ilh1,GEMS-0227_3AZA1_0007/PHP02,10.698850631713867
2024,ilh1,GEMS-0227_3AZA1_0008/PHP02,10.698850631713867
2024,ilh1,GEMS-0227_3AZA1_0009/PHP02,10.698850631713867
2024,ilh1,GEMS-0227_3AZA1_0010/PHP02,10.698850631713867
2024,ilh1,GEMS-0227_3AZA1_0011/PHP02,10.698850631713867
2024,ilh1,GEMS-0227_3AZA1_0013/PHP02,10.698850631713867
2024,ilh1,GEMS-0227_3AZA1_0016/PHP02,10.698850631713867
2024,ilh1,GEMS-0227_3AZA1_0017/PHP02,10.698850631713867
2024,ilh1,GEMS-0227_3AZA1_0021/PHP02,10.698850631713867
2024,ilh1,GEMS-0227_3AZA1_0022/PHP02,10.698850631713867
2024,ilh1,GEMS-0227_3AZA1_0025/PHP02,10.698850631713867
2024,ilh1,GEMS-0227_3AZA1_0028/PHP02,10.698850631713867
2024,ilh1,GEMS-0227_3AZA1_0029/PHP02,10.698850631713867
2024,ilh1,GEMS-0227_3AZA1_0030/PHP02,10.698850631713867
2024,ilh1,GEMS-0227_3AZA1_0031/PHP02,10.698850631713867
2024,ilh1,GEMS-0227_3AZA1_0040/PHP02,10.698850631713867
2024,ilh1,GEMS-0227_3AZA1_0049/PHP02,10.698850631713867
2024,ilh1,GEMS-0227_FBLL_0003/PHP02,10.698850631713867
2024,ilh1,GEMS-0227_FBLL_0005/PHP02,10.698850631713867
2024,ilh1,GEMS-0227_FBLL_0010/PHP02,10.698850631713867
2024,ilh1,GEMS-0227_FBLL_0012/PHP02,10.698850631713867
2024,ilh1,GEMS-0227_FBLL_0013/PHP02,10.698850631713867
2024,ilh1,GEMS-0227_FBLL_0014/PHP02,10.698850631713867
2024,ilh1,GEMS-0227_FBLL_0015/PHP02,10.698850631713867
2024,ilh1,GEMS-0227_FBLL_0016/PHP02,10.698850631713867
2024,ilh1,GEMS-0227_FBLL_0017/PHP02,10.698850631713867
2024,ilh1,GEMS-0227_FBLL_0018/PHP02,10.698850631713867
2024,ilh1,GEMS-0227_FBLL_0019/PHP02,10.698850631713867
2024,ilh1,GEMS-0227_FBLL_0020/PHP02,10.698850631713867
2024,ilh1,GEMS-0227_FBLL_0021/PHP02,10.698850631713867
2024,ilh1,GEMS-0227_FBLL_0022/PHP02,10.698850631713867
2024,ilh1,GEMS-0227_FBLL_0023/PHP02,10.698850631713867
2024,ilh1,GEMS-0227_FBLL_0024/PHP02,10.698850631713867
2024,ilh1,GEMS-0227_FBLL_0026/PHP02,10.698850631713867
2024,ilh1,GEMS-0227_FBLL_0028/PHP02,10.698850631713867
2024,ilh1,GEMS-0227_FBLL_0029/PHP02,10.698850631713867
2024,ilh1,GEMS-0227_FBLL_0030/PHP02,10.698850631713867
2024,ilh1,GEMS-0227_FBLL_0031/PHP02,10.698850631713867
2024,ilh1,GEMS-0227_FBLL_0032/PHP02,10.698850631713867
2024,ilh1,GEMS-0227_FBLL_0033/PHP02,10.698850631713867
2024,ilh1,GEMS-0227_FBLL_0036/PHP02,10.698850631713867
2024,ilh1,GEMS-0227_FBLL_0037/PHP02,10.698850631713867
2024,ilh1,GEMS-0227_FBLL_0038/PHP02,10.698850631713867
2024,ilh1,GEMS-0227_FBLL_0039/PHP02,10.698850631713867
2024,ilh1,GEMS-0227_FBLL_0040/PHP02,10.698850631713867
2024,ilh1,GEMS-0227_FBLL_0042/PHP02,10.698850631713867
2024,ilh1,GEMS-0227_FBLL_0046/PHP02,10.698850631713867
2024,ilh1,GEMS-0227_FBLL_0048/PHP02,10.698850631713867
2024,ilh1,GEMS-0227_FBLL_0050/PHP02,10.698850631713867
2024,ilh1,GEMS-0227_FBLL_0051/PHP02,10.698850631713867
2024,ilh1,GEMS-0227_FBLL_0052/PHP02,10.698850631713867
2024,ilh1,GEMS-0227_FBLL_0054/PHP02,10.698850631713867
2024,ilh1,GEMS-0227_FBLL_0055/PHP02,10.698850631713867
2024,ilh1,GEMS-0227_FBLL_0056/PHP02,10.698850631713867
2024,ilh1,GEMS-0227_FBLL_0059/PHP02,10.698850631713867
2024,ilh1,GEMS-0227_FBLL_0062/PHP02,10.698850631713867
2024,ilh1,GEMS-0227_FBLL_0063/PHP02,10.698850631713867
2024,ilh1,GEMS-0227_FBLL_0064/PHP02,10.698850631713867
2024,ilh1,GEMS-0227_FBLL_0066/PHP02,10.698850631713867
2024,ilh1,GEMS-0227_FBLL_0067/PHP02,10.698850631713867
2024,ilh1,GEMS-0227_FBLL_0068/PHP02,10.698850631713867
2024,ilh1,GEMS-0227_FBLL_0069/PHP02,10.698850631713867
2024,ilh1,GEMS-0227_FBLL_0070/PHP02,10.698850631713867
2024,ilh1,GEMS-0227_FBLL_0071/PHP02,10.698850631713867
2024,ilh1,GEMS-0227_FBLL_0072/PHP02,10.698850631713867
2024,ilh1,GEMS-0227_FBLL_0073/PHP02,10.698850631713867
2024,ilh1,GEMS-0227_FBLL_0075/PHP02,10.698850631713867
2024,ilh1,GEMS-0227_FBLL_0077/PHP02,10.698850631713867
2024,ilh1,GEMS-0227_FBLL_0078/PHP02,10.698850631713867
2024,ilh1,GEMS-0227_FBLL_0084/PHP02,10.698850631713867
2024,ilh1,GEMS-0227_FBLL_0085/PHP02,10.698850631713867
2024,ilh1,GEMS-0227_FBLL_0086/PHP02,10.698850631713867
2024,ilh1,GEMS-0227_FBLL_0087/PHP02,10.698850631713867
2024,ilh1,GEMS-0227_FBLL_0089/PHP02,10.698850631713867
2024,ilh1,GEMS-0227_FBLL_0090/PHP02,10.698850631713867
2024,ilh1,GEMS-0227_FBLL_0097/PHP02,10.698850631713867
2024,ilh1,GEMS-0227_FBLL_0104/PHP02,10.698850631713867
2024,ilh1,GEMS-0227_FBLL_0105/PHP02,10.698850631713867
2024,ilh1,GEMS-0227_FBLL_0106/PHP02,10.698850631713867
2024,ilh1,GEMS-0227_FBLL_0107/PHP02,10.698850631713867
2024,ilh1,GEMS-0227_FBLL_0110/PHP02,10.698850631713867
2024,ilh1,GEMS-0227_FBLL_0111/PHP02,10.698850631713867
2024,ilh1,GEMS-0227_FBLL_0113/PHP02,10.698850631713867
2024,ilh1,GEMS-0227_FBLL_0114/PHP02,10.698850631713867
2024,ilh1,GEMS-0227_FBLL_0115/PHP02,10.698850631713867
2024,ilh1,GEMS-0227_FBLL_0116/PHP02,10.698850631713867
2024,ilh1,GEMS-0227_FBLL_0117/PHP02,10.698850631713867
2024,ilh1,GEMS-0227_FBLL_0118/PHP02,10.698850631713867
2024,ilh1,GEMS-0227_FBLL_0121/PHP02,10.698850631713867
2024,ilh1,GEMS-0227_FBLL_0125/PHP02,10.698850631713867
2024,ilh1,GEMS-0227_FBLL_0127/PHP02,10.698850631713867
2024,ilh1,GEMS-0227_FBLL_0133/PHP02,10.698850631713867
2024,ilh1,GEMS-0227_PHB47_0001/PHP02,10.698850631713867
2024,ilh1,GEMS-0227_PHB47_0003/PHP02,10.698850631713867
2024,ilh1,GEMS-0227_PHB47_0004/PHP02,10.698850631713867
2024,ilh1,GEMS-0227_PHB47_0006/PHP02,10.698850631713867
2024,ilh1,GEMS-0227_PHB47_0007/PHP02,10.698850631713867
2024,ilh1,GEMS-0227_PHB47_0010/PHP02,10.698850631713867
2024,ilh1,GEMS-0227_PHB47_0011/PHP02,10.698850631713867
2024,ilh1,GEMS-0227_PHB47_0012/PHP02,10.698850631713867
2024,ilh1,GEMS-0227_PHB47_0014/PHP02,10.698850631713867
2024,ilh1,GEMS-0227_PHB47_0016/PHP02,10.698850631713867
2024,ilh1,GEMS-0227_PHB47_0022/PHP02,10.698850631713867
2024,ilh1,GEMS-0227_PHB47_0026/PHP02,10.698850631713867
2024,ilh1,GEMS-0227_PHBW8_0002/PHP02,10.698850631713867
2024,ilh1,GEMS-0227_PHBW8_0004/PHP02,10.698850631713867
2024,ilh1,GEMS-0227_PHBW8_0005/PHP02,10.698850631713867
2024,ilh1,GEMS-0227_PHBW8_0006/PHP02,10.698850631713867
2024,ilh1,GEMS-0227_PHBW8_0009/PHP02,10.698850631713867
2024,ilh1,GEMS-0227_PHBW8_0011/PHP02,10.698850631713867
2024,ilh1,GEMS-0227_PHBW8_0012/PHP02,10.698850631713867
2024,ilh1,GEMS-0227_PHBW8_0015/PHP02,10.698850631713867
2024,ilh1,GEMS-0227_PHBW8_0018/PHP02,10.698850631713867
2024,ilh1,GEMS-0227_PHBW8_0019/PHP02,10.698850631713867
2024,ilh1,GEMS-0227_PHBW8_0020/PHP02,10.698850631713867
2024,ilh1,GEMS-0227_PHBW8_0022/PHP02,10.698850631713867
2024,ilh1,LH145/LH82,8.531636238098145
2024,ilh1,LH146HT/PHP02,10.698850631713867
2024,ilh1,LH192/PHP02,10.698850631713867
2024,ilh1,LH193/PHP02,10.698850631713867
2024,ilh1,LH194/PHP02,10.698850631713867
2024,ilh1,LH195/MO17,11.527992248535156
2024,ilh1,LH195/PHK76,9.708723068237305
2024,ilh1,LH195/PHN82,10.291171073913574
2024,ilh1,LH195/PHP02,10.74675178527832
2024,ilh1,LH195/PHZ51,10.079426765441895
2024,ilh1,LH198/PHP02,10.698850631713867
2024,ilh1,LH200/PHP02,10.698850631713867
2024,ilh1,LH220HT/PHP02,10.698850631713867
2024,ilh1,LH224/PHP02,10.698850631713867
2024,ilh1,LH225/PHP02,10.698850631713867
2024,ilh1,LH228/PHP02,10.698850631713867
2024,ilh1,LH231/PHP02,10.698850631713867
2024,ilh1,LH234/PHP02,10.698850631713867
2024,ilh1,LH235/PHP02,10.698850631713867
2024,ilh1,LH236/PHP02,10.698850631713867
2024,ilh1,LH237/PHP02,10.698850631713867
2024,ilh1,LH244/MO17,12.059538841247559
2024,ilh1,LH244/PHK76,10.299286842346191
2024,ilh1,LH244/PHN82,10.926807403564453
2024,ilh1,LH244/PHP02,10.698850631713867
2024,ilh1,LH244/PHZ51,9.88037395477295
2024,ilh1,LH264/PHP02,10.698850631713867
2024,ilh1,LH273/PHP02,10.698850631713867
2024,ilh1,LH286/PHP02,10.698850631713867
2024,ilh1,LH287/LH244,13.043865203857422
2024,ilh1,LH82/LH244,10.647520065307617
2024,ilh1,MM501D/LH244,12.31243896484375
2024,ilh1,NKH8431/PHP02,10.698850631713867
2024,ilh1,PH05F/PHP02,10.698850631713867
2024,ilh1,PH05W/PHP02,10.698850631713867
2024,ilh1,PH06N/PHP02,10.698850631713867
2024,ilh1,PH080/PHP02,10.698850631713867
2024,ilh1,PH09B/PHP02,10.698850631713867
2024,ilh1,PH09E/PHP02,10.698850631713867
2024,ilh1,PH0GP/PHP02,10.698850631713867
2024,ilh1,PH19V/PHP02,10.698850631713867
2024,ilh1,PH1CA/PHP02,10.698850631713867
2024,ilh1,PH24E/LH244,12.5074462890625
2024,ilh1,PH24M/PHP02,10.698850631713867
2024,ilh1,PH32C/PHP02,10.698850631713867
2024,ilh1,PH37C/PHP02,10.698850631713867
2024,ilh1,PH38D/PHP02,10.698850631713867
2024,ilh1,PH42B/PHP02,10.698850631713867
2024,ilh1,PH44A/PHP02,10.698850631713867
2024,ilh1,PH55C/PHP02,10.698850631713867
2024,ilh1,PH63A/PHP02,10.698850631713867
2024,ilh1,PHB47/MO17,9.847378730773926
2024,ilh1,PHB47/PHK76,9.755855560302734
2024,ilh1,PHB47/PHN82,11.492398262023926
2024,ilh1,PHB47/PHZ51,9.859033584594727
2024,ilh1,PHEW7/PHP02,10.698850631713867
2024,ilh1,PHG29/PHG47,9.042957305908203
2024,ilh1,PHG39/PHN82,11.722801208496094
2024,ilh1,PHJ40/PHAJ0,5.127140045166016
2024,ilh1,PHJ89/LH244,11.955968856811523
2024,ilh1,PHJ89/PH207,9.924635887145996
2024,ilh1,PHJR5/PHP02,10.698850631713867
2024,ilh1,PHK56/LH244,12.428909301757812
2024,ilh1,PHN41/PHP02,10.698850631713867
2024,ilh1,PHN46/LH244,10.239142417907715
2024,ilh1,PHN66/PHP02,10.698850631713867
2024,ilh1,PHP02/LH244,12.402925491333008
2024,ilh1,PHP38/PHP02,10.698850631713867
2024,ilh1,PHPR5/PHP02,10.698850631713867
2024,ilh1,PHR03/LH244,12.557084083557129
2024,ilh1,PHR61/PHP02,10.698850631713867
2024,ilh1,PHRE1/PHTD5,7.136918544769287
2024,ilh1,PHT10/PHP02,10.698850631713867
2024,ilh1,PHT47/PHP02,10.698850631713867
2024,ilh1,PHTP9/PHP02,10.698850631713867
2024,ilh1,PHV37/PHP02,10.698850631713867
2024,ilh1,PHVA9/PHP02,10.698850631713867
2024,ilh1,PHW30/LH244,12.005765914916992
2024,ilh1,PHW52/PHM49,10.766876220703125
2024,ilh1,TX714/PHZ51,9.324548721313477
2024,ilh1,TX777/LH195,8.634429931640625
2024,ilh1,W10004_0018/PHP02,10.69316577911377
2024,ilh1,W10004_0055/PHP02,12.200434684753418
2024,ilh1,W10004_0095/PHP02,10.138728141784668
2024,ilh1,W10004_0103/PHP02,12.074957847595215
2024,ilh1,W10004_0122/PHP02,11.955968856811523
2024,ilh1,W10004_0133/PHP02,12.054963111877441
2024,ilh1,W10004_0138/PHP02,11.263996124267578
2024,ilh1,W10004_0146/PHP02,12.17342472076416
2024,ilh1,W10004_0167/PHP02,11.395623207092285
2024,ilh1,W10004_0189/PHP02,12.512944221496582
2024,ilh1,W10004_0236/PHP02,11.951555252075195
2024,ilh1,W10004_0238/PHP02,12.059538841247559
2024,ilh1,W10004_0258/PHP02,12.428909301757812
2024,ilh1,W10004_0346/PHP02,12.519898414611816
2024,ilh1,W10004_0403/PHP02,12.046792984008789
2024,ilh1,W10004_0409/PHP02,12.808961868286133
2024,ilh1,W10004_0658/PHP02,13.043865203857422
2024,ilh1,W10004_0688/PHP02,11.177245140075684
2024,ilh1,W10004_0691/PHP02,9.995855331420898
2024,ilh1,W10004_0747/PHP02,12.643997192382812
2024,ilh1,W10004_0754/PHP02,11.952932357788086
2024,ilh1,W10004_0771/PHP02,12.016874313354492
2024,ilh1,W10004_0776/PHP02,11.952932357788086
2024,ilh1,W10004_0822/PHP02,12.059538841247559
2024,ilh1,W10004_0866/PHP02,12.484381675720215
2024,ilh1,W10004_0949/PHP02,13.043865203857422
2024,ilh1,W10004_1014/PHP02,11.955968856811523
2024,ilh1,W10004_1018/PHP02,11.285139083862305
2024,ilh1,W10004_1032/PHP02,11.021763801574707
2024,ilh1,W10004_1080/PHP02,12.643997192382812
2024,ilh1,WQCD10/PHP02,10.698850631713867
2024,ilh1,ZS01459/PHP02,10.698850631713867
2024,inh1,01DIB2/PHP02,11.306355476379395
2024,inh1,2369/LH123HT,12.99073600769043
2024,inh1,2FACC/PHP02,11.306355476379395
2024,inh1,6F629/PHP02,11.306355476379395
2024,inh1,B14A/OH43,10.724630355834961
2024,inh1,B37/H95,10.399728775024414
2024,inh1,B73/MO17,12.437942504882812
2024,inh1,B73/PHN82,12.719014167785645
2024,inh1,B73/TX779,8.483560562133789
2024,inh1,CG119/CG108,6.440598487854004
2024,inh1,CG44/CGR01,8.849204063415527
2024,inh1,DK3IIH6/LH244,12.532065391540527
2024,inh1,FBLA/PHP02,11.306355476379395
2024,inh1,GEMS-0061_3AZA1_0001/PHP02,11.306355476379395
2024,inh1,GEMS-0061_3AZA1_0005/PHP02,11.306355476379395
2024,inh1,GEMS-0061_3AZA1_0007/PHP02,11.306355476379395
2024,inh1,GEMS-0061_3AZA1_0012/PHP02,11.306355476379395
2024,inh1,GEMS-0061_3AZA1_0013/PHP02,11.306355476379395
2024,inh1,GEMS-0061_3AZA1_0014/PHP02,11.306355476379395
2024,inh1,GEMS-0061_3AZA1_0021/PHP02,11.306355476379395
2024,inh1,GEMS-0061_3AZA1_0023/PHP02,11.306355476379395
2024,inh1,GEMS-0061_FBLL_0004/PHP02,11.306355476379395
2024,inh1,GEMS-0061_FBLL_0005/PHP02,11.306355476379395
2024,inh1,GEMS-0061_FBLL_0007/PHP02,11.306355476379395
2024,inh1,GEMS-0061_FBLL_0008/PHP02,11.306355476379395
2024,inh1,GEMS-0061_FBLL_0009/PHP02,11.306355476379395
2024,inh1,GEMS-0061_FBLL_0014/PHP02,11.306355476379395
2024,inh1,GEMS-0061_FBLL_0015/PHP02,11.306355476379395
2024,inh1,GEMS-0061_FBLL_0016/PHP02,11.306355476379395
2024,inh1,GEMS-0061_FBLL_0017/PHP02,11.306355476379395
2024,inh1,GEMS-0061_FBLL_0019/PHP02,11.306355476379395
2024,inh1,GEMS-0061_FBLL_0022/PHP02,11.306355476379395
2024,inh1,GEMS-0061_FBLL_0025/PHP02,11.306355476379395
2024,inh1,GEMS-0061_FBLL_0031/PHP02,11.306355476379395
2024,inh1,GEMS-0061_FBLL_0032/PHP02,11.306355476379395
2024,inh1,GEMS-0061_FBLL_0033/PHP02,11.306355476379395
2024,inh1,GEMS-0061_FBLL_0034/PHP02,11.306355476379395
2024,inh1,GEMS-0061_FBLL_0035/PHP02,11.306355476379395
2024,inh1,GEMS-0061_FBLL_0038/PHP02,11.306355476379395
2024,inh1,GEMS-0061_FBLL_0039/PHP02,11.306355476379395
2024,inh1,GEMS-0061_FBLL_0040/PHP02,11.306355476379395
2024,inh1,GEMS-0061_FBLL_0042/PHP02,11.306355476379395
2024,inh1,GEMS-0061_FBLL_0044/PHP02,11.306355476379395
2024,inh1,GEMS-0061_FBLL_0050/PHP02,11.306355476379395
2024,inh1,GEMS-0061_PHB47_0003/PHP02,11.306355476379395
2024,inh1,GEMS-0061_PHB47_0004/PHP02,11.306355476379395
2024,inh1,GEMS-0061_PHBW8_0002/PHP02,11.306355476379395
2024,inh1,GEMS-0113_3AZA1_0001/PHP02,11.306355476379395
2024,inh1,GEMS-0113_3AZA1_0002/PHP02,11.306355476379395
2024,inh1,GEMS-0113_3AZA1_0004/PHP02,11.306355476379395
2024,inh1,GEMS-0113_3AZA1_0005/PHP02,11.306355476379395
2024,inh1,GEMS-0113_3AZA1_0006/PHP02,11.306355476379395
2024,inh1,GEMS-0113_3AZA1_0007/PHP02,11.306355476379395
2024,inh1,GEMS-0113_3AZA1_0011/PHP02,11.306355476379395
2024,inh1,GEMS-0113_3AZA1_0013/PHP02,11.306355476379395
2024,inh1,GEMS-0113_3AZA1_0014/PHP02,11.306355476379395
2024,inh1,GEMS-0113_3AZA1_0016/PHP02,11.306355476379395
2024,inh1,GEMS-0113_3AZA1_0018/PHP02,11.306355476379395
2024,inh1,GEMS-0113_3AZA1_0024/PHP02,11.306355476379395
2024,inh1,GEMS-0113_3AZA1_0025/PHP02,11.306355476379395
2024,inh1,GEMS-0113_3AZA1_0026/PHP02,11.306355476379395
2024,inh1,GEMS-0113_3AZA1_0027/PHP02,11.306355476379395
2024,inh1,GEMS-0113_3AZA1_0029/PHP02,11.306355476379395
2024,inh1,GEMS-0113_3AZA1_0031/PHP02,11.306355476379395
2024,inh1,GEMS-0113_3AZA1_0038/PHP02,11.306355476379395
2024,inh1,GEMS-0113_FBLL_0002/PHP02,11.306355476379395
2024,inh1,GEMS-0113_FBLL_0003/PHP02,11.306355476379395
2024,inh1,GEMS-0113_FBLL_0005/PHP02,11.306355476379395
2024,inh1,GEMS-0113_FBLL_0006/PHP02,11.306355476379395
2024,inh1,GEMS-0113_FBLL_0007/PHP02,11.306355476379395
2024,inh1,GEMS-0113_FBLL_0008/PHP02,11.306355476379395
2024,inh1,GEMS-0113_FBLL_0010/PHP02,11.306355476379395
2024,inh1,GEMS-0113_FBLL_0011/PHP02,11.306355476379395
2024,inh1,GEMS-0113_PHB47_0002/PHP02,11.306355476379395
2024,inh1,GEMS-0113_PHB47_0003/PHP02,11.306355476379395
2024,inh1,GEMS-0113_PHB47_0004/PHP02,11.306355476379395
2024,inh1,GEMS-0113_PHB47_0005/PHP02,11.306355476379395
2024,inh1,GEMS-0113_PHB47_0006/PHP02,11.306355476379395
2024,inh1,GEMS-0113_PHB47_0007/PHP02,11.306355476379395
2024,inh1,GEMS-0113_PHB47_0008/PHP02,11.306355476379395
2024,inh1,GEMS-0113_PHB47_0009/PHP02,11.306355476379395
2024,inh1,GEMS-0113_PHB47_0011/PHP02,11.306355476379395
2024,inh1,GEMS-0113_PHB47_0012/PHP02,11.306355476379395
2024,inh1,GEMS-0113_PHB47_0013/PHP02,11.306355476379395
2024,inh1,GEMS-0113_PHB47_0019/PHP02,11.306355476379395
2024,inh1,GEMS-0113_PHB47_0020/PHP02,11.306355476379395
2024,inh1,GEMS-0113_PHB47_0021/PHP02,11.306355476379395
2024,inh1,GEMS-0113_PHBW8_0001/PHP02,11.306355476379395
2024,inh1,GEMS-0113_PHBW8_0004/PHP02,11.306355476379395
2024,inh1,GEMS-0113_PHBW8_0005/PHP02,11.306355476379395
2024,inh1,GEMS-0113_PHBW8_0007/PHP02,11.306355476379395
2024,inh1,GEMS-0113_PHBW8_0008/PHP02,11.306355476379395
2024,inh1,GEMS-0113_PHBW8_0009/PHP02,11.306355476379395
2024,inh1,GEMS-0113_PHBW8_0011/PHP02,11.306355476379395
2024,inh1,GEMS-0113_PHBW8_0013/PHP02,11.306355476379395
2024,inh1,GEMS-0113_PHBW8_0014/PHP02,11.306355476379395
2024,inh1,GEMS-0113_PHBW8_0017/PHP02,11.306355476379395
2024,inh1,GEMS-0219_3AZA1_0001/PHP02,11.306355476379395
2024,inh1,GEMS-0219_3AZA1_0002/PHP02,11.306355476379395
2024,inh1,GEMS-0219_3AZA1_0003/PHP02,11.306355476379395
2024,inh1,GEMS-0219_3AZA1_0004/PHP02,11.306355476379395
2024,inh1,GEMS-0219_3AZA1_0006/PHP02,11.306355476379395
2024,inh1,GEMS-0219_3AZA1_0009/PHP02,11.306355476379395
2024,inh1,GEMS-0219_3AZA1_0010/PHP02,11.306355476379395
2024,inh1,GEMS-0219_3AZA1_0012/PHP02,11.306355476379395
2024,inh1,GEMS-0219_3AZA1_0014/PHP02,11.306355476379395
2024,inh1,GEMS-0219_FBLL_0002/PHP02,11.306355476379395
2024,inh1,GEMS-0219_FBLL_0003/PHP02,11.306355476379395
2024,inh1,GEMS-0219_FBLL_0004/PHP02,11.306355476379395
2024,inh1,GEMS-0219_FBLL_0005/PHP02,11.306355476379395
2024,inh1,GEMS-0219_FBLL_0008/PHP02,11.306355476379395
2024,inh1,GEMS-0219_FBLL_0009/PHP02,11.306355476379395
2024,inh1,GEMS-0219_FBLL_0011/PHP02,11.306355476379395
2024,inh1,GEMS-0219_FBLL_0012/PHP02,11.306355476379395
2024,inh1,GEMS-0219_FBLL_0013/PHP02,11.306355476379395
2024,inh1,GEMS-0219_FBLL_0017/PHP02,11.306355476379395
2024,inh1,GEMS-0219_FBLL_0019/PHP02,11.306355476379395
2024,inh1,GEMS-0219_FBLL_0020/PHP02,11.306355476379395
2024,inh1,GEMS-0219_FBLL_0025/PHP02,11.306355476379395
2024,inh1,GEMS-0219_FBLL_0027/PHP02,11.306355476379395
2024,inh1,GEMS-0219_FBLL_0028/PHP02,11.306355476379395
2024,inh1,GEMS-0219_PHB47_0001/PHP02,11.306355476379395
2024,inh1,GEMS-0219_PHB47_0002/PHP02,11.306355476379395
2024,inh1,GEMS-0219_PHB47_0003/PHP02,11.306355476379395
2024,inh1,GEMS-0219_PHB47_0004/PHP02,11.306355476379395
2024,inh1,GEMS-0219_PHB47_0005/PHP02,11.306355476379395
2024,inh1,GEMS-0219_PHB47_0006/PHP02,11.306355476379395
2024,inh1,GEMS-0219_PHB47_0014/PHP02,11.306355476379395
2024,inh1,GEMS-0219_PHBW8_0001/PHP02,11.306355476379395
2024,inh1,GEMS-0219_PHBW8_0002/PHP02,11.306355476379395
2024,inh1,GEMS-0219_PHBW8_0004/PHP02,11.306355476379395
2024,inh1,GEMS-0219_PHBW8_0006/PHP02,11.306355476379395
2024,inh1,GEMS-0219_PHBW8_0008/PHP02,11.306355476379395
2024,inh1,GEMS-0219_PHBW8_0009/PHP02,11.306355476379395
2024,inh1,GEMS-0227_3AZA1_0001/PHP02,11.306355476379395
2024,inh1,GEMS-0227_3AZA1_0002/PHP02,11.306355476379395
2024,inh1,GEMS-0227_3AZA1_0003/PHP02,11.306355476379395
2024,inh1,GEMS-0227_3AZA1_0004/PHP02,11.306355476379395
2024,inh1,GEMS-0227_3AZA1_0006/PHP02,11.306355476379395
2024,inh1,GEMS-0227_3AZA1_0010/PHP02,11.306355476379395
2024,inh1,GEMS-0227_3AZA1_0011/PHP02,11.306355476379395
2024,inh1,GEMS-0227_3AZA1_0012/PHP02,11.306355476379395
2024,inh1,GEMS-0227_3AZA1_0013/PHP02,11.306355476379395
2024,inh1,GEMS-0227_3AZA1_0014/PHP02,11.306355476379395
2024,inh1,GEMS-0227_3AZA1_0015/PHP02,11.306355476379395
2024,inh1,GEMS-0227_3AZA1_0016/PHP02,11.306355476379395
2024,inh1,GEMS-0227_3AZA1_0018/PHP02,11.306355476379395
2024,inh1,GEMS-0227_3AZA1_0019/PHP02,11.306355476379395
2024,inh1,GEMS-0227_3AZA1_0021/PHP02,11.306355476379395
2024,inh1,GEMS-0227_3AZA1_0022/PHP02,11.306355476379395
2024,inh1,GEMS-0227_3AZA1_0023/PHP02,11.306355476379395
2024,inh1,GEMS-0227_3AZA1_0024/PHP02,11.306355476379395
2024,inh1,GEMS-0227_3AZA1_0029/PHP02,11.306355476379395
2024,inh1,GEMS-0227_3AZA1_0032/PHP02,11.306355476379395
2024,inh1,GEMS-0227_3AZA1_0034/PHP02,11.306355476379395
2024,inh1,GEMS-0227_3AZA1_0035/PHP02,11.306355476379395
2024,inh1,GEMS-0227_3AZA1_0036/PHP02,11.306355476379395
2024,inh1,GEMS-0227_3AZA1_0040/PHP02,11.306355476379395
2024,inh1,GEMS-0227_3AZA1_0041/PHP02,11.306355476379395
2024,inh1,GEMS-0227_3AZA1_0043/PHP02,11.306355476379395
2024,inh1,GEMS-0227_3AZA1_0045/PHP02,11.306355476379395
2024,inh1,GEMS-0227_3AZA1_0046/PHP02,11.306355476379395
2024,inh1,GEMS-0227_3AZA1_0048/PHP02,11.306355476379395
2024,inh1,GEMS-0227_3AZA1_0049/PHP02,11.306355476379395
2024,inh1,GEMS-0227_FBLL_0001/PHP02,11.306355476379395
2024,inh1,GEMS-0227_FBLL_0002/PHP02,11.306355476379395
2024,inh1,GEMS-0227_FBLL_0004/PHP02,11.306355476379395
2024,inh1,GEMS-0227_FBLL_0005/PHP02,11.306355476379395
2024,inh1,GEMS-0227_FBLL_0007/PHP02,11.306355476379395
2024,inh1,GEMS-0227_FBLL_0008/PHP02,11.306355476379395
2024,inh1,GEMS-0227_FBLL_0009/PHP02,11.306355476379395
2024,inh1,GEMS-0227_FBLL_0010/PHP02,11.306355476379395
2024,inh1,GEMS-0227_FBLL_0012/PHP02,11.306355476379395
2024,inh1,GEMS-0227_FBLL_0013/PHP02,11.306355476379395
2024,inh1,GEMS-0227_FBLL_0016/PHP02,11.306355476379395
2024,inh1,GEMS-0227_FBLL_0018/PHP02,11.306355476379395
2024,inh1,GEMS-0227_FBLL_0020/PHP02,11.306355476379395
2024,inh1,GEMS-0227_FBLL_0021/PHP02,11.306355476379395
2024,inh1,GEMS-0227_FBLL_0022/PHP02,11.306355476379395
2024,inh1,GEMS-0227_FBLL_0023/PHP02,11.306355476379395
2024,inh1,GEMS-0227_FBLL_0024/PHP02,11.306355476379395
2024,inh1,GEMS-0227_FBLL_0025/PHP02,11.306355476379395
2024,inh1,GEMS-0227_FBLL_0026/PHP02,11.306355476379395
2024,inh1,GEMS-0227_FBLL_0027/PHP02,11.306355476379395
2024,inh1,GEMS-0227_FBLL_0028/PHP02,11.306355476379395
2024,inh1,GEMS-0227_FBLL_0031/PHP02,11.306355476379395
2024,inh1,GEMS-0227_FBLL_0033/PHP02,11.306355476379395
2024,inh1,GEMS-0227_FBLL_0034/PHP02,11.306355476379395
2024,inh1,GEMS-0227_FBLL_0035/PHP02,11.306355476379395
2024,inh1,GEMS-0227_FBLL_0037/PHP02,11.306355476379395
2024,inh1,GEMS-0227_FBLL_0040/PHP02,11.306355476379395
2024,inh1,GEMS-0227_FBLL_0041/PHP02,11.306355476379395
2024,inh1,GEMS-0227_FBLL_0042/PHP02,11.306355476379395
2024,inh1,GEMS-0227_FBLL_0043/PHP02,11.306355476379395
2024,inh1,GEMS-0227_FBLL_0044/PHP02,11.306355476379395
2024,inh1,GEMS-0227_FBLL_0045/PHP02,11.306355476379395
2024,inh1,GEMS-0227_FBLL_0047/PHP02,11.306355476379395
2024,inh1,GEMS-0227_FBLL_0048/PHP02,11.306355476379395
2024,inh1,GEMS-0227_FBLL_0049/PHP02,11.306355476379395
2024,inh1,GEMS-0227_FBLL_0051/PHP02,11.306355476379395
2024,inh1,GEMS-0227_FBLL_0053/PHP02,11.306355476379395
2024,inh1,GEMS-0227_FBLL_0054/PHP02,11.306355476379395
2024,inh1,GEMS-0227_FBLL_0055/PHP02,11.306355476379395
2024,inh1,GEMS-0227_FBLL_0056/PHP02,11.306355476379395
2024,inh1,GEMS-0227_FBLL_0057/PHP02,11.306355476379395
2024,inh1,GEMS-0227_FBLL_0058/PHP02,11.306355476379395
2024,inh1,GEMS-0227_FBLL_0059/PHP02,11.306355476379395
2024,inh1,GEMS-0227_FBLL_0060/PHP02,11.306355476379395
2024,inh1,GEMS-0227_FBLL_0062/PHP02,11.306355476379395
2024,inh1,GEMS-0227_FBLL_0063/PHP02,11.306355476379395
2024,inh1,GEMS-0227_FBLL_0067/PHP02,11.306355476379395
2024,inh1,GEMS-0227_FBLL_0068/PHP02,11.306355476379395
2024,inh1,GEMS-0227_FBLL_0069/PHP02,11.306355476379395
2024,inh1,GEMS-0227_FBLL_0070/PHP02,11.306355476379395
2024,inh1,GEMS-0227_FBLL_0071/PHP02,11.306355476379395
2024,inh1,GEMS-0227_FBLL_0072/PHP02,11.306355476379395
2024,inh1,GEMS-0227_FBLL_0073/PHP02,11.306355476379395
2024,inh1,GEMS-0227_FBLL_0074/PHP02,11.306355476379395
2024,inh1,GEMS-0227_FBLL_0075/PHP02,11.306355476379395
2024,inh1,GEMS-0227_FBLL_0077/PHP02,11.306355476379395
2024,inh1,GEMS-0227_FBLL_0078/PHP02,11.306355476379395
2024,inh1,GEMS-0227_FBLL_0079/PHP02,11.306355476379395
2024,inh1,GEMS-0227_FBLL_0080/PHP02,11.306355476379395
2024,inh1,GEMS-0227_FBLL_0082/PHP02,11.306355476379395
2024,inh1,GEMS-0227_FBLL_0084/PHP02,11.306355476379395
2024,inh1,GEMS-0227_FBLL_0086/PHP02,11.306355476379395
2024,inh1,GEMS-0227_FBLL_0088/PHP02,11.306355476379395
2024,inh1,GEMS-0227_FBLL_0089/PHP02,11.306355476379395
2024,inh1,GEMS-0227_FBLL_0090/PHP02,11.306355476379395
2024,inh1,GEMS-0227_FBLL_0093/PHP02,11.306355476379395
2024,inh1,GEMS-0227_FBLL_0094/PHP02,11.306355476379395
2024,inh1,GEMS-0227_FBLL_0095/PHP02,11.306355476379395
2024,inh1,GEMS-0227_FBLL_0096/PHP02,11.306355476379395
2024,inh1,GEMS-0227_FBLL_0097/PHP02,11.306355476379395
2024,inh1,GEMS-0227_FBLL_0098/PHP02,11.306355476379395
2024,inh1,GEMS-0227_FBLL_0101/PHP02,11.306355476379395
2024,inh1,GEMS-0227_FBLL_0102/PHP02,11.306355476379395
2024,inh1,GEMS-0227_FBLL_0105/PHP02,11.306355476379395
2024,inh1,GEMS-0227_FBLL_0106/PHP02,11.306355476379395
2024,inh1,GEMS-0227_FBLL_0107/PHP02,11.306355476379395
2024,inh1,GEMS-0227_FBLL_0110/PHP02,11.306355476379395
2024,inh1,GEMS-0227_FBLL_0113/PHP02,11.306355476379395
2024,inh1,GEMS-0227_FBLL_0118/PHP02,11.306355476379395
2024,inh1,GEMS-0227_FBLL_0121/PHP02,11.306355476379395
2024,inh1,GEMS-0227_FBLL_0124/PHP02,11.306355476379395
2024,inh1,GEMS-0227_FBLL_0127/PHP02,11.306355476379395
2024,inh1,GEMS-0227_FBLL_0134/PHP02,11.306355476379395
2024,inh1,GEMS-0227_FBLL_0136/PHP02,11.306355476379395
2024,inh1,GEMS-0227_FBLL_0140/PHP02,11.306355476379395
2024,inh1,GEMS-0227_FBLL_0141/PHP02,11.306355476379395
2024,inh1,GEMS-0227_PHB47_0002/PHP02,11.306355476379395
2024,inh1,GEMS-0227_PHB47_0003/PHP02,11.306355476379395
2024,inh1,GEMS-0227_PHB47_0006/PHP02,11.306355476379395
2024,inh1,GEMS-0227_PHB47_0007/PHP02,11.306355476379395
2024,inh1,GEMS-0227_PHB47_0009/PHP02,11.306355476379395
2024,inh1,GEMS-0227_PHB47_0011/PHP02,11.306355476379395
2024,inh1,GEMS-0227_PHB47_0012/PHP02,11.306355476379395
2024,inh1,GEMS-0227_PHB47_0014/PHP02,11.306355476379395
2024,inh1,GEMS-0227_PHB47_0016/PHP02,11.306355476379395
2024,inh1,GEMS-0227_PHB47_0022/PHP02,11.306355476379395
2024,inh1,GEMS-0227_PHB47_0023/PHP02,11.306355476379395
2024,inh1,GEMS-0227_PHB47_0024/PHP02,11.306355476379395
2024,inh1,GEMS-0227_PHB47_0025/PHP02,11.306355476379395
2024,inh1,GEMS-0227_PHBW8_0001/PHP02,11.306355476379395
2024,inh1,GEMS-0227_PHBW8_0003/PHP02,11.306355476379395
2024,inh1,GEMS-0227_PHBW8_0004/PHP02,11.306355476379395
2024,inh1,GEMS-0227_PHBW8_0005/PHP02,11.306355476379395
2024,inh1,GEMS-0227_PHBW8_0007/PHP02,11.306355476379395
2024,inh1,GEMS-0227_PHBW8_0010/PHP02,11.306355476379395
2024,inh1,GEMS-0227_PHBW8_0011/PHP02,11.306355476379395
2024,inh1,GEMS-0227_PHBW8_0013/PHP02,11.306355476379395
2024,inh1,GEMS-0227_PHBW8_0016/PHP02,11.306355476379395
2024,inh1,GEMS-0227_PHBW8_0017/PHP02,11.306355476379395
2024,inh1,GEMS-0227_PHBW8_0021/PHP02,11.306355476379395
2024,inh1,GEMS-0227_PHBW8_0024/PHP02,11.306355476379395
2024,inh1,LH132/PHP02,11.095398902893066
2024,inh1,LH146HT/PHP02,11.306355476379395
2024,inh1,LH195/PHP02,11.356856346130371
2024,inh1,LH195/PHZ51,10.74193000793457
2024,inh1,LH197/PHP02,11.306355476379395
2024,inh1,LH204/PHP02,11.306355476379395
2024,inh1,LH220HT/PHP02,11.306355476379395
2024,inh1,LH226HT/PHP02,11.306355476379395
2024,inh1,LH228/PHP02,11.306355476379395
2024,inh1,LH236/PHP02,11.306355476379395
2024,inh1,LH238/PHP02,11.306355476379395
2024,inh1,LH244/PHK76,10.821555137634277
2024,inh1,LH244/PHP02,11.306355476379395
2024,inh1,LH287/LH244,13.223095893859863
2024,inh1,LH292/PHP02,11.306355476379395
2024,inh1,LH82/LH244,11.330060005187988
2024,inh1,MM501D/LH244,12.64133071899414
2024,inh1,PH05F/PHP02,11.306355476379395
2024,inh1,PH05G/PHP02,11.306355476379395
2024,inh1,PH06N/PHP02,11.306355476379395
2024,inh1,PH07D/PHP02,11.306355476379395
2024,inh1,PH08A/PHP02,11.306355476379395
2024,inh1,PH0B4/PHP02,11.306355476379395
2024,inh1,PH0CD/PHP02,11.306355476379395
2024,inh1,PH0GP/PHP02,11.306355476379395
2024,inh1,PH12C/PHP02,11.306355476379395
2024,inh1,PH1GC/PHP02,11.306355476379395
2024,inh1,PH1GG/PHP02,11.306355476379395
2024,inh1,PH1TB/PHP02,11.306355476379395
2024,inh1,PH1W2/PHP02,11.306355476379395
2024,inh1,PH24E/LH244,12.702474594116211
2024,inh1,PH32C/PHP02,11.306355476379395
2024,inh1,PH37C/PHP02,11.306355476379395
2024,inh1,PH79A/PHP02,11.306355476379395
2024,inh1,PHB47/PHN82,11.826813697814941
2024,inh1,PHB47/PHP02,11.306355476379395
2024,inh1,PHB47/PHZ51,10.525465965270996
2024,inh1,PHBW8/PHP02,11.306355476379395
2024,inh1,PHDG1/PHP02,11.306355476379395
2024,inh1,PHEW7/PHP02,11.306355476379395
2024,inh1,PHG29/PHG47,9.22248363494873
2024,inh1,PHG39/PHN82,11.9010591506958
2024,inh1,PHHB9/PHP02,11.306355476379395
2024,inh1,PHJ40/PHAJ0,6.440598487854004
2024,inh1,PHJ89/LH244,12.208303451538086
2024,inh1,PHK56/LH244,12.754746437072754
2024,inh1,PHKV0/PHP02,11.306355476379395
2024,inh1,PHN41/PHP02,11.306355476379395
2024,inh1,PHN46/LH244,10.748368263244629
2024,inh1,PHNJ2/PHP02,11.306355476379395
2024,inh1,PHP02/LH244,12.750825881958008
2024,inh1,PHPR5/PHP02,11.306355476379395
2024,inh1,PHR03/LH244,12.73050594329834
2024,inh1,PHRE1/PHTD5,7.796061038970947
2024,inh1,PHT11/PHP02,11.306355476379395
2024,inh1,PHT47/PHP02,11.306355476379395
2024,inh1,PHTP9/PHP02,11.306355476379395
2024,inh1,PHTV7/PHP02,11.306355476379395
2024,inh1,PHV37/PHP02,11.306355476379395
2024,inh1,PHVJ5/PHP02,11.306355476379395
2024,inh1,PHW30/LH244,12.454533576965332
2024,inh1,PHW52/PHM49,11.502691268920898
2024,inh1,PHW52/PHP02,11.306355476379395
2024,inh1,TX777/LH195,8.903074264526367
2024,inh1,W10004_0018/PHP02,11.320160865783691
2024,inh1,W10004_0031/PHP02,12.750825881958008
2024,inh1,W10004_0034/PHP02,12.326186180114746
2024,inh1,W10004_0055/PHP02,12.488734245300293
2024,inh1,W10004_0062/PHP02,11.256086349487305
2024,inh1,W10004_0095/PHP02,10.517376899719238
2024,inh1,W10004_0122/PHP02,12.208303451538086
2024,inh1,W10004_0133/PHP02,12.326186180114746
2024,inh1,W10004_0146/PHP02,12.543752670288086
2024,inh1,W10004_0160/PHP02,12.551132202148438
2024,inh1,W10004_0168/PHP02,12.168485641479492
2024,inh1,W10004_0189/PHP02,12.733497619628906
2024,inh1,W10004_0258/PHP02,12.754746437072754
2024,inh1,W10004_0270/PHP02,11.823735237121582
2024,inh1,W10004_0311/PHP02,11.56037425994873
2024,inh1,W10004_0389/PHP02,11.779707908630371
2024,inh1,W10004_0403/PHP02,12.326586723327637
2024,inh1,W10004_0412/PHP02,12.188539505004883
2024,inh1,W10004_0476/PHP02,11.521371841430664
2024,inh1,W10004_0601/PHP02,12.191834449768066
2024,inh1,W10004_0608/PHP02,10.774629592895508
2024,inh1,W10004_0637/PHP02,12.415706634521484
2024,inh1,W10004_0658/PHP02,13.223095893859863
2024,inh1,W10004_0714/PHP02,12.215609550476074
2024,inh1,W10004_0715/PHP02,12.188539505004883
2024,inh1,W10004_0776/PHP02,12.208303451538086
2024,inh1,W10004_0801/PHP02,12.77513313293457
2024,inh1,W10004_0822/PHP02,12.341060638427734
2024,inh1,W10004_0858/PHP02,12.162365913391113
2024,inh1,W10004_0859/PHP02,11.720951080322266
2024,inh1,W10004_0949/PHP02,13.223095893859863
2024,inh1,W10004_0969/PHP02,11.556458473205566
2024,inh1,W10004_1018/PHP02,11.720951080322266
2024,inh1,W10004_1032/PHP02,11.550799369812012
2024,inh1,ZS01459/PHP02,11.306355476379395
2024,inh1,ZS0510/PHP02,11.306355476379395
2024,mih1,2369/LH123HT,11.026998519897461
2024,mih1,6F629/PHP02,10.160440444946289
2024,mih1,B14A/OH43,9.886809349060059
2024,mih1,B37/H95,9.777795791625977
2024,mih1,B73/MO17,10.937553405761719
2024,mih1,B73/PHN82,10.925588607788086
2024,mih1,B73/TX779,7.628637313842773
2024,mih1,CG119/CG108,6.488494873046875
2024,mih1,CG44/CGR01,8.810845375061035
2024,mih1,DK3IIH6/LH244,11.012649536132812
2024,mih1,DKFBHJ/PHP02,10.160440444946289
2024,mih1,FBLA/PHP02,10.160440444946289
2024,mih1,FBLL/PHP02,10.160440444946289
2024,mih1,GEMS-0061_3AZA1_0004/PHP02,10.160440444946289
2024,mih1,GEMS-0061_3AZA1_0006/PHP02,10.160440444946289
2024,mih1,GEMS-0061_3AZA1_0007/PHP02,10.160440444946289
2024,mih1,GEMS-0061_3AZA1_0009/PHP02,10.160440444946289
2024,mih1,GEMS-0061_3AZA1_0010/PHP02,10.160440444946289
2024,mih1,GEMS-0061_3AZA1_0011/PHP02,10.160440444946289
2024,mih1,GEMS-0061_3AZA1_0012/PHP02,10.160440444946289
2024,mih1,GEMS-0061_3AZA1_0013/PHP02,10.160440444946289
2024,mih1,GEMS-0061_3AZA1_0015/PHP02,10.160440444946289
2024,mih1,GEMS-0061_3AZA1_0016/PHP02,10.160440444946289
2024,mih1,GEMS-0061_3AZA1_0017/PHP02,10.160440444946289
2024,mih1,GEMS-0061_FBLL_0002/PHP02,10.160440444946289
2024,mih1,GEMS-0061_FBLL_0004/PHP02,10.160440444946289
2024,mih1,GEMS-0061_FBLL_0008/PHP02,10.160440444946289
2024,mih1,GEMS-0061_FBLL_0009/PHP02,10.160440444946289
2024,mih1,GEMS-0061_FBLL_0010/PHP02,10.160440444946289
2024,mih1,GEMS-0061_FBLL_0011/PHP02,10.160440444946289
2024,mih1,GEMS-0061_FBLL_0015/PHP02,10.160440444946289
2024,mih1,GEMS-0061_FBLL_0016/PHP02,10.160440444946289
2024,mih1,GEMS-0061_FBLL_0017/PHP02,10.160440444946289
2024,mih1,GEMS-0061_FBLL_0018/PHP02,10.160440444946289
2024,mih1,GEMS-0061_FBLL_0019/PHP02,10.160440444946289
2024,mih1,GEMS-0061_FBLL_0022/PHP02,10.160440444946289
2024,mih1,GEMS-0061_FBLL_0023/PHP02,10.160440444946289
2024,mih1,GEMS-0061_FBLL_0024/PHP02,10.160440444946289
2024,mih1,GEMS-0061_FBLL_0026/PHP02,10.160440444946289
2024,mih1,GEMS-0061_FBLL_0029/PHP02,10.160440444946289
2024,mih1,GEMS-0061_FBLL_0032/PHP02,10.160440444946289
2024,mih1,GEMS-0061_FBLL_0034/PHP02,10.160440444946289
2024,mih1,GEMS-0061_FBLL_0035/PHP02,10.160440444946289
2024,mih1,GEMS-0061_FBLL_0037/PHP02,10.160440444946289
2024,mih1,GEMS-0061_FBLL_0039/PHP02,10.160440444946289
2024,mih1,GEMS-0061_FBLL_0040/PHP02,10.160440444946289
2024,mih1,GEMS-0061_FBLL_0044/PHP02,10.160440444946289
2024,mih1,GEMS-0061_FBLL_0047/PHP02,10.160440444946289
2024,mih1,GEMS-0061_FBLL_0050/PHP02,10.160440444946289
2024,mih1,GEMS-0061_PHB47_0001/PHP02,10.160440444946289
2024,mih1,GEMS-0061_PHB47_0003/PHP02,10.160440444946289
2024,mih1,GEMS-0061_PHB47_0004/PHP02,10.160440444946289
2024,mih1,GEMS-0061_PHBW8_0001/PHP02,10.160440444946289
2024,mih1,GEMS-0061_PHBW8_0002/PHP02,10.160440444946289
2024,mih1,GEMS-0113_3AZA1_0001/PHP02,10.160440444946289
2024,mih1,GEMS-0113_3AZA1_0002/PHP02,10.160440444946289
2024,mih1,GEMS-0113_3AZA1_0003/PHP02,10.160440444946289
2024,mih1,GEMS-0113_3AZA1_0004/PHP02,10.160440444946289
2024,mih1,GEMS-0113_3AZA1_0005/PHP02,10.160440444946289
2024,mih1,GEMS-0113_3AZA1_0006/PHP02,10.160440444946289
2024,mih1,GEMS-0113_3AZA1_0007/PHP02,10.160440444946289
2024,mih1,GEMS-0113_3AZA1_0010/PHP02,10.160440444946289
2024,mih1,GEMS-0113_3AZA1_0011/PHP02,10.160440444946289
2024,mih1,GEMS-0113_3AZA1_0013/PHP02,10.160440444946289
2024,mih1,GEMS-0113_3AZA1_0014/PHP02,10.160440444946289
2024,mih1,GEMS-0113_3AZA1_0015/PHP02,10.160440444946289
2024,mih1,GEMS-0113_3AZA1_0016/PHP02,10.160440444946289
2024,mih1,GEMS-0113_3AZA1_0018/PHP02,10.160440444946289
2024,mih1,GEMS-0113_3AZA1_0019/PHP02,10.160440444946289
2024,mih1,GEMS-0113_3AZA1_0021/PHP02,10.160440444946289
2024,mih1,GEMS-0113_3AZA1_0022/PHP02,10.160440444946289
2024,mih1,GEMS-0113_3AZA1_0024/PHP02,10.160440444946289
2024,mih1,GEMS-0113_3AZA1_0026/PHP02,10.160440444946289
2024,mih1,GEMS-0113_3AZA1_0027/PHP02,10.160440444946289
2024,mih1,GEMS-0113_3AZA1_0028/PHP02,10.160440444946289
2024,mih1,GEMS-0113_3AZA1_0029/PHP02,10.160440444946289
2024,mih1,GEMS-0113_3AZA1_0031/PHP02,10.160440444946289
2024,mih1,GEMS-0113_FBLL_0003/PHP02,10.160440444946289
2024,mih1,GEMS-0113_FBLL_0004/PHP02,10.160440444946289
2024,mih1,GEMS-0113_FBLL_0006/PHP02,10.160440444946289
2024,mih1,GEMS-0113_FBLL_0007/PHP02,10.160440444946289
2024,mih1,GEMS-0113_FBLL_0008/PHP02,10.160440444946289
2024,mih1,GEMS-0113_FBLL_0010/PHP02,10.160440444946289
2024,mih1,GEMS-0113_FBLL_0011/PHP02,10.160440444946289
2024,mih1,GEMS-0113_FBLL_0013/PHP02,10.160440444946289
2024,mih1,GEMS-0113_FBLL_0015/PHP02,10.160440444946289
2024,mih1,GEMS-0113_PHB47_0001/PHP02,10.160440444946289
2024,mih1,GEMS-0113_PHB47_0003/PHP02,10.160440444946289
2024,mih1,GEMS-0113_PHB47_0005/PHP02,10.160440444946289
2024,mih1,GEMS-0113_PHB47_0006/PHP02,10.160440444946289
2024,mih1,GEMS-0113_PHB47_0008/PHP02,10.160440444946289
2024,mih1,GEMS-0113_PHB47_0012/PHP02,10.160440444946289
2024,mih1,GEMS-0113_PHB47_0014/PHP02,10.160440444946289
2024,mih1,GEMS-0113_PHB47_0015/PHP02,10.160440444946289
2024,mih1,GEMS-0113_PHB47_0019/PHP02,10.160440444946289
2024,mih1,GEMS-0113_PHB47_0020/PHP02,10.160440444946289
2024,mih1,GEMS-0113_PHB47_0021/PHP02,10.160440444946289
2024,mih1,GEMS-0113_PHBW8_0001/PHP02,10.160440444946289
2024,mih1,GEMS-0113_PHBW8_0002/PHP02,10.160440444946289
2024,mih1,GEMS-0113_PHBW8_0004/PHP02,10.160440444946289
2024,mih1,GEMS-0113_PHBW8_0006/PHP02,10.160440444946289
2024,mih1,GEMS-0113_PHBW8_0009/PHP02,10.160440444946289
2024,mih1,GEMS-0113_PHBW8_0010/PHP02,10.160440444946289
2024,mih1,GEMS-0113_PHBW8_0011/PHP02,10.160440444946289
2024,mih1,GEMS-0113_PHBW8_0012/PHP02,10.160440444946289
2024,mih1,GEMS-0113_PHBW8_0014/PHP02,10.160440444946289
2024,mih1,GEMS-0113_PHBW8_0017/PHP02,10.160440444946289
2024,mih1,GEMS-0219_3AZA1_0001/PHP02,10.160440444946289
2024,mih1,GEMS-0219_3AZA1_0002/PHP02,10.160440444946289
2024,mih1,GEMS-0219_3AZA1_0003/PHP02,10.160440444946289
2024,mih1,GEMS-0219_3AZA1_0004/PHP02,10.160440444946289
2024,mih1,GEMS-0219_3AZA1_0005/PHP02,10.160440444946289
2024,mih1,GEMS-0219_3AZA1_0007/PHP02,10.160440444946289
2024,mih1,GEMS-0219_3AZA1_0008/PHP02,10.160440444946289
2024,mih1,GEMS-0219_3AZA1_0009/PHP02,10.160440444946289
2024,mih1,GEMS-0219_3AZA1_0010/PHP02,10.160440444946289
2024,mih1,GEMS-0219_3AZA1_0012/PHP02,10.160440444946289
2024,mih1,GEMS-0219_3AZA1_0014/PHP02,10.160440444946289
2024,mih1,GEMS-0219_FBLL_0002/PHP02,10.160440444946289
2024,mih1,GEMS-0219_FBLL_0003/PHP02,10.160440444946289
2024,mih1,GEMS-0219_FBLL_0004/PHP02,10.160440444946289
2024,mih1,GEMS-0219_FBLL_0006/PHP02,10.160440444946289
2024,mih1,GEMS-0219_FBLL_0007/PHP02,10.160440444946289
2024,mih1,GEMS-0219_FBLL_0010/PHP02,10.160440444946289
2024,mih1,GEMS-0219_FBLL_0014/PHP02,10.160440444946289
2024,mih1,GEMS-0219_FBLL_0015/PHP02,10.160440444946289
2024,mih1,GEMS-0219_FBLL_0017/PHP02,10.160440444946289
2024,mih1,GEMS-0219_FBLL_0018/PHP02,10.160440444946289
2024,mih1,GEMS-0219_FBLL_0020/PHP02,10.160440444946289
2024,mih1,GEMS-0219_FBLL_0021/PHP02,10.160440444946289
2024,mih1,GEMS-0219_FBLL_0022/PHP02,10.160440444946289
2024,mih1,GEMS-0219_FBLL_0023/PHP02,10.160440444946289
2024,mih1,GEMS-0219_FBLL_0025/PHP02,10.160440444946289
2024,mih1,GEMS-0219_FBLL_0027/PHP02,10.160440444946289
2024,mih1,GEMS-0219_FBLL_0028/PHP02,10.160440444946289
2024,mih1,GEMS-0219_FBLL_0030/PHP02,10.160440444946289
2024,mih1,GEMS-0219_PHB47_0001/PHP02,10.160440444946289
2024,mih1,GEMS-0219_PHB47_0003/PHP02,10.160440444946289
2024,mih1,GEMS-0219_PHB47_0005/PHP02,10.160440444946289
2024,mih1,GEMS-0219_PHB47_0006/PHP02,10.160440444946289
2024,mih1,GEMS-0219_PHB47_0011/PHP02,10.160440444946289
2024,mih1,GEMS-0219_PHB47_0014/PHP02,10.160440444946289
2024,mih1,GEMS-0219_PHB47_0017/PHP02,10.160440444946289
2024,mih1,GEMS-0219_PHBW8_0001/PHP02,10.160440444946289
2024,mih1,GEMS-0219_PHBW8_0002/PHP02,10.160440444946289
2024,mih1,GEMS-0219_PHBW8_0003/PHP02,10.160440444946289
2024,mih1,GEMS-0219_PHBW8_0004/PHP02,10.160440444946289
2024,mih1,GEMS-0219_PHBW8_0006/PHP02,10.160440444946289
2024,mih1,GEMS-0219_PHBW8_0008/PHP02,10.160440444946289
2024,mih1,GEMS-0219_PHBW8_0009/PHP02,10.160440444946289
2024,mih1,GEMS-0219_PHBW8_0011/PHP02,10.160440444946289
2024,mih1,GEMS-0227_3AZA1_0001/PHP02,10.160440444946289
2024,mih1,GEMS-0227_3AZA1_0002/PHP02,10.160440444946289
2024,mih1,GEMS-0227_3AZA1_0003/PHP02,10.160440444946289
2024,mih1,GEMS-0227_3AZA1_0004/PHP02,10.160440444946289
2024,mih1,GEMS-0227_3AZA1_0005/PHP02,10.160440444946289
2024,mih1,GEMS-0227_3AZA1_0006/PHP02,10.160440444946289
2024,mih1,GEMS-0227_3AZA1_0007/PHP02,10.160440444946289
2024,mih1,GEMS-0227_3AZA1_0008/PHP02,10.160440444946289
2024,mih1,GEMS-0227_3AZA1_0009/PHP02,10.160440444946289
2024,mih1,GEMS-0227_3AZA1_0010/PHP02,10.160440444946289
2024,mih1,GEMS-0227_3AZA1_0012/PHP02,10.160440444946289
2024,mih1,GEMS-0227_3AZA1_0013/PHP02,10.160440444946289
2024,mih1,GEMS-0227_3AZA1_0016/PHP02,10.160440444946289
2024,mih1,GEMS-0227_3AZA1_0017/PHP02,10.160440444946289
2024,mih1,GEMS-0227_3AZA1_0019/PHP02,10.160440444946289
2024,mih1,GEMS-0227_3AZA1_0022/PHP02,10.160440444946289
2024,mih1,GEMS-0227_3AZA1_0023/PHP02,10.160440444946289
2024,mih1,GEMS-0227_3AZA1_0024/PHP02,10.160440444946289
2024,mih1,GEMS-0227_3AZA1_0025/PHP02,10.160440444946289
2024,mih1,GEMS-0227_3AZA1_0028/PHP02,10.160440444946289
2024,mih1,GEMS-0227_3AZA1_0029/PHP02,10.160440444946289
2024,mih1,GEMS-0227_3AZA1_0030/PHP02,10.160440444946289
2024,mih1,GEMS-0227_3AZA1_0031/PHP02,10.160440444946289
2024,mih1,GEMS-0227_3AZA1_0032/PHP02,10.160440444946289
2024,mih1,GEMS-0227_3AZA1_0035/PHP02,10.160440444946289
2024,mih1,GEMS-0227_3AZA1_0036/PHP02,10.160440444946289
2024,mih1,GEMS-0227_3AZA1_0040/PHP02,10.160440444946289
2024,mih1,GEMS-0227_3AZA1_0041/PHP02,10.160440444946289
2024,mih1,GEMS-0227_3AZA1_0043/PHP02,10.160440444946289
2024,mih1,GEMS-0227_3AZA1_0045/PHP02,10.160440444946289
2024,mih1,GEMS-0227_3AZA1_0048/PHP02,10.160440444946289
2024,mih1,GEMS-0227_3AZA1_0049/PHP02,10.160440444946289
2024,mih1,GEMS-0227_FBLL_0001/PHP02,10.160440444946289
2024,mih1,GEMS-0227_FBLL_0002/PHP02,10.160440444946289
2024,mih1,GEMS-0227_FBLL_0003/PHP02,10.160440444946289
2024,mih1,GEMS-0227_FBLL_0004/PHP02,10.160440444946289
2024,mih1,GEMS-0227_FBLL_0005/PHP02,10.160440444946289
2024,mih1,GEMS-0227_FBLL_0007/PHP02,10.160440444946289
2024,mih1,GEMS-0227_FBLL_0008/PHP02,10.160440444946289
2024,mih1,GEMS-0227_FBLL_0009/PHP02,10.160440444946289
2024,mih1,GEMS-0227_FBLL_0012/PHP02,10.160440444946289
2024,mih1,GEMS-0227_FBLL_0013/PHP02,10.160440444946289
2024,mih1,GEMS-0227_FBLL_0014/PHP02,10.160440444946289
2024,mih1,GEMS-0227_FBLL_0016/PHP02,10.160440444946289
2024,mih1,GEMS-0227_FBLL_0020/PHP02,10.160440444946289
2024,mih1,GEMS-0227_FBLL_0021/PHP02,10.160440444946289
2024,mih1,GEMS-0227_FBLL_0023/PHP02,10.160440444946289
2024,mih1,GEMS-0227_FBLL_0024/PHP02,10.160440444946289
2024,mih1,GEMS-0227_FBLL_0026/PHP02,10.160440444946289
2024,mih1,GEMS-0227_FBLL_0027/PHP02,10.160440444946289
2024,mih1,GEMS-0227_FBLL_0029/PHP02,10.160440444946289
2024,mih1,GEMS-0227_FBLL_0030/PHP02,10.160440444946289
2024,mih1,GEMS-0227_FBLL_0031/PHP02,10.160440444946289
2024,mih1,GEMS-0227_FBLL_0032/PHP02,10.160440444946289
2024,mih1,GEMS-0227_FBLL_0034/PHP02,10.160440444946289
2024,mih1,GEMS-0227_FBLL_0036/PHP02,10.160440444946289
2024,mih1,GEMS-0227_FBLL_0037/PHP02,10.160440444946289
2024,mih1,GEMS-0227_FBLL_0039/PHP02,10.160440444946289
2024,mih1,GEMS-0227_FBLL_0040/PHP02,10.160440444946289
2024,mih1,GEMS-0227_FBLL_0042/PHP02,10.160440444946289
2024,mih1,GEMS-0227_FBLL_0043/PHP02,10.160440444946289
2024,mih1,GEMS-0227_FBLL_0045/PHP02,10.160440444946289
2024,mih1,GEMS-0227_FBLL_0046/PHP02,10.160440444946289
2024,mih1,GEMS-0227_FBLL_0047/PHP02,10.160440444946289
2024,mih1,GEMS-0227_FBLL_0048/PHP02,10.160440444946289
2024,mih1,GEMS-0227_FBLL_0050/PHP02,10.160440444946289
2024,mih1,GEMS-0227_FBLL_0051/PHP02,10.160440444946289
2024,mih1,GEMS-0227_FBLL_0052/PHP02,10.160440444946289
2024,mih1,GEMS-0227_FBLL_0053/PHP02,10.160440444946289
2024,mih1,GEMS-0227_FBLL_0054/PHP02,10.160440444946289
2024,mih1,GEMS-0227_FBLL_0055/PHP02,10.160440444946289
2024,mih1,GEMS-0227_FBLL_0056/PHP02,10.160440444946289
2024,mih1,GEMS-0227_FBLL_0059/PHP02,10.160440444946289
2024,mih1,GEMS-0227_FBLL_0060/PHP02,10.160440444946289
2024,mih1,GEMS-0227_FBLL_0062/PHP02,10.160440444946289
2024,mih1,GEMS-0227_FBLL_0063/PHP02,10.160440444946289
2024,mih1,GEMS-0227_FBLL_0064/PHP02,10.160440444946289
2024,mih1,GEMS-0227_FBLL_0066/PHP02,10.160440444946289
2024,mih1,GEMS-0227_FBLL_0068/PHP02,10.160440444946289
2024,mih1,GEMS-0227_FBLL_0069/PHP02,10.160440444946289
2024,mih1,GEMS-0227_FBLL_0072/PHP02,10.160440444946289
2024,mih1,GEMS-0227_FBLL_0073/PHP02,10.160440444946289
2024,mih1,GEMS-0227_FBLL_0075/PHP02,10.160440444946289
2024,mih1,GEMS-0227_FBLL_0077/PHP02,10.160440444946289
2024,mih1,GEMS-0227_FBLL_0078/PHP02,10.160440444946289
2024,mih1,GEMS-0227_FBLL_0079/PHP02,10.160440444946289
2024,mih1,GEMS-0227_FBLL_0080/PHP02,10.160440444946289
2024,mih1,GEMS-0227_FBLL_0082/PHP02,10.160440444946289
2024,mih1,GEMS-0227_FBLL_0085/PHP02,10.160440444946289
2024,mih1,GEMS-0227_FBLL_0086/PHP02,10.160440444946289
2024,mih1,GEMS-0227_FBLL_0087/PHP02,10.160440444946289
2024,mih1,GEMS-0227_FBLL_0088/PHP02,10.160440444946289
2024,mih1,GEMS-0227_FBLL_0090/PHP02,10.160440444946289
2024,mih1,GEMS-0227_FBLL_0094/PHP02,10.160440444946289
2024,mih1,GEMS-0227_FBLL_0095/PHP02,10.160440444946289
2024,mih1,GEMS-0227_FBLL_0096/PHP02,10.160440444946289
2024,mih1,GEMS-0227_FBLL_0098/PHP02,10.160440444946289
2024,mih1,GEMS-0227_FBLL_0104/PHP02,10.160440444946289
2024,mih1,GEMS-0227_FBLL_0105/PHP02,10.160440444946289
2024,mih1,GEMS-0227_FBLL_0106/PHP02,10.160440444946289
2024,mih1,GEMS-0227_FBLL_0110/PHP02,10.160440444946289
2024,mih1,GEMS-0227_FBLL_0111/PHP02,10.160440444946289
2024,mih1,GEMS-0227_FBLL_0113/PHP02,10.160440444946289
2024,mih1,GEMS-0227_FBLL_0114/PHP02,10.160440444946289
2024,mih1,GEMS-0227_FBLL_0115/PHP02,10.160440444946289
2024,mih1,GEMS-0227_FBLL_0116/PHP02,10.160440444946289
2024,mih1,GEMS-0227_FBLL_0117/PHP02,10.160440444946289
2024,mih1,GEMS-0227_FBLL_0121/PHP02,10.160440444946289
2024,mih1,GEMS-0227_FBLL_0124/PHP02,10.160440444946289
2024,mih1,GEMS-0227_FBLL_0125/PHP02,10.160440444946289
2024,mih1,GEMS-0227_FBLL_0127/PHP02,10.160440444946289
2024,mih1,GEMS-0227_FBLL_0133/PHP02,10.160440444946289
2024,mih1,GEMS-0227_FBLL_0136/PHP02,10.160440444946289
2024,mih1,GEMS-0227_FBLL_0141/PHP02,10.160440444946289
2024,mih1,GEMS-0227_PHB47_0001/PHP02,10.160440444946289
2024,mih1,GEMS-0227_PHB47_0002/PHP02,10.160440444946289
2024,mih1,GEMS-0227_PHB47_0003/PHP02,10.160440444946289
2024,mih1,GEMS-0227_PHB47_0004/PHP02,10.160440444946289
2024,mih1,GEMS-0227_PHB47_0007/PHP02,10.160440444946289
2024,mih1,GEMS-0227_PHB47_0009/PHP02,10.160440444946289
2024,mih1,GEMS-0227_PHB47_0010/PHP02,10.160440444946289
2024,mih1,GEMS-0227_PHB47_0011/PHP02,10.160440444946289
2024,mih1,GEMS-0227_PHB47_0012/PHP02,10.160440444946289
2024,mih1,GEMS-0227_PHB47_0014/PHP02,10.160440444946289
2024,mih1,GEMS-0227_PHB47_0016/PHP02,10.160440444946289
2024,mih1,GEMS-0227_PHB47_0024/PHP02,10.160440444946289
2024,mih1,GEMS-0227_PHB47_0025/PHP02,10.160440444946289
2024,mih1,GEMS-0227_PHB47_0026/PHP02,10.160440444946289
2024,mih1,GEMS-0227_PHBW8_0001/PHP02,10.160440444946289
2024,mih1,GEMS-0227_PHBW8_0002/PHP02,10.160440444946289
2024,mih1,GEMS-0227_PHBW8_0003/PHP02,10.160440444946289
2024,mih1,GEMS-0227_PHBW8_0004/PHP02,10.160440444946289
2024,mih1,GEMS-0227_PHBW8_0005/PHP02,10.160440444946289
2024,mih1,GEMS-0227_PHBW8_0006/PHP02,10.160440444946289
2024,mih1,GEMS-0227_PHBW8_0007/PHP02,10.160440444946289
2024,mih1,GEMS-0227_PHBW8_0009/PHP02,10.160440444946289
2024,mih1,GEMS-0227_PHBW8_0011/PHP02,10.160440444946289
2024,mih1,GEMS-0227_PHBW8_0012/PHP02,10.160440444946289
2024,mih1,GEMS-0227_PHBW8_0013/PHP02,10.160440444946289
2024,mih1,GEMS-0227_PHBW8_0015/PHP02,10.160440444946289
2024,mih1,GEMS-0227_PHBW8_0016/PHP02,10.160440444946289
2024,mih1,GEMS-0227_PHBW8_0018/PHP02,10.160440444946289
2024,mih1,GEMS-0227_PHBW8_0019/PHP02,10.160440444946289
2024,mih1,GEMS-0227_PHBW8_0020/PHP02,10.160440444946289
2024,mih1,GEMS-0227_PHBW8_0021/PHP02,10.160440444946289
2024,mih1,GEMS-0227_PHBW8_0022/PHP02,10.160440444946289
2024,mih1,LH132/PHP02,10.225021362304688
2024,mih1,LH192/PHP02,10.160440444946289
2024,mih1,LH193/PHP02,10.160440444946289
2024,mih1,LH194/PHP02,10.160440444946289
2024,mih1,LH195/PHZ51,9.956406593322754
2024,mih1,LH197/PHP02,10.160440444946289
2024,mih1,LH198/PHP02,10.160440444946289
2024,mih1,LH200/PHP02,10.160440444946289
2024,mih1,LH204/PHP02,10.160440444946289
2024,mih1,LH224/PHP02,10.160440444946289
2024,mih1,LH225/PHP02,10.160440444946289
2024,mih1,LH226HT/PHP02,10.160440444946289
2024,mih1,LH228/PHP02,10.160440444946289
2024,mih1,LH231/PHP02,10.160440444946289
2024,mih1,LH234/PHP02,10.160440444946289
2024,mih1,LH235/PHP02,10.160440444946289
2024,mih1,LH236/PHP02,10.160440444946289
2024,mih1,LH237/PHP02,10.160440444946289
2024,mih1,LH244/PHK76,9.960630416870117
2024,mih1,LH264/PHP02,10.160440444946289
2024,mih1,LH273/PHP02,10.160440444946289
2024,mih1,LH286/PHP02,10.160440444946289
2024,mih1,LH287/LH244,11.295008659362793
2024,mih1,LH82/LH244,9.981230735778809
2024,mih1,MM501D/LH244,11.028335571289062
2024,mih1,NKH8431/PHP02,10.160440444946289
2024,mih1,PH05G/PHP02,10.160440444946289
2024,mih1,PH05W/PHP02,10.160440444946289
2024,mih1,PH06N/PHP02,10.160440444946289
2024,mih1,PH07D/PHP02,10.160440444946289
2024,mih1,PH080/PHP02,10.160440444946289
2024,mih1,PH09B/PHP02,10.160440444946289
2024,mih1,PH09E/PHP02,10.160440444946289
2024,mih1,PH0CD/PHP02,10.160440444946289
2024,mih1,PH12C/PHP02,10.160440444946289
2024,mih1,PH19V/PHP02,10.160440444946289
2024,mih1,PH1CA/PHP02,10.160440444946289
2024,mih1,PH1GC/PHP02,10.160440444946289
2024,mih1,PH1GG/PHP02,10.160440444946289
2024,mih1,PH1TB/PHP02,10.160440444946289
2024,mih1,PH24E/LH244,10.904052734375
2024,mih1,PH24M/PHP02,10.160440444946289
2024,mih1,PH37C/PHP02,10.160440444946289
2024,mih1,PH38D/PHP02,10.160440444946289
2024,mih1,PH42B/PHP02,10.160440444946289
2024,mih1,PH44A/PHP02,10.160440444946289
2024,mih1,PH63A/PHP02,10.160440444946289
2024,mih1,PH79A/PHP02,10.160440444946289
2024,mih1,PHB47/PHN82,10.413800239562988
2024,mih1,PHB47/PHP02,10.160440444946289
2024,mih1,PHB47/PHZ51,9.8522796630859375
2024,mih1,PHBW8/PHP02,10.160440444946289
2024,mih1,PHDG1/PHP02,10.160440444946289
2024,mih1,PHG29/PHG47,9.166616439819336
2024,mih1,PHG39/PHN82,10.513381004333496
2024,mih1,PHHB9/PHP02,10.160440444946289
2024,mih1,PHJ40/PHAJ0,6.488494873046875
2024,mih1,PHJ89/LH244,10.621599197387695
2024,mih1,PHJR5/PHP02,10.160440444946289
2024,mih1,PHK56/LH244,11.003324508666992
2024,mih1,PHKV0/PHP02,10.160440444946289
2024,mih1,PHN41/PHP02,10.160440444946289
2024,mih1,PHN46/LH244,9.908007621765137
2024,mih1,PHN66/PHP02,10.160440444946289
2024,mih1,PHNJ2/PHP02,10.160440444946289
2024,mih1,PHP02/LH244,11.025127410888672
2024,mih1,PHP38/PHP02,10.160440444946289
2024,mih1,PHPR5/PHP02,10.160440444946289
2024,mih1,PHR03/LH244,10.947880744934082
2024,mih1,PHR61/PHP02,10.160440444946289
2024,mih1,PHRE1/PHTD5,7.840512752532959
2024,mih1,PHT10/PHP02,10.160440444946289
2024,mih1,PHT11/PHP02,10.160440444946289
2024,mih1,PHTP9/PHP02,10.160440444946289
2024,mih1,PHTV7/PHP02,10.160440444946289
2024,mih1,PHV37/PHP02,10.160440444946289
2024,mih1,PHVA9/PHP02,10.160440444946289
2024,mih1,PHVJ5/PHP02,10.160440444946289
2024,mih1,PHW30/LH244,10.904492378234863
2024,mih1,PHW52/PHM49,10.110247611999512
2024,mih1,PHW52/PHP02,10.160440444946289
2024,mih1,TX777/LH195,8.935245513916016
2024,mih1,W10004_0031/PHP02,11.025127410888672
2024,mih1,W10004_0034/PHP02,10.759770393371582
2024,mih1,W10004_0055/PHP02,10.859321594238281
2024,mih1,W10004_0062/PHP02,10.114571571350098
2024,mih1,W10004_0095/PHP02,9.788922309875488
2024,mih1,W10004_0103/PHP02,10.826541900634766
2024,mih1,W10004_0122/PHP02,10.621599197387695
2024,mih1,W10004_0133/PHP02,10.759770393371582
2024,mih1,W10004_0138/PHP02,10.336017608642578
2024,mih1,W10004_0146/PHP02,10.948057174682617
2024,mih1,W10004_0167/PHP02,10.358200073242188
2024,mih1,W10004_0168/PHP02,10.521711349487305
2024,mih1,W10004_0189/PHP02,10.958318710327148
2024,mih1,W10004_0236/PHP02,10.600061416625977
2024,mih1,W10004_0238/PHP02,10.74755573272705
2024,mih1,W10004_0270/PHP02,10.350625991821289
2024,mih1,W10004_0346/PHP02,10.986541748046875
2024,mih1,W10004_0389/PHP02,10.493546485900879
2024,mih1,W10004_0412/PHP02,10.530682563781738
2024,mih1,W10004_0608/PHP02,10.038697242736816
2024,mih1,W10004_0688/PHP02,10.167974472045898
2024,mih1,W10004_0691/PHP02,9.682140350341797
2024,mih1,W10004_0714/PHP02,10.600061416625977
2024,mih1,W10004_0747/PHP02,11.011220932006836
2024,mih1,W10004_0754/PHP02,10.621599197387695
2024,mih1,W10004_0771/PHP02,10.78061580657959
2024,mih1,W10004_0776/PHP02,10.621599197387695
2024,mih1,W10004_0822/PHP02,10.74755573272705
2024,mih1,W10004_0858/PHP02,10.492854118347168
2024,mih1,W10004_0859/PHP02,10.245831489562988
2024,mih1,W10004_0866/PHP02,10.852056503295898
2024,mih1,W10004_0949/PHP02,11.295008659362793
2024,mih1,W10004_1014/PHP02,10.621599197387695
2024,mih1,W10004_1018/PHP02,10.245831489562988
2024,mih1,W10004_1032/PHP02,10.079843521118164
2024,mih1,W10004_1080/PHP02,11.011220932006836
2024,mih1,WQCD10/PHP02,10.160440444946289
2024,mih1,ZS01459/PHP02,10.160440444946289
2024,mih1,ZS0510/PHP02,10.160440444946289
2024,mnh1,01DIB2/PHP02,9.88300609588623
2024,mnh1,2369/LH123HT,10.407441139221191
2024,mnh1,2FACC/PHP02,9.88300609588623
2024,mnh1,B14A/OH43,9.457417488098145
2024,mnh1,B37/H95,9.18179988861084
2024,mnh1,B73/MO17,9.975475311279297
2024,mnh1,B73/PHN82,10.410400390625
2024,mnh1,B73/TX779,7.499960899353027
2024,mnh1,CG119/CG108,6.297238349914551
2024,mnh1,CG44/CGR01,8.921427726745605
2024,mnh1,DK3IIH6/LH244,10.3776216506958
2024,mnh1,FBLA/PHP02,9.88300609588623
2024,mnh1,FBLL/PHP02,9.88300609588623
2024,mnh1,GEMS-0061_3AZA1_0004/PHP02,9.88300609588623
2024,mnh1,GEMS-0061_3AZA1_0005/PHP02,9.88300609588623
2024,mnh1,GEMS-0061_3AZA1_0007/PHP02,9.88300609588623
2024,mnh1,GEMS-0061_3AZA1_0009/PHP02,9.88300609588623
2024,mnh1,GEMS-0061_3AZA1_0010/PHP02,9.88300609588623
2024,mnh1,GEMS-0061_3AZA1_0012/PHP02,9.88300609588623
2024,mnh1,GEMS-0061_3AZA1_0013/PHP02,9.88300609588623
2024,mnh1,GEMS-0061_3AZA1_0015/PHP02,9.88300609588623
2024,mnh1,GEMS-0061_3AZA1_0016/PHP02,9.88300609588623
2024,mnh1,GEMS-0061_3AZA1_0017/PHP02,9.88300609588623
2024,mnh1,GEMS-0061_3AZA1_0023/PHP02,9.88300609588623
2024,mnh1,GEMS-0061_FBLL_0002/PHP02,9.88300609588623
2024,mnh1,GEMS-0061_FBLL_0005/PHP02,9.88300609588623
2024,mnh1,GEMS-0061_FBLL_0007/PHP02,9.88300609588623
2024,mnh1,GEMS-0061_FBLL_0009/PHP02,9.88300609588623
2024,mnh1,GEMS-0061_FBLL_0010/PHP02,9.88300609588623
2024,mnh1,GEMS-0061_FBLL_0014/PHP02,9.88300609588623
2024,mnh1,GEMS-0061_FBLL_0016/PHP02,9.88300609588623
2024,mnh1,GEMS-0061_FBLL_0018/PHP02,9.88300609588623
2024,mnh1,GEMS-0061_FBLL_0023/PHP02,9.88300609588623
2024,mnh1,GEMS-0061_FBLL_0032/PHP02,9.88300609588623
2024,mnh1,GEMS-0061_FBLL_0034/PHP02,9.88300609588623
2024,mnh1,GEMS-0061_FBLL_0037/PHP02,9.88300609588623
2024,mnh1,GEMS-0061_FBLL_0038/PHP02,9.88300609588623
2024,mnh1,GEMS-0061_FBLL_0042/PHP02,9.88300609588623
2024,mnh1,GEMS-0061_FBLL_0044/PHP02,9.88300609588623
2024,mnh1,GEMS-0061_FBLL_0047/PHP02,9.88300609588623
2024,mnh1,GEMS-0061_FBLL_0050/PHP02,9.88300609588623
2024,mnh1,GEMS-0061_PHB47_0001/PHP02,9.88300609588623
2024,mnh1,GEMS-0061_PHB47_0003/PHP02,9.88300609588623
2024,mnh1,GEMS-0061_PHB47_0004/PHP02,9.88300609588623
2024,mnh1,GEMS-0061_PHBW8_0001/PHP02,9.88300609588623
2024,mnh1,GEMS-0061_PHBW8_0002/PHP02,9.88300609588623
2024,mnh1,GEMS-0113_3AZA1_0001/PHP02,9.88300609588623
2024,mnh1,GEMS-0113_3AZA1_0002/PHP02,9.88300609588623
2024,mnh1,GEMS-0113_3AZA1_0003/PHP02,9.88300609588623
2024,mnh1,GEMS-0113_3AZA1_0004/PHP02,9.88300609588623
2024,mnh1,GEMS-0113_3AZA1_0006/PHP02,9.88300609588623
2024,mnh1,GEMS-0113_3AZA1_0008/PHP02,9.88300609588623
2024,mnh1,GEMS-0113_3AZA1_0011/PHP02,9.88300609588623
2024,mnh1,GEMS-0113_3AZA1_0013/PHP02,9.88300609588623
2024,mnh1,GEMS-0113_3AZA1_0014/PHP02,9.88300609588623
2024,mnh1,GEMS-0113_3AZA1_0015/PHP02,9.88300609588623
2024,mnh1,GEMS-0113_3AZA1_0016/PHP02,9.88300609588623
2024,mnh1,GEMS-0113_3AZA1_0017/PHP02,9.88300609588623
2024,mnh1,GEMS-0113_3AZA1_0018/PHP02,9.88300609588623
2024,mnh1,GEMS-0113_3AZA1_0021/PHP02,9.88300609588623
2024,mnh1,GEMS-0113_3AZA1_0022/PHP02,9.88300609588623
2024,mnh1,GEMS-0113_3AZA1_0025/PHP02,9.88300609588623
2024,mnh1,GEMS-0113_3AZA1_0026/PHP02,9.88300609588623
2024,mnh1,GEMS-0113_3AZA1_0029/PHP02,9.88300609588623
2024,mnh1,GEMS-0113_3AZA1_0031/PHP02,9.88300609588623
2024,mnh1,GEMS-0113_3AZA1_0038/PHP02,9.88300609588623
2024,mnh1,GEMS-0113_FBLL_0002/PHP02,9.88300609588623
2024,mnh1,GEMS-0113_FBLL_0003/PHP02,9.88300609588623
2024,mnh1,GEMS-0113_FBLL_0004/PHP02,9.88300609588623
2024,mnh1,GEMS-0113_FBLL_0005/PHP02,9.88300609588623
2024,mnh1,GEMS-0113_FBLL_0006/PHP02,9.88300609588623
2024,mnh1,GEMS-0113_FBLL_0007/PHP02,9.88300609588623
2024,mnh1,GEMS-0113_FBLL_0008/PHP02,9.88300609588623
2024,mnh1,GEMS-0113_FBLL_0010/PHP02,9.88300609588623
2024,mnh1,GEMS-0113_FBLL_0011/PHP02,9.88300609588623
2024,mnh1,GEMS-0113_FBLL_0013/PHP02,9.88300609588623
2024,mnh1,GEMS-0113_PHB47_0001/PHP02,9.88300609588623
2024,mnh1,GEMS-0113_PHB47_0003/PHP02,9.88300609588623
2024,mnh1,GEMS-0113_PHB47_0004/PHP02,9.88300609588623
2024,mnh1,GEMS-0113_PHB47_0005/PHP02,9.88300609588623
2024,mnh1,GEMS-0113_PHB47_0006/PHP02,9.88300609588623
2024,mnh1,GEMS-0113_PHB47_0007/PHP02,9.88300609588623
2024,mnh1,GEMS-0113_PHB47_0008/PHP02,9.88300609588623
2024,mnh1,GEMS-0113_PHB47_0009/PHP02,9.88300609588623
2024,mnh1,GEMS-0113_PHB47_0012/PHP02,9.88300609588623
2024,mnh1,GEMS-0113_PHB47_0013/PHP02,9.88300609588623
2024,mnh1,GEMS-0113_PHB47_0014/PHP02,9.88300609588623
2024,mnh1,GEMS-0113_PHB47_0015/PHP02,9.88300609588623
2024,mnh1,GEMS-0113_PHB47_0017/PHP02,9.88300609588623
2024,mnh1,GEMS-0113_PHB47_0020/PHP02,9.88300609588623
2024,mnh1,GEMS-0113_PHB47_0021/PHP02,9.88300609588623
2024,mnh1,GEMS-0113_PHBW8_0001/PHP02,9.88300609588623
2024,mnh1,GEMS-0113_PHBW8_0002/PHP02,9.88300609588623
2024,mnh1,GEMS-0113_PHBW8_0006/PHP02,9.88300609588623
2024,mnh1,GEMS-0113_PHBW8_0007/PHP02,9.88300609588623
2024,mnh1,GEMS-0113_PHBW8_0008/PHP02,9.88300609588623
2024,mnh1,GEMS-0113_PHBW8_0009/PHP02,9.88300609588623
2024,mnh1,GEMS-0113_PHBW8_0010/PHP02,9.88300609588623
2024,mnh1,GEMS-0113_PHBW8_0012/PHP02,9.88300609588623
2024,mnh1,GEMS-0113_PHBW8_0013/PHP02,9.88300609588623
2024,mnh1,GEMS-0113_PHBW8_0014/PHP02,9.88300609588623
2024,mnh1,GEMS-0113_PHBW8_0017/PHP02,9.88300609588623
2024,mnh1,GEMS-0219_3AZA1_0002/PHP02,9.88300609588623
2024,mnh1,GEMS-0219_3AZA1_0004/PHP02,9.88300609588623
2024,mnh1,GEMS-0219_3AZA1_0006/PHP02,9.88300609588623
2024,mnh1,GEMS-0219_3AZA1_0007/PHP02,9.88300609588623
2024,mnh1,GEMS-0219_3AZA1_0008/PHP02,9.88300609588623
2024,mnh1,GEMS-0219_3AZA1_0010/PHP02,9.88300609588623
2024,mnh1,GEMS-0219_3AZA1_0012/PHP02,9.88300609588623
2024,mnh1,GEMS-0219_3AZA1_0014/PHP02,9.88300609588623
2024,mnh1,GEMS-0219_FBLL_0002/PHP02,9.88300609588623
2024,mnh1,GEMS-0219_FBLL_0003/PHP02,9.88300609588623
2024,mnh1,GEMS-0219_FBLL_0005/PHP02,9.88300609588623
2024,mnh1,GEMS-0219_FBLL_0006/PHP02,9.88300609588623
2024,mnh1,GEMS-0219_FBLL_0007/PHP02,9.88300609588623
2024,mnh1,GEMS-0219_FBLL_0008/PHP02,9.88300609588623
2024,mnh1,GEMS-0219_FBLL_0009/PHP02,9.88300609588623
2024,mnh1,GEMS-0219_FBLL_0010/PHP02,9.88300609588623
2024,mnh1,GEMS-0219_FBLL_0011/PHP02,9.88300609588623
2024,mnh1,GEMS-0219_FBLL_0012/PHP02,9.88300609588623
2024,mnh1,GEMS-0219_FBLL_0013/PHP02,9.88300609588623
2024,mnh1,GEMS-0219_FBLL_0015/PHP02,9.88300609588623
2024,mnh1,GEMS-0219_FBLL_0017/PHP02,9.88300609588623
2024,mnh1,GEMS-0219_FBLL_0018/PHP02,9.88300609588623
2024,mnh1,GEMS-0219_FBLL_0019/PHP02,9.88300609588623
2024,mnh1,GEMS-0219_FBLL_0020/PHP02,9.88300609588623
2024,mnh1,GEMS-0219_FBLL_0021/PHP02,9.88300609588623
2024,mnh1,GEMS-0219_FBLL_0025/PHP02,9.88300609588623
2024,mnh1,GEMS-0219_FBLL_0028/PHP02,9.88300609588623
2024,mnh1,GEMS-0219_FBLL_0030/PHP02,9.88300609588623
2024,mnh1,GEMS-0219_PHB47_0001/PHP02,9.88300609588623
2024,mnh1,GEMS-0219_PHB47_0002/PHP02,9.88300609588623
2024,mnh1,GEMS-0219_PHB47_0003/PHP02,9.88300609588623
2024,mnh1,GEMS-0219_PHB47_0004/PHP02,9.88300609588623
2024,mnh1,GEMS-0219_PHB47_0005/PHP02,9.88300609588623
2024,mnh1,GEMS-0219_PHB47_0006/PHP02,9.88300609588623
2024,mnh1,GEMS-0219_PHB47_0014/PHP02,9.88300609588623
2024,mnh1,GEMS-0219_PHBW8_0001/PHP02,9.88300609588623
2024,mnh1,GEMS-0219_PHBW8_0003/PHP02,9.88300609588623
2024,mnh1,GEMS-0219_PHBW8_0006/PHP02,9.88300609588623
2024,mnh1,GEMS-0219_PHBW8_0008/PHP02,9.88300609588623
2024,mnh1,GEMS-0219_PHBW8_0009/PHP02,9.88300609588623
2024,mnh1,GEMS-0219_PHBW8_0011/PHP02,9.88300609588623
2024,mnh1,GEMS-0227_3AZA1_0002/PHP02,9.88300609588623
2024,mnh1,GEMS-0227_3AZA1_0004/PHP02,9.88300609588623
2024,mnh1,GEMS-0227_3AZA1_0005/PHP02,9.88300609588623
2024,mnh1,GEMS-0227_3AZA1_0006/PHP02,9.88300609588623
2024,mnh1,GEMS-0227_3AZA1_0007/PHP02,9.88300609588623
2024,mnh1,GEMS-0227_3AZA1_0008/PHP02,9.88300609588623
2024,mnh1,GEMS-0227_3AZA1_0009/PHP02,9.88300609588623
2024,mnh1,GEMS-0227_3AZA1_0010/PHP02,9.88300609588623
2024,mnh1,GEMS-0227_3AZA1_0012/PHP02,9.88300609588623
2024,mnh1,GEMS-0227_3AZA1_0013/PHP02,9.88300609588623
2024,mnh1,GEMS-0227_3AZA1_0014/PHP02,9.88300609588623
2024,mnh1,GEMS-0227_3AZA1_0015/PHP02,9.88300609588623
2024,mnh1,GEMS-0227_3AZA1_0016/PHP02,9.88300609588623
2024,mnh1,GEMS-0227_3AZA1_0017/PHP02,9.88300609588623
2024,mnh1,GEMS-0227_3AZA1_0019/PHP02,9.88300609588623
2024,mnh1,GEMS-0227_3AZA1_0021/PHP02,9.88300609588623
2024,mnh1,GEMS-0227_3AZA1_0022/PHP02,9.88300609588623
2024,mnh1,GEMS-0227_3AZA1_0024/PHP02,9.88300609588623
2024,mnh1,GEMS-0227_3AZA1_0025/PHP02,9.88300609588623
2024,mnh1,GEMS-0227_3AZA1_0028/PHP02,9.88300609588623
2024,mnh1,GEMS-0227_3AZA1_0031/PHP02,9.88300609588623
2024,mnh1,GEMS-0227_3AZA1_0032/PHP02,9.88300609588623
2024,mnh1,GEMS-0227_3AZA1_0034/PHP02,9.88300609588623
2024,mnh1,GEMS-0227_3AZA1_0035/PHP02,9.88300609588623
2024,mnh1,GEMS-0227_3AZA1_0036/PHP02,9.88300609588623
2024,mnh1,GEMS-0227_3AZA1_0041/PHP02,9.88300609588623
2024,mnh1,GEMS-0227_3AZA1_0043/PHP02,9.88300609588623
2024,mnh1,GEMS-0227_3AZA1_0045/PHP02,9.88300609588623
2024,mnh1,GEMS-0227_3AZA1_0046/PHP02,9.88300609588623
2024,mnh1,GEMS-0227_3AZA1_0048/PHP02,9.88300609588623
2024,mnh1,GEMS-0227_3AZA1_0049/PHP02,9.88300609588623
2024,mnh1,GEMS-0227_FBLL_0002/PHP02,9.88300609588623
2024,mnh1,GEMS-0227_FBLL_0003/PHP02,9.88300609588623
2024,mnh1,GEMS-0227_FBLL_0004/PHP02,9.88300609588623
2024,mnh1,GEMS-0227_FBLL_0005/PHP02,9.88300609588623
2024,mnh1,GEMS-0227_FBLL_0007/PHP02,9.88300609588623
2024,mnh1,GEMS-0227_FBLL_0008/PHP02,9.88300609588623
2024,mnh1,GEMS-0227_FBLL_0009/PHP02,9.88300609588623
2024,mnh1,GEMS-0227_FBLL_0010/PHP02,9.88300609588623
2024,mnh1,GEMS-0227_FBLL_0013/PHP02,9.88300609588623
2024,mnh1,GEMS-0227_FBLL_0015/PHP02,9.88300609588623
2024,mnh1,GEMS-0227_FBLL_0017/PHP02,9.88300609588623
2024,mnh1,GEMS-0227_FBLL_0018/PHP02,9.88300609588623
2024,mnh1,GEMS-0227_FBLL_0019/PHP02,9.88300609588623
2024,mnh1,GEMS-0227_FBLL_0021/PHP02,9.88300609588623
2024,mnh1,GEMS-0227_FBLL_0022/PHP02,9.88300609588623
2024,mnh1,GEMS-0227_FBLL_0023/PHP02,9.88300609588623
2024,mnh1,GEMS-0227_FBLL_0025/PHP02,9.88300609588623
2024,mnh1,GEMS-0227_FBLL_0029/PHP02,9.88300609588623
2024,mnh1,GEMS-0227_FBLL_0030/PHP02,9.88300609588623
2024,mnh1,GEMS-0227_FBLL_0031/PHP02,9.88300609588623
2024,mnh1,GEMS-0227_FBLL_0032/PHP02,9.88300609588623
2024,mnh1,GEMS-0227_FBLL_0033/PHP02,9.88300609588623
2024,mnh1,GEMS-0227_FBLL_0034/PHP02,9.88300609588623
2024,mnh1,GEMS-0227_FBLL_0035/PHP02,9.88300609588623
2024,mnh1,GEMS-0227_FBLL_0036/PHP02,9.88300609588623
2024,mnh1,GEMS-0227_FBLL_0037/PHP02,9.88300609588623
2024,mnh1,GEMS-0227_FBLL_0038/PHP02,9.88300609588623
2024,mnh1,GEMS-0227_FBLL_0042/PHP02,9.88300609588623
2024,mnh1,GEMS-0227_FBLL_0043/PHP02,9.88300609588623
2024,mnh1,GEMS-0227_FBLL_0045/PHP02,9.88300609588623
2024,mnh1,GEMS-0227_FBLL_0046/PHP02,9.88300609588623
2024,mnh1,GEMS-0227_FBLL_0047/PHP02,9.88300609588623
2024,mnh1,GEMS-0227_FBLL_0048/PHP02,9.88300609588623
2024,mnh1,GEMS-0227_FBLL_0049/PHP02,9.88300609588623
2024,mnh1,GEMS-0227_FBLL_0050/PHP02,9.88300609588623
2024,mnh1,GEMS-0227_FBLL_0051/PHP02,9.88300609588623
2024,mnh1,GEMS-0227_FBLL_0054/PHP02,9.88300609588623
2024,mnh1,GEMS-0227_FBLL_0057/PHP02,9.88300609588623
2024,mnh1,GEMS-0227_FBLL_0058/PHP02,9.88300609588623
2024,mnh1,GEMS-0227_FBLL_0060/PHP02,9.88300609588623
2024,mnh1,GEMS-0227_FBLL_0062/PHP02,9.88300609588623
2024,mnh1,GEMS-0227_FBLL_0063/PHP02,9.88300609588623
2024,mnh1,GEMS-0227_FBLL_0064/PHP02,9.88300609588623
2024,mnh1,GEMS-0227_FBLL_0066/PHP02,9.88300609588623
2024,mnh1,GEMS-0227_FBLL_0067/PHP02,9.88300609588623
2024,mnh1,GEMS-0227_FBLL_0068/PHP02,9.88300609588623
2024,mnh1,GEMS-0227_FBLL_0071/PHP02,9.88300609588623
2024,mnh1,GEMS-0227_FBLL_0073/PHP02,9.88300609588623
2024,mnh1,GEMS-0227_FBLL_0074/PHP02,9.88300609588623
2024,mnh1,GEMS-0227_FBLL_0075/PHP02,9.88300609588623
2024,mnh1,GEMS-0227_FBLL_0077/PHP02,9.88300609588623
2024,mnh1,GEMS-0227_FBLL_0078/PHP02,9.88300609588623
2024,mnh1,GEMS-0227_FBLL_0079/PHP02,9.88300609588623
2024,mnh1,GEMS-0227_FBLL_0080/PHP02,9.88300609588623
2024,mnh1,GEMS-0227_FBLL_0082/PHP02,9.88300609588623
2024,mnh1,GEMS-0227_FBLL_0085/PHP02,9.88300609588623
2024,mnh1,GEMS-0227_FBLL_0086/PHP02,9.88300609588623
2024,mnh1,GEMS-0227_FBLL_0087/PHP02,9.88300609588623
2024,mnh1,GEMS-0227_FBLL_0088/PHP02,9.88300609588623
2024,mnh1,GEMS-0227_FBLL_0089/PHP02,9.88300609588623
2024,mnh1,GEMS-0227_FBLL_0093/PHP02,9.88300609588623
2024,mnh1,GEMS-0227_FBLL_0096/PHP02,9.88300609588623
2024,mnh1,GEMS-0227_FBLL_0097/PHP02,9.88300609588623
2024,mnh1,GEMS-0227_FBLL_0102/PHP02,9.88300609588623
2024,mnh1,GEMS-0227_FBLL_0104/PHP02,9.88300609588623
2024,mnh1,GEMS-0227_FBLL_0105/PHP02,9.88300609588623
2024,mnh1,GEMS-0227_FBLL_0107/PHP02,9.88300609588623
2024,mnh1,GEMS-0227_FBLL_0110/PHP02,9.88300609588623
2024,mnh1,GEMS-0227_FBLL_0111/PHP02,9.88300609588623
2024,mnh1,GEMS-0227_FBLL_0113/PHP02,9.88300609588623
2024,mnh1,GEMS-0227_FBLL_0115/PHP02,9.88300609588623
2024,mnh1,GEMS-0227_FBLL_0116/PHP02,9.88300609588623
2024,mnh1,GEMS-0227_FBLL_0118/PHP02,9.88300609588623
2024,mnh1,GEMS-0227_FBLL_0121/PHP02,9.88300609588623
2024,mnh1,GEMS-0227_FBLL_0124/PHP02,9.88300609588623
2024,mnh1,GEMS-0227_FBLL_0125/PHP02,9.88300609588623
2024,mnh1,GEMS-0227_FBLL_0127/PHP02,9.88300609588623
2024,mnh1,GEMS-0227_FBLL_0133/PHP02,9.88300609588623
2024,mnh1,GEMS-0227_FBLL_0136/PHP02,9.88300609588623
2024,mnh1,GEMS-0227_FBLL_0140/PHP02,9.88300609588623
2024,mnh1,GEMS-0227_FBLL_0141/PHP02,9.88300609588623
2024,mnh1,GEMS-0227_PHB47_0002/PHP02,9.88300609588623
2024,mnh1,GEMS-0227_PHB47_0003/PHP02,9.88300609588623
2024,mnh1,GEMS-0227_PHB47_0004/PHP02,9.88300609588623
2024,mnh1,GEMS-0227_PHB47_0006/PHP02,9.88300609588623
2024,mnh1,GEMS-0227_PHB47_0007/PHP02,9.88300609588623
2024,mnh1,GEMS-0227_PHB47_0009/PHP02,9.88300609588623
2024,mnh1,GEMS-0227_PHB47_0010/PHP02,9.88300609588623
2024,mnh1,GEMS-0227_PHB47_0012/PHP02,9.88300609588623
2024,mnh1,GEMS-0227_PHB47_0014/PHP02,9.88300609588623
2024,mnh1,GEMS-0227_PHB47_0016/PHP02,9.88300609588623
2024,mnh1,GEMS-0227_PHB47_0022/PHP02,9.88300609588623
2024,mnh1,GEMS-0227_PHB47_0023/PHP02,9.88300609588623
2024,mnh1,GEMS-0227_PHB47_0024/PHP02,9.88300609588623
2024,mnh1,GEMS-0227_PHBW8_0001/PHP02,9.88300609588623
2024,mnh1,GEMS-0227_PHBW8_0002/PHP02,9.88300609588623
2024,mnh1,GEMS-0227_PHBW8_0003/PHP02,9.88300609588623
2024,mnh1,GEMS-0227_PHBW8_0004/PHP02,9.88300609588623
2024,mnh1,GEMS-0227_PHBW8_0005/PHP02,9.88300609588623
2024,mnh1,GEMS-0227_PHBW8_0006/PHP02,9.88300609588623
2024,mnh1,GEMS-0227_PHBW8_0007/PHP02,9.88300609588623
2024,mnh1,GEMS-0227_PHBW8_0009/PHP02,9.88300609588623
2024,mnh1,GEMS-0227_PHBW8_0010/PHP02,9.88300609588623
2024,mnh1,GEMS-0227_PHBW8_0012/PHP02,9.88300609588623
2024,mnh1,GEMS-0227_PHBW8_0013/PHP02,9.88300609588623
2024,mnh1,GEMS-0227_PHBW8_0015/PHP02,9.88300609588623
2024,mnh1,GEMS-0227_PHBW8_0017/PHP02,9.88300609588623
2024,mnh1,GEMS-0227_PHBW8_0018/PHP02,9.88300609588623
2024,mnh1,GEMS-0227_PHBW8_0019/PHP02,9.88300609588623
2024,mnh1,GEMS-0227_PHBW8_0021/PHP02,9.88300609588623
2024,mnh1,GEMS-0227_PHBW8_0024/PHP02,9.88300609588623
2024,mnh1,LH132/PHP02,9.815364837646484
2024,mnh1,LH146HT/PHP02,9.88300609588623
2024,mnh1,LH192/PHP02,9.88300609588623
2024,mnh1,LH194/PHP02,9.88300609588623
2024,mnh1,LH195/PHP02,9.84964370727539
2024,mnh1,LH195/PHZ51,9.461357116699219
2024,mnh1,LH197/PHP02,9.88300609588623
2024,mnh1,LH200/PHP02,9.88300609588623
2024,mnh1,LH204/PHP02,9.88300609588623
2024,mnh1,LH220HT/PHP02,9.88300609588623
2024,mnh1,LH226HT/PHP02,9.88300609588623
2024,mnh1,LH236/PHP02,9.88300609588623
2024,mnh1,LH237/PHP02,9.88300609588623
2024,mnh1,LH238/PHP02,9.88300609588623
2024,mnh1,LH244/PHK76,9.239019393920898
2024,mnh1,LH264/PHP02,9.88300609588623
2024,mnh1,LH273/PHP02,9.88300609588623
2024,mnh1,LH286/PHP02,9.88300609588623
2024,mnh1,LH287/LH244,10.508604049682617
2024,mnh1,LH292/PHP02,9.88300609588623
2024,mnh1,LH82/LH244,9.707989692687988
2024,mnh1,MM501D/LH244,10.438186645507812
2024,mnh1,NKH8431/PHP02,9.88300609588623
2024,mnh1,PH05F/PHP02,9.88300609588623
2024,mnh1,PH05W/PHP02,9.88300609588623
2024,mnh1,PH06N/PHP02,9.88300609588623
2024,mnh1,PH080/PHP02,9.88300609588623
2024,mnh1,PH08A/PHP02,9.88300609588623
2024,mnh1,PH09B/PHP02,9.88300609588623
2024,mnh1,PH0B4/PHP02,9.88300609588623
2024,mnh1,PH0CD/PHP02,9.88300609588623
2024,mnh1,PH0GP/PHP02,9.88300609588623
2024,mnh1,PH19V/PHP02,9.88300609588623
2024,mnh1,PH1CA/PHP02,9.88300609588623
2024,mnh1,PH1GC/PHP02,9.88300609588623
2024,mnh1,PH1W2/PHP02,9.88300609588623
2024,mnh1,PH24E/LH244,10.441948890686035
2024,mnh1,PH32C/PHP02,9.88300609588623
2024,mnh1,PH38D/PHP02,9.88300609588623
2024,mnh1,PH42B/PHP02,9.88300609588623
2024,mnh1,PH55C/PHP02,9.88300609588623
2024,mnh1,PH79A/PHP02,9.88300609588623
2024,mnh1,PHB47/PHN82,9.953433990478516
2024,mnh1,PHB47/PHP02,9.88300609588623
2024,mnh1,PHB47/PHZ51,9.366066932678223
2024,mnh1,PHBW8/PHP02,9.88300609588623
2024,mnh1,PHDG1/PHP02,9.88300609588623
2024,mnh1,PHEW7/PHP02,9.88300609588623
2024,mnh1,PHG29/PHG47,9.096687316894531
2024,mnh1,PHG39/PHN82,10.055392265319824
2024,mnh1,PHHB9/PHP02,9.88300609588623
2024,mnh1,PHJ40/PHAJ0,6.297238349914551
2024,mnh1,PHJ89/LH244,10.115585327148438
2024,mnh1,PHJR5/PHP02,9.88300609588623
2024,mnh1,PHK56/LH244,10.490459442138672
2024,mnh1,PHN46/LH244,9.457417488098145
2024,mnh1,PHNJ2/PHP02,9.88300609588623
2024,mnh1,PHP02/LH244,10.461263656616211
2024,mnh1,PHP38/PHP02,9.88300609588623
2024,mnh1,PHPR5/PHP02,9.88300609588623
2024,mnh1,PHR03/LH244,10.519156455993652
2024,mnh1,PHR61/PHP02,9.88300609588623
2024,mnh1,PHRE1/PHTD5,7.259548187255859
2024,mnh1,PHT11/PHP02,9.88300609588623
2024,mnh1,PHT47/PHP02,9.88300609588623
2024,mnh1,PHTP9/PHP02,9.88300609588623
2024,mnh1,PHTV7/PHP02,9.88300609588623
2024,mnh1,PHV37/PHP02,9.88300609588623
2024,mnh1,PHVA9/PHP02,9.88300609588623
2024,mnh1,PHVJ5/PHP02,9.88300609588623
2024,mnh1,PHW30/LH244,9.898115158081055
2024,mnh1,PHW52/PHM49,9.8954010009765625
2024,mnh1,TX777/LH195,8.756719589233398
2024,mnh1,W10004_0018/PHP02,9.741092681884766
2024,mnh1,W10004_0031/PHP02,10.461263656616211
2024,mnh1,W10004_0034/PHP02,10.24398136138916
2024,mnh1,W10004_0055/PHP02,10.120972633361816
2024,mnh1,W10004_0095/PHP02,9.330446243286133
2024,mnh1,W10004_0122/PHP02,10.115585327148438
2024,mnh1,W10004_0133/PHP02,10.24398136138916
2024,mnh1,W10004_0138/PHP02,9.957881927490234
2024,mnh1,W10004_0146/PHP02,10.055530548095703
2024,mnh1,W10004_0160/PHP02,10.086512565612793
2024,mnh1,W10004_0168/PHP02,9.951412200927734
2024,mnh1,W10004_0189/PHP02,10.475783348083496
2024,mnh1,W10004_0236/PHP02,9.989757537841797
2024,mnh1,W10004_0238/PHP02,10.268716812133789
2024,mnh1,W10004_0270/PHP02,9.935478210449219
2024,mnh1,W10004_0311/PHP02,10.002734184265137
2024,mnh1,W10004_0389/PHP02,9.932424545288086
2024,mnh1,W10004_0403/PHP02,10.232535362243652
2024,mnh1,W10004_0409/PHP02,10.295110702514648
2024,mnh1,W10004_0412/PHP02,9.87887954711914
2024,mnh1,W10004_0476/PHP02,9.946036338806152
2024,mnh1,W10004_0608/PHP02,9.54623031616211
2024,mnh1,W10004_0637/PHP02,10.004989624023438
2024,mnh1,W10004_0658/PHP02,10.508604049682617
2024,mnh1,W10004_0688/PHP02,10.094067573547363
2024,mnh1,W10004_0691/PHP02,9.221931457519531
2024,mnh1,W10004_0715/PHP02,9.87887954711914
2024,mnh1,W10004_0747/PHP02,10.707584381103516
2024,mnh1,W10004_0754/PHP02,10.165127754211426
2024,mnh1,W10004_0771/PHP02,10.170273780822754
2024,mnh1,W10004_0776/PHP02,10.165127754211426
2024,mnh1,W10004_0801/PHP02,10.744413375854492
2024,mnh1,W10004_0822/PHP02,10.268716812133789
2024,mnh1,W10004_0858/PHP02,9.873175621032715
2024,mnh1,W10004_0866/PHP02,10.425440788269043
2024,mnh1,W10004_0949/PHP02,10.508604049682617
2024,mnh1,W10004_0969/PHP02,10.016411781311035
2024,mnh1,W10004_1014/PHP02,10.115585327148438
2024,mnh1,W10004_1018/PHP02,10.112286567687988
2024,mnh1,W10004_1032/PHP02,10.02263069152832
2024,mnh1,W10004_1080/PHP02,10.707584381103516
2024,mnh1,WQCD10/PHP02,9.88300609588623
2024,mnh1,ZS01459/PHP02,9.88300609588623
2024,mnh1,ZS0510/PHP02,9.88300609588623
2024,moh1,01CSI6/LH287,7.203582763671875
2024,moh1,01DIB2/LH287,7.203582763671875
2024,moh1,2369/LH123HT,8.683982849121094
2024,moh1,2FACC/PHP02,7.203582763671875
2024,moh1,6F629/PHP02,7.203582763671875
2024,moh1,B14A/H95,6.430865287780762
2024,moh1,B14A/MO17,5.390594959259033
2024,moh1,B14A/OH43,6.683109760284424
2024,moh1,B37/H95,6.275854587554932
2024,moh1,B37/MO17,6.5079026222229
2024,moh1,B37/OH43,6.228481769561768
2024,moh1,B73/MO17,8.1851806640625
2024,moh1,B73/PHK76,7.137007236480713
2024,moh1,B73/PHM49,8.126976013183594
2024,moh1,B73/PHN82,8.228017807006836
2024,moh1,B73/PHZ51,6.909117698669434
2024,moh1,B73/TX779,5.705122470855713
2024,moh1,CG119/CG108,3.9295010566711426
2024,moh1,CG44/CGR01,5.7743330001831055
2024,moh1,DK3IIH6/LH244,8.071739196777344
2024,moh1,DKFBHJ/PHP02,7.203582763671875
2024,moh1,F42/H95,7.037219047546387
2024,moh1,F42/MO17,8.033294677734375
2024,moh1,F42/OH43,6.9511919021606445
2024,moh1,FBLL/LH287,7.203582763671875
2024,moh1,GEMS-0061_3AZA1_0001/PHP02,7.203582763671875
2024,moh1,GEMS-0061_3AZA1_0003/LH287,7.203582763671875
2024,moh1,GEMS-0061_3AZA1_0005/LH287,7.203582763671875
2024,moh1,GEMS-0061_3AZA1_0006/PHP02,7.203582763671875
2024,moh1,GEMS-0061_3AZA1_0009/LH287,7.203582763671875
2024,moh1,GEMS-0061_3AZA1_0009/PHP02,7.203582763671875
2024,moh1,GEMS-0061_3AZA1_0010/LH287,7.203582763671875
2024,moh1,GEMS-0061_3AZA1_0011/PHP02,7.203582763671875
2024,moh1,GEMS-0061_3AZA1_0012/PHP02,7.203582763671875
2024,moh1,GEMS-0061_3AZA1_0013/LH287,7.203582763671875
2024,moh1,GEMS-0061_3AZA1_0014/LH287,7.203582763671875
2024,moh1,GEMS-0061_3AZA1_0014/PHP02,7.203582763671875
2024,moh1,GEMS-0061_3AZA1_0015/LH287,7.203582763671875
2024,moh1,GEMS-0061_3AZA1_0017/LH287,7.203582763671875
2024,moh1,GEMS-0061_3AZA1_0021/LH287,7.203582763671875
2024,moh1,GEMS-0061_3AZA1_0021/PHP02,7.203582763671875
2024,moh1,GEMS-0061_3AZA1_0023/LH287,7.203582763671875
2024,moh1,GEMS-0061_3AZA1_0023/PHP02,7.203582763671875
2024,moh1,GEMS-0061_FBLL_0002/LH287,7.203582763671875
2024,moh1,GEMS-0061_FBLL_0004/PHP02,7.203582763671875
2024,moh1,GEMS-0061_FBLL_0005/LH287,7.203582763671875
2024,moh1,GEMS-0061_FBLL_0005/PHP02,7.203582763671875
2024,moh1,GEMS-0061_FBLL_0007/LH287,7.203582763671875
2024,moh1,GEMS-0061_FBLL_0008/PHP02,7.203582763671875
2024,moh1,GEMS-0061_FBLL_0009/LH287,7.203582763671875
2024,moh1,GEMS-0061_FBLL_0009/PHP02,7.203582763671875
2024,moh1,GEMS-0061_FBLL_0010/PHP02,7.203582763671875
2024,moh1,GEMS-0061_FBLL_0011/LH287,7.203582763671875
2024,moh1,GEMS-0061_FBLL_0011/PHP02,7.203582763671875
2024,moh1,GEMS-0061_FBLL_0014/LH287,7.203582763671875
2024,moh1,GEMS-0061_FBLL_0015/PHP02,7.203582763671875
2024,moh1,GEMS-0061_FBLL_0016/LH287,7.203582763671875
2024,moh1,GEMS-0061_FBLL_0017/LH287,7.203582763671875
2024,moh1,GEMS-0061_FBLL_0017/PHP02,7.203582763671875
2024,moh1,GEMS-0061_FBLL_0018/LH287,7.203582763671875
2024,moh1,GEMS-0061_FBLL_0019/PHP02,7.203582763671875
2024,moh1,GEMS-0061_FBLL_0022/LH287,7.203582763671875
2024,moh1,GEMS-0061_FBLL_0022/PHP02,7.203582763671875
2024,moh1,GEMS-0061_FBLL_0024/LH287,7.203582763671875
2024,moh1,GEMS-0061_FBLL_0024/PHP02,7.203582763671875
2024,moh1,GEMS-0061_FBLL_0025/LH287,7.203582763671875
2024,moh1,GEMS-0061_FBLL_0025/PHP02,7.203582763671875
2024,moh1,GEMS-0061_FBLL_0026/LH287,7.203582763671875
2024,moh1,GEMS-0061_FBLL_0026/PHP02,7.203582763671875
2024,moh1,GEMS-0061_FBLL_0029/LH287,7.203582763671875
2024,moh1,GEMS-0061_FBLL_0029/PHP02,7.203582763671875
2024,moh1,GEMS-0061_FBLL_0031/PHP02,7.203582763671875
2024,moh1,GEMS-0061_FBLL_0032/LH287,7.203582763671875
2024,moh1,GEMS-0061_FBLL_0032/PHP02,7.203582763671875
2024,moh1,GEMS-0061_FBLL_0033/PHP02,7.203582763671875
2024,moh1,GEMS-0061_FBLL_0034/LH287,7.203582763671875
2024,moh1,GEMS-0061_FBLL_0034/PHP02,7.203582763671875
2024,moh1,GEMS-0061_FBLL_0035/LH287,7.203582763671875
2024,moh1,GEMS-0061_FBLL_0035/PHP02,7.203582763671875
2024,moh1,GEMS-0061_FBLL_0037/PHP02,7.203582763671875
2024,moh1,GEMS-0061_FBLL_0038/LH287,7.203582763671875
2024,moh1,GEMS-0061_FBLL_0038/PHP02,7.203582763671875
2024,moh1,GEMS-0061_FBLL_0039/LH287,7.203582763671875
2024,moh1,GEMS-0061_FBLL_0039/PHP02,7.203582763671875
2024,moh1,GEMS-0061_FBLL_0040/LH287,7.203582763671875
2024,moh1,GEMS-0061_FBLL_0040/PHP02,7.203582763671875
2024,moh1,GEMS-0061_FBLL_0050/LH287,7.203582763671875
2024,moh1,GEMS-0061_PHB47_0001/PHP02,7.203582763671875
2024,moh1,GEMS-0061_PHB47_0003/LH287,7.203582763671875
2024,moh1,GEMS-0061_PHB47_0003/PHP02,7.203582763671875
2024,moh1,GEMS-0061_PHB47_0004/LH287,7.203582763671875
2024,moh1,GEMS-0061_PHB47_0004/PHP02,7.203582763671875
2024,moh1,GEMS-0061_PHBW8_0002/LH287,7.203582763671875
2024,moh1,GEMS-0113_3AZA1_0002/LH287,7.203582763671875
2024,moh1,GEMS-0113_3AZA1_0002/PHP02,7.203582763671875
2024,moh1,GEMS-0113_3AZA1_0003/LH287,7.203582763671875
2024,moh1,GEMS-0113_3AZA1_0003/PHP02,7.203582763671875
2024,moh1,GEMS-0113_3AZA1_0004/LH287,7.203582763671875
2024,moh1,GEMS-0113_3AZA1_0005/PHP02,7.203582763671875
2024,moh1,GEMS-0113_3AZA1_0006/LH287,7.203582763671875
2024,moh1,GEMS-0113_3AZA1_0007/LH287,7.203582763671875
2024,moh1,GEMS-0113_3AZA1_0007/PHP02,7.203582763671875
2024,moh1,GEMS-0113_3AZA1_0008/LH287,7.203582763671875
2024,moh1,GEMS-0113_3AZA1_0008/PHP02,7.203582763671875
2024,moh1,GEMS-0113_3AZA1_0010/LH287,7.203582763671875
2024,moh1,GEMS-0113_3AZA1_0010/PHP02,7.203582763671875
2024,moh1,GEMS-0113_3AZA1_0013/PHP02,7.203582763671875
2024,moh1,GEMS-0113_3AZA1_0014/PHP02,7.203582763671875
2024,moh1,GEMS-0113_3AZA1_0015/LH287,7.203582763671875
2024,moh1,GEMS-0113_3AZA1_0016/LH287,7.203582763671875
2024,moh1,GEMS-0113_3AZA1_0017/LH287,7.203582763671875
2024,moh1,GEMS-0113_3AZA1_0019/LH287,7.203582763671875
2024,moh1,GEMS-0113_3AZA1_0019/PHP02,7.203582763671875
2024,moh1,GEMS-0113_3AZA1_0023/LH287,7.203582763671875
2024,moh1,GEMS-0113_3AZA1_0024/PHP02,7.203582763671875
2024,moh1,GEMS-0113_3AZA1_0025/PHP02,7.203582763671875
2024,moh1,GEMS-0113_3AZA1_0027/PHP02,7.203582763671875
2024,moh1,GEMS-0113_3AZA1_0028/PHP02,7.203582763671875
2024,moh1,GEMS-0113_3AZA1_0029/LH287,7.203582763671875
2024,moh1,GEMS-0113_3AZA1_0031/LH287,7.203582763671875
2024,moh1,GEMS-0113_3AZA1_0038/PHP02,7.203582763671875
2024,moh1,GEMS-0113_FBLL_0002/LH287,7.203582763671875
2024,moh1,GEMS-0113_FBLL_0002/PHP02,7.203582763671875
2024,moh1,GEMS-0113_FBLL_0004/PHP02,7.203582763671875
2024,moh1,GEMS-0113_FBLL_0005/LH287,7.203582763671875
2024,moh1,GEMS-0113_FBLL_0006/LH287,7.203582763671875
2024,moh1,GEMS-0113_FBLL_0006/PHP02,7.203582763671875
2024,moh1,GEMS-0113_FBLL_0007/PHP02,7.203582763671875
2024,moh1,GEMS-0113_FBLL_0008/PHP02,7.203582763671875
2024,moh1,GEMS-0113_FBLL_0010/LH287,7.203582763671875
2024,moh1,GEMS-0113_FBLL_0013/LH287,7.203582763671875
2024,moh1,GEMS-0113_FBLL_0015/LH287,7.203582763671875
2024,moh1,GEMS-0113_FBLL_0015/PHP02,7.203582763671875
2024,moh1,GEMS-0113_PHB47_0003/LH287,7.203582763671875
2024,moh1,GEMS-0113_PHB47_0004/LH287,7.203582763671875
2024,moh1,GEMS-0113_PHB47_0004/PHP02,7.203582763671875
2024,moh1,GEMS-0113_PHB47_0005/PHP02,7.203582763671875
2024,moh1,GEMS-0113_PHB47_0007/LH287,7.203582763671875
2024,moh1,GEMS-0113_PHB47_0008/LH287,7.203582763671875
2024,moh1,GEMS-0113_PHB47_0009/LH287,7.203582763671875
2024,moh1,GEMS-0113_PHB47_0011/PHP02,7.203582763671875
2024,moh1,GEMS-0113_PHB47_0012/PHP02,7.203582763671875
2024,moh1,GEMS-0113_PHB47_0013/PHP02,7.203582763671875
2024,moh1,GEMS-0113_PHB47_0014/PHP02,7.203582763671875
2024,moh1,GEMS-0113_PHB47_0015/LH287,7.203582763671875
2024,moh1,GEMS-0113_PHB47_0017/LH287,7.203582763671875
2024,moh1,GEMS-0113_PHB47_0017/PHP02,7.203582763671875
2024,moh1,GEMS-0113_PHB47_0019/LH287,7.203582763671875
2024,moh1,GEMS-0113_PHB47_0019/PHP02,7.203582763671875
2024,moh1,GEMS-0113_PHBW8_0004/PHP02,7.203582763671875
2024,moh1,GEMS-0113_PHBW8_0005/PHP02,7.203582763671875
2024,moh1,GEMS-0113_PHBW8_0006/LH287,7.203582763671875
2024,moh1,GEMS-0113_PHBW8_0007/PHP02,7.203582763671875
2024,moh1,GEMS-0113_PHBW8_0008/PHP02,7.203582763671875
2024,moh1,GEMS-0113_PHBW8_0011/LH287,7.203582763671875
2024,moh1,GEMS-0113_PHBW8_0011/PHP02,7.203582763671875
2024,moh1,GEMS-0113_PHBW8_0012/PHP02,7.203582763671875
2024,moh1,GEMS-0113_PHBW8_0014/LH287,7.203582763671875
2024,moh1,GEMS-0113_PHBW8_0017/LH287,7.203582763671875
2024,moh1,GEMS-0113_PHBW8_0017/PHP02,7.203582763671875
2024,moh1,GEMS-0219_3AZA1_0001/LH287,7.203582763671875
2024,moh1,GEMS-0219_3AZA1_0001/PHP02,7.203582763671875
2024,moh1,GEMS-0219_3AZA1_0002/LH287,7.203582763671875
2024,moh1,GEMS-0219_3AZA1_0003/LH287,7.203582763671875
2024,moh1,GEMS-0219_3AZA1_0003/PHP02,7.203582763671875
2024,moh1,GEMS-0219_3AZA1_0004/LH287,7.203582763671875
2024,moh1,GEMS-0219_3AZA1_0005/LH287,7.203582763671875
2024,moh1,GEMS-0219_3AZA1_0005/PHP02,7.203582763671875
2024,moh1,GEMS-0219_3AZA1_0006/LH287,7.203582763671875
2024,moh1,GEMS-0219_3AZA1_0006/PHP02,7.203582763671875
2024,moh1,GEMS-0219_3AZA1_0007/LH287,7.203582763671875
2024,moh1,GEMS-0219_3AZA1_0007/PHP02,7.203582763671875
2024,moh1,GEMS-0219_3AZA1_0008/PHP02,7.203582763671875
2024,moh1,GEMS-0219_3AZA1_0009/LH287,7.203582763671875
2024,moh1,GEMS-0219_3AZA1_0009/PHP02,7.203582763671875
2024,moh1,GEMS-0219_3AZA1_0010/PHP02,7.203582763671875
2024,moh1,GEMS-0219_3AZA1_0012/LH287,7.203582763671875
2024,moh1,GEMS-0219_FBLL_0002/LH287,7.203582763671875
2024,moh1,GEMS-0219_FBLL_0003/LH287,7.203582763671875
2024,moh1,GEMS-0219_FBLL_0004/PHP02,7.203582763671875
2024,moh1,GEMS-0219_FBLL_0005/LH287,7.203582763671875
2024,moh1,GEMS-0219_FBLL_0006/LH287,7.203582763671875
2024,moh1,GEMS-0219_FBLL_0006/PHP02,7.203582763671875
2024,moh1,GEMS-0219_FBLL_0007/LH287,7.203582763671875
2024,moh1,GEMS-0219_FBLL_0008/LH287,7.203582763671875
2024,moh1,GEMS-0219_FBLL_0012/LH287,7.203582763671875
2024,moh1,GEMS-0219_FBLL_0013/LH287,7.203582763671875
2024,moh1,GEMS-0219_FBLL_0014/PHP02,7.203582763671875
2024,moh1,GEMS-0219_FBLL_0017/LH287,7.203582763671875
2024,moh1,GEMS-0219_FBLL_0018/PHP02,7.203582763671875
2024,moh1,GEMS-0219_FBLL_0019/PHP02,7.203582763671875
2024,moh1,GEMS-0219_FBLL_0020/PHP02,7.203582763671875
2024,moh1,GEMS-0219_FBLL_0021/LH287,7.203582763671875
2024,moh1,GEMS-0219_FBLL_0022/PHP02,7.203582763671875
2024,moh1,GEMS-0219_FBLL_0023/PHP02,7.203582763671875
2024,moh1,GEMS-0219_FBLL_0025/LH287,7.203582763671875
2024,moh1,GEMS-0219_FBLL_0027/LH287,7.203582763671875
2024,moh1,GEMS-0219_FBLL_0027/PHP02,7.203582763671875
2024,moh1,GEMS-0219_FBLL_0028/LH287,7.203582763671875
2024,moh1,GEMS-0219_FBLL_0030/PHP02,7.203582763671875
2024,moh1,GEMS-0219_PHB47_0001/LH287,7.203582763671875
2024,moh1,GEMS-0219_PHB47_0002/LH287,7.203582763671875
2024,moh1,GEMS-0219_PHB47_0003/LH287,7.203582763671875
2024,moh1,GEMS-0219_PHB47_0011/LH287,7.203582763671875
2024,moh1,GEMS-0219_PHB47_0011/PHP02,7.203582763671875
2024,moh1,GEMS-0219_PHB47_0014/PHP02,7.203582763671875
2024,moh1,GEMS-0219_PHB47_0017/PHP02,7.203582763671875
2024,moh1,GEMS-0219_PHBW8_0001/LH287,7.203582763671875
2024,moh1,GEMS-0219_PHBW8_0002/PHP02,7.203582763671875
2024,moh1,GEMS-0219_PHBW8_0004/PHP02,7.203582763671875
2024,moh1,GEMS-0219_PHBW8_0006/LH287,7.203582763671875
2024,moh1,GEMS-0219_PHBW8_0011/PHP02,7.203582763671875
2024,moh1,GEMS-0227_3AZA1_0001/LH287,7.203582763671875
2024,moh1,GEMS-0227_3AZA1_0001/PHP02,7.203582763671875
2024,moh1,GEMS-0227_3AZA1_0003/LH287,7.203582763671875
2024,moh1,GEMS-0227_3AZA1_0003/PHP02,7.203582763671875
2024,moh1,GEMS-0227_3AZA1_0004/LH287,7.203582763671875
2024,moh1,GEMS-0227_3AZA1_0006/LH287,7.203582763671875
2024,moh1,GEMS-0227_3AZA1_0009/LH287,7.203582763671875
2024,moh1,GEMS-0227_3AZA1_0011/LH287,7.203582763671875
2024,moh1,GEMS-0227_3AZA1_0011/PHP02,7.203582763671875
2024,moh1,GEMS-0227_3AZA1_0013/LH287,7.203582763671875
2024,moh1,GEMS-0227_3AZA1_0014/PHP02,7.203582763671875
2024,moh1,GEMS-0227_3AZA1_0015/PHP02,7.203582763671875
2024,moh1,GEMS-0227_3AZA1_0017/LH287,7.203582763671875
2024,moh1,GEMS-0227_3AZA1_0018/LH287,7.203582763671875
2024,moh1,GEMS-0227_3AZA1_0018/PHP02,7.203582763671875
2024,moh1,GEMS-0227_3AZA1_0021/LH287,7.203582763671875
2024,moh1,GEMS-0227_3AZA1_0022/PHP02,7.203582763671875
2024,moh1,GEMS-0227_3AZA1_0023/PHP02,7.203582763671875
2024,moh1,GEMS-0227_3AZA1_0024/PHP02,7.203582763671875
2024,moh1,GEMS-0227_3AZA1_0028/LH287,7.203582763671875
2024,moh1,GEMS-0227_3AZA1_0029/LH287,7.203582763671875
2024,moh1,GEMS-0227_3AZA1_0029/PHP02,7.203582763671875
2024,moh1,GEMS-0227_3AZA1_0030/PHP02,7.203582763671875
2024,moh1,GEMS-0227_3AZA1_0031/PHP02,7.203582763671875
2024,moh1,GEMS-0227_3AZA1_0032/LH287,7.203582763671875
2024,moh1,GEMS-0227_3AZA1_0034/LH287,7.203582763671875
2024,moh1,GEMS-0227_3AZA1_0034/PHP02,7.203582763671875
2024,moh1,GEMS-0227_3AZA1_0036/LH287,7.203582763671875
2024,moh1,GEMS-0227_3AZA1_0036/PHP02,7.203582763671875
2024,moh1,GEMS-0227_3AZA1_0040/LH287,7.203582763671875
2024,moh1,GEMS-0227_3AZA1_0040/PHP02,7.203582763671875
2024,moh1,GEMS-0227_3AZA1_0043/LH287,7.203582763671875
2024,moh1,GEMS-0227_3AZA1_0045/LH287,7.203582763671875
2024,moh1,GEMS-0227_3AZA1_0046/LH287,7.203582763671875
2024,moh1,GEMS-0227_3AZA1_0046/PHP02,7.203582763671875
2024,moh1,GEMS-0227_3AZA1_0048/LH287,7.203582763671875
2024,moh1,GEMS-0227_3AZA1_0048/PHP02,7.203582763671875
2024,moh1,GEMS-0227_FBLL_0001/PHP02,7.203582763671875
2024,moh1,GEMS-0227_FBLL_0002/LH287,7.203582763671875
2024,moh1,GEMS-0227_FBLL_0004/LH287,7.203582763671875
2024,moh1,GEMS-0227_FBLL_0004/PHP02,7.203582763671875
2024,moh1,GEMS-0227_FBLL_0005/LH287,7.203582763671875
2024,moh1,GEMS-0227_FBLL_0007/PHP02,7.203582763671875
2024,moh1,GEMS-0227_FBLL_0008/LH287,7.203582763671875
2024,moh1,GEMS-0227_FBLL_0009/LH287,7.203582763671875
2024,moh1,GEMS-0227_FBLL_0009/PHP02,7.203582763671875
2024,moh1,GEMS-0227_FBLL_0010/LH287,7.203582763671875
2024,moh1,GEMS-0227_FBLL_0012/PHP02,7.203582763671875
2024,moh1,GEMS-0227_FBLL_0013/LH287,7.203582763671875
2024,moh1,GEMS-0227_FBLL_0013/PHP02,7.203582763671875
2024,moh1,GEMS-0227_FBLL_0014/PHP02,7.203582763671875
2024,moh1,GEMS-0227_FBLL_0016/PHP02,7.203582763671875
2024,moh1,GEMS-0227_FBLL_0017/LH287,7.203582763671875
2024,moh1,GEMS-0227_FBLL_0018/LH287,7.203582763671875
2024,moh1,GEMS-0227_FBLL_0019/LH287,7.203582763671875
2024,moh1,GEMS-0227_FBLL_0019/PHP02,7.203582763671875
2024,moh1,GEMS-0227_FBLL_0020/LH287,7.203582763671875
2024,moh1,GEMS-0227_FBLL_0020/PHP02,7.203582763671875
2024,moh1,GEMS-0227_FBLL_0021/LH287,7.203582763671875
2024,moh1,GEMS-0227_FBLL_0021/PHP02,7.203582763671875
2024,moh1,GEMS-0227_FBLL_0022/LH287,7.203582763671875
2024,moh1,GEMS-0227_FBLL_0022/PHP02,7.203582763671875
2024,moh1,GEMS-0227_FBLL_0023/LH287,7.203582763671875
2024,moh1,GEMS-0227_FBLL_0023/PHP02,7.203582763671875
2024,moh1,GEMS-0227_FBLL_0024/PHP02,7.203582763671875
2024,moh1,GEMS-0227_FBLL_0025/LH287,7.203582763671875
2024,moh1,GEMS-0227_FBLL_0026/LH287,7.203582763671875
2024,moh1,GEMS-0227_FBLL_0026/PHP02,7.203582763671875
2024,moh1,GEMS-0227_FBLL_0027/PHP02,7.203582763671875
2024,moh1,GEMS-0227_FBLL_0028/LH287,7.203582763671875
2024,moh1,GEMS-0227_FBLL_0028/PHP02,7.203582763671875
2024,moh1,GEMS-0227_FBLL_0030/LH287,7.203582763671875
2024,moh1,GEMS-0227_FBLL_0030/PHP02,7.203582763671875
2024,moh1,GEMS-0227_FBLL_0031/LH287,7.203582763671875
2024,moh1,GEMS-0227_FBLL_0031/PHP02,7.203582763671875
2024,moh1,GEMS-0227_FBLL_0033/LH287,7.203582763671875
2024,moh1,GEMS-0227_FBLL_0035/LH287,7.203582763671875
2024,moh1,GEMS-0227_FBLL_0036/LH287,7.203582763671875
2024,moh1,GEMS-0227_FBLL_0038/PHP02,7.203582763671875
2024,moh1,GEMS-0227_FBLL_0039/PHP02,7.203582763671875
2024,moh1,GEMS-0227_FBLL_0040/LH287,7.203582763671875
2024,moh1,GEMS-0227_FBLL_0040/PHP02,7.203582763671875
2024,moh1,GEMS-0227_FBLL_0041/PHP02,7.203582763671875
2024,moh1,GEMS-0227_FBLL_0043/PHP02,7.203582763671875
2024,moh1,GEMS-0227_FBLL_0044/PHP02,7.203582763671875
2024,moh1,GEMS-0227_FBLL_0046/LH287,7.203582763671875
2024,moh1,GEMS-0227_FBLL_0046/PHP02,7.203582763671875
2024,moh1,GEMS-0227_FBLL_0047/PHP02,7.203582763671875
2024,moh1,GEMS-0227_FBLL_0048/LH287,7.203582763671875
2024,moh1,GEMS-0227_FBLL_0050/PHP02,7.203582763671875
2024,moh1,GEMS-0227_FBLL_0051/LH287,7.203582763671875
2024,moh1,GEMS-0227_FBLL_0052/PHP02,7.203582763671875
2024,moh1,GEMS-0227_FBLL_0053/LH287,7.203582763671875
2024,moh1,GEMS-0227_FBLL_0053/PHP02,7.203582763671875
2024,moh1,GEMS-0227_FBLL_0054/LH287,7.203582763671875
2024,moh1,GEMS-0227_FBLL_0054/PHP02,7.203582763671875
2024,moh1,GEMS-0227_FBLL_0055/LH287,7.203582763671875
2024,moh1,GEMS-0227_FBLL_0055/PHP02,7.203582763671875
2024,moh1,GEMS-0227_FBLL_0056/LH287,7.203582763671875
2024,moh1,GEMS-0227_FBLL_0056/PHP02,7.203582763671875
2024,moh1,GEMS-0227_FBLL_0057/LH287,7.203582763671875
2024,moh1,GEMS-0227_FBLL_0057/PHP02,7.203582763671875
2024,moh1,GEMS-0227_FBLL_0059/LH287,7.203582763671875
2024,moh1,GEMS-0227_FBLL_0059/PHP02,7.203582763671875
2024,moh1,GEMS-0227_FBLL_0060/LH287,7.203582763671875
2024,moh1,GEMS-0227_FBLL_0062/LH287,7.203582763671875
2024,moh1,GEMS-0227_FBLL_0062/PHP02,7.203582763671875
2024,moh1,GEMS-0227_FBLL_0063/PHP02,7.203582763671875
2024,moh1,GEMS-0227_FBLL_0064/LH287,7.203582763671875
2024,moh1,GEMS-0227_FBLL_0067/PHP02,7.203582763671875
2024,moh1,GEMS-0227_FBLL_0069/LH287,7.203582763671875
2024,moh1,GEMS-0227_FBLL_0069/PHP02,7.203582763671875
2024,moh1,GEMS-0227_FBLL_0070/LH287,7.203582763671875
2024,moh1,GEMS-0227_FBLL_0070/PHP02,7.203582763671875
2024,moh1,GEMS-0227_FBLL_0071/LH287,7.203582763671875
2024,moh1,GEMS-0227_FBLL_0071/PHP02,7.203582763671875
2024,moh1,GEMS-0227_FBLL_0072/PHP02,7.203582763671875
2024,moh1,GEMS-0227_FBLL_0073/LH287,7.203582763671875
2024,moh1,GEMS-0227_FBLL_0074/PHP02,7.203582763671875
2024,moh1,GEMS-0227_FBLL_0077/LH287,7.203582763671875
2024,moh1,GEMS-0227_FBLL_0078/LH287,7.203582763671875
2024,moh1,GEMS-0227_FBLL_0079/PHP02,7.203582763671875
2024,moh1,GEMS-0227_FBLL_0082/PHP02,7.203582763671875
2024,moh1,GEMS-0227_FBLL_0084/LH287,7.203582763671875
2024,moh1,GEMS-0227_FBLL_0084/PHP02,7.203582763671875
2024,moh1,GEMS-0227_FBLL_0087/LH287,7.203582763671875
2024,moh1,GEMS-0227_FBLL_0088/LH287,7.203582763671875
2024,moh1,GEMS-0227_FBLL_0088/PHP02,7.203582763671875
2024,moh1,GEMS-0227_FBLL_0089/LH287,7.203582763671875
2024,moh1,GEMS-0227_FBLL_0089/PHP02,7.203582763671875
2024,moh1,GEMS-0227_FBLL_0090/PHP02,7.203582763671875
2024,moh1,GEMS-0227_FBLL_0093/LH287,7.203582763671875
2024,moh1,GEMS-0227_FBLL_0093/PHP02,7.203582763671875
2024,moh1,GEMS-0227_FBLL_0094/PHP02,7.203582763671875
2024,moh1,GEMS-0227_FBLL_0095/LH287,7.203582763671875
2024,moh1,GEMS-0227_FBLL_0095/PHP02,7.203582763671875
2024,moh1,GEMS-0227_FBLL_0097/PHP02,7.203582763671875
2024,moh1,GEMS-0227_FBLL_0098/PHP02,7.203582763671875
2024,moh1,GEMS-0227_FBLL_0101/LH287,7.203582763671875
2024,moh1,GEMS-0227_FBLL_0101/PHP02,7.203582763671875
2024,moh1,GEMS-0227_FBLL_0104/PHP02,7.203582763671875
2024,moh1,GEMS-0227_FBLL_0106/PHP02,7.203582763671875
2024,moh1,GEMS-0227_FBLL_0107/LH287,7.203582763671875
2024,moh1,GEMS-0227_FBLL_0111/LH287,7.203582763671875
2024,moh1,GEMS-0227_FBLL_0111/PHP02,7.203582763671875
2024,moh1,GEMS-0227_FBLL_0114/PHP02,7.203582763671875
2024,moh1,GEMS-0227_FBLL_0115/LH287,7.203582763671875
2024,moh1,GEMS-0227_FBLL_0116/LH287,7.203582763671875
2024,moh1,GEMS-0227_FBLL_0117/PHP02,7.203582763671875
2024,moh1,GEMS-0227_FBLL_0118/LH287,7.203582763671875
2024,moh1,GEMS-0227_FBLL_0121/LH287,7.203582763671875
2024,moh1,GEMS-0227_FBLL_0121/PHP02,7.203582763671875
2024,moh1,GEMS-0227_FBLL_0124/LH287,7.203582763671875
2024,moh1,GEMS-0227_FBLL_0127/PHP02,7.203582763671875
2024,moh1,GEMS-0227_FBLL_0134/LH287,7.203582763671875
2024,moh1,GEMS-0227_FBLL_0134/PHP02,7.203582763671875
2024,moh1,GEMS-0227_FBLL_0136/PHP02,7.203582763671875
2024,moh1,GEMS-0227_FBLL_0140/LH287,7.203582763671875
2024,moh1,GEMS-0227_FBLL_0140/PHP02,7.203582763671875
2024,moh1,GEMS-0227_FBLL_0141/LH287,7.203582763671875
2024,moh1,GEMS-0227_FBLL_0141/PHP02,7.203582763671875
2024,moh1,GEMS-0227_PHB47_0001/PHP02,7.203582763671875
2024,moh1,GEMS-0227_PHB47_0002/LH287,7.203582763671875
2024,moh1,GEMS-0227_PHB47_0003/LH287,7.203582763671875
2024,moh1,GEMS-0227_PHB47_0003/PHP02,7.203582763671875
2024,moh1,GEMS-0227_PHB47_0007/LH287,7.203582763671875
2024,moh1,GEMS-0227_PHB47_0009/LH287,7.203582763671875
2024,moh1,GEMS-0227_PHB47_0009/PHP02,7.203582763671875
2024,moh1,GEMS-0227_PHB47_0010/PHP02,7.203582763671875
2024,moh1,GEMS-0227_PHB47_0011/LH287,7.203582763671875
2024,moh1,GEMS-0227_PHB47_0011/PHP02,7.203582763671875
2024,moh1,GEMS-0227_PHB47_0012/LH287,7.203582763671875
2024,moh1,GEMS-0227_PHB47_0014/LH287,7.203582763671875
2024,moh1,GEMS-0227_PHB47_0016/LH287,7.203582763671875
2024,moh1,GEMS-0227_PHB47_0022/LH287,7.203582763671875
2024,moh1,GEMS-0227_PHB47_0025/LH287,7.203582763671875
2024,moh1,GEMS-0227_PHB47_0025/PHP02,7.203582763671875
2024,moh1,GEMS-0227_PHB47_0026/PHP02,7.203582763671875
2024,moh1,GEMS-0227_PHBW8_0001/LH287,7.203582763671875
2024,moh1,GEMS-0227_PHBW8_0002/LH287,7.203582763671875
2024,moh1,GEMS-0227_PHBW8_0002/PHP02,7.203582763671875
2024,moh1,GEMS-0227_PHBW8_0003/LH287,7.203582763671875
2024,moh1,GEMS-0227_PHBW8_0004/LH287,7.203582763671875
2024,moh1,GEMS-0227_PHBW8_0005/PHP02,7.203582763671875
2024,moh1,GEMS-0227_PHBW8_0006/PHP02,7.203582763671875
2024,moh1,GEMS-0227_PHBW8_0007/LH287,7.203582763671875
2024,moh1,GEMS-0227_PHBW8_0009/LH287,7.203582763671875
2024,moh1,GEMS-0227_PHBW8_0011/LH287,7.203582763671875
2024,moh1,GEMS-0227_PHBW8_0011/PHP02,7.203582763671875
2024,moh1,GEMS-0227_PHBW8_0013/LH287,7.203582763671875
2024,moh1,GEMS-0227_PHBW8_0015/LH287,7.203582763671875
2024,moh1,GEMS-0227_PHBW8_0015/PHP02,7.203582763671875
2024,moh1,GEMS-0227_PHBW8_0016/LH287,7.203582763671875
2024,moh1,GEMS-0227_PHBW8_0016/PHP02,7.203582763671875
2024,moh1,GEMS-0227_PHBW8_0017/LH287,7.203582763671875
2024,moh1,GEMS-0227_PHBW8_0017/PHP02,7.203582763671875
2024,moh1,GEMS-0227_PHBW8_0019/LH287,7.203582763671875
2024,moh1,GEMS-0227_PHBW8_0020/PHP02,7.203582763671875
2024,moh1,GEMS-0227_PHBW8_0021/LH287,7.203582763671875
2024,moh1,GEMS-0227_PHBW8_0021/PHP02,7.203582763671875
2024,moh1,GEMS-0227_PHBW8_0022/LH287,7.203582763671875
2024,moh1,GEMS-0227_PHBW8_0022/PHP02,7.203582763671875
2024,moh1,GEMS-0227_PHBW8_0024/LH287,7.203582763671875
2024,moh1,LH145/LH82,5.480948448181152
2024,moh1,LH192/LH287,7.203582763671875
2024,moh1,LH193/PHP02,7.203582763671875
2024,moh1,LH194/LH287,7.203582763671875
2024,moh1,LH195/LH287,7.203582763671875
2024,moh1,LH195/MO17,7.521044731140137
2024,moh1,LH195/PHK76,6.139150142669678
2024,moh1,LH195/PHN82,7.148543834686279
2024,moh1,LH195/PHZ51,6.502927780151367
2024,moh1,LH197/LH287,7.203582763671875
2024,moh1,LH197/PHP02,7.203582763671875
2024,moh1,LH198/LH287,7.203582763671875
2024,moh1,LH198/PHP02,7.203582763671875
2024,moh1,LH200/LH287,7.203582763671875
2024,moh1,LH220HT/LH287,7.203582763671875
2024,moh1,LH224/LH287,7.203582763671875
2024,moh1,LH224/PHP02,7.203582763671875
2024,moh1,LH225/PHP02,7.203582763671875
2024,moh1,LH226HT/LH287,7.203582763671875
2024,moh1,LH228/PHP02,7.203582763671875
2024,moh1,LH231/PHP02,7.203582763671875
2024,moh1,LH234/LH287,7.203582763671875
2024,moh1,LH234/PHP02,7.203582763671875
2024,moh1,LH235/PHP02,7.203582763671875
2024,moh1,LH236/LH287,7.203582763671875
2024,moh1,LH236/PHP02,7.203582763671875
2024,moh1,LH237/LH287,7.203582763671875
2024,moh1,LH237/PHP02,7.203582763671875
2024,moh1,LH238/LH287,7.203582763671875
2024,moh1,LH244/MO17,8.11170482635498
2024,moh1,LH244/PHK76,7.294796466827393
2024,moh1,LH244/PHN82,7.432119369506836
2024,moh1,LH244/PHP02,7.203582763671875
2024,moh1,LH244/PHZ51,6.550014019012451
2024,moh1,LH264/LH287,7.203582763671875
2024,moh1,LH273/LH287,7.203582763671875
2024,moh1,LH273/PHP02,7.203582763671875
2024,moh1,LH286/LH287,7.203582763671875
2024,moh1,LH287/LH244,8.63554859161377
2024,moh1,LH292/LH287,7.203582763671875
2024,moh1,LH292/PHP02,7.203582763671875
2024,moh1,LH74/PHN82,7.04069185256958
2024,moh1,LH82/LH244,7.021907806396484
2024,moh1,MM501D/LH244,8.156558990478516
2024,moh1,NKH8431/PHP02,7.203582763671875
2024,moh1,PH05F/LH287,7.203582763671875
2024,moh1,PH05G/PHP02,7.203582763671875
2024,moh1,PH05W/LH287,7.203582763671875
2024,moh1,PH07D/LH287,7.203582763671875
2024,moh1,PH07D/PHP02,7.203582763671875
2024,moh1,PH080/LH287,7.203582763671875
2024,moh1,PH09B/LH287,7.203582763671875
2024,moh1,PH09E/LH287,7.203582763671875
2024,moh1,PH09E/PHP02,7.203582763671875
2024,moh1,PH12C/LH287,7.203582763671875
2024,moh1,PH12C/PHP02,7.203582763671875
2024,moh1,PH1CA/LH287,7.203582763671875
2024,moh1,PH1GC/PHP02,7.203582763671875
2024,moh1,PH1GG/PHP02,7.203582763671875
2024,moh1,PH1TB/LH287,7.203582763671875
2024,moh1,PH1TB/PHP02,7.203582763671875
2024,moh1,PH1W2/PHP02,7.203582763671875
2024,moh1,PH24E/LH244,8.267630577087402
2024,moh1,PH24M/LH287,7.203582763671875
2024,moh1,PH24M/PHP02,7.203582763671875
2024,moh1,PH32C/LH287,7.203582763671875
2024,moh1,PH37C/PHP02,7.203582763671875
2024,moh1,PH38D/LH287,7.203582763671875
2024,moh1,PH38D/PHP02,7.203582763671875
2024,moh1,PH42B/LH287,7.203582763671875
2024,moh1,PH42B/PHP02,7.203582763671875
2024,moh1,PH44A/LH287,7.203582763671875
2024,moh1,PH44A/PHP02,7.203582763671875
2024,moh1,PH55C/LH287,7.203582763671875
2024,moh1,PH55C/PHP02,7.203582763671875
2024,moh1,PH63A/PHP02,7.203582763671875
2024,moh1,PH79A/PHP02,7.203582763671875
2024,moh1,PHB47/LH287,7.203582763671875
2024,moh1,PHB47/MO17,6.455656051635742
2024,moh1,PHB47/PHK76,6.465535640716553
2024,moh1,PHB47/PHN82,7.594268321990967
2024,moh1,PHB47/PHP02,7.203582763671875
2024,moh1,PHB47/PHZ51,6.458745002746582
2024,moh1,PHBW8/PHP02,7.203582763671875
2024,moh1,PHDG1/PHP02,7.203582763671875
2024,moh1,PHG29/PHG47,6.230623245239258
2024,moh1,PHG39/PHN82,8.021651268005371
2024,moh1,PHJ40/PHAJ0,3.9295010566711426
2024,moh1,PHJ89/LH244,8.039005279541016
2024,moh1,PHJ89/PH207,6.430865287780762
2024,moh1,PHJR5/LH287,7.203582763671875
2024,moh1,PHK56/LH244,8.16318130493164
2024,moh1,PHKV0/PHP02,7.203582763671875
2024,moh1,PHN41/LH287,7.203582763671875
2024,moh1,PHN41/PHP02,7.203582763671875
2024,moh1,PHN46/LH244,6.603118419647217
2024,moh1,PHN66/PHP02,7.203582763671875
2024,moh1,PHNJ2/LH287,7.203582763671875
2024,moh1,PHP02/LH244,8.14057731628418
2024,moh1,PHP38/LH287,7.203582763671875
2024,moh1,PHPR5/LH287,7.203582763671875
2024,moh1,PHR03/LH244,8.279059410095215
2024,moh1,PHR61/LH287,7.203582763671875
2024,moh1,PHRE1/PHTD5,5.018670082092285
2024,moh1,PHT10/LH287,7.203582763671875
2024,moh1,PHT10/PHP02,7.203582763671875
2024,moh1,PHT11/LH287,7.203582763671875
2024,moh1,PHT11/PHP02,7.203582763671875
2024,moh1,PHT47/LH287,7.203582763671875
2024,moh1,PHTP9/LH287,7.203582763671875
2024,moh1,PHTV7/LH287,7.203582763671875
2024,moh1,PHTV7/PHP02,7.203582763671875
2024,moh1,PHV37/LH287,7.203582763671875
2024,moh1,PHV37/PHP02,7.203582763671875
2024,moh1,PHVA9/LH287,7.203582763671875
2024,moh1,PHVA9/PHP02,7.203582763671875
2024,moh1,PHVJ5/LH287,7.203582763671875
2024,moh1,PHW30/LH244,8.085091590881348
2024,moh1,PHW52/PHM49,7.086887359619141
2024,moh1,PHW52/PHN82,8.174126625061035
2024,moh1,PHW52/PHP02,7.203582763671875
2024,moh1,TX714/PHZ51,6.046878337860107
2024,moh1,TX714/TX779,6.136308193206787
2024,moh1,TX777/LH195,6.069709777832031
2024,moh1,W10004_0018/PHP02,7.0013909339904785
2024,moh1,W10004_0034/PHP02,8.040904998779297
2024,moh1,W10004_0055/LH287,7.203582763671875
2024,moh1,W10004_0062/PHP02,7.178585529327393
2024,moh1,W10004_0095/LH287,7.203582763671875
2024,moh1,W10004_0095/PHP02,6.771528720855713
2024,moh1,W10004_0103/LH287,7.203582763671875
2024,moh1,W10004_0103/PHP02,7.985491752624512
2024,moh1,W10004_0122/LH287,7.203582763671875
2024,moh1,W10004_0133/LH287,7.203582763671875
2024,moh1,W10004_0146/LH287,7.203582763671875
2024,moh1,W10004_0167/PHP02,7.563892841339111
2024,moh1,W10004_0189/LH287,7.203582763671875
2024,moh1,W10004_0236/LH287,7.203582763671875
2024,moh1,W10004_0258/PHP02,8.16318130493164
2024,moh1,W10004_0270/LH287,7.203582763671875
2024,moh1,W10004_0270/PHP02,7.483255386352539
2024,moh1,W10004_0311/LH287,7.203582763671875
2024,moh1,W10004_0346/PHP02,8.341885566711426
2024,moh1,W10004_0389/LH287,7.203582763671875
2024,moh1,W10004_0403/LH287,7.203582763671875
2024,moh1,W10004_0403/PHP02,8.012166976928711
2024,moh1,W10004_0412/LH287,7.203582763671875
2024,moh1,W10004_0412/PHP02,8.001104354858398
2024,moh1,W10004_0476/LH287,7.203582763671875
2024,moh1,W10004_0476/PHP02,7.273716926574707
2024,moh1,W10004_0601/LH287,7.203582763671875
2024,moh1,W10004_0601/PHP02,8.015032768249512
2024,moh1,W10004_0658/LH287,7.203582763671875
2024,moh1,W10004_0658/PHP02,8.63554859161377
2024,moh1,W10004_0688/LH287,7.203582763671875
2024,moh1,W10004_0714/PHP02,8.065971374511719
2024,moh1,W10004_0747/LH287,7.203582763671875
2024,moh1,W10004_0747/PHP02,8.442806243896484
2024,moh1,W10004_0771/LH287,7.203582763671875
2024,moh1,W10004_0776/LH287,7.203582763671875
2024,moh1,W10004_0801/LH287,7.203582763671875
2024,moh1,W10004_0858/LH287,7.203582763671875
2024,moh1,W10004_0858/PHP02,8.009355545043945
2024,moh1,W10004_0859/LH287,7.203582763671875
2024,moh1,W10004_0859/PHP02,7.493886947631836
2024,moh1,W10004_0866/LH287,7.203582763671875
2024,moh1,W10004_0866/PHP02,8.27121639251709
2024,moh1,W10004_0949/LH287,7.203582763671875
2024,moh1,W10004_0969/LH287,7.203582763671875
2024,moh1,W10004_0969/PHP02,7.432119369506836
2024,moh1,W10004_1014/LH287,7.203582763671875
2024,moh1,W10004_1014/PHP02,8.039005279541016
2024,moh1,WQCD10/PHP02,7.203582763671875
2024,moh1,ZS01459/LH287,7.203582763671875
2024,moh1,ZS0510/LH287,7.203582763671875
2024,nch1,01CSI6/LH287,8.413680076599121
2024,nch1,01DIB2/LH287,8.413680076599121
2024,nch1,01DIB2/PHP02,8.413680076599121
2024,nch1,2369/LH123HT,9.200984954833984
2024,nch1,6F629/LH287,8.413680076599121
2024,nch1,B14A/OH43,8.161409378051758
2024,nch1,B37/H95,8.012921333312988
2024,nch1,B73/MO17,8.676337242126465
2024,nch1,B73/PHN82,9.210083961486816
2024,nch1,B73/TX779,8.059657096862793
2024,nch1,CG119/CG108,4.841763973236084
2024,nch1,CG44/CGR01,7.604668617248535
2024,nch1,DK3IIH6/LH244,8.724334716796875
2024,nch1,DKFBHJ/LH287,8.413680076599121
2024,nch1,DKFBHJ/PHP02,8.413680076599121
2024,nch1,FBLA/LH287,8.413680076599121
2024,nch1,FBLA/PHP02,8.413680076599121
2024,nch1,FBLL/LH287,8.413680076599121
2024,nch1,FBLL/PHP02,8.413680076599121
2024,nch1,GEMS-0061_3AZA1_0001/LH287,8.413680076599121
2024,nch1,GEMS-0061_3AZA1_0001/PHP02,8.413680076599121
2024,nch1,GEMS-0061_3AZA1_0003/LH287,8.413680076599121
2024,nch1,GEMS-0061_3AZA1_0004/PHP02,8.413680076599121
2024,nch1,GEMS-0061_3AZA1_0005/LH287,8.413680076599121
2024,nch1,GEMS-0061_3AZA1_0005/PHP02,8.413680076599121
2024,nch1,GEMS-0061_3AZA1_0006/LH287,8.413680076599121
2024,nch1,GEMS-0061_3AZA1_0006/PHP02,8.413680076599121
2024,nch1,GEMS-0061_3AZA1_0007/LH287,8.413680076599121
2024,nch1,GEMS-0061_3AZA1_0007/PHP02,8.413680076599121
2024,nch1,GEMS-0061_3AZA1_0009/LH287,8.413680076599121
2024,nch1,GEMS-0061_3AZA1_0009/PHP02,8.413680076599121
2024,nch1,GEMS-0061_3AZA1_0010/PHP02,8.413680076599121
2024,nch1,GEMS-0061_3AZA1_0013/LH287,8.413680076599121
2024,nch1,GEMS-0061_3AZA1_0013/PHP02,8.413680076599121
2024,nch1,GEMS-0061_3AZA1_0014/LH287,8.413680076599121
2024,nch1,GEMS-0061_3AZA1_0014/PHP02,8.413680076599121
2024,nch1,GEMS-0061_3AZA1_0015/LH287,8.413680076599121
2024,nch1,GEMS-0061_3AZA1_0015/PHP02,8.413680076599121
2024,nch1,GEMS-0061_3AZA1_0016/PHP02,8.413680076599121
2024,nch1,GEMS-0061_3AZA1_0017/LH287,8.413680076599121
2024,nch1,GEMS-0061_3AZA1_0017/PHP02,8.413680076599121
2024,nch1,GEMS-0061_3AZA1_0021/LH287,8.413680076599121
2024,nch1,GEMS-0061_3AZA1_0023/LH287,8.413680076599121
2024,nch1,GEMS-0061_FBLL_0002/PHP02,8.413680076599121
2024,nch1,GEMS-0061_FBLL_0004/LH287,8.413680076599121
2024,nch1,GEMS-0061_FBLL_0004/PHP02,8.413680076599121
2024,nch1,GEMS-0061_FBLL_0005/LH287,8.413680076599121
2024,nch1,GEMS-0061_FBLL_0007/PHP02,8.413680076599121
2024,nch1,GEMS-0061_FBLL_0008/LH287,8.413680076599121
2024,nch1,GEMS-0061_FBLL_0008/PHP02,8.413680076599121
2024,nch1,GEMS-0061_FBLL_0009/LH287,8.413680076599121
2024,nch1,GEMS-0061_FBLL_0010/LH287,8.413680076599121
2024,nch1,GEMS-0061_FBLL_0011/LH287,8.413680076599121
2024,nch1,GEMS-0061_FBLL_0014/LH287,8.413680076599121
2024,nch1,GEMS-0061_FBLL_0014/PHP02,8.413680076599121
2024,nch1,GEMS-0061_FBLL_0015/LH287,8.413680076599121
2024,nch1,GEMS-0061_FBLL_0016/LH287,8.413680076599121
2024,nch1,GEMS-0061_FBLL_0016/PHP02,8.413680076599121
2024,nch1,GEMS-0061_FBLL_0017/LH287,8.413680076599121
2024,nch1,GEMS-0061_FBLL_0017/PHP02,8.413680076599121
2024,nch1,GEMS-0061_FBLL_0018/LH287,8.413680076599121
2024,nch1,GEMS-0061_FBLL_0018/PHP02,8.413680076599121
2024,nch1,GEMS-0061_FBLL_0019/LH287,8.413680076599121
2024,nch1,GEMS-0061_FBLL_0019/PHP02,8.413680076599121
2024,nch1,GEMS-0061_FBLL_0022/PHP02,8.413680076599121
2024,nch1,GEMS-0061_FBLL_0023/LH287,8.413680076599121
2024,nch1,GEMS-0061_FBLL_0023/PHP02,8.413680076599121
2024,nch1,GEMS-0061_FBLL_0024/LH287,8.413680076599121
2024,nch1,GEMS-0061_FBLL_0024/PHP02,8.413680076599121
2024,nch1,GEMS-0061_FBLL_0025/LH287,8.413680076599121
2024,nch1,GEMS-0061_FBLL_0025/PHP02,8.413680076599121
2024,nch1,GEMS-0061_FBLL_0026/LH287,8.413680076599121
2024,nch1,GEMS-0061_FBLL_0026/PHP02,8.413680076599121
2024,nch1,GEMS-0061_FBLL_0029/LH287,8.413680076599121
2024,nch1,GEMS-0061_FBLL_0031/LH287,8.413680076599121
2024,nch1,GEMS-0061_FBLL_0031/PHP02,8.413680076599121
2024,nch1,GEMS-0061_FBLL_0032/LH287,8.413680076599121
2024,nch1,GEMS-0061_FBLL_0033/LH287,8.413680076599121
2024,nch1,GEMS-0061_FBLL_0033/PHP02,8.413680076599121
2024,nch1,GEMS-0061_FBLL_0034/PHP02,8.413680076599121
2024,nch1,GEMS-0061_FBLL_0035/LH287,8.413680076599121
2024,nch1,GEMS-0061_FBLL_0035/PHP02,8.413680076599121
2024,nch1,GEMS-0061_FBLL_0037/LH287,8.413680076599121
2024,nch1,GEMS-0061_FBLL_0037/PHP02,8.413680076599121
2024,nch1,GEMS-0061_FBLL_0038/LH287,8.413680076599121
2024,nch1,GEMS-0061_FBLL_0039/LH287,8.413680076599121
2024,nch1,GEMS-0061_FBLL_0039/PHP02,8.413680076599121
2024,nch1,GEMS-0061_FBLL_0040/LH287,8.413680076599121
2024,nch1,GEMS-0061_FBLL_0040/PHP02,8.413680076599121
2024,nch1,GEMS-0061_FBLL_0042/PHP02,8.413680076599121
2024,nch1,GEMS-0061_FBLL_0044/LH287,8.413680076599121
2024,nch1,GEMS-0061_FBLL_0044/PHP02,8.413680076599121
2024,nch1,GEMS-0061_FBLL_0047/LH287,8.413680076599121
2024,nch1,GEMS-0061_FBLL_0047/PHP02,8.413680076599121
2024,nch1,GEMS-0061_FBLL_0050/LH287,8.413680076599121
2024,nch1,GEMS-0061_FBLL_0050/PHP02,8.413680076599121
2024,nch1,GEMS-0061_PHB47_0001/LH287,8.413680076599121
2024,nch1,GEMS-0061_PHB47_0001/PHP02,8.413680076599121
2024,nch1,GEMS-0061_PHB47_0003/LH287,8.413680076599121
2024,nch1,GEMS-0061_PHB47_0004/LH287,8.413680076599121
2024,nch1,GEMS-0061_PHBW8_0001/LH287,8.413680076599121
2024,nch1,GEMS-0061_PHBW8_0001/PHP02,8.413680076599121
2024,nch1,GEMS-0061_PHBW8_0002/PHP02,8.413680076599121
2024,nch1,GEMS-0113_3AZA1_0001/PHP02,8.413680076599121
2024,nch1,GEMS-0113_3AZA1_0003/LH287,8.413680076599121
2024,nch1,GEMS-0113_3AZA1_0004/LH287,8.413680076599121
2024,nch1,GEMS-0113_3AZA1_0004/PHP02,8.413680076599121
2024,nch1,GEMS-0113_3AZA1_0005/PHP02,8.413680076599121
2024,nch1,GEMS-0113_3AZA1_0006/LH287,8.413680076599121
2024,nch1,GEMS-0113_3AZA1_0006/PHP02,8.413680076599121
2024,nch1,GEMS-0113_3AZA1_0007/LH287,8.413680076599121
2024,nch1,GEMS-0113_3AZA1_0007/PHP02,8.413680076599121
2024,nch1,GEMS-0113_3AZA1_0008/LH287,8.413680076599121
2024,nch1,GEMS-0113_3AZA1_0008/PHP02,8.413680076599121
2024,nch1,GEMS-0113_3AZA1_0010/LH287,8.413680076599121
2024,nch1,GEMS-0113_3AZA1_0010/PHP02,8.413680076599121
2024,nch1,GEMS-0113_3AZA1_0011/PHP02,8.413680076599121
2024,nch1,GEMS-0113_3AZA1_0014/PHP02,8.413680076599121
2024,nch1,GEMS-0113_3AZA1_0015/LH287,8.413680076599121
2024,nch1,GEMS-0113_3AZA1_0015/PHP02,8.413680076599121
2024,nch1,GEMS-0113_3AZA1_0016/LH287,8.413680076599121
2024,nch1,GEMS-0113_3AZA1_0016/PHP02,8.413680076599121
2024,nch1,GEMS-0113_3AZA1_0017/LH287,8.413680076599121
2024,nch1,GEMS-0113_3AZA1_0017/PHP02,8.413680076599121
2024,nch1,GEMS-0113_3AZA1_0018/LH287,8.413680076599121
2024,nch1,GEMS-0113_3AZA1_0018/PHP02,8.413680076599121
2024,nch1,GEMS-0113_3AZA1_0019/LH287,8.413680076599121
2024,nch1,GEMS-0113_3AZA1_0021/LH287,8.413680076599121
2024,nch1,GEMS-0113_3AZA1_0021/PHP02,8.413680076599121
2024,nch1,GEMS-0113_3AZA1_0022/PHP02,8.413680076599121
2024,nch1,GEMS-0113_3AZA1_0023/LH287,8.413680076599121
2024,nch1,GEMS-0113_3AZA1_0024/LH287,8.413680076599121
2024,nch1,GEMS-0113_3AZA1_0024/PHP02,8.413680076599121
2024,nch1,GEMS-0113_3AZA1_0026/LH287,8.413680076599121
2024,nch1,GEMS-0113_3AZA1_0026/PHP02,8.413680076599121
2024,nch1,GEMS-0113_3AZA1_0027/PHP02,8.413680076599121
2024,nch1,GEMS-0113_3AZA1_0028/LH287,8.413680076599121
2024,nch1,GEMS-0113_3AZA1_0028/PHP02,8.413680076599121
2024,nch1,GEMS-0113_3AZA1_0029/LH287,8.413680076599121
2024,nch1,GEMS-0113_3AZA1_0029/PHP02,8.413680076599121
2024,nch1,GEMS-0113_3AZA1_0031/PHP02,8.413680076599121
2024,nch1,GEMS-0113_3AZA1_0038/LH287,8.413680076599121
2024,nch1,GEMS-0113_3AZA1_0038/PHP02,8.413680076599121
2024,nch1,GEMS-0113_FBLL_0002/LH287,8.413680076599121
2024,nch1,GEMS-0113_FBLL_0003/LH287,8.413680076599121
2024,nch1,GEMS-0113_FBLL_0003/PHP02,8.413680076599121
2024,nch1,GEMS-0113_FBLL_0004/LH287,8.413680076599121
2024,nch1,GEMS-0113_FBLL_0005/LH287,8.413680076599121
2024,nch1,GEMS-0113_FBLL_0005/PHP02,8.413680076599121
2024,nch1,GEMS-0113_FBLL_0006/LH287,8.413680076599121
2024,nch1,GEMS-0113_FBLL_0007/LH287,8.413680076599121
2024,nch1,GEMS-0113_FBLL_0010/LH287,8.413680076599121
2024,nch1,GEMS-0113_FBLL_0010/PHP02,8.413680076599121
2024,nch1,GEMS-0113_FBLL_0011/LH287,8.413680076599121
2024,nch1,GEMS-0113_FBLL_0011/PHP02,8.413680076599121
2024,nch1,GEMS-0113_FBLL_0013/PHP02,8.413680076599121
2024,nch1,GEMS-0113_FBLL_0015/LH287,8.413680076599121
2024,nch1,GEMS-0113_FBLL_0015/PHP02,8.413680076599121
2024,nch1,GEMS-0113_PHB47_0001/PHP02,8.413680076599121
2024,nch1,GEMS-0113_PHB47_0003/LH287,8.413680076599121
2024,nch1,GEMS-0113_PHB47_0003/PHP02,8.413680076599121
2024,nch1,GEMS-0113_PHB47_0004/LH287,8.413680076599121
2024,nch1,GEMS-0113_PHB47_0005/LH287,8.413680076599121
2024,nch1,GEMS-0113_PHB47_0005/PHP02,8.413680076599121
2024,nch1,GEMS-0113_PHB47_0006/LH287,8.413680076599121
2024,nch1,GEMS-0113_PHB47_0006/PHP02,8.413680076599121
2024,nch1,GEMS-0113_PHB47_0007/LH287,8.413680076599121
2024,nch1,GEMS-0113_PHB47_0007/PHP02,8.413680076599121
2024,nch1,GEMS-0113_PHB47_0008/LH287,8.413680076599121
2024,nch1,GEMS-0113_PHB47_0008/PHP02,8.413680076599121
2024,nch1,GEMS-0113_PHB47_0009/PHP02,8.413680076599121
2024,nch1,GEMS-0113_PHB47_0011/LH287,8.413680076599121
2024,nch1,GEMS-0113_PHB47_0011/PHP02,8.413680076599121
2024,nch1,GEMS-0113_PHB47_0012/LH287,8.413680076599121
2024,nch1,GEMS-0113_PHB47_0013/LH287,8.413680076599121
2024,nch1,GEMS-0113_PHB47_0014/LH287,8.413680076599121
2024,nch1,GEMS-0113_PHB47_0015/LH287,8.413680076599121
2024,nch1,GEMS-0113_PHB47_0015/PHP02,8.413680076599121
2024,nch1,GEMS-0113_PHB47_0017/LH287,8.413680076599121
2024,nch1,GEMS-0113_PHB47_0017/PHP02,8.413680076599121
2024,nch1,GEMS-0113_PHB47_0019/LH287,8.413680076599121
2024,nch1,GEMS-0113_PHB47_0019/PHP02,8.413680076599121
2024,nch1,GEMS-0113_PHB47_0020/LH287,8.413680076599121
2024,nch1,GEMS-0113_PHB47_0020/PHP02,8.413680076599121
2024,nch1,GEMS-0113_PHB47_0021/LH287,8.413680076599121
2024,nch1,GEMS-0113_PHB47_0021/PHP02,8.413680076599121
2024,nch1,GEMS-0113_PHBW8_0001/LH287,8.413680076599121
2024,nch1,GEMS-0113_PHBW8_0001/PHP02,8.413680076599121
2024,nch1,GEMS-0113_PHBW8_0002/LH287,8.413680076599121
2024,nch1,GEMS-0113_PHBW8_0002/PHP02,8.413680076599121
2024,nch1,GEMS-0113_PHBW8_0004/PHP02,8.413680076599121
2024,nch1,GEMS-0113_PHBW8_0005/LH287,8.413680076599121
2024,nch1,GEMS-0113_PHBW8_0005/PHP02,8.413680076599121
2024,nch1,GEMS-0113_PHBW8_0006/LH287,8.413680076599121
2024,nch1,GEMS-0113_PHBW8_0006/PHP02,8.413680076599121
2024,nch1,GEMS-0113_PHBW8_0007/LH287,8.413680076599121
2024,nch1,GEMS-0113_PHBW8_0007/PHP02,8.413680076599121
2024,nch1,GEMS-0113_PHBW8_0008/PHP02,8.413680076599121
2024,nch1,GEMS-0113_PHBW8_0009/LH287,8.413680076599121
2024,nch1,GEMS-0113_PHBW8_0009/PHP02,8.413680076599121
2024,nch1,GEMS-0113_PHBW8_0010/LH287,8.413680076599121
2024,nch1,GEMS-0113_PHBW8_0010/PHP02,8.413680076599121
2024,nch1,GEMS-0113_PHBW8_0011/LH287,8.413680076599121
2024,nch1,GEMS-0113_PHBW8_0011/PHP02,8.413680076599121
2024,nch1,GEMS-0113_PHBW8_0012/LH287,8.413680076599121
2024,nch1,GEMS-0113_PHBW8_0013/LH287,8.413680076599121
2024,nch1,GEMS-0113_PHBW8_0013/PHP02,8.413680076599121
2024,nch1,GEMS-0113_PHBW8_0014/LH287,8.413680076599121
2024,nch1,GEMS-0113_PHBW8_0014/PHP02,8.413680076599121
2024,nch1,GEMS-0113_PHBW8_0017/LH287,8.413680076599121
2024,nch1,GEMS-0219_3AZA1_0001/LH287,8.413680076599121
2024,nch1,GEMS-0219_3AZA1_0001/PHP02,8.413680076599121
2024,nch1,GEMS-0219_3AZA1_0002/LH287,8.413680076599121
2024,nch1,GEMS-0219_3AZA1_0002/PHP02,8.413680076599121
2024,nch1,GEMS-0219_3AZA1_0003/LH287,8.413680076599121
2024,nch1,GEMS-0219_3AZA1_0004/LH287,8.413680076599121
2024,nch1,GEMS-0219_3AZA1_0004/PHP02,8.413680076599121
2024,nch1,GEMS-0219_3AZA1_0005/LH287,8.413680076599121
2024,nch1,GEMS-0219_3AZA1_0005/PHP02,8.413680076599121
2024,nch1,GEMS-0219_3AZA1_0007/LH287,8.413680076599121
2024,nch1,GEMS-0219_3AZA1_0007/PHP02,8.413680076599121
2024,nch1,GEMS-0219_3AZA1_0009/LH287,8.413680076599121
2024,nch1,GEMS-0219_3AZA1_0009/PHP02,8.413680076599121
2024,nch1,GEMS-0219_3AZA1_0010/LH287,8.413680076599121
2024,nch1,GEMS-0219_3AZA1_0010/PHP02,8.413680076599121
2024,nch1,GEMS-0219_3AZA1_0012/LH287,8.413680076599121
2024,nch1,GEMS-0219_3AZA1_0012/PHP02,8.413680076599121
2024,nch1,GEMS-0219_3AZA1_0014/PHP02,8.413680076599121
2024,nch1,GEMS-0219_FBLL_0002/LH287,8.413680076599121
2024,nch1,GEMS-0219_FBLL_0002/PHP02,8.413680076599121
2024,nch1,GEMS-0219_FBLL_0003/LH287,8.413680076599121
2024,nch1,GEMS-0219_FBLL_0003/PHP02,8.413680076599121
2024,nch1,GEMS-0219_FBLL_0004/LH287,8.413680076599121
2024,nch1,GEMS-0219_FBLL_0004/PHP02,8.413680076599121
2024,nch1,GEMS-0219_FBLL_0005/LH287,8.413680076599121
2024,nch1,GEMS-0219_FBLL_0005/PHP02,8.413680076599121
2024,nch1,GEMS-0219_FBLL_0006/LH287,8.413680076599121
2024,nch1,GEMS-0219_FBLL_0006/PHP02,8.413680076599121
2024,nch1,GEMS-0219_FBLL_0007/LH287,8.413680076599121
2024,nch1,GEMS-0219_FBLL_0007/PHP02,8.413680076599121
2024,nch1,GEMS-0219_FBLL_0008/LH287,8.413680076599121
2024,nch1,GEMS-0219_FBLL_0008/PHP02,8.413680076599121
2024,nch1,GEMS-0219_FBLL_0009/PHP02,8.413680076599121
2024,nch1,GEMS-0219_FBLL_0010/LH287,8.413680076599121
2024,nch1,GEMS-0219_FBLL_0010/PHP02,8.413680076599121
2024,nch1,GEMS-0219_FBLL_0011/PHP02,8.413680076599121
2024,nch1,GEMS-0219_FBLL_0012/PHP02,8.413680076599121
2024,nch1,GEMS-0219_FBLL_0013/PHP02,8.413680076599121
2024,nch1,GEMS-0219_FBLL_0014/LH287,8.413680076599121
2024,nch1,GEMS-0219_FBLL_0014/PHP02,8.413680076599121
2024,nch1,GEMS-0219_FBLL_0015/PHP02,8.413680076599121
2024,nch1,GEMS-0219_FBLL_0017/LH287,8.413680076599121
2024,nch1,GEMS-0219_FBLL_0017/PHP02,8.413680076599121
2024,nch1,GEMS-0219_FBLL_0018/LH287,8.413680076599121
2024,nch1,GEMS-0219_FBLL_0018/PHP02,8.413680076599121
2024,nch1,GEMS-0219_FBLL_0019/LH287,8.413680076599121
2024,nch1,GEMS-0219_FBLL_0020/LH287,8.413680076599121
2024,nch1,GEMS-0219_FBLL_0021/LH287,8.413680076599121
2024,nch1,GEMS-0219_FBLL_0021/PHP02,8.413680076599121
2024,nch1,GEMS-0219_FBLL_0022/PHP02,8.413680076599121
2024,nch1,GEMS-0219_FBLL_0023/LH287,8.413680076599121
2024,nch1,GEMS-0219_FBLL_0023/PHP02,8.413680076599121
2024,nch1,GEMS-0219_FBLL_0025/LH287,8.413680076599121
2024,nch1,GEMS-0219_FBLL_0025/PHP02,8.413680076599121
2024,nch1,GEMS-0219_FBLL_0027/LH287,8.413680076599121
2024,nch1,GEMS-0219_FBLL_0027/PHP02,8.413680076599121
2024,nch1,GEMS-0219_FBLL_0028/LH287,8.413680076599121
2024,nch1,GEMS-0219_FBLL_0028/PHP02,8.413680076599121
2024,nch1,GEMS-0219_FBLL_0030/LH287,8.413680076599121
2024,nch1,GEMS-0219_PHB47_0001/LH287,8.413680076599121
2024,nch1,GEMS-0219_PHB47_0001/PHP02,8.413680076599121
2024,nch1,GEMS-0219_PHB47_0002/LH287,8.413680076599121
2024,nch1,GEMS-0219_PHB47_0002/PHP02,8.413680076599121
2024,nch1,GEMS-0219_PHB47_0003/LH287,8.413680076599121
2024,nch1,GEMS-0219_PHB47_0003/PHP02,8.413680076599121
2024,nch1,GEMS-0219_PHB47_0004/PHP02,8.413680076599121
2024,nch1,GEMS-0219_PHB47_0005/LH287,8.413680076599121
2024,nch1,GEMS-0219_PHB47_0005/PHP02,8.413680076599121
2024,nch1,GEMS-0219_PHB47_0006/LH287,8.413680076599121
2024,nch1,GEMS-0219_PHB47_0006/PHP02,8.413680076599121
2024,nch1,GEMS-0219_PHB47_0011/LH287,8.413680076599121
2024,nch1,GEMS-0219_PHB47_0011/PHP02,8.413680076599121
2024,nch1,GEMS-0219_PHB47_0014/LH287,8.413680076599121
2024,nch1,GEMS-0219_PHB47_0014/PHP02,8.413680076599121
2024,nch1,GEMS-0219_PHB47_0017/LH287,8.413680076599121
2024,nch1,GEMS-0219_PHB47_0017/PHP02,8.413680076599121
2024,nch1,GEMS-0219_PHBW8_0001/LH287,8.413680076599121
2024,nch1,GEMS-0219_PHBW8_0001/PHP02,8.413680076599121
2024,nch1,GEMS-0219_PHBW8_0002/LH287,8.413680076599121
2024,nch1,GEMS-0219_PHBW8_0002/PHP02,8.413680076599121
2024,nch1,GEMS-0219_PHBW8_0003/LH287,8.413680076599121
2024,nch1,GEMS-0219_PHBW8_0003/PHP02,8.413680076599121
2024,nch1,GEMS-0219_PHBW8_0004/LH287,8.413680076599121
2024,nch1,GEMS-0219_PHBW8_0004/PHP02,8.413680076599121
2024,nch1,GEMS-0219_PHBW8_0006/LH287,8.413680076599121
2024,nch1,GEMS-0219_PHBW8_0006/PHP02,8.413680076599121
2024,nch1,GEMS-0219_PHBW8_0008/LH287,8.413680076599121
2024,nch1,GEMS-0219_PHBW8_0008/PHP02,8.413680076599121
2024,nch1,GEMS-0219_PHBW8_0009/LH287,8.413680076599121
2024,nch1,GEMS-0219_PHBW8_0009/PHP02,8.413680076599121
2024,nch1,GEMS-0227_3AZA1_0001/LH287,8.413680076599121
2024,nch1,GEMS-0227_3AZA1_0001/PHP02,8.413680076599121
2024,nch1,GEMS-0227_3AZA1_0002/LH287,8.413680076599121
2024,nch1,GEMS-0227_3AZA1_0002/PHP02,8.413680076599121
2024,nch1,GEMS-0227_3AZA1_0003/LH287,8.413680076599121
2024,nch1,GEMS-0227_3AZA1_0004/PHP02,8.413680076599121
2024,nch1,GEMS-0227_3AZA1_0005/LH287,8.413680076599121
2024,nch1,GEMS-0227_3AZA1_0005/PHP02,8.413680076599121
2024,nch1,GEMS-0227_3AZA1_0006/LH287,8.413680076599121
2024,nch1,GEMS-0227_3AZA1_0006/PHP02,8.413680076599121
2024,nch1,GEMS-0227_3AZA1_0007/LH287,8.413680076599121
2024,nch1,GEMS-0227_3AZA1_0007/PHP02,8.413680076599121
2024,nch1,GEMS-0227_3AZA1_0008/PHP02,8.413680076599121
2024,nch1,GEMS-0227_3AZA1_0009/LH287,8.413680076599121
2024,nch1,GEMS-0227_3AZA1_0009/PHP02,8.413680076599121
2024,nch1,GEMS-0227_3AZA1_0010/LH287,8.413680076599121
2024,nch1,GEMS-0227_3AZA1_0010/PHP02,8.413680076599121
2024,nch1,GEMS-0227_3AZA1_0011/LH287,8.413680076599121
2024,nch1,GEMS-0227_3AZA1_0011/PHP02,8.413680076599121
2024,nch1,GEMS-0227_3AZA1_0012/PHP02,8.413680076599121
2024,nch1,GEMS-0227_3AZA1_0013/LH287,8.413680076599121
2024,nch1,GEMS-0227_3AZA1_0013/PHP02,8.413680076599121
2024,nch1,GEMS-0227_3AZA1_0014/LH287,8.413680076599121
2024,nch1,GEMS-0227_3AZA1_0016/LH287,8.413680076599121
2024,nch1,GEMS-0227_3AZA1_0016/PHP02,8.413680076599121
2024,nch1,GEMS-0227_3AZA1_0017/LH287,8.413680076599121
2024,nch1,GEMS-0227_3AZA1_0017/PHP02,8.413680076599121
2024,nch1,GEMS-0227_3AZA1_0018/LH287,8.413680076599121
2024,nch1,GEMS-0227_3AZA1_0018/PHP02,8.413680076599121
2024,nch1,GEMS-0227_3AZA1_0019/LH287,8.413680076599121
2024,nch1,GEMS-0227_3AZA1_0019/PHP02,8.413680076599121
2024,nch1,GEMS-0227_3AZA1_0021/LH287,8.413680076599121
2024,nch1,GEMS-0227_3AZA1_0021/PHP02,8.413680076599121
2024,nch1,GEMS-0227_3AZA1_0022/LH287,8.413680076599121
2024,nch1,GEMS-0227_3AZA1_0023/PHP02,8.413680076599121
2024,nch1,GEMS-0227_3AZA1_0024/LH287,8.413680076599121
2024,nch1,GEMS-0227_3AZA1_0024/PHP02,8.413680076599121
2024,nch1,GEMS-0227_3AZA1_0025/LH287,8.413680076599121
2024,nch1,GEMS-0227_3AZA1_0025/PHP02,8.413680076599121
2024,nch1,GEMS-0227_3AZA1_0028/LH287,8.413680076599121
2024,nch1,GEMS-0227_3AZA1_0028/PHP02,8.413680076599121
2024,nch1,GEMS-0227_3AZA1_0029/LH287,8.413680076599121
2024,nch1,GEMS-0227_3AZA1_0029/PHP02,8.413680076599121
2024,nch1,GEMS-0227_3AZA1_0030/LH287,8.413680076599121
2024,nch1,GEMS-0227_3AZA1_0030/PHP02,8.413680076599121
2024,nch1,GEMS-0227_3AZA1_0032/LH287,8.413680076599121
2024,nch1,GEMS-0227_3AZA1_0032/PHP02,8.413680076599121
2024,nch1,GEMS-0227_3AZA1_0034/PHP02,8.413680076599121
2024,nch1,GEMS-0227_3AZA1_0035/PHP02,8.413680076599121
2024,nch1,GEMS-0227_3AZA1_0036/LH287,8.413680076599121
2024,nch1,GEMS-0227_3AZA1_0036/PHP02,8.413680076599121
2024,nch1,GEMS-0227_3AZA1_0040/LH287,8.413680076599121
2024,nch1,GEMS-0227_3AZA1_0041/LH287,8.413680076599121
2024,nch1,GEMS-0227_3AZA1_0041/PHP02,8.413680076599121
2024,nch1,GEMS-0227_3AZA1_0043/LH287,8.413680076599121
2024,nch1,GEMS-0227_3AZA1_0043/PHP02,8.413680076599121
2024,nch1,GEMS-0227_3AZA1_0045/LH287,8.413680076599121
2024,nch1,GEMS-0227_3AZA1_0045/PHP02,8.413680076599121
2024,nch1,GEMS-0227_3AZA1_0048/LH287,8.413680076599121
2024,nch1,GEMS-0227_3AZA1_0048/PHP02,8.413680076599121
2024,nch1,GEMS-0227_3AZA1_0049/PHP02,8.413680076599121
2024,nch1,GEMS-0227_FBLL_0001/LH287,8.413680076599121
2024,nch1,GEMS-0227_FBLL_0001/PHP02,8.413680076599121
2024,nch1,GEMS-0227_FBLL_0002/LH287,8.413680076599121
2024,nch1,GEMS-0227_FBLL_0002/PHP02,8.413680076599121
2024,nch1,GEMS-0227_FBLL_0003/PHP02,8.413680076599121
2024,nch1,GEMS-0227_FBLL_0004/LH287,8.413680076599121
2024,nch1,GEMS-0227_FBLL_0005/LH287,8.413680076599121
2024,nch1,GEMS-0227_FBLL_0005/PHP02,8.413680076599121
2024,nch1,GEMS-0227_FBLL_0007/LH287,8.413680076599121
2024,nch1,GEMS-0227_FBLL_0008/LH287,8.413680076599121
2024,nch1,GEMS-0227_FBLL_0008/PHP02,8.413680076599121
2024,nch1,GEMS-0227_FBLL_0009/LH287,8.413680076599121
2024,nch1,GEMS-0227_FBLL_0010/LH287,8.413680076599121
2024,nch1,GEMS-0227_FBLL_0010/PHP02,8.413680076599121
2024,nch1,GEMS-0227_FBLL_0012/LH287,8.413680076599121
2024,nch1,GEMS-0227_FBLL_0012/PHP02,8.413680076599121
2024,nch1,GEMS-0227_FBLL_0013/LH287,8.413680076599121
2024,nch1,GEMS-0227_FBLL_0014/LH287,8.413680076599121
2024,nch1,GEMS-0227_FBLL_0015/LH287,8.413680076599121
2024,nch1,GEMS-0227_FBLL_0015/PHP02,8.413680076599121
2024,nch1,GEMS-0227_FBLL_0016/LH287,8.413680076599121
2024,nch1,GEMS-0227_FBLL_0017/LH287,8.413680076599121
2024,nch1,GEMS-0227_FBLL_0017/PHP02,8.413680076599121
2024,nch1,GEMS-0227_FBLL_0018/LH287,8.413680076599121
2024,nch1,GEMS-0227_FBLL_0018/PHP02,8.413680076599121
2024,nch1,GEMS-0227_FBLL_0019/PHP02,8.413680076599121
2024,nch1,GEMS-0227_FBLL_0020/LH287,8.413680076599121
2024,nch1,GEMS-0227_FBLL_0020/PHP02,8.413680076599121
2024,nch1,GEMS-0227_FBLL_0021/LH287,8.413680076599121
2024,nch1,GEMS-0227_FBLL_0021/PHP02,8.413680076599121
2024,nch1,GEMS-0227_FBLL_0022/LH287,8.413680076599121
2024,nch1,GEMS-0227_FBLL_0023/LH287,8.413680076599121
2024,nch1,GEMS-0227_FBLL_0024/LH287,8.413680076599121
2024,nch1,GEMS-0227_FBLL_0024/PHP02,8.413680076599121
2024,nch1,GEMS-0227_FBLL_0025/LH287,8.413680076599121
2024,nch1,GEMS-0227_FBLL_0025/PHP02,8.413680076599121
2024,nch1,GEMS-0227_FBLL_0026/LH287,8.413680076599121
2024,nch1,GEMS-0227_FBLL_0026/PHP02,8.413680076599121
2024,nch1,GEMS-0227_FBLL_0027/LH287,8.413680076599121
2024,nch1,GEMS-0227_FBLL_0027/PHP02,8.413680076599121
2024,nch1,GEMS-0227_FBLL_0028/LH287,8.413680076599121
2024,nch1,GEMS-0227_FBLL_0028/PHP02,8.413680076599121
2024,nch1,GEMS-0227_FBLL_0029/LH287,8.413680076599121
2024,nch1,GEMS-0227_FBLL_0029/PHP02,8.413680076599121
2024,nch1,GEMS-0227_FBLL_0030/PHP02,8.413680076599121
2024,nch1,GEMS-0227_FBLL_0031/LH287,8.413680076599121
2024,nch1,GEMS-0227_FBLL_0031/PHP02,8.413680076599121
2024,nch1,GEMS-0227_FBLL_0032/PHP02,8.413680076599121
2024,nch1,GEMS-0227_FBLL_0033/LH287,8.413680076599121
2024,nch1,GEMS-0227_FBLL_0033/PHP02,8.413680076599121
2024,nch1,GEMS-0227_FBLL_0034/PHP02,8.413680076599121
2024,nch1,GEMS-0227_FBLL_0035/LH287,8.413680076599121
2024,nch1,GEMS-0227_FBLL_0035/PHP02,8.413680076599121
2024,nch1,GEMS-0227_FBLL_0036/LH287,8.413680076599121
2024,nch1,GEMS-0227_FBLL_0036/PHP02,8.413680076599121
2024,nch1,GEMS-0227_FBLL_0037/PHP02,8.413680076599121
2024,nch1,GEMS-0227_FBLL_0038/LH287,8.413680076599121
2024,nch1,GEMS-0227_FBLL_0038/PHP02,8.413680076599121
2024,nch1,GEMS-0227_FBLL_0039/LH287,8.413680076599121
2024,nch1,GEMS-0227_FBLL_0040/PHP02,8.413680076599121
2024,nch1,GEMS-0227_FBLL_0041/PHP02,8.413680076599121
2024,nch1,GEMS-0227_FBLL_0042/LH287,8.413680076599121
2024,nch1,GEMS-0227_FBLL_0042/PHP02,8.413680076599121
2024,nch1,GEMS-0227_FBLL_0043/LH287,8.413680076599121
2024,nch1,GEMS-0227_FBLL_0044/LH287,8.413680076599121
2024,nch1,GEMS-0227_FBLL_0044/PHP02,8.413680076599121
2024,nch1,GEMS-0227_FBLL_0045/LH287,8.413680076599121
2024,nch1,GEMS-0227_FBLL_0045/PHP02,8.413680076599121
2024,nch1,GEMS-0227_FBLL_0046/LH287,8.413680076599121
2024,nch1,GEMS-0227_FBLL_0047/LH287,8.413680076599121
2024,nch1,GEMS-0227_FBLL_0048/LH287,8.413680076599121
2024,nch1,GEMS-0227_FBLL_0048/PHP02,8.413680076599121
2024,nch1,GEMS-0227_FBLL_0049/LH287,8.413680076599121
2024,nch1,GEMS-0227_FBLL_0049/PHP02,8.413680076599121
2024,nch1,GEMS-0227_FBLL_0050/LH287,8.413680076599121
2024,nch1,GEMS-0227_FBLL_0051/PHP02,8.413680076599121
2024,nch1,GEMS-0227_FBLL_0052/LH287,8.413680076599121
2024,nch1,GEMS-0227_FBLL_0052/PHP02,8.413680076599121
2024,nch1,GEMS-0227_FBLL_0053/LH287,8.413680076599121
2024,nch1,GEMS-0227_FBLL_0054/LH287,8.413680076599121
2024,nch1,GEMS-0227_FBLL_0055/LH287,8.413680076599121
2024,nch1,GEMS-0227_FBLL_0055/PHP02,8.413680076599121
2024,nch1,GEMS-0227_FBLL_0057/LH287,8.413680076599121
2024,nch1,GEMS-0227_FBLL_0058/LH287,8.413680076599121
2024,nch1,GEMS-0227_FBLL_0058/PHP02,8.413680076599121
2024,nch1,GEMS-0227_FBLL_0059/LH287,8.413680076599121
2024,nch1,GEMS-0227_FBLL_0059/PHP02,8.413680076599121
2024,nch1,GEMS-0227_FBLL_0060/LH287,8.413680076599121
2024,nch1,GEMS-0227_FBLL_0060/PHP02,8.413680076599121
2024,nch1,GEMS-0227_FBLL_0064/LH287,8.413680076599121
2024,nch1,GEMS-0227_FBLL_0064/PHP02,8.413680076599121
2024,nch1,GEMS-0227_FBLL_0066/LH287,8.413680076599121
2024,nch1,GEMS-0227_FBLL_0066/PHP02,8.413680076599121
2024,nch1,GEMS-0227_FBLL_0067/LH287,8.413680076599121
2024,nch1,GEMS-0227_FBLL_0067/PHP02,8.413680076599121
2024,nch1,GEMS-0227_FBLL_0068/LH287,8.413680076599121
2024,nch1,GEMS-0227_FBLL_0068/PHP02,8.413680076599121
2024,nch1,GEMS-0227_FBLL_0069/LH287,8.413680076599121
2024,nch1,GEMS-0227_FBLL_0069/PHP02,8.413680076599121
2024,nch1,GEMS-0227_FBLL_0070/LH287,8.413680076599121
2024,nch1,GEMS-0227_FBLL_0070/PHP02,8.413680076599121
2024,nch1,GEMS-0227_FBLL_0071/LH287,8.413680076599121
2024,nch1,GEMS-0227_FBLL_0071/PHP02,8.413680076599121
2024,nch1,GEMS-0227_FBLL_0072/PHP02,8.413680076599121
2024,nch1,GEMS-0227_FBLL_0073/LH287,8.413680076599121
2024,nch1,GEMS-0227_FBLL_0073/PHP02,8.413680076599121
2024,nch1,GEMS-0227_FBLL_0075/LH287,8.413680076599121
2024,nch1,GEMS-0227_FBLL_0075/PHP02,8.413680076599121
2024,nch1,GEMS-0227_FBLL_0077/LH287,8.413680076599121
2024,nch1,GEMS-0227_FBLL_0077/PHP02,8.413680076599121
2024,nch1,GEMS-0227_FBLL_0078/LH287,8.413680076599121
2024,nch1,GEMS-0227_FBLL_0078/PHP02,8.413680076599121
2024,nch1,GEMS-0227_FBLL_0079/LH287,8.413680076599121
2024,nch1,GEMS-0227_FBLL_0079/PHP02,8.413680076599121
2024,nch1,GEMS-0227_FBLL_0080/LH287,8.413680076599121
2024,nch1,GEMS-0227_FBLL_0080/PHP02,8.413680076599121
2024,nch1,GEMS-0227_FBLL_0082/LH287,8.413680076599121
2024,nch1,GEMS-0227_FBLL_0082/PHP02,8.413680076599121
2024,nch1,GEMS-0227_FBLL_0084/LH287,8.413680076599121
2024,nch1,GEMS-0227_FBLL_0085/PHP02,8.413680076599121
2024,nch1,GEMS-0227_FBLL_0086/LH287,8.413680076599121
2024,nch1,GEMS-0227_FBLL_0086/PHP02,8.413680076599121
2024,nch1,GEMS-0227_FBLL_0087/LH287,8.413680076599121
2024,nch1,GEMS-0227_FBLL_0087/PHP02,8.413680076599121
2024,nch1,GEMS-0227_FBLL_0088/LH287,8.413680076599121
2024,nch1,GEMS-0227_FBLL_0089/LH287,8.413680076599121
2024,nch1,GEMS-0227_FBLL_0090/LH287,8.413680076599121
2024,nch1,GEMS-0227_FBLL_0090/PHP02,8.413680076599121
2024,nch1,GEMS-0227_FBLL_0093/LH287,8.413680076599121
2024,nch1,GEMS-0227_FBLL_0093/PHP02,8.413680076599121
2024,nch1,GEMS-0227_FBLL_0094/LH287,8.413680076599121
2024,nch1,GEMS-0227_FBLL_0094/PHP02,8.413680076599121
2024,nch1,GEMS-0227_FBLL_0095/LH287,8.413680076599121
2024,nch1,GEMS-0227_FBLL_0095/PHP02,8.413680076599121
2024,nch1,GEMS-0227_FBLL_0096/LH287,8.413680076599121
2024,nch1,GEMS-0227_FBLL_0096/PHP02,8.413680076599121
2024,nch1,GEMS-0227_FBLL_0097/PHP02,8.413680076599121
2024,nch1,GEMS-0227_FBLL_0098/LH287,8.413680076599121
2024,nch1,GEMS-0227_FBLL_0098/PHP02,8.413680076599121
2024,nch1,GEMS-0227_FBLL_0101/LH287,8.413680076599121
2024,nch1,GEMS-0227_FBLL_0102/LH287,8.413680076599121
2024,nch1,GEMS-0227_FBLL_0102/PHP02,8.413680076599121
2024,nch1,GEMS-0227_FBLL_0105/LH287,8.413680076599121
2024,nch1,GEMS-0227_FBLL_0105/PHP02,8.413680076599121
2024,nch1,GEMS-0227_FBLL_0106/LH287,8.413680076599121
2024,nch1,GEMS-0227_FBLL_0107/LH287,8.413680076599121
2024,nch1,GEMS-0227_FBLL_0107/PHP02,8.413680076599121
2024,nch1,GEMS-0227_FBLL_0110/LH287,8.413680076599121
2024,nch1,GEMS-0227_FBLL_0110/PHP02,8.413680076599121
2024,nch1,GEMS-0227_FBLL_0111/LH287,8.413680076599121
2024,nch1,GEMS-0227_FBLL_0111/PHP02,8.413680076599121
2024,nch1,GEMS-0227_FBLL_0113/LH287,8.413680076599121
2024,nch1,GEMS-0227_FBLL_0113/PHP02,8.413680076599121
2024,nch1,GEMS-0227_FBLL_0114/PHP02,8.413680076599121
2024,nch1,GEMS-0227_FBLL_0115/LH287,8.413680076599121
2024,nch1,GEMS-0227_FBLL_0115/PHP02,8.413680076599121
2024,nch1,GEMS-0227_FBLL_0116/LH287,8.413680076599121
2024,nch1,GEMS-0227_FBLL_0116/PHP02,8.413680076599121
2024,nch1,GEMS-0227_FBLL_0117/LH287,8.413680076599121
2024,nch1,GEMS-0227_FBLL_0117/PHP02,8.413680076599121
2024,nch1,GEMS-0227_FBLL_0118/LH287,8.413680076599121
2024,nch1,GEMS-0227_FBLL_0118/PHP02,8.413680076599121
2024,nch1,GEMS-0227_FBLL_0121/LH287,8.413680076599121
2024,nch1,GEMS-0227_FBLL_0124/LH287,8.413680076599121
2024,nch1,GEMS-0227_FBLL_0124/PHP02,8.413680076599121
2024,nch1,GEMS-0227_FBLL_0125/PHP02,8.413680076599121
2024,nch1,GEMS-0227_FBLL_0133/LH287,8.413680076599121
2024,nch1,GEMS-0227_FBLL_0133/PHP02,8.413680076599121
2024,nch1,GEMS-0227_FBLL_0134/LH287,8.413680076599121
2024,nch1,GEMS-0227_FBLL_0134/PHP02,8.413680076599121
2024,nch1,GEMS-0227_FBLL_0136/LH287,8.413680076599121
2024,nch1,GEMS-0227_FBLL_0140/PHP02,8.413680076599121
2024,nch1,GEMS-0227_PHB47_0001/LH287,8.413680076599121
2024,nch1,GEMS-0227_PHB47_0001/PHP02,8.413680076599121
2024,nch1,GEMS-0227_PHB47_0002/LH287,8.413680076599121
2024,nch1,GEMS-0227_PHB47_0002/PHP02,8.413680076599121
2024,nch1,GEMS-0227_PHB47_0003/LH287,8.413680076599121
2024,nch1,GEMS-0227_PHB47_0004/LH287,8.413680076599121
2024,nch1,GEMS-0227_PHB47_0004/PHP02,8.413680076599121
2024,nch1,GEMS-0227_PHB47_0006/LH287,8.413680076599121
2024,nch1,GEMS-0227_PHB47_0006/PHP02,8.413680076599121
2024,nch1,GEMS-0227_PHB47_0007/LH287,8.413680076599121
2024,nch1,GEMS-0227_PHB47_0007/PHP02,8.413680076599121
2024,nch1,GEMS-0227_PHB47_0009/LH287,8.413680076599121
2024,nch1,GEMS-0227_PHB47_0009/PHP02,8.413680076599121
2024,nch1,GEMS-0227_PHB47_0010/LH287,8.413680076599121
2024,nch1,GEMS-0227_PHB47_0011/LH287,8.413680076599121
2024,nch1,GEMS-0227_PHB47_0011/PHP02,8.413680076599121
2024,nch1,GEMS-0227_PHB47_0012/PHP02,8.413680076599121
2024,nch1,GEMS-0227_PHB47_0014/PHP02,8.413680076599121
2024,nch1,GEMS-0227_PHB47_0016/LH287,8.413680076599121
2024,nch1,GEMS-0227_PHB47_0016/PHP02,8.413680076599121
2024,nch1,GEMS-0227_PHB47_0022/LH287,8.413680076599121
2024,nch1,GEMS-0227_PHB47_0022/PHP02,8.413680076599121
2024,nch1,GEMS-0227_PHB47_0023/PHP02,8.413680076599121
2024,nch1,GEMS-0227_PHB47_0024/LH287,8.413680076599121
2024,nch1,GEMS-0227_PHB47_0024/PHP02,8.413680076599121
2024,nch1,GEMS-0227_PHB47_0025/LH287,8.413680076599121
2024,nch1,GEMS-0227_PHB47_0025/PHP02,8.413680076599121
2024,nch1,GEMS-0227_PHB47_0026/LH287,8.413680076599121
2024,nch1,GEMS-0227_PHB47_0026/PHP02,8.413680076599121
2024,nch1,GEMS-0227_PHBW8_0001/PHP02,8.413680076599121
2024,nch1,GEMS-0227_PHBW8_0003/PHP02,8.413680076599121
2024,nch1,GEMS-0227_PHBW8_0004/LH287,8.413680076599121
2024,nch1,GEMS-0227_PHBW8_0004/PHP02,8.413680076599121
2024,nch1,GEMS-0227_PHBW8_0005/LH287,8.413680076599121
2024,nch1,GEMS-0227_PHBW8_0006/LH287,8.413680076599121
2024,nch1,GEMS-0227_PHBW8_0006/PHP02,8.413680076599121
2024,nch1,GEMS-0227_PHBW8_0007/LH287,8.413680076599121
2024,nch1,GEMS-0227_PHBW8_0007/PHP02,8.413680076599121
2024,nch1,GEMS-0227_PHBW8_0009/PHP02,8.413680076599121
2024,nch1,GEMS-0227_PHBW8_0010/LH287,8.413680076599121
2024,nch1,GEMS-0227_PHBW8_0010/PHP02,8.413680076599121
2024,nch1,GEMS-0227_PHBW8_0011/LH287,8.413680076599121
2024,nch1,GEMS-0227_PHBW8_0012/LH287,8.413680076599121
2024,nch1,GEMS-0227_PHBW8_0012/PHP02,8.413680076599121
2024,nch1,GEMS-0227_PHBW8_0013/LH287,8.413680076599121
2024,nch1,GEMS-0227_PHBW8_0013/PHP02,8.413680076599121
2024,nch1,GEMS-0227_PHBW8_0015/LH287,8.413680076599121
2024,nch1,GEMS-0227_PHBW8_0015/PHP02,8.413680076599121
2024,nch1,GEMS-0227_PHBW8_0016/PHP02,8.413680076599121
2024,nch1,GEMS-0227_PHBW8_0018/LH287,8.413680076599121
2024,nch1,GEMS-0227_PHBW8_0018/PHP02,8.413680076599121
2024,nch1,GEMS-0227_PHBW8_0019/LH287,8.413680076599121
2024,nch1,GEMS-0227_PHBW8_0019/PHP02,8.413680076599121
2024,nch1,GEMS-0227_PHBW8_0020/LH287,8.413680076599121
2024,nch1,GEMS-0227_PHBW8_0020/PHP02,8.413680076599121
2024,nch1,GEMS-0227_PHBW8_0021/LH287,8.413680076599121
2024,nch1,GEMS-0227_PHBW8_0021/PHP02,8.413680076599121
2024,nch1,GEMS-0227_PHBW8_0022/LH287,8.413680076599121
2024,nch1,GEMS-0227_PHBW8_0022/PHP02,8.413680076599121
2024,nch1,GEMS-0227_PHBW8_0024/LH287,8.413680076599121
2024,nch1,GEMS-0227_PHBW8_0024/PHP02,8.413680076599121
2024,nch1,LH132/PHP02,8.378718376159668
2024,nch1,LH146HT/LH287,8.413680076599121
2024,nch1,LH146HT/PHP02,8.413680076599121
2024,nch1,LH192/LH287,8.413680076599121
2024,nch1,LH192/PHP02,8.413680076599121
2024,nch1,LH193/LH287,8.413680076599121
2024,nch1,LH193/PHP02,8.413680076599121
2024,nch1,LH194/LH287,8.413680076599121
2024,nch1,LH194/PHP02,8.413680076599121
2024,nch1,LH195/LH287,8.413680076599121
2024,nch1,LH195/PHP02,8.479474067687988
2024,nch1,LH195/PHZ51,8.466560363769531
2024,nch1,LH197/PHP02,8.413680076599121
2024,nch1,LH198/LH287,8.413680076599121
2024,nch1,LH198/PHP02,8.413680076599121
2024,nch1,LH200/LH287,8.413680076599121
2024,nch1,LH200/PHP02,8.413680076599121
2024,nch1,LH204/LH287,8.413680076599121
2024,nch1,LH204/PHP02,8.413680076599121
2024,nch1,LH220HT/LH287,8.413680076599121
2024,nch1,LH220HT/PHP02,8.413680076599121
2024,nch1,LH224/LH287,8.413680076599121
2024,nch1,LH224/PHP02,8.413680076599121
2024,nch1,LH225/LH287,8.413680076599121
2024,nch1,LH225/PHP02,8.413680076599121
2024,nch1,LH226HT/LH287,8.413680076599121
2024,nch1,LH226HT/PHP02,8.413680076599121
2024,nch1,LH228/LH287,8.413680076599121
2024,nch1,LH228/PHP02,8.413680076599121
2024,nch1,LH231/LH287,8.413680076599121
2024,nch1,LH231/PHP02,8.413680076599121
2024,nch1,LH234/LH287,8.413680076599121
2024,nch1,LH234/PHP02,8.413680076599121
2024,nch1,LH235/LH287,8.413680076599121
2024,nch1,LH235/PHP02,8.413680076599121
2024,nch1,LH237/LH287,8.413680076599121
2024,nch1,LH238/LH287,8.413680076599121
2024,nch1,LH238/PHP02,8.413680076599121
2024,nch1,LH244/PHK76,8.230143547058105
2024,nch1,LH244/PHP02,8.413680076599121
2024,nch1,LH264/LH287,8.413680076599121
2024,nch1,LH264/PHP02,8.413680076599121
2024,nch1,LH273/LH287,8.413680076599121
2024,nch1,LH286/LH287,8.413680076599121
2024,nch1,LH286/PHP02,8.413680076599121
2024,nch1,LH287/LH244,9.32548713684082
2024,nch1,LH292/LH287,8.413680076599121
2024,nch1,LH82/LH244,8.492693901062012
2024,nch1,MM501D/LH244,8.851008415222168
2024,nch1,PH05F/PHP02,8.413680076599121
2024,nch1,PH05G/LH287,8.413680076599121
2024,nch1,PH05G/PHP02,8.413680076599121
2024,nch1,PH05W/LH287,8.413680076599121
2024,nch1,PH05W/PHP02,8.413680076599121
2024,nch1,PH06N/LH287,8.413680076599121
2024,nch1,PH06N/PHP02,8.413680076599121
2024,nch1,PH07D/PHP02,8.413680076599121
2024,nch1,PH080/LH287,8.413680076599121
2024,nch1,PH080/PHP02,8.413680076599121
2024,nch1,PH08A/LH287,8.413680076599121
2024,nch1,PH08A/PHP02,8.413680076599121
2024,nch1,PH09B/LH287,8.413680076599121
2024,nch1,PH09B/PHP02,8.413680076599121
2024,nch1,PH09E/LH287,8.413680076599121
2024,nch1,PH09E/PHP02,8.413680076599121
2024,nch1,PH0B4/LH287,8.413680076599121
2024,nch1,PH0B4/PHP02,8.413680076599121
2024,nch1,PH0CD/LH287,8.413680076599121
2024,nch1,PH0CD/PHP02,8.413680076599121
2024,nch1,PH0GP/LH287,8.413680076599121
2024,nch1,PH0GP/PHP02,8.413680076599121
2024,nch1,PH12C/PHP02,8.413680076599121
2024,nch1,PH19V/LH287,8.413680076599121
2024,nch1,PH19V/PHP02,8.413680076599121
2024,nch1,PH1CA/LH287,8.413680076599121
2024,nch1,PH1CA/PHP02,8.413680076599121
2024,nch1,PH1GG/LH287,8.413680076599121
2024,nch1,PH1GG/PHP02,8.413680076599121
2024,nch1,PH1TB/LH287,8.413680076599121
2024,nch1,PH1TB/PHP02,8.413680076599121
2024,nch1,PH24E/LH244,8.974306106567383
2024,nch1,PH24M/LH287,8.413680076599121
2024,nch1,PH24M/PHP02,8.413680076599121
2024,nch1,PH32C/LH287,8.413680076599121
2024,nch1,PH37C/LH287,8.413680076599121
2024,nch1,PH37C/PHP02,8.413680076599121
2024,nch1,PH38D/LH287,8.413680076599121
2024,nch1,PH42B/LH287,8.413680076599121
2024,nch1,PH44A/LH287,8.413680076599121
2024,nch1,PH44A/PHP02,8.413680076599121
2024,nch1,PH55C/LH287,8.413680076599121
2024,nch1,PH63A/LH287,8.413680076599121
2024,nch1,PH63A/PHP02,8.413680076599121
2024,nch1,PH79A/LH287,8.413680076599121
2024,nch1,PHB47/PHN82,8.624510765075684
2024,nch1,PHB47/PHZ51,8.333422660827637
2024,nch1,PHBW8/LH287,8.413680076599121
2024,nch1,PHEW7/LH287,8.413680076599121
2024,nch1,PHEW7/PHP02,8.413680076599121
2024,nch1,PHG29/PHG47,7.95102071762085
2024,nch1,PHG39/PHN82,8.915081024169922
2024,nch1,PHHB9/LH287,8.413680076599121
2024,nch1,PHHB9/PHP02,8.413680076599121
2024,nch1,PHJ40/PHAJ0,4.841763973236084
2024,nch1,PHJ89/LH244,8.597491264343262
2024,nch1,PHJR5/PHP02,8.413680076599121
2024,nch1,PHK56/LH244,8.85496711730957
2024,nch1,PHKV0/LH287,8.413680076599121
2024,nch1,PHKV0/PHP02,8.413680076599121
2024,nch1,PHN41/LH287,8.413680076599121
2024,nch1,PHN41/PHP02,8.413680076599121
2024,nch1,PHN46/LH244,8.219614028930664
2024,nch1,PHN66/LH287,8.413680076599121
2024,nch1,PHN66/PHP02,8.413680076599121
2024,nch1,PHNJ2/LH287,8.413680076599121
2024,nch1,PHNJ2/PHP02,8.413680076599121
2024,nch1,PHP02/LH244,8.8382568359375
2024,nch1,PHP38/LH287,8.413680076599121
2024,nch1,PHP38/PHP02,8.413680076599121
2024,nch1,PHPR5/PHP02,8.413680076599121
2024,nch1,PHR03/LH244,9.051634788513184
2024,nch1,PHR61/LH287,8.413680076599121
2024,nch1,PHR61/PHP02,8.413680076599121
2024,nch1,PHRE1/PHTD5,6.020322799682617
2024,nch1,PHT10/LH287,8.413680076599121
2024,nch1,PHT10/PHP02,8.413680076599121
2024,nch1,PHT11/LH287,8.413680076599121
2024,nch1,PHT11/PHP02,8.413680076599121
2024,nch1,PHT47/LH287,8.413680076599121
2024,nch1,PHT47/PHP02,8.413680076599121
2024,nch1,PHTP9/LH287,8.413680076599121
2024,nch1,PHTP9/PHP02,8.413680076599121
2024,nch1,PHTV7/LH287,8.413680076599121
2024,nch1,PHV37/LH287,8.413680076599121
2024,nch1,PHVA9/LH287,8.413680076599121
2024,nch1,PHVJ5/LH287,8.413680076599121
2024,nch1,PHVJ5/PHP02,8.413680076599121
2024,nch1,PHW30/LH244,8.69642448425293
2024,nch1,PHW52/LH287,8.413680076599121
2024,nch1,PHW52/PHM49,8.511008262634277
2024,nch1,PHW52/PHP02,8.413680076599121
2024,nch1,TX777/LH195,8.890654563903809
2024,nch1,W10004_0018/LH287,8.413680076599121
2024,nch1,W10004_0031/LH287,8.413680076599121
2024,nch1,W10004_0031/PHP02,8.8382568359375
2024,nch1,W10004_0034/PHP02,8.686068534851074
2024,nch1,W10004_0055/LH287,8.413680076599121
2024,nch1,W10004_0055/PHP02,8.6469087600708
2024,nch1,W10004_0062/PHP02,8.38609504699707
2024,nch1,W10004_0095/LH287,8.413680076599121
2024,nch1,W10004_0095/PHP02,8.121272087097168
2024,nch1,W10004_0103/PHP02,8.68426513671875
2024,nch1,W10004_0122/LH287,8.413680076599121
2024,nch1,W10004_0122/PHP02,8.597491264343262
2024,nch1,W10004_0133/LH287,8.413680076599121
2024,nch1,W10004_0133/PHP02,8.686068534851074
2024,nch1,W10004_0138/LH287,8.413680076599121
2024,nch1,W10004_0138/PHP02,8.457723617553711
2024,nch1,W10004_0146/LH287,8.413680076599121
2024,nch1,W10004_0146/PHP02,8.600136756896973
2024,nch1,W10004_0160/LH287,8.413680076599121
2024,nch1,W10004_0160/PHP02,8.5732269287109375
2024,nch1,W10004_0167/PHP02,8.438279151916504
2024,nch1,W10004_0168/PHP02,8.569570541381836
2024,nch1,W10004_0189/LH287,8.413680076599121
2024,nch1,W10004_0189/PHP02,9.08238697052002
2024,nch1,W10004_0236/LH287,8.413680076599121
2024,nch1,W10004_0236/PHP02,8.62831974029541
2024,nch1,W10004_0238/LH287,8.413680076599121
2024,nch1,W10004_0238/PHP02,8.731241226196289
2024,nch1,W10004_0258/LH287,8.413680076599121
2024,nch1,W10004_0258/PHP02,8.85496711730957
2024,nch1,W10004_0270/PHP02,8.500739097595215
2024,nch1,W10004_0311/LH287,8.413680076599121
2024,nch1,W10004_0311/PHP02,8.709710121154785
2024,nch1,W10004_0346/LH287,8.413680076599121
2024,nch1,W10004_0346/PHP02,9.012687683105469
2024,nch1,W10004_0389/PHP02,8.456610679626465
2024,nch1,W10004_0403/LH287,8.413680076599121
2024,nch1,W10004_0409/LH287,8.413680076599121
2024,nch1,W10004_0409/PHP02,9.386272430419922
2024,nch1,W10004_0412/LH287,8.413680076599121
2024,nch1,W10004_0412/PHP02,8.490736961364746
2024,nch1,W10004_0476/LH287,8.413680076599121
2024,nch1,W10004_0476/PHP02,8.546550750732422
2024,nch1,W10004_0601/LH287,8.413680076599121
2024,nch1,W10004_0601/PHP02,8.58696174621582
2024,nch1,W10004_0608/LH287,8.413680076599121
2024,nch1,W10004_0608/PHP02,8.349554061889648
2024,nch1,W10004_0637/LH287,8.413680076599121
2024,nch1,W10004_0637/PHP02,8.68426513671875
2024,nch1,W10004_0658/LH287,8.413680076599121
2024,nch1,W10004_0688/PHP02,8.55716609954834
2024,nch1,W10004_0691/PHP02,8.120843887329102
2024,nch1,W10004_0714/PHP02,8.62831974029541
2024,nch1,W10004_0715/LH287,8.413680076599121
2024,nch1,W10004_0715/PHP02,8.490736961364746
2024,nch1,W10004_0747/LH287,8.413680076599121
2024,nch1,W10004_0754/PHP02,8.675856590270996
2024,nch1,W10004_0771/PHP02,8.779594421386719
2024,nch1,W10004_0776/PHP02,8.675856590270996
2024,nch1,W10004_0801/LH287,8.413680076599121
2024,nch1,W10004_0801/PHP02,9.09687328338623
2024,nch1,W10004_0822/PHP02,8.731241226196289
2024,nch1,W10004_0858/LH287,8.413680076599121
2024,nch1,W10004_0858/PHP02,8.492799758911133
2024,nch1,W10004_0859/LH287,8.413680076599121
2024,nch1,W10004_0859/PHP02,8.44717025756836
2024,nch1,W10004_0949/PHP02,9.32548713684082
2024,nch1,W10004_0969/LH287,8.413680076599121
2024,nch1,W10004_1014/LH287,8.413680076599121
2024,nch1,W10004_1014/PHP02,8.597491264343262
2024,nch1,W10004_1018/PHP02,8.44717025756836
2024,nch1,W10004_1032/PHP02,8.799574851989746
2024,nch1,W10004_1080/LH287,8.413680076599121
2024,nch1,W10004_1080/PHP02,9.201654434204102
2024,nch1,WQCD10/LH287,8.413680076599121
2024,nch1,ZS01459/PHP02,8.413680076599121
2024,nch1,ZS0510/LH287,8.413680076599121
2024,nch1,ZS0510/PHP02,8.413680076599121
2024,neh1,01CSI6/LH287,7.135625839233398
2024,neh1,01DIB2/LH287,7.135625839233398
2024,neh1,2369/LH123HT,7.899386882781982
2024,neh1,B14A/OH43,6.428114414215088
2024,neh1,B37/H95,6.360112190246582
2024,neh1,B73/MO17,8.100859642028809
2024,neh1,B73/PHN82,8.68078899383545
2024,neh1,CG119/CG108,4.101169109344482
2024,neh1,CG44/CGR01,5.766134262084961
2024,neh1,DK3IIH6/LH244,7.906177043914795
2024,neh1,GEMS-0061_3AZA1_0004/LH287,7.135625839233398
2024,neh1,GEMS-0061_3AZA1_0010/LH287,7.135625839233398
2024,neh1,GEMS-0061_3AZA1_0014/LH287,7.135625839233398
2024,neh1,GEMS-0061_3AZA1_0016/LH287,7.135625839233398
2024,neh1,GEMS-0061_3AZA1_0017/LH287,7.135625839233398
2024,neh1,GEMS-0061_FBLL_0002/LH287,7.135625839233398
2024,neh1,GEMS-0061_FBLL_0014/LH287,7.135625839233398
2024,neh1,GEMS-0061_FBLL_0015/LH287,7.135625839233398
2024,neh1,GEMS-0061_FBLL_0017/LH287,7.135625839233398
2024,neh1,GEMS-0061_FBLL_0019/LH287,7.135625839233398
2024,neh1,GEMS-0061_FBLL_0023/LH287,7.135625839233398
2024,neh1,GEMS-0061_FBLL_0026/LH287,7.135625839233398
2024,neh1,GEMS-0061_FBLL_0029/LH287,7.135625839233398
2024,neh1,GEMS-0061_FBLL_0032/LH287,7.135625839233398
2024,neh1,GEMS-0061_FBLL_0035/LH287,7.135625839233398
2024,neh1,GEMS-0061_FBLL_0037/LH287,7.135625839233398
2024,neh1,GEMS-0061_FBLL_0040/LH287,7.135625839233398
2024,neh1,GEMS-0061_FBLL_0042/LH287,7.135625839233398
2024,neh1,GEMS-0061_FBLL_0050/LH287,7.135625839233398
2024,neh1,GEMS-0061_PHB47_0003/LH287,7.135625839233398
2024,neh1,GEMS-0061_PHBW8_0002/LH287,7.135625839233398
2024,neh1,GEMS-0113_3AZA1_0005/LH287,7.135625839233398
2024,neh1,GEMS-0113_3AZA1_0011/LH287,7.135625839233398
2024,neh1,GEMS-0113_3AZA1_0013/LH287,7.135625839233398
2024,neh1,GEMS-0113_3AZA1_0014/LH287,7.135625839233398
2024,neh1,GEMS-0113_3AZA1_0015/LH287,7.135625839233398
2024,neh1,GEMS-0113_3AZA1_0019/LH287,7.135625839233398
2024,neh1,GEMS-0113_3AZA1_0024/LH287,7.135625839233398
2024,neh1,GEMS-0113_3AZA1_0025/LH287,7.135625839233398
2024,neh1,GEMS-0113_3AZA1_0028/LH287,7.135625839233398
2024,neh1,GEMS-0113_FBLL_0002/LH287,7.135625839233398
2024,neh1,GEMS-0113_FBLL_0004/LH287,7.135625839233398
2024,neh1,GEMS-0113_FBLL_0005/LH287,7.135625839233398
2024,neh1,GEMS-0113_FBLL_0008/LH287,7.135625839233398
2024,neh1,GEMS-0113_FBLL_0010/LH287,7.135625839233398
2024,neh1,GEMS-0113_FBLL_0013/LH287,7.135625839233398
2024,neh1,GEMS-0113_PHB47_0001/LH287,7.135625839233398
2024,neh1,GEMS-0113_PHB47_0003/LH287,7.135625839233398
2024,neh1,GEMS-0113_PHB47_0004/LH287,7.135625839233398
2024,neh1,GEMS-0113_PHB47_0005/LH287,7.135625839233398
2024,neh1,GEMS-0113_PHB47_0006/LH287,7.135625839233398
2024,neh1,GEMS-0113_PHB47_0012/LH287,7.135625839233398
2024,neh1,GEMS-0113_PHB47_0013/LH287,7.135625839233398
2024,neh1,GEMS-0113_PHB47_0015/LH287,7.135625839233398
2024,neh1,GEMS-0113_PHB47_0017/LH287,7.135625839233398
2024,neh1,GEMS-0113_PHBW8_0002/LH287,7.135625839233398
2024,neh1,GEMS-0113_PHBW8_0005/LH287,7.135625839233398
2024,neh1,GEMS-0113_PHBW8_0006/LH287,7.135625839233398
2024,neh1,GEMS-0113_PHBW8_0007/LH287,7.135625839233398
2024,neh1,GEMS-0113_PHBW8_0008/LH287,7.135625839233398
2024,neh1,GEMS-0113_PHBW8_0010/LH287,7.135625839233398
2024,neh1,GEMS-0113_PHBW8_0011/LH287,7.135625839233398
2024,neh1,GEMS-0113_PHBW8_0012/LH287,7.135625839233398
2024,neh1,GEMS-0219_3AZA1_0005/LH287,7.135625839233398
2024,neh1,GEMS-0219_3AZA1_0006/LH287,7.135625839233398
2024,neh1,GEMS-0219_3AZA1_0008/LH287,7.135625839233398
2024,neh1,GEMS-0219_3AZA1_0009/LH287,7.135625839233398
2024,neh1,GEMS-0219_3AZA1_0014/LH287,7.135625839233398
2024,neh1,GEMS-0219_FBLL_0004/LH287,7.135625839233398
2024,neh1,GEMS-0219_FBLL_0005/LH287,7.135625839233398
2024,neh1,GEMS-0219_FBLL_0007/LH287,7.135625839233398
2024,neh1,GEMS-0219_FBLL_0008/LH287,7.135625839233398
2024,neh1,GEMS-0219_FBLL_0010/LH287,7.135625839233398
2024,neh1,GEMS-0219_FBLL_0014/LH287,7.135625839233398
2024,neh1,GEMS-0219_FBLL_0018/LH287,7.135625839233398
2024,neh1,GEMS-0219_FBLL_0019/LH287,7.135625839233398
2024,neh1,GEMS-0219_FBLL_0020/LH287,7.135625839233398
2024,neh1,GEMS-0219_PHB47_0001/LH287,7.135625839233398
2024,neh1,GEMS-0219_PHB47_0002/LH287,7.135625839233398
2024,neh1,GEMS-0219_PHB47_0003/LH287,7.135625839233398
2024,neh1,GEMS-0219_PHB47_0004/LH287,7.135625839233398
2024,neh1,GEMS-0219_PHB47_0006/LH287,7.135625839233398
2024,neh1,GEMS-0219_PHBW8_0002/LH287,7.135625839233398
2024,neh1,GEMS-0219_PHBW8_0009/LH287,7.135625839233398
2024,neh1,GEMS-0219_PHBW8_0011/LH287,7.135625839233398
2024,neh1,GEMS-0227_3AZA1_0003/LH287,7.135625839233398
2024,neh1,GEMS-0227_3AZA1_0004/LH287,7.135625839233398
2024,neh1,GEMS-0227_3AZA1_0005/LH287,7.135625839233398
2024,neh1,GEMS-0227_3AZA1_0011/LH287,7.135625839233398
2024,neh1,GEMS-0227_3AZA1_0014/LH287,7.135625839233398
2024,neh1,GEMS-0227_3AZA1_0019/LH287,7.135625839233398
2024,neh1,GEMS-0227_3AZA1_0023/LH287,7.135625839233398
2024,neh1,GEMS-0227_3AZA1_0025/LH287,7.135625839233398
2024,neh1,GEMS-0227_3AZA1_0030/LH287,7.135625839233398
2024,neh1,GEMS-0227_3AZA1_0036/LH287,7.135625839233398
2024,neh1,GEMS-0227_3AZA1_0041/LH287,7.135625839233398
2024,neh1,GEMS-0227_3AZA1_0045/LH287,7.135625839233398
2024,neh1,GEMS-0227_FBLL_0002/LH287,7.135625839233398
2024,neh1,GEMS-0227_FBLL_0004/LH287,7.135625839233398
2024,neh1,GEMS-0227_FBLL_0007/LH287,7.135625839233398
2024,neh1,GEMS-0227_FBLL_0009/LH287,7.135625839233398
2024,neh1,GEMS-0227_FBLL_0013/LH287,7.135625839233398
2024,neh1,GEMS-0227_FBLL_0014/LH287,7.135625839233398
2024,neh1,GEMS-0227_FBLL_0015/LH287,7.135625839233398
2024,neh1,GEMS-0227_FBLL_0019/LH287,7.135625839233398
2024,neh1,GEMS-0227_FBLL_0020/LH287,7.135625839233398
2024,neh1,GEMS-0227_FBLL_0023/LH287,7.135625839233398
2024,neh1,GEMS-0227_FBLL_0024/LH287,7.135625839233398
2024,neh1,GEMS-0227_FBLL_0027/LH287,7.135625839233398
2024,neh1,GEMS-0227_FBLL_0030/LH287,7.135625839233398
2024,neh1,GEMS-0227_FBLL_0031/LH287,7.135625839233398
2024,neh1,GEMS-0227_FBLL_0032/LH287,7.135625839233398
2024,neh1,GEMS-0227_FBLL_0034/LH287,7.135625839233398
2024,neh1,GEMS-0227_FBLL_0035/LH287,7.135625839233398
2024,neh1,GEMS-0227_FBLL_0036/LH287,7.135625839233398
2024,neh1,GEMS-0227_FBLL_0043/LH287,7.135625839233398
2024,neh1,GEMS-0227_FBLL_0044/LH287,7.135625839233398
2024,neh1,GEMS-0227_FBLL_0047/LH287,7.135625839233398
2024,neh1,GEMS-0227_FBLL_0048/LH287,7.135625839233398
2024,neh1,GEMS-0227_FBLL_0049/LH287,7.135625839233398
2024,neh1,GEMS-0227_FBLL_0052/LH287,7.135625839233398
2024,neh1,GEMS-0227_FBLL_0054/LH287,7.135625839233398
2024,neh1,GEMS-0227_FBLL_0055/LH287,7.135625839233398
2024,neh1,GEMS-0227_FBLL_0059/LH287,7.135625839233398
2024,neh1,GEMS-0227_FBLL_0063/LH287,7.135625839233398
2024,neh1,GEMS-0227_FBLL_0064/LH287,7.135625839233398
2024,neh1,GEMS-0227_FBLL_0069/LH287,7.135625839233398
2024,neh1,GEMS-0227_FBLL_0072/LH287,7.135625839233398
2024,neh1,GEMS-0227_FBLL_0073/LH287,7.135625839233398
2024,neh1,GEMS-0227_FBLL_0075/LH287,7.135625839233398
2024,neh1,GEMS-0227_FBLL_0077/LH287,7.135625839233398
2024,neh1,GEMS-0227_FBLL_0078/LH287,7.135625839233398
2024,neh1,GEMS-0227_FBLL_0085/LH287,7.135625839233398
2024,neh1,GEMS-0227_FBLL_0090/LH287,7.135625839233398
2024,neh1,GEMS-0227_FBLL_0101/LH287,7.135625839233398
2024,neh1,GEMS-0227_FBLL_0104/LH287,7.135625839233398
2024,neh1,GEMS-0227_FBLL_0106/LH287,7.135625839233398
2024,neh1,GEMS-0227_FBLL_0110/LH287,7.135625839233398
2024,neh1,GEMS-0227_FBLL_0111/LH287,7.135625839233398
2024,neh1,GEMS-0227_FBLL_0114/LH287,7.135625839233398
2024,neh1,GEMS-0227_FBLL_0116/LH287,7.135625839233398
2024,neh1,GEMS-0227_FBLL_0118/LH287,7.135625839233398
2024,neh1,GEMS-0227_FBLL_0121/LH287,7.135625839233398
2024,neh1,GEMS-0227_FBLL_0127/LH287,7.135625839233398
2024,neh1,GEMS-0227_FBLL_0134/LH287,7.135625839233398
2024,neh1,GEMS-0227_FBLL_0140/LH287,7.135625839233398
2024,neh1,GEMS-0227_FBLL_0141/LH287,7.135625839233398
2024,neh1,GEMS-0227_PHB47_0003/LH287,7.135625839233398
2024,neh1,GEMS-0227_PHB47_0007/LH287,7.135625839233398
2024,neh1,GEMS-0227_PHB47_0010/LH287,7.135625839233398
2024,neh1,GEMS-0227_PHB47_0012/LH287,7.135625839233398
2024,neh1,GEMS-0227_PHB47_0022/LH287,7.135625839233398
2024,neh1,GEMS-0227_PHB47_0026/LH287,7.135625839233398
2024,neh1,GEMS-0227_PHBW8_0001/LH287,7.135625839233398
2024,neh1,GEMS-0227_PHBW8_0003/LH287,7.135625839233398
2024,neh1,GEMS-0227_PHBW8_0004/LH287,7.135625839233398
2024,neh1,GEMS-0227_PHBW8_0006/LH287,7.135625839233398
2024,neh1,GEMS-0227_PHBW8_0007/LH287,7.135625839233398
2024,neh1,GEMS-0227_PHBW8_0009/LH287,7.135625839233398
2024,neh1,GEMS-0227_PHBW8_0010/LH287,7.135625839233398
2024,neh1,GEMS-0227_PHBW8_0012/LH287,7.135625839233398
2024,neh1,GEMS-0227_PHBW8_0015/LH287,7.135625839233398
2024,neh1,GEMS-0227_PHBW8_0017/LH287,7.135625839233398
2024,neh1,GEMS-0227_PHBW8_0019/LH287,7.135625839233398
2024,neh1,GEMS-0227_PHBW8_0024/LH287,7.135625839233398
2024,neh1,LH146HT/LH287,7.135625839233398
2024,neh1,LH192/LH287,7.135625839233398
2024,neh1,LH193/LH287,7.135625839233398
2024,neh1,LH194/LH287,7.135625839233398
2024,neh1,LH195/LH287,7.135625839233398
2024,neh1,LH195/PHZ51,6.657633304595947
2024,neh1,LH198/LH287,7.135625839233398
2024,neh1,LH224/LH287,7.135625839233398
2024,neh1,LH225/LH287,7.135625839233398
2024,neh1,LH236/LH287,7.135625839233398
2024,neh1,LH244/PHK76,7.0809125900268555
2024,neh1,LH264/LH287,7.135625839233398
2024,neh1,LH286/LH287,7.135625839233398
2024,neh1,LH287/LH244,8.315040588378906
2024,neh1,LH292/LH287,7.135625839233398
2024,neh1,LH82/LH244,7.27901029586792
2024,neh1,MM501D/LH244,7.923038482666016
2024,neh1,NKH8431/LH287,7.135625839233398
2024,neh1,PH05F/LH287,7.135625839233398
2024,neh1,PH05G/LH287,7.135625839233398
2024,neh1,PH09E/LH287,7.135625839233398
2024,neh1,PH0B4/LH287,7.135625839233398
2024,neh1,PH0CD/LH287,7.135625839233398
2024,neh1,PH0GP/LH287,7.135625839233398
2024,neh1,PH1CA/LH287,7.135625839233398
2024,neh1,PH1GG/LH287,7.135625839233398
2024,neh1,PH24E/LH244,8.30207347869873
2024,neh1,PH32C/LH287,7.135625839233398
2024,neh1,PH42B/LH287,7.135625839233398
2024,neh1,PH44A/LH287,7.135625839233398
2024,neh1,PH63A/LH287,7.135625839233398
2024,neh1,PHB47/LH287,7.135625839233398
2024,neh1,PHB47/PHN82,7.757562160491943
2024,neh1,PHB47/PHZ51,6.756828784942627
2024,neh1,PHDG1/LH287,7.135625839233398
2024,neh1,PHG29/PHG47,6.080352783203125
2024,neh1,PHG39/PHN82,7.835461616516113
2024,neh1,PHJ40/PHAJ0,4.101169109344482
2024,neh1,PHJ89/LH244,7.749044895172119
2024,neh1,PHK56/LH244,7.888052463531494
2024,neh1,PHN41/LH287,7.135625839233398
2024,neh1,PHN46/LH244,6.573792934417725
2024,neh1,PHP02/LH244,8.085225105285645
2024,neh1,PHPR5/LH287,7.135625839233398
2024,neh1,PHR03/LH244,8.51067066192627
2024,neh1,PHRE1/PHTD5,4.831601142883301
2024,neh1,PHT11/LH287,7.135625839233398
2024,neh1,PHTP9/LH287,7.135625839233398
2024,neh1,PHTV7/LH287,7.135625839233398
2024,neh1,PHV37/LH287,7.135625839233398
2024,neh1,PHW30/LH244,8.07878303527832
2024,neh1,PHW52/PHM49,7.497832298278809
2024,neh1,W10004_0055/LH287,7.135625839233398
2024,neh1,W10004_0095/LH287,7.135625839233398
2024,neh1,W10004_0103/LH287,7.135625839233398
2024,neh1,W10004_0122/LH287,7.135625839233398
2024,neh1,W10004_0133/LH287,7.135625839233398
2024,neh1,W10004_0138/LH287,7.135625839233398
2024,neh1,W10004_0167/LH287,7.135625839233398
2024,neh1,W10004_0236/LH287,7.135625839233398
2024,neh1,W10004_0238/LH287,7.135625839233398
2024,neh1,W10004_0346/LH287,7.135625839233398
2024,neh1,W10004_0389/LH287,7.135625839233398
2024,neh1,W10004_0409/LH287,7.135625839233398
2024,neh1,W10004_0608/LH287,7.135625839233398
2024,neh1,W10004_0691/LH287,7.135625839233398
2024,neh1,W10004_0715/LH287,7.135625839233398
2024,neh1,W10004_0771/LH287,7.135625839233398
2024,neh1,W10004_0776/LH287,7.135625839233398
2024,neh1,W10004_0858/LH287,7.135625839233398
2024,neh1,W10004_0969/LH287,7.135625839233398
2024,neh1,W10004_1080/LH287,7.135625839233398
2024,neh1,ZS01459/LH287,7.135625839233398
2024,neh1,ZS0510/LH287,7.135625839233398
2024,neh2,01CSI6/LH287,8.755906105041504
2024,neh2,01DIB2/LH287,8.755906105041504
2024,neh2,2369/LH123HT,9.784459114074707
2024,neh2,2FACC/LH287,8.755906105041504
2024,neh2,6F629/LH287,8.755906105041504
2024,neh2,B14A/OH43,8.645276069641113
2024,neh2,B37/H95,8.428315162658691
2024,neh2,B73/MO17,9.389564514160156
2024,neh2,B73/PHN82,9.9225492477417
2024,neh2,CG119/CG108,4.897824764251709
2024,neh2,CG44/CGR01,7.974365234375
2024,neh2,DK3IIH6/LH244,9.463500022888184
2024,neh2,FBLA/LH287,8.755906105041504
2024,neh2,GEMS-0061_3AZA1_0002/LH287,8.755906105041504
2024,neh2,GEMS-0061_3AZA1_0003/LH287,8.755906105041504
2024,neh2,GEMS-0061_3AZA1_0007/LH287,8.755906105041504
2024,neh2,GEMS-0061_3AZA1_0009/LH287,8.755906105041504
2024,neh2,GEMS-0061_3AZA1_0010/LH287,8.755906105041504
2024,neh2,GEMS-0061_3AZA1_0011/LH287,8.755906105041504
2024,neh2,GEMS-0061_3AZA1_0012/LH287,8.755906105041504
2024,neh2,GEMS-0061_3AZA1_0013/LH287,8.755906105041504
2024,neh2,GEMS-0061_3AZA1_0016/LH287,8.755906105041504
2024,neh2,GEMS-0061_FBLL_0005/LH287,8.755906105041504
2024,neh2,GEMS-0061_FBLL_0007/LH287,8.755906105041504
2024,neh2,GEMS-0061_FBLL_0008/LH287,8.755906105041504
2024,neh2,GEMS-0061_FBLL_0010/LH287,8.755906105041504
2024,neh2,GEMS-0061_FBLL_0011/LH287,8.755906105041504
2024,neh2,GEMS-0061_FBLL_0018/LH287,8.755906105041504
2024,neh2,GEMS-0061_FBLL_0021/LH287,8.755906105041504
2024,neh2,GEMS-0061_FBLL_0022/LH287,8.755906105041504
2024,neh2,GEMS-0061_FBLL_0025/LH287,8.755906105041504
2024,neh2,GEMS-0061_FBLL_0031/LH287,8.755906105041504
2024,neh2,GEMS-0061_FBLL_0033/LH287,8.755906105041504
2024,neh2,GEMS-0061_FBLL_0034/LH287,8.755906105041504
2024,neh2,GEMS-0061_FBLL_0039/LH287,8.755906105041504
2024,neh2,GEMS-0061_PHB47_0004/LH287,8.755906105041504
2024,neh2,GEMS-0061_PHBW8_0002/LH287,8.755906105041504
2024,neh2,GEMS-0113_3AZA1_0003/LH287,8.755906105041504
2024,neh2,GEMS-0113_3AZA1_0006/LH287,8.755906105041504
2024,neh2,GEMS-0113_3AZA1_0008/LH287,8.755906105041504
2024,neh2,GEMS-0113_3AZA1_0016/LH287,8.755906105041504
2024,neh2,GEMS-0113_3AZA1_0017/LH287,8.755906105041504
2024,neh2,GEMS-0113_3AZA1_0018/LH287,8.755906105041504
2024,neh2,GEMS-0113_3AZA1_0019/LH287,8.755906105041504
2024,neh2,GEMS-0113_3AZA1_0021/LH287,8.755906105041504
2024,neh2,GEMS-0113_3AZA1_0022/LH287,8.755906105041504
2024,neh2,GEMS-0113_3AZA1_0024/LH287,8.755906105041504
2024,neh2,GEMS-0113_3AZA1_0026/LH287,8.755906105041504
2024,neh2,GEMS-0113_3AZA1_0027/LH287,8.755906105041504
2024,neh2,GEMS-0113_3AZA1_0029/LH287,8.755906105041504
2024,neh2,GEMS-0113_FBLL_0005/LH287,8.755906105041504
2024,neh2,GEMS-0113_FBLL_0006/LH287,8.755906105041504
2024,neh2,GEMS-0113_FBLL_0011/LH287,8.755906105041504
2024,neh2,GEMS-0113_FBLL_0015/LH287,8.755906105041504
2024,neh2,GEMS-0113_PHB47_0002/LH287,8.755906105041504
2024,neh2,GEMS-0113_PHB47_0004/LH287,8.755906105041504
2024,neh2,GEMS-0113_PHB47_0007/LH287,8.755906105041504
2024,neh2,GEMS-0113_PHB47_0008/LH287,8.755906105041504
2024,neh2,GEMS-0113_PHB47_0009/LH287,8.755906105041504
2024,neh2,GEMS-0113_PHB47_0013/LH287,8.755906105041504
2024,neh2,GEMS-0113_PHB47_0014/LH287,8.755906105041504
2024,neh2,GEMS-0113_PHB47_0020/LH287,8.755906105041504
2024,neh2,GEMS-0113_PHB47_0021/LH287,8.755906105041504
2024,neh2,GEMS-0113_PHBW8_0001/LH287,8.755906105041504
2024,neh2,GEMS-0113_PHBW8_0006/LH287,8.755906105041504
2024,neh2,GEMS-0113_PHBW8_0009/LH287,8.755906105041504
2024,neh2,GEMS-0113_PHBW8_0010/LH287,8.755906105041504
2024,neh2,GEMS-0113_PHBW8_0013/LH287,8.755906105041504
2024,neh2,GEMS-0113_PHBW8_0014/LH287,8.755906105041504
2024,neh2,GEMS-0113_PHBW8_0017/LH287,8.755906105041504
2024,neh2,GEMS-0219_3AZA1_0002/LH287,8.755906105041504
2024,neh2,GEMS-0219_3AZA1_0003/LH287,8.755906105041504
2024,neh2,GEMS-0219_3AZA1_0004/LH287,8.755906105041504
2024,neh2,GEMS-0219_3AZA1_0010/LH287,8.755906105041504
2024,neh2,GEMS-0219_3AZA1_0012/LH287,8.755906105041504
2024,neh2,GEMS-0219_FBLL_0003/LH287,8.755906105041504
2024,neh2,GEMS-0219_FBLL_0004/LH287,8.755906105041504
2024,neh2,GEMS-0219_FBLL_0005/LH287,8.755906105041504
2024,neh2,GEMS-0219_FBLL_0007/LH287,8.755906105041504
2024,neh2,GEMS-0219_FBLL_0009/LH287,8.755906105041504
2024,neh2,GEMS-0219_FBLL_0012/LH287,8.755906105041504
2024,neh2,GEMS-0219_FBLL_0013/LH287,8.755906105041504
2024,neh2,GEMS-0219_FBLL_0015/LH287,8.755906105041504
2024,neh2,GEMS-0219_FBLL_0017/LH287,8.755906105041504
2024,neh2,GEMS-0219_FBLL_0021/LH287,8.755906105041504
2024,neh2,GEMS-0219_FBLL_0022/LH287,8.755906105041504
2024,neh2,GEMS-0219_FBLL_0023/LH287,8.755906105041504
2024,neh2,GEMS-0219_FBLL_0027/LH287,8.755906105041504
2024,neh2,GEMS-0219_FBLL_0028/LH287,8.755906105041504
2024,neh2,GEMS-0219_PHB47_0004/LH287,8.755906105041504
2024,neh2,GEMS-0219_PHB47_0005/LH287,8.755906105041504
2024,neh2,GEMS-0219_PHBW8_0002/LH287,8.755906105041504
2024,neh2,GEMS-0219_PHBW8_0003/LH287,8.755906105041504
2024,neh2,GEMS-0219_PHBW8_0004/LH287,8.755906105041504
2024,neh2,GEMS-0219_PHBW8_0006/LH287,8.755906105041504
2024,neh2,GEMS-0219_PHBW8_0008/LH287,8.755906105041504
2024,neh2,GEMS-0219_PHBW8_0009/LH287,8.755906105041504
2024,neh2,GEMS-0227_3AZA1_0001/LH287,8.755906105041504
2024,neh2,GEMS-0227_3AZA1_0002/LH287,8.755906105041504
2024,neh2,GEMS-0227_3AZA1_0005/LH287,8.755906105041504
2024,neh2,GEMS-0227_3AZA1_0007/LH287,8.755906105041504
2024,neh2,GEMS-0227_3AZA1_0017/LH287,8.755906105041504
2024,neh2,GEMS-0227_3AZA1_0018/LH287,8.755906105041504
2024,neh2,GEMS-0227_3AZA1_0021/LH287,8.755906105041504
2024,neh2,GEMS-0227_3AZA1_0022/LH287,8.755906105041504
2024,neh2,GEMS-0227_3AZA1_0023/LH287,8.755906105041504
2024,neh2,GEMS-0227_3AZA1_0024/LH287,8.755906105041504
2024,neh2,GEMS-0227_3AZA1_0029/LH287,8.755906105041504
2024,neh2,GEMS-0227_3AZA1_0030/LH287,8.755906105041504
2024,neh2,GEMS-0227_3AZA1_0031/LH287,8.755906105041504
2024,neh2,GEMS-0227_3AZA1_0046/LH287,8.755906105041504
2024,neh2,GEMS-0227_FBLL_0001/LH287,8.755906105041504
2024,neh2,GEMS-0227_FBLL_0005/LH287,8.755906105041504
2024,neh2,GEMS-0227_FBLL_0008/LH287,8.755906105041504
2024,neh2,GEMS-0227_FBLL_0010/LH287,8.755906105041504
2024,neh2,GEMS-0227_FBLL_0012/LH287,8.755906105041504
2024,neh2,GEMS-0227_FBLL_0016/LH287,8.755906105041504
2024,neh2,GEMS-0227_FBLL_0018/LH287,8.755906105041504
2024,neh2,GEMS-0227_FBLL_0021/LH287,8.755906105041504
2024,neh2,GEMS-0227_FBLL_0026/LH287,8.755906105041504
2024,neh2,GEMS-0227_FBLL_0030/LH287,8.755906105041504
2024,neh2,GEMS-0227_FBLL_0032/LH287,8.755906105041504
2024,neh2,GEMS-0227_FBLL_0039/LH287,8.755906105041504
2024,neh2,GEMS-0227_FBLL_0040/LH287,8.755906105041504
2024,neh2,GEMS-0227_FBLL_0042/LH287,8.755906105041504
2024,neh2,GEMS-0227_FBLL_0045/LH287,8.755906105041504
2024,neh2,GEMS-0227_FBLL_0046/LH287,8.755906105041504
2024,neh2,GEMS-0227_FBLL_0053/LH287,8.755906105041504
2024,neh2,GEMS-0227_FBLL_0054/LH287,8.755906105041504
2024,neh2,GEMS-0227_FBLL_0055/LH287,8.755906105041504
2024,neh2,GEMS-0227_FBLL_0056/LH287,8.755906105041504
2024,neh2,GEMS-0227_FBLL_0057/LH287,8.755906105041504
2024,neh2,GEMS-0227_FBLL_0059/LH287,8.755906105041504
2024,neh2,GEMS-0227_FBLL_0060/LH287,8.755906105041504
2024,neh2,GEMS-0227_FBLL_0062/LH287,8.755906105041504
2024,neh2,GEMS-0227_FBLL_0063/LH287,8.755906105041504
2024,neh2,GEMS-0227_FBLL_0066/LH287,8.755906105041504
2024,neh2,GEMS-0227_FBLL_0071/LH287,8.755906105041504
2024,neh2,GEMS-0227_FBLL_0074/LH287,8.755906105041504
2024,neh2,GEMS-0227_FBLL_0075/LH287,8.755906105041504
2024,neh2,GEMS-0227_FBLL_0082/LH287,8.755906105041504
2024,neh2,GEMS-0227_FBLL_0084/LH287,8.755906105041504
2024,neh2,GEMS-0227_FBLL_0086/LH287,8.755906105041504
2024,neh2,GEMS-0227_FBLL_0088/LH287,8.755906105041504
2024,neh2,GEMS-0227_FBLL_0094/LH287,8.755906105041504
2024,neh2,GEMS-0227_FBLL_0097/LH287,8.755906105041504
2024,neh2,GEMS-0227_FBLL_0102/LH287,8.755906105041504
2024,neh2,GEMS-0227_FBLL_0107/LH287,8.755906105041504
2024,neh2,GEMS-0227_FBLL_0110/LH287,8.755906105041504
2024,neh2,GEMS-0227_FBLL_0114/LH287,8.755906105041504
2024,neh2,GEMS-0227_FBLL_0115/LH287,8.755906105041504
2024,neh2,GEMS-0227_FBLL_0117/LH287,8.755906105041504
2024,neh2,GEMS-0227_FBLL_0127/LH287,8.755906105041504
2024,neh2,GEMS-0227_FBLL_0133/LH287,8.755906105041504
2024,neh2,GEMS-0227_PHB47_0001/LH287,8.755906105041504
2024,neh2,GEMS-0227_PHB47_0006/LH287,8.755906105041504
2024,neh2,GEMS-0227_PHB47_0009/LH287,8.755906105041504
2024,neh2,GEMS-0227_PHB47_0014/LH287,8.755906105041504
2024,neh2,GEMS-0227_PHB47_0016/LH287,8.755906105041504
2024,neh2,GEMS-0227_PHB47_0024/LH287,8.755906105041504
2024,neh2,GEMS-0227_PHB47_0025/LH287,8.755906105041504
2024,neh2,GEMS-0227_PHBW8_0005/LH287,8.755906105041504
2024,neh2,GEMS-0227_PHBW8_0011/LH287,8.755906105041504
2024,neh2,GEMS-0227_PHBW8_0012/LH287,8.755906105041504
2024,neh2,GEMS-0227_PHBW8_0015/LH287,8.755906105041504
2024,neh2,GEMS-0227_PHBW8_0016/LH287,8.755906105041504
2024,neh2,LH132/LH287,8.755906105041504
2024,neh2,LH192/LH287,8.755906105041504
2024,neh2,LH195/LH287,8.755906105041504
2024,neh2,LH195/PHZ51,8.674479484558105
2024,neh2,LH198/LH287,8.755906105041504
2024,neh2,LH200/LH287,8.755906105041504
2024,neh2,LH204/LH287,8.755906105041504
2024,neh2,LH220HT/LH287,8.755906105041504
2024,neh2,LH226HT/LH287,8.755906105041504
2024,neh2,LH231/LH287,8.755906105041504
2024,neh2,LH234/LH287,8.755906105041504
2024,neh2,LH235/LH287,8.755906105041504
2024,neh2,LH238/LH287,8.755906105041504
2024,neh2,LH244/PHK76,8.826986312866211
2024,neh2,LH273/LH287,8.755906105041504
2024,neh2,LH287/LH244,10.092877388000488
2024,neh2,LH82/LH244,8.708263397216797
2024,neh2,MM501D/LH244,9.467236518859863
2024,neh2,PH05W/LH287,8.755906105041504
2024,neh2,PH09B/LH287,8.755906105041504
2024,neh2,PH12C/LH287,8.755906105041504
2024,neh2,PH1CA/LH287,8.755906105041504
2024,neh2,PH1GC/LH287,8.755906105041504
2024,neh2,PH1TB/LH287,8.755906105041504
2024,neh2,PH24E/LH244,9.808570861816406
2024,neh2,PH24M/LH287,8.755906105041504
2024,neh2,PH44A/LH287,8.755906105041504
2024,neh2,PH55C/LH287,8.755906105041504
2024,neh2,PHB47/PHN82,9.250349998474121
2024,neh2,PHB47/PHZ51,8.611117362976074
2024,neh2,PHBW8/LH287,8.755906105041504
2024,neh2,PHG29/PHG47,8.101222038269043
2024,neh2,PHG39/PHN82,9.417779922485352
2024,neh2,PHHB9/LH287,8.755906105041504
2024,neh2,PHJ40/PHAJ0,4.897824764251709
2024,neh2,PHJ89/LH244,9.295321464538574
2024,neh2,PHJR5/LH287,8.755906105041504
2024,neh2,PHK56/LH244,9.629148483276367
2024,neh2,PHKV0/LH287,8.755906105041504
2024,neh2,PHN46/LH244,8.713839530944824
2024,neh2,PHN66/LH287,8.755906105041504
2024,neh2,PHNJ2/LH287,8.755906105041504
2024,neh2,PHP02/LH244,9.661211013793945
2024,neh2,PHP38/LH287,8.755906105041504
2024,neh2,PHR03/LH244,9.906181335449219
2024,neh2,PHR61/LH287,8.755906105041504
2024,neh2,PHRE1/PHTD5,5.9700798988342285
2024,neh2,PHT47/LH287,8.755906105041504
2024,neh2,PHW30/LH244,9.507307052612305
2024,neh2,PHW52/LH287,8.755906105041504
2024,neh2,PHW52/PHM49,9.32901382446289
2024,neh2,W10004_0031/LH287,8.755906105041504
2024,neh2,W10004_0055/LH287,8.755906105041504
2024,neh2,W10004_0062/LH287,8.755906105041504
2024,neh2,W10004_0160/LH287,8.755906105041504
2024,neh2,W10004_0168/LH287,8.755906105041504
2024,neh2,W10004_0189/LH287,8.755906105041504
2024,neh2,W10004_0236/LH287,8.755906105041504
2024,neh2,W10004_0238/LH287,8.755906105041504
2024,neh2,W10004_0258/LH287,8.755906105041504
2024,neh2,W10004_0311/LH287,8.755906105041504
2024,neh2,W10004_0403/LH287,8.755906105041504
2024,neh2,W10004_0601/LH287,8.755906105041504
2024,neh2,W10004_0608/LH287,8.755906105041504
2024,neh2,W10004_0637/LH287,8.755906105041504
2024,neh2,W10004_0688/LH287,8.755906105041504
2024,neh2,W10004_0691/LH287,8.755906105041504
2024,neh2,W10004_0754/LH287,8.755906105041504
2024,neh2,W10004_0859/LH287,8.755906105041504
2024,neh2,W10004_1080/LH287,8.755906105041504
2024,neh2,WQCD10/LH287,8.755906105041504
2024,neh2,ZS0510/LH287,8.755906105041504
2024,neh3,01CSI6/LH287,9.10444450378418
2024,neh3,01DIB2/LH287,9.10444450378418
2024,neh3,2369/LH123HT,10.552111625671387
2024,neh3,B14A/OH43,9.022823333740234
2024,neh3,B37/H95,8.727952003479004
2024,neh3,B73/MO17,10.382514953613281
2024,neh3,B73/PHN82,11.113387107849121
2024,neh3,CG119/CG108,5.28008508682251
2024,neh3,CG44/CGR01,8.044453620910645
2024,neh3,DK3IIH6/LH244,10.337322235107422
2024,neh3,DKFBHJ/LH287,9.10444450378418
2024,neh3,FBLL/LH287,9.10444450378418
2024,neh3,GEMS-0061_3AZA1_0001/LH287,9.10444450378418
2024,neh3,GEMS-0061_3AZA1_0005/LH287,9.10444450378418
2024,neh3,GEMS-0061_3AZA1_0006/LH287,9.10444450378418
2024,neh3,GEMS-0061_3AZA1_0011/LH287,9.10444450378418
2024,neh3,GEMS-0061_3AZA1_0013/LH287,9.10444450378418
2024,neh3,GEMS-0061_3AZA1_0015/LH287,9.10444450378418
2024,neh3,GEMS-0061_3AZA1_0017/LH287,9.10444450378418
2024,neh3,GEMS-0061_3AZA1_0021/LH287,9.10444450378418
2024,neh3,GEMS-0061_3AZA1_0023/LH287,9.10444450378418
2024,neh3,GEMS-0061_FBLL_0004/LH287,9.10444450378418
2024,neh3,GEMS-0061_FBLL_0009/LH287,9.10444450378418
2024,neh3,GEMS-0061_FBLL_0010/LH287,9.10444450378418
2024,neh3,GEMS-0061_FBLL_0015/LH287,9.10444450378418
2024,neh3,GEMS-0061_FBLL_0016/LH287,9.10444450378418
2024,neh3,GEMS-0061_FBLL_0019/LH287,9.10444450378418
2024,neh3,GEMS-0061_FBLL_0022/LH287,9.10444450378418
2024,neh3,GEMS-0061_FBLL_0024/LH287,9.10444450378418
2024,neh3,GEMS-0061_FBLL_0026/LH287,9.10444450378418
2024,neh3,GEMS-0061_FBLL_0029/LH287,9.10444450378418
2024,neh3,GEMS-0061_FBLL_0033/LH287,9.10444450378418
2024,neh3,GEMS-0061_FBLL_0034/LH287,9.10444450378418
2024,neh3,GEMS-0061_FBLL_0035/LH287,9.10444450378418
2024,neh3,GEMS-0061_FBLL_0038/LH287,9.10444450378418
2024,neh3,GEMS-0061_FBLL_0042/LH287,9.10444450378418
2024,neh3,GEMS-0061_FBLL_0044/LH287,9.10444450378418
2024,neh3,GEMS-0061_FBLL_0047/LH287,9.10444450378418
2024,neh3,GEMS-0061_PHB47_0001/LH287,9.10444450378418
2024,neh3,GEMS-0061_PHB47_0003/LH287,9.10444450378418
2024,neh3,GEMS-0061_PHBW8_0001/LH287,9.10444450378418
2024,neh3,GEMS-0113_3AZA1_0001/LH287,9.10444450378418
2024,neh3,GEMS-0113_3AZA1_0002/LH287,9.10444450378418
2024,neh3,GEMS-0113_3AZA1_0004/LH287,9.10444450378418
2024,neh3,GEMS-0113_3AZA1_0005/LH287,9.10444450378418
2024,neh3,GEMS-0113_3AZA1_0007/LH287,9.10444450378418
2024,neh3,GEMS-0113_3AZA1_0010/LH287,9.10444450378418
2024,neh3,GEMS-0113_3AZA1_0013/LH287,9.10444450378418
2024,neh3,GEMS-0113_3AZA1_0014/LH287,9.10444450378418
2024,neh3,GEMS-0113_3AZA1_0016/LH287,9.10444450378418
2024,neh3,GEMS-0113_3AZA1_0018/LH287,9.10444450378418
2024,neh3,GEMS-0113_3AZA1_0023/LH287,9.10444450378418
2024,neh3,GEMS-0113_3AZA1_0031/LH287,9.10444450378418
2024,neh3,GEMS-0113_3AZA1_0038/LH287,9.10444450378418
2024,neh3,GEMS-0113_FBLL_0003/LH287,9.10444450378418
2024,neh3,GEMS-0113_FBLL_0007/LH287,9.10444450378418
2024,neh3,GEMS-0113_FBLL_0015/LH287,9.10444450378418
2024,neh3,GEMS-0113_PHB47_0006/LH287,9.10444450378418
2024,neh3,GEMS-0113_PHB47_0011/LH287,9.10444450378418
2024,neh3,GEMS-0113_PHB47_0019/LH287,9.10444450378418
2024,neh3,GEMS-0113_PHBW8_0002/LH287,9.10444450378418
2024,neh3,GEMS-0113_PHBW8_0004/LH287,9.10444450378418
2024,neh3,GEMS-0113_PHBW8_0005/LH287,9.10444450378418
2024,neh3,GEMS-0113_PHBW8_0008/LH287,9.10444450378418
2024,neh3,GEMS-0113_PHBW8_0014/LH287,9.10444450378418
2024,neh3,GEMS-0219_3AZA1_0001/LH287,9.10444450378418
2024,neh3,GEMS-0219_3AZA1_0007/LH287,9.10444450378418
2024,neh3,GEMS-0219_3AZA1_0009/LH287,9.10444450378418
2024,neh3,GEMS-0219_FBLL_0002/LH287,9.10444450378418
2024,neh3,GEMS-0219_FBLL_0006/LH287,9.10444450378418
2024,neh3,GEMS-0219_FBLL_0011/LH287,9.10444450378418
2024,neh3,GEMS-0219_FBLL_0013/LH287,9.10444450378418
2024,neh3,GEMS-0219_FBLL_0025/LH287,9.10444450378418
2024,neh3,GEMS-0219_FBLL_0030/LH287,9.10444450378418
2024,neh3,GEMS-0219_PHB47_0005/LH287,9.10444450378418
2024,neh3,GEMS-0219_PHB47_0011/LH287,9.10444450378418
2024,neh3,GEMS-0219_PHB47_0014/LH287,9.10444450378418
2024,neh3,GEMS-0219_PHB47_0017/LH287,9.10444450378418
2024,neh3,GEMS-0219_PHBW8_0001/LH287,9.10444450378418
2024,neh3,GEMS-0227_3AZA1_0003/LH287,9.10444450378418
2024,neh3,GEMS-0227_3AZA1_0006/LH287,9.10444450378418
2024,neh3,GEMS-0227_3AZA1_0007/LH287,9.10444450378418
2024,neh3,GEMS-0227_3AZA1_0008/LH287,9.10444450378418
2024,neh3,GEMS-0227_3AZA1_0009/LH287,9.10444450378418
2024,neh3,GEMS-0227_3AZA1_0010/LH287,9.10444450378418
2024,neh3,GEMS-0227_3AZA1_0011/LH287,9.10444450378418
2024,neh3,GEMS-0227_3AZA1_0012/LH287,9.10444450378418
2024,neh3,GEMS-0227_3AZA1_0013/LH287,9.10444450378418
2024,neh3,GEMS-0227_3AZA1_0015/LH287,9.10444450378418
2024,neh3,GEMS-0227_3AZA1_0016/LH287,9.10444450378418
2024,neh3,GEMS-0227_3AZA1_0022/LH287,9.10444450378418
2024,neh3,GEMS-0227_3AZA1_0028/LH287,9.10444450378418
2024,neh3,GEMS-0227_3AZA1_0031/LH287,9.10444450378418
2024,neh3,GEMS-0227_3AZA1_0032/LH287,9.10444450378418
2024,neh3,GEMS-0227_3AZA1_0034/LH287,9.10444450378418
2024,neh3,GEMS-0227_3AZA1_0035/LH287,9.10444450378418
2024,neh3,GEMS-0227_3AZA1_0040/LH287,9.10444450378418
2024,neh3,GEMS-0227_3AZA1_0043/LH287,9.10444450378418
2024,neh3,GEMS-0227_3AZA1_0048/LH287,9.10444450378418
2024,neh3,GEMS-0227_3AZA1_0049/LH287,9.10444450378418
2024,neh3,GEMS-0227_FBLL_0001/LH287,9.10444450378418
2024,neh3,GEMS-0227_FBLL_0003/LH287,9.10444450378418
2024,neh3,GEMS-0227_FBLL_0009/LH287,9.10444450378418
2024,neh3,GEMS-0227_FBLL_0016/LH287,9.10444450378418
2024,neh3,GEMS-0227_FBLL_0017/LH287,9.10444450378418
2024,neh3,GEMS-0227_FBLL_0021/LH287,9.10444450378418
2024,neh3,GEMS-0227_FBLL_0022/LH287,9.10444450378418
2024,neh3,GEMS-0227_FBLL_0024/LH287,9.10444450378418
2024,neh3,GEMS-0227_FBLL_0025/LH287,9.10444450378418
2024,neh3,GEMS-0227_FBLL_0026/LH287,9.10444450378418
2024,neh3,GEMS-0227_FBLL_0028/LH287,9.10444450378418
2024,neh3,GEMS-0227_FBLL_0029/LH287,9.10444450378418
2024,neh3,GEMS-0227_FBLL_0033/LH287,9.10444450378418
2024,neh3,GEMS-0227_FBLL_0036/LH287,9.10444450378418
2024,neh3,GEMS-0227_FBLL_0037/LH287,9.10444450378418
2024,neh3,GEMS-0227_FBLL_0038/LH287,9.10444450378418
2024,neh3,GEMS-0227_FBLL_0041/LH287,9.10444450378418
2024,neh3,GEMS-0227_FBLL_0044/LH287,9.10444450378418
2024,neh3,GEMS-0227_FBLL_0049/LH287,9.10444450378418
2024,neh3,GEMS-0227_FBLL_0050/LH287,9.10444450378418
2024,neh3,GEMS-0227_FBLL_0051/LH287,9.10444450378418
2024,neh3,GEMS-0227_FBLL_0052/LH287,9.10444450378418
2024,neh3,GEMS-0227_FBLL_0053/LH287,9.10444450378418
2024,neh3,GEMS-0227_FBLL_0056/LH287,9.10444450378418
2024,neh3,GEMS-0227_FBLL_0058/LH287,9.10444450378418
2024,neh3,GEMS-0227_FBLL_0062/LH287,9.10444450378418
2024,neh3,GEMS-0227_FBLL_0066/LH287,9.10444450378418
2024,neh3,GEMS-0227_FBLL_0067/LH287,9.10444450378418
2024,neh3,GEMS-0227_FBLL_0068/LH287,9.10444450378418
2024,neh3,GEMS-0227_FBLL_0070/LH287,9.10444450378418
2024,neh3,GEMS-0227_FBLL_0071/LH287,9.10444450378418
2024,neh3,GEMS-0227_FBLL_0072/LH287,9.10444450378418
2024,neh3,GEMS-0227_FBLL_0079/LH287,9.10444450378418
2024,neh3,GEMS-0227_FBLL_0080/LH287,9.10444450378418
2024,neh3,GEMS-0227_FBLL_0084/LH287,9.10444450378418
2024,neh3,GEMS-0227_FBLL_0086/LH287,9.10444450378418
2024,neh3,GEMS-0227_FBLL_0087/LH287,9.10444450378418
2024,neh3,GEMS-0227_FBLL_0088/LH287,9.10444450378418
2024,neh3,GEMS-0227_FBLL_0089/LH287,9.10444450378418
2024,neh3,GEMS-0227_FBLL_0093/LH287,9.10444450378418
2024,neh3,GEMS-0227_FBLL_0094/LH287,9.10444450378418
2024,neh3,GEMS-0227_FBLL_0095/LH287,9.10444450378418
2024,neh3,GEMS-0227_FBLL_0096/LH287,9.10444450378418
2024,neh3,GEMS-0227_FBLL_0098/LH287,9.10444450378418
2024,neh3,GEMS-0227_FBLL_0105/LH287,9.10444450378418
2024,neh3,GEMS-0227_FBLL_0106/LH287,9.10444450378418
2024,neh3,GEMS-0227_FBLL_0113/LH287,9.10444450378418
2024,neh3,GEMS-0227_FBLL_0124/LH287,9.10444450378418
2024,neh3,GEMS-0227_FBLL_0125/LH287,9.10444450378418
2024,neh3,GEMS-0227_FBLL_0134/LH287,9.10444450378418
2024,neh3,GEMS-0227_FBLL_0136/LH287,9.10444450378418
2024,neh3,GEMS-0227_PHB47_0002/LH287,9.10444450378418
2024,neh3,GEMS-0227_PHB47_0004/LH287,9.10444450378418
2024,neh3,GEMS-0227_PHB47_0010/LH287,9.10444450378418
2024,neh3,GEMS-0227_PHB47_0011/LH287,9.10444450378418
2024,neh3,GEMS-0227_PHB47_0012/LH287,9.10444450378418
2024,neh3,GEMS-0227_PHB47_0014/LH287,9.10444450378418
2024,neh3,GEMS-0227_PHB47_0016/LH287,9.10444450378418
2024,neh3,GEMS-0227_PHB47_0022/LH287,9.10444450378418
2024,neh3,GEMS-0227_PHB47_0026/LH287,9.10444450378418
2024,neh3,GEMS-0227_PHBW8_0002/LH287,9.10444450378418
2024,neh3,GEMS-0227_PHBW8_0013/LH287,9.10444450378418
2024,neh3,GEMS-0227_PHBW8_0018/LH287,9.10444450378418
2024,neh3,GEMS-0227_PHBW8_0020/LH287,9.10444450378418
2024,neh3,GEMS-0227_PHBW8_0021/LH287,9.10444450378418
2024,neh3,GEMS-0227_PHBW8_0022/LH287,9.10444450378418
2024,neh3,LH195/LH287,9.10444450378418
2024,neh3,LH195/PHZ51,9.008355140686035
2024,neh3,LH197/LH287,9.10444450378418
2024,neh3,LH198/LH287,9.10444450378418
2024,neh3,LH228/LH287,9.10444450378418
2024,neh3,LH236/LH287,9.10444450378418
2024,neh3,LH237/LH287,9.10444450378418
2024,neh3,LH244/PHK76,9.009176254272461
2024,neh3,LH287/LH244,11.023818016052246
2024,neh3,LH82/LH244,9.019585609436035
2024,neh3,MM501D/LH244,10.349553108215332
2024,neh3,PH05W/LH287,9.10444450378418
2024,neh3,PH06N/LH287,9.10444450378418
2024,neh3,PH07D/LH287,9.10444450378418
2024,neh3,PH080/LH287,9.10444450378418
2024,neh3,PH08A/LH287,9.10444450378418
2024,neh3,PH0GP/LH287,9.10444450378418
2024,neh3,PH12C/LH287,9.10444450378418
2024,neh3,PH19V/LH287,9.10444450378418
2024,neh3,PH1CA/LH287,9.10444450378418
2024,neh3,PH1TB/LH287,9.10444450378418
2024,neh3,PH1W2/LH287,9.10444450378418
2024,neh3,PH24E/LH244,10.637616157531738
2024,neh3,PH24M/LH287,9.10444450378418
2024,neh3,PH32C/LH287,9.10444450378418
2024,neh3,PH37C/LH287,9.10444450378418
2024,neh3,PH38D/LH287,9.10444450378418
2024,neh3,PH44A/LH287,9.10444450378418
2024,neh3,PH63A/LH287,9.10444450378418
2024,neh3,PH79A/LH287,9.10444450378418
2024,neh3,PHB47/LH287,9.10444450378418
2024,neh3,PHB47/PHN82,9.770251274108887
2024,neh3,PHB47/PHZ51,9.007767677307129
2024,neh3,PHEW7/LH287,9.10444450378418
2024,neh3,PHG29/PHG47,8.337587356567383
2024,neh3,PHG39/PHN82,9.963396072387695
2024,neh3,PHJ40/PHAJ0,5.28008508682251
2024,neh3,PHJ89/LH244,10.116968154907227
2024,neh3,PHK56/LH244,10.396841049194336
2024,neh3,PHN46/LH244,9.081192970275879
2024,neh3,PHP02/LH244,10.403013229370117
2024,neh3,PHP38/LH287,9.10444450378418
2024,neh3,PHR03/LH244,10.846187591552734
2024,neh3,PHR61/LH287,9.10444450378418
2024,neh3,PHRE1/PHTD5,6.515586853027344
2024,neh3,PHT10/LH287,9.10444450378418
2024,neh3,PHT11/LH287,9.10444450378418
2024,neh3,PHVA9/LH287,9.10444450378418
2024,neh3,PHVJ5/LH287,9.10444450378418
2024,neh3,PHW30/LH244,10.34234619140625
2024,neh3,PHW52/PHM49,9.64365005493164
2024,neh3,W10004_0018/LH287,9.10444450378418
2024,neh3,W10004_0034/LH287,9.10444450378418
2024,neh3,W10004_0146/LH287,9.10444450378418
2024,neh3,W10004_0270/LH287,9.10444450378418
2024,neh3,W10004_0403/LH287,9.10444450378418
2024,neh3,W10004_0409/LH287,9.10444450378418
2024,neh3,W10004_0412/LH287,9.10444450378418
2024,neh3,W10004_0476/LH287,9.10444450378418
2024,neh3,W10004_0658/LH287,9.10444450378418
2024,neh3,W10004_0714/LH287,9.10444450378418
2024,neh3,W10004_0747/LH287,9.10444450378418
2024,neh3,W10004_0754/LH287,9.10444450378418
2024,neh3,W10004_0801/LH287,9.10444450378418
2024,neh3,W10004_0822/LH287,9.10444450378418
2024,neh3,W10004_0858/LH287,9.10444450378418
2024,neh3,W10004_0866/LH287,9.10444450378418
2024,neh3,W10004_0949/LH287,9.10444450378418
2024,neh3,W10004_1014/LH287,9.10444450378418
2024,neh3,W10004_1018/LH287,9.10444450378418
2024,neh3,W10004_1032/LH287,9.10444450378418
2024,neh3,ZS01459/LH287,9.10444450378418
2024,nyh2,2369/LH123HT,12.38608169555664
2024,nyh2,6F629/PHP02,11.14666748046875
2024,nyh2,B14A/OH43,10.738842964172363
2024,nyh2,B37/H95,10.177749633789062
2024,nyh2,B73/MO17,12.186670303344727
2024,nyh2,B73/PHN82,11.89474868774414
2024,nyh2,B73/TX779,8.154374122619629
2024,nyh2,CG119/CG108,6.982385635375977
2024,nyh2,CG44/CGR01,9.447762489318848
2024,nyh2,DK3IIH6/LH244,12.3335599899292
2024,nyh2,FBLA/PHP02,11.14666748046875
2024,nyh2,FBLL/PHP02,11.14666748046875
2024,nyh2,GEMS-0061_3AZA1_0006/PHP02,11.14666748046875
2024,nyh2,GEMS-0061_3AZA1_0007/PHP02,11.14666748046875
2024,nyh2,GEMS-0061_3AZA1_0010/PHP02,11.14666748046875
2024,nyh2,GEMS-0061_3AZA1_0011/PHP02,11.14666748046875
2024,nyh2,GEMS-0061_3AZA1_0014/PHP02,11.14666748046875
2024,nyh2,GEMS-0061_3AZA1_0015/PHP02,11.14666748046875
2024,nyh2,GEMS-0061_3AZA1_0017/PHP02,11.14666748046875
2024,nyh2,GEMS-0061_FBLL_0002/PHP02,11.14666748046875
2024,nyh2,GEMS-0061_FBLL_0004/PHP02,11.14666748046875
2024,nyh2,GEMS-0061_FBLL_0007/PHP02,11.14666748046875
2024,nyh2,GEMS-0061_FBLL_0008/PHP02,11.14666748046875
2024,nyh2,GEMS-0061_FBLL_0009/PHP02,11.14666748046875
2024,nyh2,GEMS-0061_FBLL_0010/PHP02,11.14666748046875
2024,nyh2,GEMS-0061_FBLL_0011/PHP02,11.14666748046875
2024,nyh2,GEMS-0061_FBLL_0017/PHP02,11.14666748046875
2024,nyh2,GEMS-0061_FBLL_0019/PHP02,11.14666748046875
2024,nyh2,GEMS-0061_FBLL_0022/PHP02,11.14666748046875
2024,nyh2,GEMS-0061_FBLL_0024/PHP02,11.14666748046875
2024,nyh2,GEMS-0061_FBLL_0026/PHP02,11.14666748046875
2024,nyh2,GEMS-0061_FBLL_0029/PHP02,11.14666748046875
2024,nyh2,GEMS-0061_FBLL_0034/PHP02,11.14666748046875
2024,nyh2,GEMS-0061_FBLL_0035/PHP02,11.14666748046875
2024,nyh2,GEMS-0061_FBLL_0037/PHP02,11.14666748046875
2024,nyh2,GEMS-0061_FBLL_0038/PHP02,11.14666748046875
2024,nyh2,GEMS-0061_FBLL_0040/PHP02,11.14666748046875
2024,nyh2,GEMS-0061_FBLL_0044/PHP02,11.14666748046875
2024,nyh2,GEMS-0061_FBLL_0047/PHP02,11.14666748046875
2024,nyh2,GEMS-0061_FBLL_0050/PHP02,11.14666748046875
2024,nyh2,GEMS-0061_PHB47_0001/PHP02,11.14666748046875
2024,nyh2,GEMS-0061_PHB47_0003/PHP02,11.14666748046875
2024,nyh2,GEMS-0061_PHBW8_0001/PHP02,11.14666748046875
2024,nyh2,GEMS-0113_3AZA1_0002/PHP02,11.14666748046875
2024,nyh2,GEMS-0113_3AZA1_0003/PHP02,11.14666748046875
2024,nyh2,GEMS-0113_3AZA1_0004/PHP02,11.14666748046875
2024,nyh2,GEMS-0113_3AZA1_0005/PHP02,11.14666748046875
2024,nyh2,GEMS-0113_3AZA1_0008/PHP02,11.14666748046875
2024,nyh2,GEMS-0113_3AZA1_0010/PHP02,11.14666748046875
2024,nyh2,GEMS-0113_3AZA1_0011/PHP02,11.14666748046875
2024,nyh2,GEMS-0113_3AZA1_0013/PHP02,11.14666748046875
2024,nyh2,GEMS-0113_3AZA1_0015/PHP02,11.14666748046875
2024,nyh2,GEMS-0113_3AZA1_0016/PHP02,11.14666748046875
2024,nyh2,GEMS-0113_3AZA1_0017/PHP02,11.14666748046875
2024,nyh2,GEMS-0113_3AZA1_0019/PHP02,11.14666748046875
2024,nyh2,GEMS-0113_3AZA1_0021/PHP02,11.14666748046875
2024,nyh2,GEMS-0113_3AZA1_0022/PHP02,11.14666748046875
2024,nyh2,GEMS-0113_3AZA1_0024/PHP02,11.14666748046875
2024,nyh2,GEMS-0113_3AZA1_0028/PHP02,11.14666748046875
2024,nyh2,GEMS-0113_FBLL_0002/PHP02,11.14666748046875
2024,nyh2,GEMS-0113_FBLL_0004/PHP02,11.14666748046875
2024,nyh2,GEMS-0113_FBLL_0006/PHP02,11.14666748046875
2024,nyh2,GEMS-0113_FBLL_0007/PHP02,11.14666748046875
2024,nyh2,GEMS-0113_FBLL_0010/PHP02,11.14666748046875
2024,nyh2,GEMS-0113_FBLL_0011/PHP02,11.14666748046875
2024,nyh2,GEMS-0113_FBLL_0013/PHP02,11.14666748046875
2024,nyh2,GEMS-0113_FBLL_0015/PHP02,11.14666748046875
2024,nyh2,GEMS-0113_PHB47_0001/PHP02,11.14666748046875
2024,nyh2,GEMS-0113_PHB47_0004/PHP02,11.14666748046875
2024,nyh2,GEMS-0113_PHB47_0008/PHP02,11.14666748046875
2024,nyh2,GEMS-0113_PHB47_0009/PHP02,11.14666748046875
2024,nyh2,GEMS-0113_PHB47_0011/PHP02,11.14666748046875
2024,nyh2,GEMS-0113_PHB47_0014/PHP02,11.14666748046875
2024,nyh2,GEMS-0113_PHB47_0019/PHP02,11.14666748046875
2024,nyh2,GEMS-0113_PHB47_0021/PHP02,11.14666748046875
2024,nyh2,GEMS-0113_PHBW8_0001/PHP02,11.14666748046875
2024,nyh2,GEMS-0113_PHBW8_0005/PHP02,11.14666748046875
2024,nyh2,GEMS-0113_PHBW8_0007/PHP02,11.14666748046875
2024,nyh2,GEMS-0113_PHBW8_0009/PHP02,11.14666748046875
2024,nyh2,GEMS-0113_PHBW8_0010/PHP02,11.14666748046875
2024,nyh2,GEMS-0113_PHBW8_0011/PHP02,11.14666748046875
2024,nyh2,GEMS-0113_PHBW8_0013/PHP02,11.14666748046875
2024,nyh2,GEMS-0113_PHBW8_0014/PHP02,11.14666748046875
2024,nyh2,GEMS-0113_PHBW8_0017/PHP02,11.14666748046875
2024,nyh2,GEMS-0219_3AZA1_0001/PHP02,11.14666748046875
2024,nyh2,GEMS-0219_3AZA1_0002/PHP02,11.14666748046875
2024,nyh2,GEMS-0219_3AZA1_0005/PHP02,11.14666748046875
2024,nyh2,GEMS-0219_3AZA1_0006/PHP02,11.14666748046875
2024,nyh2,GEMS-0219_3AZA1_0012/PHP02,11.14666748046875
2024,nyh2,GEMS-0219_3AZA1_0014/PHP02,11.14666748046875
2024,nyh2,GEMS-0219_FBLL_0008/PHP02,11.14666748046875
2024,nyh2,GEMS-0219_FBLL_0009/PHP02,11.14666748046875
2024,nyh2,GEMS-0219_FBLL_0010/PHP02,11.14666748046875
2024,nyh2,GEMS-0219_FBLL_0011/PHP02,11.14666748046875
2024,nyh2,GEMS-0219_FBLL_0012/PHP02,11.14666748046875
2024,nyh2,GEMS-0219_FBLL_0014/PHP02,11.14666748046875
2024,nyh2,GEMS-0219_FBLL_0015/PHP02,11.14666748046875
2024,nyh2,GEMS-0219_FBLL_0018/PHP02,11.14666748046875
2024,nyh2,GEMS-0219_FBLL_0019/PHP02,11.14666748046875
2024,nyh2,GEMS-0219_FBLL_0022/PHP02,11.14666748046875
2024,nyh2,GEMS-0219_FBLL_0023/PHP02,11.14666748046875
2024,nyh2,GEMS-0219_FBLL_0025/PHP02,11.14666748046875
2024,nyh2,GEMS-0219_FBLL_0028/PHP02,11.14666748046875
2024,nyh2,GEMS-0219_FBLL_0030/PHP02,11.14666748046875
2024,nyh2,GEMS-0219_PHB47_0001/PHP02,11.14666748046875
2024,nyh2,GEMS-0219_PHB47_0002/PHP02,11.14666748046875
2024,nyh2,GEMS-0219_PHB47_0003/PHP02,11.14666748046875
2024,nyh2,GEMS-0219_PHB47_0005/PHP02,11.14666748046875
2024,nyh2,GEMS-0219_PHB47_0006/PHP02,11.14666748046875
2024,nyh2,GEMS-0219_PHB47_0014/PHP02,11.14666748046875
2024,nyh2,GEMS-0219_PHBW8_0001/PHP02,11.14666748046875
2024,nyh2,GEMS-0219_PHBW8_0003/PHP02,11.14666748046875
2024,nyh2,GEMS-0219_PHBW8_0004/PHP02,11.14666748046875
2024,nyh2,GEMS-0219_PHBW8_0008/PHP02,11.14666748046875
2024,nyh2,GEMS-0219_PHBW8_0009/PHP02,11.14666748046875
2024,nyh2,GEMS-0219_PHBW8_0011/PHP02,11.14666748046875
2024,nyh2,GEMS-0227_3AZA1_0001/PHP02,11.14666748046875
2024,nyh2,GEMS-0227_3AZA1_0002/PHP02,11.14666748046875
2024,nyh2,GEMS-0227_3AZA1_0003/PHP02,11.14666748046875
2024,nyh2,GEMS-0227_3AZA1_0004/PHP02,11.14666748046875
2024,nyh2,GEMS-0227_3AZA1_0005/PHP02,11.14666748046875
2024,nyh2,GEMS-0227_3AZA1_0007/PHP02,11.14666748046875
2024,nyh2,GEMS-0227_3AZA1_0009/PHP02,11.14666748046875
2024,nyh2,GEMS-0227_3AZA1_0010/PHP02,11.14666748046875
2024,nyh2,GEMS-0227_3AZA1_0012/PHP02,11.14666748046875
2024,nyh2,GEMS-0227_3AZA1_0013/PHP02,11.14666748046875
2024,nyh2,GEMS-0227_3AZA1_0014/PHP02,11.14666748046875
2024,nyh2,GEMS-0227_3AZA1_0015/PHP02,11.14666748046875
2024,nyh2,GEMS-0227_3AZA1_0016/PHP02,11.14666748046875
2024,nyh2,GEMS-0227_3AZA1_0017/PHP02,11.14666748046875
2024,nyh2,GEMS-0227_3AZA1_0019/PHP02,11.14666748046875
2024,nyh2,GEMS-0227_3AZA1_0022/PHP02,11.14666748046875
2024,nyh2,GEMS-0227_3AZA1_0023/PHP02,11.14666748046875
2024,nyh2,GEMS-0227_3AZA1_0024/PHP02,11.14666748046875
2024,nyh2,GEMS-0227_3AZA1_0028/PHP02,11.14666748046875
2024,nyh2,GEMS-0227_3AZA1_0030/PHP02,11.14666748046875
2024,nyh2,GEMS-0227_3AZA1_0031/PHP02,11.14666748046875
2024,nyh2,GEMS-0227_3AZA1_0032/PHP02,11.14666748046875
2024,nyh2,GEMS-0227_3AZA1_0034/PHP02,11.14666748046875
2024,nyh2,GEMS-0227_3AZA1_0035/PHP02,11.14666748046875
2024,nyh2,GEMS-0227_3AZA1_0041/PHP02,11.14666748046875
2024,nyh2,GEMS-0227_3AZA1_0043/PHP02,11.14666748046875
2024,nyh2,GEMS-0227_3AZA1_0045/PHP02,11.14666748046875
2024,nyh2,GEMS-0227_3AZA1_0046/PHP02,11.14666748046875
2024,nyh2,GEMS-0227_3AZA1_0048/PHP02,11.14666748046875
2024,nyh2,GEMS-0227_3AZA1_0049/PHP02,11.14666748046875
2024,nyh2,GEMS-0227_FBLL_0001/PHP02,11.14666748046875
2024,nyh2,GEMS-0227_FBLL_0002/PHP02,11.14666748046875
2024,nyh2,GEMS-0227_FBLL_0003/PHP02,11.14666748046875
2024,nyh2,GEMS-0227_FBLL_0007/PHP02,11.14666748046875
2024,nyh2,GEMS-0227_FBLL_0008/PHP02,11.14666748046875
2024,nyh2,GEMS-0227_FBLL_0009/PHP02,11.14666748046875
2024,nyh2,GEMS-0227_FBLL_0010/PHP02,11.14666748046875
2024,nyh2,GEMS-0227_FBLL_0013/PHP02,11.14666748046875
2024,nyh2,GEMS-0227_FBLL_0014/PHP02,11.14666748046875
2024,nyh2,GEMS-0227_FBLL_0015/PHP02,11.14666748046875
2024,nyh2,GEMS-0227_FBLL_0016/PHP02,11.14666748046875
2024,nyh2,GEMS-0227_FBLL_0017/PHP02,11.14666748046875
2024,nyh2,GEMS-0227_FBLL_0018/PHP02,11.14666748046875
2024,nyh2,GEMS-0227_FBLL_0019/PHP02,11.14666748046875
2024,nyh2,GEMS-0227_FBLL_0022/PHP02,11.14666748046875
2024,nyh2,GEMS-0227_FBLL_0023/PHP02,11.14666748046875
2024,nyh2,GEMS-0227_FBLL_0024/PHP02,11.14666748046875
2024,nyh2,GEMS-0227_FBLL_0025/PHP02,11.14666748046875
2024,nyh2,GEMS-0227_FBLL_0026/PHP02,11.14666748046875
2024,nyh2,GEMS-0227_FBLL_0028/PHP02,11.14666748046875
2024,nyh2,GEMS-0227_FBLL_0029/PHP02,11.14666748046875
2024,nyh2,GEMS-0227_FBLL_0030/PHP02,11.14666748046875
2024,nyh2,GEMS-0227_FBLL_0031/PHP02,11.14666748046875
2024,nyh2,GEMS-0227_FBLL_0032/PHP02,11.14666748046875
2024,nyh2,GEMS-0227_FBLL_0033/PHP02,11.14666748046875
2024,nyh2,GEMS-0227_FBLL_0034/PHP02,11.14666748046875
2024,nyh2,GEMS-0227_FBLL_0035/PHP02,11.14666748046875
2024,nyh2,GEMS-0227_FBLL_0037/PHP02,11.14666748046875
2024,nyh2,GEMS-0227_FBLL_0039/PHP02,11.14666748046875
2024,nyh2,GEMS-0227_FBLL_0041/PHP02,11.14666748046875
2024,nyh2,GEMS-0227_FBLL_0042/PHP02,11.14666748046875
2024,nyh2,GEMS-0227_FBLL_0044/PHP02,11.14666748046875
2024,nyh2,GEMS-0227_FBLL_0045/PHP02,11.14666748046875
2024,nyh2,GEMS-0227_FBLL_0046/PHP02,11.14666748046875
2024,nyh2,GEMS-0227_FBLL_0048/PHP02,11.14666748046875
2024,nyh2,GEMS-0227_FBLL_0050/PHP02,11.14666748046875
2024,nyh2,GEMS-0227_FBLL_0051/PHP02,11.14666748046875
2024,nyh2,GEMS-0227_FBLL_0052/PHP02,11.14666748046875
2024,nyh2,GEMS-0227_FBLL_0053/PHP02,11.14666748046875
2024,nyh2,GEMS-0227_FBLL_0056/PHP02,11.14666748046875
2024,nyh2,GEMS-0227_FBLL_0058/PHP02,11.14666748046875
2024,nyh2,GEMS-0227_FBLL_0059/PHP02,11.14666748046875
2024,nyh2,GEMS-0227_FBLL_0060/PHP02,11.14666748046875
2024,nyh2,GEMS-0227_FBLL_0064/PHP02,11.14666748046875
2024,nyh2,GEMS-0227_FBLL_0066/PHP02,11.14666748046875
2024,nyh2,GEMS-0227_FBLL_0067/PHP02,11.14666748046875
2024,nyh2,GEMS-0227_FBLL_0068/PHP02,11.14666748046875
2024,nyh2,GEMS-0227_FBLL_0069/PHP02,11.14666748046875
2024,nyh2,GEMS-0227_FBLL_0070/PHP02,11.14666748046875
2024,nyh2,GEMS-0227_FBLL_0072/PHP02,11.14666748046875
2024,nyh2,GEMS-0227_FBLL_0074/PHP02,11.14666748046875
2024,nyh2,GEMS-0227_FBLL_0075/PHP02,11.14666748046875
2024,nyh2,GEMS-0227_FBLL_0077/PHP02,11.14666748046875
2024,nyh2,GEMS-0227_FBLL_0078/PHP02,11.14666748046875
2024,nyh2,GEMS-0227_FBLL_0080/PHP02,11.14666748046875
2024,nyh2,GEMS-0227_FBLL_0082/PHP02,11.14666748046875
2024,nyh2,GEMS-0227_FBLL_0084/PHP02,11.14666748046875
2024,nyh2,GEMS-0227_FBLL_0085/PHP02,11.14666748046875
2024,nyh2,GEMS-0227_FBLL_0087/PHP02,11.14666748046875
2024,nyh2,GEMS-0227_FBLL_0088/PHP02,11.14666748046875
2024,nyh2,GEMS-0227_FBLL_0089/PHP02,11.14666748046875
2024,nyh2,GEMS-0227_FBLL_0094/PHP02,11.14666748046875
2024,nyh2,GEMS-0227_FBLL_0096/PHP02,11.14666748046875
2024,nyh2,GEMS-0227_FBLL_0097/PHP02,11.14666748046875
2024,nyh2,GEMS-0227_FBLL_0098/PHP02,11.14666748046875
2024,nyh2,GEMS-0227_FBLL_0102/PHP02,11.14666748046875
2024,nyh2,GEMS-0227_FBLL_0105/PHP02,11.14666748046875
2024,nyh2,GEMS-0227_FBLL_0106/PHP02,11.14666748046875
2024,nyh2,GEMS-0227_FBLL_0110/PHP02,11.14666748046875
2024,nyh2,GEMS-0227_FBLL_0113/PHP02,11.14666748046875
2024,nyh2,GEMS-0227_FBLL_0114/PHP02,11.14666748046875
2024,nyh2,GEMS-0227_FBLL_0116/PHP02,11.14666748046875
2024,nyh2,GEMS-0227_FBLL_0118/PHP02,11.14666748046875
2024,nyh2,GEMS-0227_FBLL_0133/PHP02,11.14666748046875
2024,nyh2,GEMS-0227_FBLL_0134/PHP02,11.14666748046875
2024,nyh2,GEMS-0227_FBLL_0136/PHP02,11.14666748046875
2024,nyh2,GEMS-0227_FBLL_0140/PHP02,11.14666748046875
2024,nyh2,GEMS-0227_FBLL_0141/PHP02,11.14666748046875
2024,nyh2,GEMS-0227_PHB47_0001/PHP02,11.14666748046875
2024,nyh2,GEMS-0227_PHB47_0003/PHP02,11.14666748046875
2024,nyh2,GEMS-0227_PHB47_0006/PHP02,11.14666748046875
2024,nyh2,GEMS-0227_PHB47_0009/PHP02,11.14666748046875
2024,nyh2,GEMS-0227_PHB47_0011/PHP02,11.14666748046875
2024,nyh2,GEMS-0227_PHB47_0012/PHP02,11.14666748046875
2024,nyh2,GEMS-0227_PHB47_0016/PHP02,11.14666748046875
2024,nyh2,GEMS-0227_PHB47_0022/PHP02,11.14666748046875
2024,nyh2,GEMS-0227_PHB47_0026/PHP02,11.14666748046875
2024,nyh2,GEMS-0227_PHBW8_0001/PHP02,11.14666748046875
2024,nyh2,GEMS-0227_PHBW8_0002/PHP02,11.14666748046875
2024,nyh2,GEMS-0227_PHBW8_0003/PHP02,11.14666748046875
2024,nyh2,GEMS-0227_PHBW8_0005/PHP02,11.14666748046875
2024,nyh2,GEMS-0227_PHBW8_0009/PHP02,11.14666748046875
2024,nyh2,GEMS-0227_PHBW8_0011/PHP02,11.14666748046875
2024,nyh2,GEMS-0227_PHBW8_0013/PHP02,11.14666748046875
2024,nyh2,GEMS-0227_PHBW8_0015/PHP02,11.14666748046875
2024,nyh2,GEMS-0227_PHBW8_0017/PHP02,11.14666748046875
2024,nyh2,GEMS-0227_PHBW8_0018/PHP02,11.14666748046875
2024,nyh2,GEMS-0227_PHBW8_0019/PHP02,11.14666748046875
2024,nyh2,GEMS-0227_PHBW8_0020/PHP02,11.14666748046875
2024,nyh2,GEMS-0227_PHBW8_0024/PHP02,11.14666748046875
2024,nyh2,LH132/PHP02,11.092279434204102
2024,nyh2,LH146HT/PHP02,11.14666748046875
2024,nyh2,LH192/PHP02,11.14666748046875
2024,nyh2,LH193/PHP02,11.14666748046875
2024,nyh2,LH194/PHP02,11.14666748046875
2024,nyh2,LH195/PHP02,11.232004165649414
2024,nyh2,LH195/PHZ51,10.177002906799316
2024,nyh2,LH198/PHP02,11.14666748046875
2024,nyh2,LH200/PHP02,11.14666748046875
2024,nyh2,LH225/PHP02,11.14666748046875
2024,nyh2,LH228/PHP02,11.14666748046875
2024,nyh2,LH231/PHP02,11.14666748046875
2024,nyh2,LH234/PHP02,11.14666748046875
2024,nyh2,LH235/PHP02,11.14666748046875
2024,nyh2,LH236/PHP02,11.14666748046875
2024,nyh2,LH238/PHP02,11.14666748046875
2024,nyh2,LH244/PHK76,10.980283737182617
2024,nyh2,LH273/PHP02,11.14666748046875
2024,nyh2,LH286/PHP02,11.14666748046875
2024,nyh2,LH287/LH244,12.232345581054688
2024,nyh2,LH292/PHP02,11.14666748046875
2024,nyh2,LH82/LH244,11.205733299255371
2024,nyh2,MM501D/LH244,12.403623580932617
2024,nyh2,NKH8431/PHP02,11.14666748046875
2024,nyh2,PH05G/PHP02,11.14666748046875
2024,nyh2,PH06N/PHP02,11.14666748046875
2024,nyh2,PH07D/PHP02,11.14666748046875
2024,nyh2,PH08A/PHP02,11.14666748046875
2024,nyh2,PH09E/PHP02,11.14666748046875
2024,nyh2,PH0B4/PHP02,11.14666748046875
2024,nyh2,PH0CD/PHP02,11.14666748046875
2024,nyh2,PH0GP/PHP02,11.14666748046875
2024,nyh2,PH12C/PHP02,11.14666748046875
2024,nyh2,PH19V/PHP02,11.14666748046875
2024,nyh2,PH1GC/PHP02,11.14666748046875
2024,nyh2,PH1W2/PHP02,11.14666748046875
2024,nyh2,PH24E/LH244,12.054269790649414
2024,nyh2,PH24M/PHP02,11.14666748046875
2024,nyh2,PH37C/PHP02,11.14666748046875
2024,nyh2,PH42B/PHP02,11.14666748046875
2024,nyh2,PHB47/PHN82,11.699986457824707
2024,nyh2,PHB47/PHP02,11.14666748046875
2024,nyh2,PHB47/PHZ51,10.533730506896973
2024,nyh2,PHDG1/PHP02,11.14666748046875
2024,nyh2,PHG29/PHG47,9.261029243469238
2024,nyh2,PHG39/PHN82,11.688069343566895
2024,nyh2,PHHB9/PHP02,11.14666748046875
2024,nyh2,PHJ40/PHAJ0,6.982385635375977
2024,nyh2,PHJ89/LH244,11.918511390686035
2024,nyh2,PHJR5/PHP02,11.14666748046875
2024,nyh2,PHK56/LH244,12.42227840423584
2024,nyh2,PHN41/PHP02,11.14666748046875
2024,nyh2,PHN46/LH244,10.739481925964355
2024,nyh2,PHN66/PHP02,11.14666748046875
2024,nyh2,PHP02/LH244,12.253809928894043
2024,nyh2,PHPR5/PHP02,11.14666748046875
2024,nyh2,PHR03/LH244,11.861993789672852
2024,nyh2,PHRE1/PHTD5,8.537616729736328
2024,nyh2,PHT10/PHP02,11.14666748046875
2024,nyh2,PHTP9/PHP02,11.14666748046875
2024,nyh2,PHTV7/PHP02,11.14666748046875
2024,nyh2,PHVA9/PHP02,11.14666748046875
2024,nyh2,PHVJ5/PHP02,11.14666748046875
2024,nyh2,PHW30/LH244,12.086009979248047
2024,nyh2,PHW52/PHM49,11.299057006835938
2024,nyh2,PHW52/PHP02,11.14666748046875
2024,nyh2,TX777/LH195,8.839422225952148
2024,nyh2,W10004_0018/PHP02,11.084887504577637
2024,nyh2,W10004_0034/PHP02,11.904107093811035
2024,nyh2,W10004_0055/PHP02,12.165668487548828
2024,nyh2,W10004_0062/PHP02,11.04615306854248
2024,nyh2,W10004_0095/PHP02,10.641471862792969
2024,nyh2,W10004_0122/PHP02,11.918511390686035
2024,nyh2,W10004_0133/PHP02,11.904107093811035
2024,nyh2,W10004_0138/PHP02,11.769640922546387
2024,nyh2,W10004_0160/PHP02,12.166205406188965
2024,nyh2,W10004_0189/PHP02,11.928611755371094
2024,nyh2,W10004_0236/PHP02,11.9215726852417
2024,nyh2,W10004_0258/PHP02,12.42227840423584
2024,nyh2,W10004_0270/PHP02,11.567127227783203
2024,nyh2,W10004_0346/PHP02,12.123214721679688
2024,nyh2,W10004_0403/PHP02,11.932177543640137
2024,nyh2,W10004_0409/PHP02,12.453110694885254
2024,nyh2,W10004_0412/PHP02,11.875288963317871
2024,nyh2,W10004_0476/PHP02,11.122980117797852
2024,nyh2,W10004_0601/PHP02,11.891538619995117
2024,nyh2,W10004_0608/PHP02,11.069844245910645
2024,nyh2,W10004_0688/PHP02,11.872635841369629
2024,nyh2,W10004_0715/PHP02,11.875288963317871
2024,nyh2,W10004_0747/PHP02,12.409075736999512
2024,nyh2,W10004_0754/PHP02,11.929974555969238
2024,nyh2,W10004_0771/PHP02,11.862613677978516
2024,nyh2,W10004_0858/PHP02,11.844804763793945
2024,nyh2,W10004_0859/PHP02,11.797701835632324
2024,nyh2,W10004_0866/PHP02,12.025955200195312
2024,nyh2,W10004_0949/PHP02,12.232345581054688
2024,nyh2,W10004_0969/PHP02,11.578973770141602
2024,nyh2,W10004_1018/PHP02,11.797701835632324
2024,nyh2,W10004_1032/PHP02,11.656539916992188
2024,nyh2,W10004_1080/PHP02,12.409075736999512
2024,nyh2,WQCD10/PHP02,11.14666748046875
2024,nyh2,ZS01459/PHP02,11.14666748046875
2024,nyh2,ZS0510/PHP02,11.14666748046875
2024,nyh3,01DIB2/PHP02,10.64199161529541
2024,nyh3,2369/LH123HT,12.453926086425781
2024,nyh3,2FACC/PHP02,10.64199161529541
2024,nyh3,B14A/OH43,9.894089698791504
2024,nyh3,B37/H95,9.365663528442383
2024,nyh3,B73/MO17,11.97262954711914
2024,nyh3,B73/PHN82,11.917158126831055
2024,nyh3,B73/TX779,7.137053489685059
2024,nyh3,CG119/CG108,6.046761989593506
2024,nyh3,CG44/CGR01,8.834763526916504
2024,nyh3,DK3IIH6/LH244,12.077157974243164
2024,nyh3,DKFBHJ/PHP02,10.64199161529541
2024,nyh3,FBLL/PHP02,10.64199161529541
2024,nyh3,GEMS-0061_3AZA1_0001/PHP02,10.64199161529541
2024,nyh3,GEMS-0061_3AZA1_0004/PHP02,10.64199161529541
2024,nyh3,GEMS-0061_3AZA1_0005/PHP02,10.64199161529541
2024,nyh3,GEMS-0061_3AZA1_0006/PHP02,10.64199161529541
2024,nyh3,GEMS-0061_3AZA1_0007/PHP02,10.64199161529541
2024,nyh3,GEMS-0061_3AZA1_0009/PHP02,10.64199161529541
2024,nyh3,GEMS-0061_3AZA1_0011/PHP02,10.64199161529541
2024,nyh3,GEMS-0061_3AZA1_0012/PHP02,10.64199161529541
2024,nyh3,GEMS-0061_3AZA1_0013/PHP02,10.64199161529541
2024,nyh3,GEMS-0061_3AZA1_0014/PHP02,10.64199161529541
2024,nyh3,GEMS-0061_3AZA1_0015/PHP02,10.64199161529541
2024,nyh3,GEMS-0061_3AZA1_0016/PHP02,10.64199161529541
2024,nyh3,GEMS-0061_3AZA1_0021/PHP02,10.64199161529541
2024,nyh3,GEMS-0061_3AZA1_0023/PHP02,10.64199161529541
2024,nyh3,GEMS-0061_FBLL_0004/PHP02,10.64199161529541
2024,nyh3,GEMS-0061_FBLL_0005/PHP02,10.64199161529541
2024,nyh3,GEMS-0061_FBLL_0007/PHP02,10.64199161529541
2024,nyh3,GEMS-0061_FBLL_0010/PHP02,10.64199161529541
2024,nyh3,GEMS-0061_FBLL_0014/PHP02,10.64199161529541
2024,nyh3,GEMS-0061_FBLL_0015/PHP02,10.64199161529541
2024,nyh3,GEMS-0061_FBLL_0016/PHP02,10.64199161529541
2024,nyh3,GEMS-0061_FBLL_0019/PHP02,10.64199161529541
2024,nyh3,GEMS-0061_FBLL_0022/PHP02,10.64199161529541
2024,nyh3,GEMS-0061_FBLL_0025/PHP02,10.64199161529541
2024,nyh3,GEMS-0061_FBLL_0029/PHP02,10.64199161529541
2024,nyh3,GEMS-0061_FBLL_0031/PHP02,10.64199161529541
2024,nyh3,GEMS-0061_FBLL_0032/PHP02,10.64199161529541
2024,nyh3,GEMS-0061_FBLL_0033/PHP02,10.64199161529541
2024,nyh3,GEMS-0061_FBLL_0037/PHP02,10.64199161529541
2024,nyh3,GEMS-0061_FBLL_0039/PHP02,10.64199161529541
2024,nyh3,GEMS-0061_FBLL_0042/PHP02,10.64199161529541
2024,nyh3,GEMS-0061_PHB47_0003/PHP02,10.64199161529541
2024,nyh3,GEMS-0061_PHB47_0004/PHP02,10.64199161529541
2024,nyh3,GEMS-0061_PHBW8_0001/PHP02,10.64199161529541
2024,nyh3,GEMS-0061_PHBW8_0002/PHP02,10.64199161529541
2024,nyh3,GEMS-0113_3AZA1_0001/PHP02,10.64199161529541
2024,nyh3,GEMS-0113_3AZA1_0002/PHP02,10.64199161529541
2024,nyh3,GEMS-0113_3AZA1_0005/PHP02,10.64199161529541
2024,nyh3,GEMS-0113_3AZA1_0006/PHP02,10.64199161529541
2024,nyh3,GEMS-0113_3AZA1_0007/PHP02,10.64199161529541
2024,nyh3,GEMS-0113_3AZA1_0008/PHP02,10.64199161529541
2024,nyh3,GEMS-0113_3AZA1_0011/PHP02,10.64199161529541
2024,nyh3,GEMS-0113_3AZA1_0013/PHP02,10.64199161529541
2024,nyh3,GEMS-0113_3AZA1_0014/PHP02,10.64199161529541
2024,nyh3,GEMS-0113_3AZA1_0015/PHP02,10.64199161529541
2024,nyh3,GEMS-0113_3AZA1_0018/PHP02,10.64199161529541
2024,nyh3,GEMS-0113_3AZA1_0019/PHP02,10.64199161529541
2024,nyh3,GEMS-0113_3AZA1_0021/PHP02,10.64199161529541
2024,nyh3,GEMS-0113_3AZA1_0022/PHP02,10.64199161529541
2024,nyh3,GEMS-0113_3AZA1_0025/PHP02,10.64199161529541
2024,nyh3,GEMS-0113_3AZA1_0026/PHP02,10.64199161529541
2024,nyh3,GEMS-0113_3AZA1_0027/PHP02,10.64199161529541
2024,nyh3,GEMS-0113_3AZA1_0029/PHP02,10.64199161529541
2024,nyh3,GEMS-0113_3AZA1_0031/PHP02,10.64199161529541
2024,nyh3,GEMS-0113_3AZA1_0038/PHP02,10.64199161529541
2024,nyh3,GEMS-0113_FBLL_0003/PHP02,10.64199161529541
2024,nyh3,GEMS-0113_FBLL_0004/PHP02,10.64199161529541
2024,nyh3,GEMS-0113_FBLL_0005/PHP02,10.64199161529541
2024,nyh3,GEMS-0113_FBLL_0006/PHP02,10.64199161529541
2024,nyh3,GEMS-0113_FBLL_0008/PHP02,10.64199161529541
2024,nyh3,GEMS-0113_FBLL_0010/PHP02,10.64199161529541
2024,nyh3,GEMS-0113_FBLL_0011/PHP02,10.64199161529541
2024,nyh3,GEMS-0113_FBLL_0013/PHP02,10.64199161529541
2024,nyh3,GEMS-0113_FBLL_0015/PHP02,10.64199161529541
2024,nyh3,GEMS-0113_PHB47_0003/PHP02,10.64199161529541
2024,nyh3,GEMS-0113_PHB47_0004/PHP02,10.64199161529541
2024,nyh3,GEMS-0113_PHB47_0005/PHP02,10.64199161529541
2024,nyh3,GEMS-0113_PHB47_0006/PHP02,10.64199161529541
2024,nyh3,GEMS-0113_PHB47_0007/PHP02,10.64199161529541
2024,nyh3,GEMS-0113_PHB47_0008/PHP02,10.64199161529541
2024,nyh3,GEMS-0113_PHB47_0009/PHP02,10.64199161529541
2024,nyh3,GEMS-0113_PHB47_0011/PHP02,10.64199161529541
2024,nyh3,GEMS-0113_PHB47_0012/PHP02,10.64199161529541
2024,nyh3,GEMS-0113_PHB47_0013/PHP02,10.64199161529541
2024,nyh3,GEMS-0113_PHB47_0015/PHP02,10.64199161529541
2024,nyh3,GEMS-0113_PHB47_0017/PHP02,10.64199161529541
2024,nyh3,GEMS-0113_PHB47_0020/PHP02,10.64199161529541
2024,nyh3,GEMS-0113_PHBW8_0001/PHP02,10.64199161529541
2024,nyh3,GEMS-0113_PHBW8_0002/PHP02,10.64199161529541
2024,nyh3,GEMS-0113_PHBW8_0004/PHP02,10.64199161529541
2024,nyh3,GEMS-0113_PHBW8_0005/PHP02,10.64199161529541
2024,nyh3,GEMS-0113_PHBW8_0006/PHP02,10.64199161529541
2024,nyh3,GEMS-0113_PHBW8_0007/PHP02,10.64199161529541
2024,nyh3,GEMS-0113_PHBW8_0008/PHP02,10.64199161529541
2024,nyh3,GEMS-0113_PHBW8_0009/PHP02,10.64199161529541
2024,nyh3,GEMS-0113_PHBW8_0011/PHP02,10.64199161529541
2024,nyh3,GEMS-0113_PHBW8_0012/PHP02,10.64199161529541
2024,nyh3,GEMS-0113_PHBW8_0014/PHP02,10.64199161529541
2024,nyh3,GEMS-0219_3AZA1_0001/PHP02,10.64199161529541
2024,nyh3,GEMS-0219_3AZA1_0002/PHP02,10.64199161529541
2024,nyh3,GEMS-0219_3AZA1_0003/PHP02,10.64199161529541
2024,nyh3,GEMS-0219_3AZA1_0004/PHP02,10.64199161529541
2024,nyh3,GEMS-0219_3AZA1_0006/PHP02,10.64199161529541
2024,nyh3,GEMS-0219_3AZA1_0007/PHP02,10.64199161529541
2024,nyh3,GEMS-0219_3AZA1_0008/PHP02,10.64199161529541
2024,nyh3,GEMS-0219_3AZA1_0009/PHP02,10.64199161529541
2024,nyh3,GEMS-0219_3AZA1_0010/PHP02,10.64199161529541
2024,nyh3,GEMS-0219_3AZA1_0014/PHP02,10.64199161529541
2024,nyh3,GEMS-0219_FBLL_0002/PHP02,10.64199161529541
2024,nyh3,GEMS-0219_FBLL_0003/PHP02,10.64199161529541
2024,nyh3,GEMS-0219_FBLL_0004/PHP02,10.64199161529541
2024,nyh3,GEMS-0219_FBLL_0005/PHP02,10.64199161529541
2024,nyh3,GEMS-0219_FBLL_0006/PHP02,10.64199161529541
2024,nyh3,GEMS-0219_FBLL_0007/PHP02,10.64199161529541
2024,nyh3,GEMS-0219_FBLL_0008/PHP02,10.64199161529541
2024,nyh3,GEMS-0219_FBLL_0009/PHP02,10.64199161529541
2024,nyh3,GEMS-0219_FBLL_0011/PHP02,10.64199161529541
2024,nyh3,GEMS-0219_FBLL_0012/PHP02,10.64199161529541
2024,nyh3,GEMS-0219_FBLL_0013/PHP02,10.64199161529541
2024,nyh3,GEMS-0219_FBLL_0014/PHP02,10.64199161529541
2024,nyh3,GEMS-0219_FBLL_0015/PHP02,10.64199161529541
2024,nyh3,GEMS-0219_FBLL_0017/PHP02,10.64199161529541
2024,nyh3,GEMS-0219_FBLL_0019/PHP02,10.64199161529541
2024,nyh3,GEMS-0219_FBLL_0020/PHP02,10.64199161529541
2024,nyh3,GEMS-0219_FBLL_0021/PHP02,10.64199161529541
2024,nyh3,GEMS-0219_FBLL_0027/PHP02,10.64199161529541
2024,nyh3,GEMS-0219_PHB47_0002/PHP02,10.64199161529541
2024,nyh3,GEMS-0219_PHB47_0004/PHP02,10.64199161529541
2024,nyh3,GEMS-0219_PHB47_0005/PHP02,10.64199161529541
2024,nyh3,GEMS-0219_PHB47_0006/PHP02,10.64199161529541
2024,nyh3,GEMS-0219_PHB47_0011/PHP02,10.64199161529541
2024,nyh3,GEMS-0219_PHB47_0014/PHP02,10.64199161529541
2024,nyh3,GEMS-0219_PHB47_0017/PHP02,10.64199161529541
2024,nyh3,GEMS-0219_PHBW8_0002/PHP02,10.64199161529541
2024,nyh3,GEMS-0219_PHBW8_0003/PHP02,10.64199161529541
2024,nyh3,GEMS-0219_PHBW8_0004/PHP02,10.64199161529541
2024,nyh3,GEMS-0219_PHBW8_0006/PHP02,10.64199161529541
2024,nyh3,GEMS-0219_PHBW8_0009/PHP02,10.64199161529541
2024,nyh3,GEMS-0219_PHBW8_0011/PHP02,10.64199161529541
2024,nyh3,GEMS-0227_3AZA1_0001/PHP02,10.64199161529541
2024,nyh3,GEMS-0227_3AZA1_0002/PHP02,10.64199161529541
2024,nyh3,GEMS-0227_3AZA1_0005/PHP02,10.64199161529541
2024,nyh3,GEMS-0227_3AZA1_0006/PHP02,10.64199161529541
2024,nyh3,GEMS-0227_3AZA1_0008/PHP02,10.64199161529541
2024,nyh3,GEMS-0227_3AZA1_0011/PHP02,10.64199161529541
2024,nyh3,GEMS-0227_3AZA1_0012/PHP02,10.64199161529541
2024,nyh3,GEMS-0227_3AZA1_0017/PHP02,10.64199161529541
2024,nyh3,GEMS-0227_3AZA1_0018/PHP02,10.64199161529541
2024,nyh3,GEMS-0227_3AZA1_0024/PHP02,10.64199161529541
2024,nyh3,GEMS-0227_3AZA1_0025/PHP02,10.64199161529541
2024,nyh3,GEMS-0227_3AZA1_0028/PHP02,10.64199161529541
2024,nyh3,GEMS-0227_3AZA1_0029/PHP02,10.64199161529541
2024,nyh3,GEMS-0227_3AZA1_0030/PHP02,10.64199161529541
2024,nyh3,GEMS-0227_3AZA1_0031/PHP02,10.64199161529541
2024,nyh3,GEMS-0227_3AZA1_0036/PHP02,10.64199161529541
2024,nyh3,GEMS-0227_3AZA1_0040/PHP02,10.64199161529541
2024,nyh3,GEMS-0227_3AZA1_0041/PHP02,10.64199161529541
2024,nyh3,GEMS-0227_3AZA1_0043/PHP02,10.64199161529541
2024,nyh3,GEMS-0227_3AZA1_0046/PHP02,10.64199161529541
2024,nyh3,GEMS-0227_3AZA1_0048/PHP02,10.64199161529541
2024,nyh3,GEMS-0227_FBLL_0001/PHP02,10.64199161529541
2024,nyh3,GEMS-0227_FBLL_0002/PHP02,10.64199161529541
2024,nyh3,GEMS-0227_FBLL_0004/PHP02,10.64199161529541
2024,nyh3,GEMS-0227_FBLL_0005/PHP02,10.64199161529541
2024,nyh3,GEMS-0227_FBLL_0009/PHP02,10.64199161529541
2024,nyh3,GEMS-0227_FBLL_0010/PHP02,10.64199161529541
2024,nyh3,GEMS-0227_FBLL_0013/PHP02,10.64199161529541
2024,nyh3,GEMS-0227_FBLL_0014/PHP02,10.64199161529541
2024,nyh3,GEMS-0227_FBLL_0015/PHP02,10.64199161529541
2024,nyh3,GEMS-0227_FBLL_0016/PHP02,10.64199161529541
2024,nyh3,GEMS-0227_FBLL_0017/PHP02,10.64199161529541
2024,nyh3,GEMS-0227_FBLL_0018/PHP02,10.64199161529541
2024,nyh3,GEMS-0227_FBLL_0019/PHP02,10.64199161529541
2024,nyh3,GEMS-0227_FBLL_0020/PHP02,10.64199161529541
2024,nyh3,GEMS-0227_FBLL_0021/PHP02,10.64199161529541
2024,nyh3,GEMS-0227_FBLL_0022/PHP02,10.64199161529541
2024,nyh3,GEMS-0227_FBLL_0024/PHP02,10.64199161529541
2024,nyh3,GEMS-0227_FBLL_0025/PHP02,10.64199161529541
2024,nyh3,GEMS-0227_FBLL_0027/PHP02,10.64199161529541
2024,nyh3,GEMS-0227_FBLL_0029/PHP02,10.64199161529541
2024,nyh3,GEMS-0227_FBLL_0031/PHP02,10.64199161529541
2024,nyh3,GEMS-0227_FBLL_0032/PHP02,10.64199161529541
2024,nyh3,GEMS-0227_FBLL_0036/PHP02,10.64199161529541
2024,nyh3,GEMS-0227_FBLL_0038/PHP02,10.64199161529541
2024,nyh3,GEMS-0227_FBLL_0040/PHP02,10.64199161529541
2024,nyh3,GEMS-0227_FBLL_0043/PHP02,10.64199161529541
2024,nyh3,GEMS-0227_FBLL_0046/PHP02,10.64199161529541
2024,nyh3,GEMS-0227_FBLL_0047/PHP02,10.64199161529541
2024,nyh3,GEMS-0227_FBLL_0049/PHP02,10.64199161529541
2024,nyh3,GEMS-0227_FBLL_0050/PHP02,10.64199161529541
2024,nyh3,GEMS-0227_FBLL_0054/PHP02,10.64199161529541
2024,nyh3,GEMS-0227_FBLL_0055/PHP02,10.64199161529541
2024,nyh3,GEMS-0227_FBLL_0057/PHP02,10.64199161529541
2024,nyh3,GEMS-0227_FBLL_0058/PHP02,10.64199161529541
2024,nyh3,GEMS-0227_FBLL_0059/PHP02,10.64199161529541
2024,nyh3,GEMS-0227_FBLL_0060/PHP02,10.64199161529541
2024,nyh3,GEMS-0227_FBLL_0062/PHP02,10.64199161529541
2024,nyh3,GEMS-0227_FBLL_0063/PHP02,10.64199161529541
2024,nyh3,GEMS-0227_FBLL_0064/PHP02,10.64199161529541
2024,nyh3,GEMS-0227_FBLL_0068/PHP02,10.64199161529541
2024,nyh3,GEMS-0227_FBLL_0070/PHP02,10.64199161529541
2024,nyh3,GEMS-0227_FBLL_0071/PHP02,10.64199161529541
2024,nyh3,GEMS-0227_FBLL_0072/PHP02,10.64199161529541
2024,nyh3,GEMS-0227_FBLL_0073/PHP02,10.64199161529541
2024,nyh3,GEMS-0227_FBLL_0077/PHP02,10.64199161529541
2024,nyh3,GEMS-0227_FBLL_0078/PHP02,10.64199161529541
2024,nyh3,GEMS-0227_FBLL_0079/PHP02,10.64199161529541
2024,nyh3,GEMS-0227_FBLL_0080/PHP02,10.64199161529541
2024,nyh3,GEMS-0227_FBLL_0084/PHP02,10.64199161529541
2024,nyh3,GEMS-0227_FBLL_0086/PHP02,10.64199161529541
2024,nyh3,GEMS-0227_FBLL_0088/PHP02,10.64199161529541
2024,nyh3,GEMS-0227_FBLL_0089/PHP02,10.64199161529541
2024,nyh3,GEMS-0227_FBLL_0090/PHP02,10.64199161529541
2024,nyh3,GEMS-0227_FBLL_0093/PHP02,10.64199161529541
2024,nyh3,GEMS-0227_FBLL_0095/PHP02,10.64199161529541
2024,nyh3,GEMS-0227_FBLL_0096/PHP02,10.64199161529541
2024,nyh3,GEMS-0227_FBLL_0101/PHP02,10.64199161529541
2024,nyh3,GEMS-0227_FBLL_0102/PHP02,10.64199161529541
2024,nyh3,GEMS-0227_FBLL_0104/PHP02,10.64199161529541
2024,nyh3,GEMS-0227_FBLL_0105/PHP02,10.64199161529541
2024,nyh3,GEMS-0227_FBLL_0106/PHP02,10.64199161529541
2024,nyh3,GEMS-0227_FBLL_0107/PHP02,10.64199161529541
2024,nyh3,GEMS-0227_FBLL_0110/PHP02,10.64199161529541
2024,nyh3,GEMS-0227_FBLL_0111/PHP02,10.64199161529541
2024,nyh3,GEMS-0227_FBLL_0115/PHP02,10.64199161529541
2024,nyh3,GEMS-0227_FBLL_0117/PHP02,10.64199161529541
2024,nyh3,GEMS-0227_FBLL_0121/PHP02,10.64199161529541
2024,nyh3,GEMS-0227_FBLL_0124/PHP02,10.64199161529541
2024,nyh3,GEMS-0227_FBLL_0125/PHP02,10.64199161529541
2024,nyh3,GEMS-0227_FBLL_0127/PHP02,10.64199161529541
2024,nyh3,GEMS-0227_FBLL_0134/PHP02,10.64199161529541
2024,nyh3,GEMS-0227_FBLL_0136/PHP02,10.64199161529541
2024,nyh3,GEMS-0227_PHB47_0001/PHP02,10.64199161529541
2024,nyh3,GEMS-0227_PHB47_0002/PHP02,10.64199161529541
2024,nyh3,GEMS-0227_PHB47_0003/PHP02,10.64199161529541
2024,nyh3,GEMS-0227_PHB47_0004/PHP02,10.64199161529541
2024,nyh3,GEMS-0227_PHB47_0006/PHP02,10.64199161529541
2024,nyh3,GEMS-0227_PHB47_0007/PHP02,10.64199161529541
2024,nyh3,GEMS-0227_PHB47_0009/PHP02,10.64199161529541
2024,nyh3,GEMS-0227_PHB47_0010/PHP02,10.64199161529541
2024,nyh3,GEMS-0227_PHB47_0012/PHP02,10.64199161529541
2024,nyh3,GEMS-0227_PHB47_0014/PHP02,10.64199161529541
2024,nyh3,GEMS-0227_PHB47_0016/PHP02,10.64199161529541
2024,nyh3,GEMS-0227_PHB47_0023/PHP02,10.64199161529541
2024,nyh3,GEMS-0227_PHB47_0024/PHP02,10.64199161529541
2024,nyh3,GEMS-0227_PHB47_0025/PHP02,10.64199161529541
2024,nyh3,GEMS-0227_PHB47_0026/PHP02,10.64199161529541
2024,nyh3,GEMS-0227_PHBW8_0001/PHP02,10.64199161529541
2024,nyh3,GEMS-0227_PHBW8_0002/PHP02,10.64199161529541
2024,nyh3,GEMS-0227_PHBW8_0003/PHP02,10.64199161529541
2024,nyh3,GEMS-0227_PHBW8_0004/PHP02,10.64199161529541
2024,nyh3,GEMS-0227_PHBW8_0005/PHP02,10.64199161529541
2024,nyh3,GEMS-0227_PHBW8_0006/PHP02,10.64199161529541
2024,nyh3,GEMS-0227_PHBW8_0007/PHP02,10.64199161529541
2024,nyh3,GEMS-0227_PHBW8_0010/PHP02,10.64199161529541
2024,nyh3,GEMS-0227_PHBW8_0012/PHP02,10.64199161529541
2024,nyh3,GEMS-0227_PHBW8_0015/PHP02,10.64199161529541
2024,nyh3,GEMS-0227_PHBW8_0016/PHP02,10.64199161529541
2024,nyh3,GEMS-0227_PHBW8_0017/PHP02,10.64199161529541
2024,nyh3,GEMS-0227_PHBW8_0018/PHP02,10.64199161529541
2024,nyh3,GEMS-0227_PHBW8_0019/PHP02,10.64199161529541
2024,nyh3,GEMS-0227_PHBW8_0021/PHP02,10.64199161529541
2024,nyh3,GEMS-0227_PHBW8_0022/PHP02,10.64199161529541
2024,nyh3,LH132/PHP02,10.526443481445312
2024,nyh3,LH146HT/PHP02,10.64199161529541
2024,nyh3,LH192/PHP02,10.64199161529541
2024,nyh3,LH193/PHP02,10.64199161529541
2024,nyh3,LH194/PHP02,10.64199161529541
2024,nyh3,LH195/PHZ51,9.495521545410156
2024,nyh3,LH197/PHP02,10.64199161529541
2024,nyh3,LH198/PHP02,10.64199161529541
2024,nyh3,LH200/PHP02,10.64199161529541
2024,nyh3,LH204/PHP02,10.64199161529541
2024,nyh3,LH224/PHP02,10.64199161529541
2024,nyh3,LH226HT/PHP02,10.64199161529541
2024,nyh3,LH234/PHP02,10.64199161529541
2024,nyh3,LH235/PHP02,10.64199161529541
2024,nyh3,LH237/PHP02,10.64199161529541
2024,nyh3,LH244/PHK76,10.355570793151855
2024,nyh3,LH244/PHP02,10.64199161529541
2024,nyh3,LH264/PHP02,10.64199161529541
2024,nyh3,LH273/PHP02,10.64199161529541
2024,nyh3,LH287/LH244,12.545480728149414
2024,nyh3,LH82/LH244,10.577391624450684
2024,nyh3,MM501D/LH244,12.171889305114746
2024,nyh3,NKH8431/PHP02,10.64199161529541
2024,nyh3,PH05F/PHP02,10.64199161529541
2024,nyh3,PH05W/PHP02,10.64199161529541
2024,nyh3,PH06N/PHP02,10.64199161529541
2024,nyh3,PH080/PHP02,10.64199161529541
2024,nyh3,PH09B/PHP02,10.64199161529541
2024,nyh3,PH0CD/PHP02,10.64199161529541
2024,nyh3,PH0GP/PHP02,10.64199161529541
2024,nyh3,PH12C/PHP02,10.64199161529541
2024,nyh3,PH1CA/PHP02,10.64199161529541
2024,nyh3,PH1GC/PHP02,10.64199161529541
2024,nyh3,PH1GG/PHP02,10.64199161529541
2024,nyh3,PH1TB/PHP02,10.64199161529541
2024,nyh3,PH24E/LH244,12.016098976135254
2024,nyh3,PH37C/PHP02,10.64199161529541
2024,nyh3,PH38D/PHP02,10.64199161529541
2024,nyh3,PH44A/PHP02,10.64199161529541
2024,nyh3,PH55C/PHP02,10.64199161529541
2024,nyh3,PH63A/PHP02,10.64199161529541
2024,nyh3,PH79A/PHP02,10.64199161529541
2024,nyh3,PHB47/PHN82,11.15665054321289
2024,nyh3,PHB47/PHP02,10.64199161529541
2024,nyh3,PHB47/PHZ51,9.751751899719238
2024,nyh3,PHBW8/PHP02,10.64199161529541
2024,nyh3,PHEW7/PHP02,10.64199161529541
2024,nyh3,PHG29/PHG47,8.71394157409668
2024,nyh3,PHG39/PHN82,11.31686782836914
2024,nyh3,PHJ40/PHAJ0,6.046761989593506
2024,nyh3,PHJ89/LH244,11.738609313964844
2024,nyh3,PHJR5/PHP02,10.64199161529541
2024,nyh3,PHK56/LH244,12.295759201049805
2024,nyh3,PHKV0/PHP02,10.64199161529541
2024,nyh3,PHN46/LH244,9.878907203674316
2024,nyh3,PHN66/PHP02,10.64199161529541
2024,nyh3,PHNJ2/PHP02,10.64199161529541
2024,nyh3,PHP02/LH244,12.206547737121582
2024,nyh3,PHP38/PHP02,10.64199161529541
2024,nyh3,PHPR5/PHP02,10.64199161529541
2024,nyh3,PHR03/LH244,11.844169616699219
2024,nyh3,PHR61/PHP02,10.64199161529541
2024,nyh3,PHRE1/PHTD5,7.635483264923096
2024,nyh3,PHT11/PHP02,10.64199161529541
2024,nyh3,PHT47/PHP02,10.64199161529541
2024,nyh3,PHV37/PHP02,10.64199161529541
2024,nyh3,PHVJ5/PHP02,10.64199161529541
2024,nyh3,PHW30/LH244,11.830805778503418
2024,nyh3,PHW52/PHM49,10.655317306518555
2024,nyh3,PHW52/PHP02,10.64199161529541
2024,nyh3,TX777/LH195,8.157280921936035
2024,nyh3,W10004_0031/PHP02,12.206547737121582
2024,nyh3,W10004_0055/PHP02,11.965859413146973
2024,nyh3,W10004_0095/PHP02,9.8534698486328125
2024,nyh3,W10004_0103/PHP02,11.867815971374512
2024,nyh3,W10004_0122/PHP02,11.738609313964844
2024,nyh3,W10004_0133/PHP02,11.644089698791504
2024,nyh3,W10004_0146/PHP02,11.912535667419434
2024,nyh3,W10004_0167/PHP02,11.087207794189453
2024,nyh3,W10004_0168/PHP02,11.595520973205566
2024,nyh3,W10004_0238/PHP02,11.74238395690918
2024,nyh3,W10004_0258/PHP02,12.295759201049805
2024,nyh3,W10004_0270/PHP02,11.05631160736084
2024,nyh3,W10004_0311/PHP02,10.696510314941406
2024,nyh3,W10004_0346/PHP02,12.063665390014648
2024,nyh3,W10004_0389/PHP02,11.24398136138916
2024,nyh3,W10004_0403/PHP02,11.757786750793457
2024,nyh3,W10004_0601/PHP02,11.608765602111816
2024,nyh3,W10004_0637/PHP02,11.867815971374512
2024,nyh3,W10004_0658/PHP02,12.545480728149414
2024,nyh3,W10004_0691/PHP02,9.830053329467773
2024,nyh3,W10004_0714/PHP02,11.642608642578125
2024,nyh3,W10004_0715/PHP02,11.57550048828125
2024,nyh3,W10004_0754/PHP02,11.750072479248047
2024,nyh3,W10004_0776/PHP02,11.750072479248047
2024,nyh3,W10004_0801/PHP02,12.300018310546875
2024,nyh3,W10004_0822/PHP02,11.74238395690918
2024,nyh3,W10004_0858/PHP02,11.50975513458252
2024,nyh3,W10004_0859/PHP02,11.19052791595459
2024,nyh3,W10004_0949/PHP02,12.545480728149414
2024,nyh3,W10004_0969/PHP02,10.948587417602539
2024,nyh3,W10004_1014/PHP02,11.738609313964844
2024,nyh3,W10004_1032/PHP02,11.044103622436523
2024,nyh3,ZS01459/PHP02,10.64199161529541
2024,ohh1,01CSI6/LH287,11.284504890441895
2024,ohh1,01DIB2/LH287,11.284504890441895
2024,ohh1,2369/LH123HT,13.352105140686035
2024,ohh1,2FACC/LH287,11.284504890441895
2024,ohh1,6F629/LH287,11.284504890441895
2024,ohh1,B14A/OH43,10.826528549194336
2024,ohh1,B37/H95,10.4473237991333
2024,ohh1,B73/MO17,12.702336311340332
2024,ohh1,B73/PHN82,13.20958423614502
2024,ohh1,CG119/CG108,6.681072235107422
2024,ohh1,CG44/CGR01,9.356884956359863
2024,ohh1,DK3IIH6/LH244,12.853130340576172
2024,ohh1,DKFBHJ/LH287,11.284504890441895
2024,ohh1,FBLA/LH287,11.284504890441895
2024,ohh1,FBLL/LH287,11.284504890441895
2024,ohh1,GEMS-0061_3AZA1_0005/LH287,11.284504890441895
2024,ohh1,GEMS-0061_3AZA1_0006/LH287,11.284504890441895
2024,ohh1,GEMS-0061_3AZA1_0007/LH287,11.284504890441895
2024,ohh1,GEMS-0061_3AZA1_0015/LH287,11.284504890441895
2024,ohh1,GEMS-0061_3AZA1_0021/LH287,11.284504890441895
2024,ohh1,GEMS-0061_3AZA1_0023/LH287,11.284504890441895
2024,ohh1,GEMS-0061_FBLL_0002/LH287,11.284504890441895
2024,ohh1,GEMS-0061_FBLL_0007/LH287,11.284504890441895
2024,ohh1,GEMS-0061_FBLL_0008/LH287,11.284504890441895
2024,ohh1,GEMS-0061_FBLL_0009/LH287,11.284504890441895
2024,ohh1,GEMS-0061_FBLL_0015/LH287,11.284504890441895
2024,ohh1,GEMS-0061_FBLL_0016/LH287,11.284504890441895
2024,ohh1,GEMS-0061_FBLL_0017/LH287,11.284504890441895
2024,ohh1,GEMS-0061_FBLL_0018/LH287,11.284504890441895
2024,ohh1,GEMS-0061_FBLL_0019/LH287,11.284504890441895
2024,ohh1,GEMS-0061_FBLL_0022/LH287,11.284504890441895
2024,ohh1,GEMS-0061_FBLL_0024/LH287,11.284504890441895
2024,ohh1,GEMS-0061_FBLL_0025/LH287,11.284504890441895
2024,ohh1,GEMS-0061_FBLL_0026/LH287,11.284504890441895
2024,ohh1,GEMS-0061_FBLL_0029/LH287,11.284504890441895
2024,ohh1,GEMS-0061_FBLL_0032/LH287,11.284504890441895
2024,ohh1,GEMS-0061_FBLL_0033/LH287,11.284504890441895
2024,ohh1,GEMS-0061_FBLL_0034/LH287,11.284504890441895
2024,ohh1,GEMS-0061_FBLL_0035/LH287,11.284504890441895
2024,ohh1,GEMS-0061_FBLL_0039/LH287,11.284504890441895
2024,ohh1,GEMS-0061_FBLL_0044/LH287,11.284504890441895
2024,ohh1,GEMS-0061_FBLL_0050/LH287,11.284504890441895
2024,ohh1,GEMS-0061_PHB47_0001/LH287,11.284504890441895
2024,ohh1,GEMS-0061_PHBW8_0001/LH287,11.284504890441895
2024,ohh1,GEMS-0061_PHBW8_0002/LH287,11.284504890441895
2024,ohh1,GEMS-0113_3AZA1_0001/LH287,11.284504890441895
2024,ohh1,GEMS-0113_3AZA1_0003/LH287,11.284504890441895
2024,ohh1,GEMS-0113_3AZA1_0006/LH287,11.284504890441895
2024,ohh1,GEMS-0113_3AZA1_0007/LH287,11.284504890441895
2024,ohh1,GEMS-0113_3AZA1_0008/LH287,11.284504890441895
2024,ohh1,GEMS-0113_3AZA1_0010/LH287,11.284504890441895
2024,ohh1,GEMS-0113_3AZA1_0011/LH287,11.284504890441895
2024,ohh1,GEMS-0113_3AZA1_0016/LH287,11.284504890441895
2024,ohh1,GEMS-0113_3AZA1_0017/LH287,11.284504890441895
2024,ohh1,GEMS-0113_3AZA1_0018/LH287,11.284504890441895
2024,ohh1,GEMS-0113_3AZA1_0021/LH287,11.284504890441895
2024,ohh1,GEMS-0113_3AZA1_0023/LH287,11.284504890441895
2024,ohh1,GEMS-0113_3AZA1_0025/LH287,11.284504890441895
2024,ohh1,GEMS-0113_3AZA1_0026/LH287,11.284504890441895
2024,ohh1,GEMS-0113_3AZA1_0027/LH287,11.284504890441895
2024,ohh1,GEMS-0113_3AZA1_0028/LH287,11.284504890441895
2024,ohh1,GEMS-0113_3AZA1_0031/LH287,11.284504890441895
2024,ohh1,GEMS-0113_3AZA1_0038/LH287,11.284504890441895
2024,ohh1,GEMS-0113_FBLL_0002/LH287,11.284504890441895
2024,ohh1,GEMS-0113_FBLL_0003/LH287,11.284504890441895
2024,ohh1,GEMS-0113_FBLL_0005/LH287,11.284504890441895
2024,ohh1,GEMS-0113_FBLL_0006/LH287,11.284504890441895
2024,ohh1,GEMS-0113_FBLL_0007/LH287,11.284504890441895
2024,ohh1,GEMS-0113_FBLL_0008/LH287,11.284504890441895
2024,ohh1,GEMS-0113_FBLL_0010/LH287,11.284504890441895
2024,ohh1,GEMS-0113_FBLL_0011/LH287,11.284504890441895
2024,ohh1,GEMS-0113_PHB47_0001/LH287,11.284504890441895
2024,ohh1,GEMS-0113_PHB47_0003/LH287,11.284504890441895
2024,ohh1,GEMS-0113_PHB47_0004/LH287,11.284504890441895
2024,ohh1,GEMS-0113_PHB47_0007/LH287,11.284504890441895
2024,ohh1,GEMS-0113_PHB47_0008/LH287,11.284504890441895
2024,ohh1,GEMS-0113_PHB47_0011/LH287,11.284504890441895
2024,ohh1,GEMS-0113_PHB47_0014/LH287,11.284504890441895
2024,ohh1,GEMS-0113_PHB47_0015/LH287,11.284504890441895
2024,ohh1,GEMS-0113_PHB47_0021/LH287,11.284504890441895
2024,ohh1,GEMS-0113_PHBW8_0002/LH287,11.284504890441895
2024,ohh1,GEMS-0113_PHBW8_0005/LH287,11.284504890441895
2024,ohh1,GEMS-0113_PHBW8_0008/LH287,11.284504890441895
2024,ohh1,GEMS-0113_PHBW8_0011/LH287,11.284504890441895
2024,ohh1,GEMS-0113_PHBW8_0014/LH287,11.284504890441895
2024,ohh1,GEMS-0113_PHBW8_0017/LH287,11.284504890441895
2024,ohh1,GEMS-0219_3AZA1_0001/LH287,11.284504890441895
2024,ohh1,GEMS-0219_3AZA1_0002/LH287,11.284504890441895
2024,ohh1,GEMS-0219_3AZA1_0003/LH287,11.284504890441895
2024,ohh1,GEMS-0219_3AZA1_0004/LH287,11.284504890441895
2024,ohh1,GEMS-0219_3AZA1_0006/LH287,11.284504890441895
2024,ohh1,GEMS-0219_3AZA1_0008/LH287,11.284504890441895
2024,ohh1,GEMS-0219_3AZA1_0009/LH287,11.284504890441895
2024,ohh1,GEMS-0219_3AZA1_0012/LH287,11.284504890441895
2024,ohh1,GEMS-0219_FBLL_0003/LH287,11.284504890441895
2024,ohh1,GEMS-0219_FBLL_0006/LH287,11.284504890441895
2024,ohh1,GEMS-0219_FBLL_0008/LH287,11.284504890441895
2024,ohh1,GEMS-0219_FBLL_0009/LH287,11.284504890441895
2024,ohh1,GEMS-0219_FBLL_0010/LH287,11.284504890441895
2024,ohh1,GEMS-0219_FBLL_0011/LH287,11.284504890441895
2024,ohh1,GEMS-0219_FBLL_0012/LH287,11.284504890441895
2024,ohh1,GEMS-0219_FBLL_0014/LH287,11.284504890441895
2024,ohh1,GEMS-0219_FBLL_0015/LH287,11.284504890441895
2024,ohh1,GEMS-0219_FBLL_0017/LH287,11.284504890441895
2024,ohh1,GEMS-0219_FBLL_0018/LH287,11.284504890441895
2024,ohh1,GEMS-0219_FBLL_0019/LH287,11.284504890441895
2024,ohh1,GEMS-0219_FBLL_0021/LH287,11.284504890441895
2024,ohh1,GEMS-0219_FBLL_0023/LH287,11.284504890441895
2024,ohh1,GEMS-0219_FBLL_0027/LH287,11.284504890441895
2024,ohh1,GEMS-0219_FBLL_0028/LH287,11.284504890441895
2024,ohh1,GEMS-0219_PHB47_0001/LH287,11.284504890441895
2024,ohh1,GEMS-0219_PHB47_0003/LH287,11.284504890441895
2024,ohh1,GEMS-0219_PHB47_0006/LH287,11.284504890441895
2024,ohh1,GEMS-0219_PHB47_0011/LH287,11.284504890441895
2024,ohh1,GEMS-0219_PHB47_0014/LH287,11.284504890441895
2024,ohh1,GEMS-0219_PHB47_0017/LH287,11.284504890441895
2024,ohh1,GEMS-0219_PHBW8_0001/LH287,11.284504890441895
2024,ohh1,GEMS-0219_PHBW8_0003/LH287,11.284504890441895
2024,ohh1,GEMS-0219_PHBW8_0004/LH287,11.284504890441895
2024,ohh1,GEMS-0219_PHBW8_0008/LH287,11.284504890441895
2024,ohh1,GEMS-0219_PHBW8_0011/LH287,11.284504890441895
2024,ohh1,GEMS-0227_3AZA1_0001/LH287,11.284504890441895
2024,ohh1,GEMS-0227_3AZA1_0002/LH287,11.284504890441895
2024,ohh1,GEMS-0227_3AZA1_0003/LH287,11.284504890441895
2024,ohh1,GEMS-0227_3AZA1_0004/LH287,11.284504890441895
2024,ohh1,GEMS-0227_3AZA1_0005/LH287,11.284504890441895
2024,ohh1,GEMS-0227_3AZA1_0006/LH287,11.284504890441895
2024,ohh1,GEMS-0227_3AZA1_0007/LH287,11.284504890441895
2024,ohh1,GEMS-0227_3AZA1_0012/LH287,11.284504890441895
2024,ohh1,GEMS-0227_3AZA1_0014/LH287,11.284504890441895
2024,ohh1,GEMS-0227_3AZA1_0016/LH287,11.284504890441895
2024,ohh1,GEMS-0227_3AZA1_0018/LH287,11.284504890441895
2024,ohh1,GEMS-0227_3AZA1_0023/LH287,11.284504890441895
2024,ohh1,GEMS-0227_3AZA1_0024/LH287,11.284504890441895
2024,ohh1,GEMS-0227_3AZA1_0025/LH287,11.284504890441895
2024,ohh1,GEMS-0227_3AZA1_0028/LH287,11.284504890441895
2024,ohh1,GEMS-0227_3AZA1_0029/LH287,11.284504890441895
2024,ohh1,GEMS-0227_3AZA1_0030/LH287,11.284504890441895
2024,ohh1,GEMS-0227_3AZA1_0031/LH287,11.284504890441895
2024,ohh1,GEMS-0227_3AZA1_0036/LH287,11.284504890441895
2024,ohh1,GEMS-0227_3AZA1_0040/LH287,11.284504890441895
2024,ohh1,GEMS-0227_3AZA1_0041/LH287,11.284504890441895
2024,ohh1,GEMS-0227_3AZA1_0043/LH287,11.284504890441895
2024,ohh1,GEMS-0227_3AZA1_0046/LH287,11.284504890441895
2024,ohh1,GEMS-0227_3AZA1_0048/LH287,11.284504890441895
2024,ohh1,GEMS-0227_3AZA1_0049/LH287,11.284504890441895
2024,ohh1,GEMS-0227_FBLL_0001/LH287,11.284504890441895
2024,ohh1,GEMS-0227_FBLL_0002/LH287,11.284504890441895
2024,ohh1,GEMS-0227_FBLL_0004/LH287,11.284504890441895
2024,ohh1,GEMS-0227_FBLL_0005/LH287,11.284504890441895
2024,ohh1,GEMS-0227_FBLL_0007/LH287,11.284504890441895
2024,ohh1,GEMS-0227_FBLL_0008/LH287,11.284504890441895
2024,ohh1,GEMS-0227_FBLL_0009/LH287,11.284504890441895
2024,ohh1,GEMS-0227_FBLL_0010/LH287,11.284504890441895
2024,ohh1,GEMS-0227_FBLL_0013/LH287,11.284504890441895
2024,ohh1,GEMS-0227_FBLL_0014/LH287,11.284504890441895
2024,ohh1,GEMS-0227_FBLL_0015/LH287,11.284504890441895
2024,ohh1,GEMS-0227_FBLL_0016/LH287,11.284504890441895
2024,ohh1,GEMS-0227_FBLL_0019/LH287,11.284504890441895
2024,ohh1,GEMS-0227_FBLL_0022/LH287,11.284504890441895
2024,ohh1,GEMS-0227_FBLL_0023/LH287,11.284504890441895
2024,ohh1,GEMS-0227_FBLL_0024/LH287,11.284504890441895
2024,ohh1,GEMS-0227_FBLL_0025/LH287,11.284504890441895
2024,ohh1,GEMS-0227_FBLL_0029/LH287,11.284504890441895
2024,ohh1,GEMS-0227_FBLL_0032/LH287,11.284504890441895
2024,ohh1,GEMS-0227_FBLL_0033/LH287,11.284504890441895
2024,ohh1,GEMS-0227_FBLL_0034/LH287,11.284504890441895
2024,ohh1,GEMS-0227_FBLL_0035/LH287,11.284504890441895
2024,ohh1,GEMS-0227_FBLL_0036/LH287,11.284504890441895
2024,ohh1,GEMS-0227_FBLL_0037/LH287,11.284504890441895
2024,ohh1,GEMS-0227_FBLL_0038/LH287,11.284504890441895
2024,ohh1,GEMS-0227_FBLL_0040/LH287,11.284504890441895
2024,ohh1,GEMS-0227_FBLL_0041/LH287,11.284504890441895
2024,ohh1,GEMS-0227_FBLL_0043/LH287,11.284504890441895
2024,ohh1,GEMS-0227_FBLL_0045/LH287,11.284504890441895
2024,ohh1,GEMS-0227_FBLL_0046/LH287,11.284504890441895
2024,ohh1,GEMS-0227_FBLL_0047/LH287,11.284504890441895
2024,ohh1,GEMS-0227_FBLL_0048/LH287,11.284504890441895
2024,ohh1,GEMS-0227_FBLL_0049/LH287,11.284504890441895
2024,ohh1,GEMS-0227_FBLL_0050/LH287,11.284504890441895
2024,ohh1,GEMS-0227_FBLL_0051/LH287,11.284504890441895
2024,ohh1,GEMS-0227_FBLL_0052/LH287,11.284504890441895
2024,ohh1,GEMS-0227_FBLL_0055/LH287,11.284504890441895
2024,ohh1,GEMS-0227_FBLL_0057/LH287,11.284504890441895
2024,ohh1,GEMS-0227_FBLL_0058/LH287,11.284504890441895
2024,ohh1,GEMS-0227_FBLL_0060/LH287,11.284504890441895
2024,ohh1,GEMS-0227_FBLL_0062/LH287,11.284504890441895
2024,ohh1,GEMS-0227_FBLL_0063/LH287,11.284504890441895
2024,ohh1,GEMS-0227_FBLL_0066/LH287,11.284504890441895
2024,ohh1,GEMS-0227_FBLL_0067/LH287,11.284504890441895
2024,ohh1,GEMS-0227_FBLL_0068/LH287,11.284504890441895
2024,ohh1,GEMS-0227_FBLL_0069/LH287,11.284504890441895
2024,ohh1,GEMS-0227_FBLL_0070/LH287,11.284504890441895
2024,ohh1,GEMS-0227_FBLL_0072/LH287,11.284504890441895
2024,ohh1,GEMS-0227_FBLL_0077/LH287,11.284504890441895
2024,ohh1,GEMS-0227_FBLL_0078/LH287,11.284504890441895
2024,ohh1,GEMS-0227_FBLL_0080/LH287,11.284504890441895
2024,ohh1,GEMS-0227_FBLL_0082/LH287,11.284504890441895
2024,ohh1,GEMS-0227_FBLL_0084/LH287,11.284504890441895
2024,ohh1,GEMS-0227_FBLL_0085/LH287,11.284504890441895
2024,ohh1,GEMS-0227_FBLL_0087/LH287,11.284504890441895
2024,ohh1,GEMS-0227_FBLL_0088/LH287,11.284504890441895
2024,ohh1,GEMS-0227_FBLL_0089/LH287,11.284504890441895
2024,ohh1,GEMS-0227_FBLL_0090/LH287,11.284504890441895
2024,ohh1,GEMS-0227_FBLL_0094/LH287,11.284504890441895
2024,ohh1,GEMS-0227_FBLL_0095/LH287,11.284504890441895
2024,ohh1,GEMS-0227_FBLL_0096/LH287,11.284504890441895
2024,ohh1,GEMS-0227_FBLL_0097/LH287,11.284504890441895
2024,ohh1,GEMS-0227_FBLL_0098/LH287,11.284504890441895
2024,ohh1,GEMS-0227_FBLL_0101/LH287,11.284504890441895
2024,ohh1,GEMS-0227_FBLL_0102/LH287,11.284504890441895
2024,ohh1,GEMS-0227_FBLL_0104/LH287,11.284504890441895
2024,ohh1,GEMS-0227_FBLL_0115/LH287,11.284504890441895
2024,ohh1,GEMS-0227_FBLL_0116/LH287,11.284504890441895
2024,ohh1,GEMS-0227_FBLL_0118/LH287,11.284504890441895
2024,ohh1,GEMS-0227_FBLL_0121/LH287,11.284504890441895
2024,ohh1,GEMS-0227_FBLL_0124/LH287,11.284504890441895
2024,ohh1,GEMS-0227_FBLL_0125/LH287,11.284504890441895
2024,ohh1,GEMS-0227_FBLL_0133/LH287,11.284504890441895
2024,ohh1,GEMS-0227_FBLL_0134/LH287,11.284504890441895
2024,ohh1,GEMS-0227_FBLL_0136/LH287,11.284504890441895
2024,ohh1,GEMS-0227_FBLL_0140/LH287,11.284504890441895
2024,ohh1,GEMS-0227_PHB47_0001/LH287,11.284504890441895
2024,ohh1,GEMS-0227_PHB47_0002/LH287,11.284504890441895
2024,ohh1,GEMS-0227_PHB47_0003/LH287,11.284504890441895
2024,ohh1,GEMS-0227_PHB47_0006/LH287,11.284504890441895
2024,ohh1,GEMS-0227_PHB47_0007/LH287,11.284504890441895
2024,ohh1,GEMS-0227_PHB47_0009/LH287,11.284504890441895
2024,ohh1,GEMS-0227_PHB47_0011/LH287,11.284504890441895
2024,ohh1,GEMS-0227_PHB47_0016/LH287,11.284504890441895
2024,ohh1,GEMS-0227_PHB47_0022/LH287,11.284504890441895
2024,ohh1,GEMS-0227_PHBW8_0001/LH287,11.284504890441895
2024,ohh1,GEMS-0227_PHBW8_0002/LH287,11.284504890441895
2024,ohh1,GEMS-0227_PHBW8_0006/LH287,11.284504890441895
2024,ohh1,GEMS-0227_PHBW8_0007/LH287,11.284504890441895
2024,ohh1,GEMS-0227_PHBW8_0009/LH287,11.284504890441895
2024,ohh1,GEMS-0227_PHBW8_0011/LH287,11.284504890441895
2024,ohh1,GEMS-0227_PHBW8_0012/LH287,11.284504890441895
2024,ohh1,GEMS-0227_PHBW8_0013/LH287,11.284504890441895
2024,ohh1,GEMS-0227_PHBW8_0017/LH287,11.284504890441895
2024,ohh1,GEMS-0227_PHBW8_0020/LH287,11.284504890441895
2024,ohh1,GEMS-0227_PHBW8_0022/LH287,11.284504890441895
2024,ohh1,GEMS-0227_PHBW8_0024/LH287,11.284504890441895
2024,ohh1,LH132/LH287,11.284504890441895
2024,ohh1,LH146HT/LH287,11.284504890441895
2024,ohh1,LH192/LH287,11.284504890441895
2024,ohh1,LH194/LH287,11.284504890441895
2024,ohh1,LH195/LH287,11.284504890441895
2024,ohh1,LH195/PHZ51,10.666057586669922
2024,ohh1,LH197/LH287,11.284504890441895
2024,ohh1,LH198/LH287,11.284504890441895
2024,ohh1,LH200/LH287,11.284504890441895
2024,ohh1,LH225/LH287,11.284504890441895
2024,ohh1,LH226HT/LH287,11.284504890441895
2024,ohh1,LH228/LH287,11.284504890441895
2024,ohh1,LH231/LH287,11.284504890441895
2024,ohh1,LH235/LH287,11.284504890441895
2024,ohh1,LH236/LH287,11.284504890441895
2024,ohh1,LH244/PHK76,10.9857177734375
2024,ohh1,LH264/LH287,11.284504890441895
2024,ohh1,LH286/LH287,11.284504890441895
2024,ohh1,LH287/LH244,13.627585411071777
2024,ohh1,LH82/LH244,11.25949478149414
2024,ohh1,MM501D/LH244,12.922496795654297
2024,ohh1,NKH8431/LH287,11.284504890441895
2024,ohh1,PH05F/LH287,11.284504890441895
2024,ohh1,PH05W/LH287,11.284504890441895
2024,ohh1,PH06N/LH287,11.284504890441895
2024,ohh1,PH09B/LH287,11.284504890441895
2024,ohh1,PH09E/LH287,11.284504890441895
2024,ohh1,PH0CD/LH287,11.284504890441895
2024,ohh1,PH12C/LH287,11.284504890441895
2024,ohh1,PH19V/LH287,11.284504890441895
2024,ohh1,PH1CA/LH287,11.284504890441895
2024,ohh1,PH1GC/LH287,11.284504890441895
2024,ohh1,PH1GG/LH287,11.284504890441895
2024,ohh1,PH1TB/LH287,11.284504890441895
2024,ohh1,PH1W2/LH287,11.284504890441895
2024,ohh1,PH24E/LH244,13.177752494812012
2024,ohh1,PH38D/LH287,11.284504890441895
2024,ohh1,PH42B/LH287,11.284504890441895
2024,ohh1,PH44A/LH287,11.284504890441895
2024,ohh1,PH63A/LH287,11.284504890441895
2024,ohh1,PH79A/LH287,11.284504890441895
2024,ohh1,PHB47/LH287,11.284504890441895
2024,ohh1,PHB47/PHN82,12.161459922790527
2024,ohh1,PHB47/PHZ51,10.611811637878418
2024,ohh1,PHBW8/LH287,11.284504890441895
2024,ohh1,PHEW7/LH287,11.284504890441895
2024,ohh1,PHG29/PHG47,9.56574821472168
2024,ohh1,PHG39/PHN82,12.359158515930176
2024,ohh1,PHHB9/LH287,11.284504890441895
2024,ohh1,PHJ40/PHAJ0,6.681072235107422
2024,ohh1,PHJ89/LH244,12.455424308776855
2024,ohh1,PHK56/LH244,13.009564399719238
2024,ohh1,PHKV0/LH287,11.284504890441895
2024,ohh1,PHN41/LH287,11.284504890441895
2024,ohh1,PHN46/LH244,10.83588981628418
2024,ohh1,PHNJ2/LH287,11.284504890441895
2024,ohh1,PHP02/LH244,13.04508113861084
2024,ohh1,PHR03/LH244,13.205170631408691
2024,ohh1,PHRE1/PHTD5,8.101471900939941
2024,ohh1,PHT10/LH287,11.284504890441895
2024,ohh1,PHT11/LH287,11.284504890441895
2024,ohh1,PHT47/LH287,11.284504890441895
2024,ohh1,PHTP9/LH287,11.284504890441895
2024,ohh1,PHVJ5/LH287,11.284504890441895
2024,ohh1,PHW30/LH244,12.676287651062012
2024,ohh1,PHW52/PHM49,11.503129959106445
2024,ohh1,W10004_0018/LH287,11.284504890441895
2024,ohh1,W10004_0031/LH287,11.284504890441895
2024,ohh1,W10004_0034/LH287,11.284504890441895
2024,ohh1,W10004_0055/LH287,11.284504890441895
2024,ohh1,W10004_0062/LH287,11.284504890441895
2024,ohh1,W10004_0095/LH287,11.284504890441895
2024,ohh1,W10004_0133/LH287,11.284504890441895
2024,ohh1,W10004_0138/LH287,11.284504890441895
2024,ohh1,W10004_0167/LH287,11.284504890441895
2024,ohh1,W10004_0168/LH287,11.284504890441895
2024,ohh1,W10004_0189/LH287,11.284504890441895
2024,ohh1,W10004_0258/LH287,11.284504890441895
2024,ohh1,W10004_0270/LH287,11.284504890441895
2024,ohh1,W10004_0346/LH287,11.284504890441895
2024,ohh1,W10004_0403/LH287,11.284504890441895
2024,ohh1,W10004_0412/LH287,11.284504890441895
2024,ohh1,W10004_0476/LH287,11.284504890441895
2024,ohh1,W10004_0601/LH287,11.284504890441895
2024,ohh1,W10004_0658/LH287,11.284504890441895
2024,ohh1,W10004_0688/LH287,11.284504890441895
2024,ohh1,W10004_0691/LH287,11.284504890441895
2024,ohh1,W10004_0715/LH287,11.284504890441895
2024,ohh1,W10004_0747/LH287,11.284504890441895
2024,ohh1,W10004_0771/LH287,11.284504890441895
2024,ohh1,W10004_0776/LH287,11.284504890441895
2024,ohh1,W10004_0801/LH287,11.284504890441895
2024,ohh1,W10004_0859/LH287,11.284504890441895
2024,ohh1,W10004_1014/LH287,11.284504890441895
2024,ohh1,W10004_1018/LH287,11.284504890441895
2024,ohh1,W10004_1080/LH287,11.284504890441895
2024,ohh1,WQCD10/LH287,11.284504890441895
2024,ohh1,ZS01459/LH287,11.284504890441895
2024,ohh1,ZS0510/LH287,11.284504890441895
2024,onh3,01DIB2/PHP02,10.019950866699219
2024,onh3,2369/LH123HT,11.263628005981445
2024,onh3,6F629/PHP02,10.019950866699219
2024,onh3,B14A/OH43,9.467440605163574
2024,onh3,B37/H95,9.3381805419921875
2024,onh3,B73/MO17,11.206077575683594
2024,onh3,B73/PHN82,11.112479209899902
2024,onh3,B73/TX779,8.629997253417969
2024,onh3,CG119/CG108,7.050957679748535
2024,onh3,CG44/CGR01,8.8502044677734375
2024,onh3,DK3IIH6/LH244,11.181646347045898
2024,onh3,FBLA/PHP02,10.019950866699219
2024,onh3,FBLL/PHP02,10.019950866699219
2024,onh3,GEMS-0061_3AZA1_0001/PHP02,10.019950866699219
2024,onh3,GEMS-0061_3AZA1_0004/PHP02,10.019950866699219
2024,onh3,GEMS-0061_3AZA1_0005/PHP02,10.019950866699219
2024,onh3,GEMS-0061_3AZA1_0006/PHP02,10.019950866699219
2024,onh3,GEMS-0061_3AZA1_0009/PHP02,10.019950866699219
2024,onh3,GEMS-0061_3AZA1_0010/PHP02,10.019950866699219
2024,onh3,GEMS-0061_3AZA1_0012/PHP02,10.019950866699219
2024,onh3,GEMS-0061_3AZA1_0013/PHP02,10.019950866699219
2024,onh3,GEMS-0061_3AZA1_0015/PHP02,10.019950866699219
2024,onh3,GEMS-0061_3AZA1_0016/PHP02,10.019950866699219
2024,onh3,GEMS-0061_3AZA1_0017/PHP02,10.019950866699219
2024,onh3,GEMS-0061_3AZA1_0021/PHP02,10.019950866699219
2024,onh3,GEMS-0061_FBLL_0002/PHP02,10.019950866699219
2024,onh3,GEMS-0061_FBLL_0005/PHP02,10.019950866699219
2024,onh3,GEMS-0061_FBLL_0007/PHP02,10.019950866699219
2024,onh3,GEMS-0061_FBLL_0008/PHP02,10.019950866699219
2024,onh3,GEMS-0061_FBLL_0009/PHP02,10.019950866699219
2024,onh3,GEMS-0061_FBLL_0010/PHP02,10.019950866699219
2024,onh3,GEMS-0061_FBLL_0011/PHP02,10.019950866699219
2024,onh3,GEMS-0061_FBLL_0015/PHP02,10.019950866699219
2024,onh3,GEMS-0061_FBLL_0016/PHP02,10.019950866699219
2024,onh3,GEMS-0061_FBLL_0017/PHP02,10.019950866699219
2024,onh3,GEMS-0061_FBLL_0019/PHP02,10.019950866699219
2024,onh3,GEMS-0061_FBLL_0022/PHP02,10.019950866699219
2024,onh3,GEMS-0061_FBLL_0024/PHP02,10.019950866699219
2024,onh3,GEMS-0061_FBLL_0025/PHP02,10.019950866699219
2024,onh3,GEMS-0061_FBLL_0026/PHP02,10.019950866699219
2024,onh3,GEMS-0061_FBLL_0029/PHP02,10.019950866699219
2024,onh3,GEMS-0061_FBLL_0031/PHP02,10.019950866699219
2024,onh3,GEMS-0061_FBLL_0033/PHP02,10.019950866699219
2024,onh3,GEMS-0061_FBLL_0034/PHP02,10.019950866699219
2024,onh3,GEMS-0061_FBLL_0035/PHP02,10.019950866699219
2024,onh3,GEMS-0061_FBLL_0037/PHP02,10.019950866699219
2024,onh3,GEMS-0061_FBLL_0038/PHP02,10.019950866699219
2024,onh3,GEMS-0061_FBLL_0039/PHP02,10.019950866699219
2024,onh3,GEMS-0061_FBLL_0040/PHP02,10.019950866699219
2024,onh3,GEMS-0061_FBLL_0042/PHP02,10.019950866699219
2024,onh3,GEMS-0061_FBLL_0044/PHP02,10.019950866699219
2024,onh3,GEMS-0061_FBLL_0050/PHP02,10.019950866699219
2024,onh3,GEMS-0061_PHB47_0001/PHP02,10.019950866699219
2024,onh3,GEMS-0061_PHB47_0003/PHP02,10.019950866699219
2024,onh3,GEMS-0061_PHB47_0004/PHP02,10.019950866699219
2024,onh3,GEMS-0061_PHBW8_0001/PHP02,10.019950866699219
2024,onh3,GEMS-0061_PHBW8_0002/PHP02,10.019950866699219
2024,onh3,GEMS-0113_3AZA1_0001/PHP02,10.019950866699219
2024,onh3,GEMS-0113_3AZA1_0002/PHP02,10.019950866699219
2024,onh3,GEMS-0113_3AZA1_0003/PHP02,10.019950866699219
2024,onh3,GEMS-0113_3AZA1_0004/PHP02,10.019950866699219
2024,onh3,GEMS-0113_3AZA1_0005/PHP02,10.019950866699219
2024,onh3,GEMS-0113_3AZA1_0006/PHP02,10.019950866699219
2024,onh3,GEMS-0113_3AZA1_0007/PHP02,10.019950866699219
2024,onh3,GEMS-0113_3AZA1_0008/PHP02,10.019950866699219
2024,onh3,GEMS-0113_3AZA1_0013/PHP02,10.019950866699219
2024,onh3,GEMS-0113_3AZA1_0014/PHP02,10.019950866699219
2024,onh3,GEMS-0113_3AZA1_0015/PHP02,10.019950866699219
2024,onh3,GEMS-0113_3AZA1_0016/PHP02,10.019950866699219
2024,onh3,GEMS-0113_3AZA1_0017/PHP02,10.019950866699219
2024,onh3,GEMS-0113_3AZA1_0018/PHP02,10.019950866699219
2024,onh3,GEMS-0113_3AZA1_0019/PHP02,10.019950866699219
2024,onh3,GEMS-0113_3AZA1_0021/PHP02,10.019950866699219
2024,onh3,GEMS-0113_3AZA1_0022/PHP02,10.019950866699219
2024,onh3,GEMS-0113_3AZA1_0024/PHP02,10.019950866699219
2024,onh3,GEMS-0113_3AZA1_0025/PHP02,10.019950866699219
2024,onh3,GEMS-0113_3AZA1_0026/PHP02,10.019950866699219
2024,onh3,GEMS-0113_3AZA1_0028/PHP02,10.019950866699219
2024,onh3,GEMS-0113_3AZA1_0031/PHP02,10.019950866699219
2024,onh3,GEMS-0113_3AZA1_0038/PHP02,10.019950866699219
2024,onh3,GEMS-0113_FBLL_0002/PHP02,10.019950866699219
2024,onh3,GEMS-0113_FBLL_0003/PHP02,10.019950866699219
2024,onh3,GEMS-0113_FBLL_0007/PHP02,10.019950866699219
2024,onh3,GEMS-0113_FBLL_0008/PHP02,10.019950866699219
2024,onh3,GEMS-0113_FBLL_0013/PHP02,10.019950866699219
2024,onh3,GEMS-0113_FBLL_0015/PHP02,10.019950866699219
2024,onh3,GEMS-0113_PHB47_0001/PHP02,10.019950866699219
2024,onh3,GEMS-0113_PHB47_0003/PHP02,10.019950866699219
2024,onh3,GEMS-0113_PHB47_0004/PHP02,10.019950866699219
2024,onh3,GEMS-0113_PHB47_0006/PHP02,10.019950866699219
2024,onh3,GEMS-0113_PHB47_0009/PHP02,10.019950866699219
2024,onh3,GEMS-0113_PHB47_0011/PHP02,10.019950866699219
2024,onh3,GEMS-0113_PHB47_0012/PHP02,10.019950866699219
2024,onh3,GEMS-0113_PHB47_0014/PHP02,10.019950866699219
2024,onh3,GEMS-0113_PHB47_0015/PHP02,10.019950866699219
2024,onh3,GEMS-0113_PHB47_0019/PHP02,10.019950866699219
2024,onh3,GEMS-0113_PHB47_0020/PHP02,10.019950866699219
2024,onh3,GEMS-0113_PHB47_0021/PHP02,10.019950866699219
2024,onh3,GEMS-0113_PHBW8_0001/PHP02,10.019950866699219
2024,onh3,GEMS-0113_PHBW8_0002/PHP02,10.019950866699219
2024,onh3,GEMS-0113_PHBW8_0004/PHP02,10.019950866699219
2024,onh3,GEMS-0113_PHBW8_0006/PHP02,10.019950866699219
2024,onh3,GEMS-0113_PHBW8_0007/PHP02,10.019950866699219
2024,onh3,GEMS-0113_PHBW8_0008/PHP02,10.019950866699219
2024,onh3,GEMS-0113_PHBW8_0009/PHP02,10.019950866699219
2024,onh3,GEMS-0113_PHBW8_0010/PHP02,10.019950866699219
2024,onh3,GEMS-0113_PHBW8_0011/PHP02,10.019950866699219
2024,onh3,GEMS-0113_PHBW8_0012/PHP02,10.019950866699219
2024,onh3,GEMS-0113_PHBW8_0013/PHP02,10.019950866699219
2024,onh3,GEMS-0113_PHBW8_0017/PHP02,10.019950866699219
2024,onh3,GEMS-0219_3AZA1_0003/PHP02,10.019950866699219
2024,onh3,GEMS-0219_3AZA1_0004/PHP02,10.019950866699219
2024,onh3,GEMS-0219_3AZA1_0005/PHP02,10.019950866699219
2024,onh3,GEMS-0219_3AZA1_0006/PHP02,10.019950866699219
2024,onh3,GEMS-0219_3AZA1_0007/PHP02,10.019950866699219
2024,onh3,GEMS-0219_3AZA1_0009/PHP02,10.019950866699219
2024,onh3,GEMS-0219_3AZA1_0010/PHP02,10.019950866699219
2024,onh3,GEMS-0219_3AZA1_0012/PHP02,10.019950866699219
2024,onh3,GEMS-0219_3AZA1_0014/PHP02,10.019950866699219
2024,onh3,GEMS-0219_FBLL_0002/PHP02,10.019950866699219
2024,onh3,GEMS-0219_FBLL_0003/PHP02,10.019950866699219
2024,onh3,GEMS-0219_FBLL_0004/PHP02,10.019950866699219
2024,onh3,GEMS-0219_FBLL_0005/PHP02,10.019950866699219
2024,onh3,GEMS-0219_FBLL_0006/PHP02,10.019950866699219
2024,onh3,GEMS-0219_FBLL_0007/PHP02,10.019950866699219
2024,onh3,GEMS-0219_FBLL_0008/PHP02,10.019950866699219
2024,onh3,GEMS-0219_FBLL_0009/PHP02,10.019950866699219
2024,onh3,GEMS-0219_FBLL_0010/PHP02,10.019950866699219
2024,onh3,GEMS-0219_FBLL_0011/PHP02,10.019950866699219
2024,onh3,GEMS-0219_FBLL_0012/PHP02,10.019950866699219
2024,onh3,GEMS-0219_FBLL_0013/PHP02,10.019950866699219
2024,onh3,GEMS-0219_FBLL_0014/PHP02,10.019950866699219
2024,onh3,GEMS-0219_FBLL_0018/PHP02,10.019950866699219
2024,onh3,GEMS-0219_FBLL_0020/PHP02,10.019950866699219
2024,onh3,GEMS-0219_FBLL_0021/PHP02,10.019950866699219
2024,onh3,GEMS-0219_FBLL_0022/PHP02,10.019950866699219
2024,onh3,GEMS-0219_FBLL_0023/PHP02,10.019950866699219
2024,onh3,GEMS-0219_FBLL_0025/PHP02,10.019950866699219
2024,onh3,GEMS-0219_FBLL_0027/PHP02,10.019950866699219
2024,onh3,GEMS-0219_FBLL_0028/PHP02,10.019950866699219
2024,onh3,GEMS-0219_FBLL_0030/PHP02,10.019950866699219
2024,onh3,GEMS-0219_PHB47_0001/PHP02,10.019950866699219
2024,onh3,GEMS-0219_PHB47_0002/PHP02,10.019950866699219
2024,onh3,GEMS-0219_PHB47_0003/PHP02,10.019950866699219
2024,onh3,GEMS-0219_PHB47_0004/PHP02,10.019950866699219
2024,onh3,GEMS-0219_PHB47_0005/PHP02,10.019950866699219
2024,onh3,GEMS-0219_PHB47_0006/PHP02,10.019950866699219
2024,onh3,GEMS-0219_PHB47_0014/PHP02,10.019950866699219
2024,onh3,GEMS-0219_PHBW8_0002/PHP02,10.019950866699219
2024,onh3,GEMS-0219_PHBW8_0004/PHP02,10.019950866699219
2024,onh3,GEMS-0219_PHBW8_0008/PHP02,10.019950866699219
2024,onh3,GEMS-0219_PHBW8_0009/PHP02,10.019950866699219
2024,onh3,GEMS-0227_3AZA1_0001/PHP02,10.019950866699219
2024,onh3,GEMS-0227_3AZA1_0003/PHP02,10.019950866699219
2024,onh3,GEMS-0227_3AZA1_0004/PHP02,10.019950866699219
2024,onh3,GEMS-0227_3AZA1_0005/PHP02,10.019950866699219
2024,onh3,GEMS-0227_3AZA1_0006/PHP02,10.019950866699219
2024,onh3,GEMS-0227_3AZA1_0007/PHP02,10.019950866699219
2024,onh3,GEMS-0227_3AZA1_0008/PHP02,10.019950866699219
2024,onh3,GEMS-0227_3AZA1_0009/PHP02,10.019950866699219
2024,onh3,GEMS-0227_3AZA1_0010/PHP02,10.019950866699219
2024,onh3,GEMS-0227_3AZA1_0011/PHP02,10.019950866699219
2024,onh3,GEMS-0227_3AZA1_0012/PHP02,10.019950866699219
2024,onh3,GEMS-0227_3AZA1_0013/PHP02,10.019950866699219
2024,onh3,GEMS-0227_3AZA1_0014/PHP02,10.019950866699219
2024,onh3,GEMS-0227_3AZA1_0015/PHP02,10.019950866699219
2024,onh3,GEMS-0227_3AZA1_0016/PHP02,10.019950866699219
2024,onh3,GEMS-0227_3AZA1_0017/PHP02,10.019950866699219
2024,onh3,GEMS-0227_3AZA1_0018/PHP02,10.019950866699219
2024,onh3,GEMS-0227_3AZA1_0019/PHP02,10.019950866699219
2024,onh3,GEMS-0227_3AZA1_0022/PHP02,10.019950866699219
2024,onh3,GEMS-0227_3AZA1_0023/PHP02,10.019950866699219
2024,onh3,GEMS-0227_3AZA1_0024/PHP02,10.019950866699219
2024,onh3,GEMS-0227_3AZA1_0025/PHP02,10.019950866699219
2024,onh3,GEMS-0227_3AZA1_0028/PHP02,10.019950866699219
2024,onh3,GEMS-0227_3AZA1_0029/PHP02,10.019950866699219
2024,onh3,GEMS-0227_3AZA1_0031/PHP02,10.019950866699219
2024,onh3,GEMS-0227_3AZA1_0032/PHP02,10.019950866699219
2024,onh3,GEMS-0227_3AZA1_0034/PHP02,10.019950866699219
2024,onh3,GEMS-0227_3AZA1_0035/PHP02,10.019950866699219
2024,onh3,GEMS-0227_3AZA1_0040/PHP02,10.019950866699219
2024,onh3,GEMS-0227_3AZA1_0045/PHP02,10.019950866699219
2024,onh3,GEMS-0227_3AZA1_0046/PHP02,10.019950866699219
2024,onh3,GEMS-0227_3AZA1_0048/PHP02,10.019950866699219
2024,onh3,GEMS-0227_3AZA1_0049/PHP02,10.019950866699219
2024,onh3,GEMS-0227_FBLL_0001/PHP02,10.019950866699219
2024,onh3,GEMS-0227_FBLL_0002/PHP02,10.019950866699219
2024,onh3,GEMS-0227_FBLL_0003/PHP02,10.019950866699219
2024,onh3,GEMS-0227_FBLL_0004/PHP02,10.019950866699219
2024,onh3,GEMS-0227_FBLL_0005/PHP02,10.019950866699219
2024,onh3,GEMS-0227_FBLL_0007/PHP02,10.019950866699219
2024,onh3,GEMS-0227_FBLL_0008/PHP02,10.019950866699219
2024,onh3,GEMS-0227_FBLL_0009/PHP02,10.019950866699219
2024,onh3,GEMS-0227_FBLL_0014/PHP02,10.019950866699219
2024,onh3,GEMS-0227_FBLL_0016/PHP02,10.019950866699219
2024,onh3,GEMS-0227_FBLL_0018/PHP02,10.019950866699219
2024,onh3,GEMS-0227_FBLL_0021/PHP02,10.019950866699219
2024,onh3,GEMS-0227_FBLL_0022/PHP02,10.019950866699219
2024,onh3,GEMS-0227_FBLL_0023/PHP02,10.019950866699219
2024,onh3,GEMS-0227_FBLL_0024/PHP02,10.019950866699219
2024,onh3,GEMS-0227_FBLL_0025/PHP02,10.019950866699219
2024,onh3,GEMS-0227_FBLL_0027/PHP02,10.019950866699219
2024,onh3,GEMS-0227_FBLL_0028/PHP02,10.019950866699219
2024,onh3,GEMS-0227_FBLL_0029/PHP02,10.019950866699219
2024,onh3,GEMS-0227_FBLL_0030/PHP02,10.019950866699219
2024,onh3,GEMS-0227_FBLL_0033/PHP02,10.019950866699219
2024,onh3,GEMS-0227_FBLL_0034/PHP02,10.019950866699219
2024,onh3,GEMS-0227_FBLL_0035/PHP02,10.019950866699219
2024,onh3,GEMS-0227_FBLL_0036/PHP02,10.019950866699219
2024,onh3,GEMS-0227_FBLL_0037/PHP02,10.019950866699219
2024,onh3,GEMS-0227_FBLL_0038/PHP02,10.019950866699219
2024,onh3,GEMS-0227_FBLL_0039/PHP02,10.019950866699219
2024,onh3,GEMS-0227_FBLL_0040/PHP02,10.019950866699219
2024,onh3,GEMS-0227_FBLL_0041/PHP02,10.019950866699219
2024,onh3,GEMS-0227_FBLL_0042/PHP02,10.019950866699219
2024,onh3,GEMS-0227_FBLL_0044/PHP02,10.019950866699219
2024,onh3,GEMS-0227_FBLL_0046/PHP02,10.019950866699219
2024,onh3,GEMS-0227_FBLL_0047/PHP02,10.019950866699219
2024,onh3,GEMS-0227_FBLL_0048/PHP02,10.019950866699219
2024,onh3,GEMS-0227_FBLL_0049/PHP02,10.019950866699219
2024,onh3,GEMS-0227_FBLL_0050/PHP02,10.019950866699219
2024,onh3,GEMS-0227_FBLL_0051/PHP02,10.019950866699219
2024,onh3,GEMS-0227_FBLL_0052/PHP02,10.019950866699219
2024,onh3,GEMS-0227_FBLL_0053/PHP02,10.019950866699219
2024,onh3,GEMS-0227_FBLL_0054/PHP02,10.019950866699219
2024,onh3,GEMS-0227_FBLL_0056/PHP02,10.019950866699219
2024,onh3,GEMS-0227_FBLL_0057/PHP02,10.019950866699219
2024,onh3,GEMS-0227_FBLL_0059/PHP02,10.019950866699219
2024,onh3,GEMS-0227_FBLL_0063/PHP02,10.019950866699219
2024,onh3,GEMS-0227_FBLL_0064/PHP02,10.019950866699219
2024,onh3,GEMS-0227_FBLL_0066/PHP02,10.019950866699219
2024,onh3,GEMS-0227_FBLL_0067/PHP02,10.019950866699219
2024,onh3,GEMS-0227_FBLL_0068/PHP02,10.019950866699219
2024,onh3,GEMS-0227_FBLL_0070/PHP02,10.019950866699219
2024,onh3,GEMS-0227_FBLL_0072/PHP02,10.019950866699219
2024,onh3,GEMS-0227_FBLL_0073/PHP02,10.019950866699219
2024,onh3,GEMS-0227_FBLL_0075/PHP02,10.019950866699219
2024,onh3,GEMS-0227_FBLL_0077/PHP02,10.019950866699219
2024,onh3,GEMS-0227_FBLL_0078/PHP02,10.019950866699219
2024,onh3,GEMS-0227_FBLL_0082/PHP02,10.019950866699219
2024,onh3,GEMS-0227_FBLL_0084/PHP02,10.019950866699219
2024,onh3,GEMS-0227_FBLL_0085/PHP02,10.019950866699219
2024,onh3,GEMS-0227_FBLL_0086/PHP02,10.019950866699219
2024,onh3,GEMS-0227_FBLL_0087/PHP02,10.019950866699219
2024,onh3,GEMS-0227_FBLL_0088/PHP02,10.019950866699219
2024,onh3,GEMS-0227_FBLL_0089/PHP02,10.019950866699219
2024,onh3,GEMS-0227_FBLL_0090/PHP02,10.019950866699219
2024,onh3,GEMS-0227_FBLL_0093/PHP02,10.019950866699219
2024,onh3,GEMS-0227_FBLL_0094/PHP02,10.019950866699219
2024,onh3,GEMS-0227_FBLL_0095/PHP02,10.019950866699219
2024,onh3,GEMS-0227_FBLL_0096/PHP02,10.019950866699219
2024,onh3,GEMS-0227_FBLL_0097/PHP02,10.019950866699219
2024,onh3,GEMS-0227_FBLL_0098/PHP02,10.019950866699219
2024,onh3,GEMS-0227_FBLL_0101/PHP02,10.019950866699219
2024,onh3,GEMS-0227_FBLL_0102/PHP02,10.019950866699219
2024,onh3,GEMS-0227_FBLL_0104/PHP02,10.019950866699219
2024,onh3,GEMS-0227_FBLL_0107/PHP02,10.019950866699219
2024,onh3,GEMS-0227_FBLL_0110/PHP02,10.019950866699219
2024,onh3,GEMS-0227_FBLL_0111/PHP02,10.019950866699219
2024,onh3,GEMS-0227_FBLL_0113/PHP02,10.019950866699219
2024,onh3,GEMS-0227_FBLL_0114/PHP02,10.019950866699219
2024,onh3,GEMS-0227_FBLL_0116/PHP02,10.019950866699219
2024,onh3,GEMS-0227_FBLL_0117/PHP02,10.019950866699219
2024,onh3,GEMS-0227_FBLL_0118/PHP02,10.019950866699219
2024,onh3,GEMS-0227_FBLL_0124/PHP02,10.019950866699219
2024,onh3,GEMS-0227_FBLL_0125/PHP02,10.019950866699219
2024,onh3,GEMS-0227_FBLL_0133/PHP02,10.019950866699219
2024,onh3,GEMS-0227_FBLL_0134/PHP02,10.019950866699219
2024,onh3,GEMS-0227_FBLL_0140/PHP02,10.019950866699219
2024,onh3,GEMS-0227_FBLL_0141/PHP02,10.019950866699219
2024,onh3,GEMS-0227_PHB47_0001/PHP02,10.019950866699219
2024,onh3,GEMS-0227_PHB47_0002/PHP02,10.019950866699219
2024,onh3,GEMS-0227_PHB47_0003/PHP02,10.019950866699219
2024,onh3,GEMS-0227_PHB47_0004/PHP02,10.019950866699219
2024,onh3,GEMS-0227_PHB47_0007/PHP02,10.019950866699219
2024,onh3,GEMS-0227_PHB47_0009/PHP02,10.019950866699219
2024,onh3,GEMS-0227_PHB47_0011/PHP02,10.019950866699219
2024,onh3,GEMS-0227_PHB47_0012/PHP02,10.019950866699219
2024,onh3,GEMS-0227_PHB47_0014/PHP02,10.019950866699219
2024,onh3,GEMS-0227_PHB47_0022/PHP02,10.019950866699219
2024,onh3,GEMS-0227_PHB47_0024/PHP02,10.019950866699219
2024,onh3,GEMS-0227_PHB47_0025/PHP02,10.019950866699219
2024,onh3,GEMS-0227_PHB47_0026/PHP02,10.019950866699219
2024,onh3,GEMS-0227_PHBW8_0001/PHP02,10.019950866699219
2024,onh3,GEMS-0227_PHBW8_0002/PHP02,10.019950866699219
2024,onh3,GEMS-0227_PHBW8_0004/PHP02,10.019950866699219
2024,onh3,GEMS-0227_PHBW8_0007/PHP02,10.019950866699219
2024,onh3,GEMS-0227_PHBW8_0009/PHP02,10.019950866699219
2024,onh3,GEMS-0227_PHBW8_0010/PHP02,10.019950866699219
2024,onh3,GEMS-0227_PHBW8_0011/PHP02,10.019950866699219
2024,onh3,GEMS-0227_PHBW8_0012/PHP02,10.019950866699219
2024,onh3,GEMS-0227_PHBW8_0013/PHP02,10.019950866699219
2024,onh3,GEMS-0227_PHBW8_0015/PHP02,10.019950866699219
2024,onh3,GEMS-0227_PHBW8_0017/PHP02,10.019950866699219
2024,onh3,GEMS-0227_PHBW8_0019/PHP02,10.019950866699219
2024,onh3,GEMS-0227_PHBW8_0020/PHP02,10.019950866699219
2024,onh3,GEMS-0227_PHBW8_0022/PHP02,10.019950866699219
2024,onh3,GEMS-0227_PHBW8_0024/PHP02,10.019950866699219
2024,onh3,LH132/PHP02,9.963203430175781
2024,onh3,LH146HT/PHP02,10.019950866699219
2024,onh3,LH193/PHP02,10.019950866699219
2024,onh3,LH195/PHP02,9.920421600341797
2024,onh3,LH195/PHZ51,9.610749244689941
2024,onh3,LH197/PHP02,10.019950866699219
2024,onh3,LH200/PHP02,10.019950866699219
2024,onh3,LH204/PHP02,10.019950866699219
2024,onh3,LH224/PHP02,10.019950866699219
2024,onh3,LH225/PHP02,10.019950866699219
2024,onh3,LH226HT/PHP02,10.019950866699219
2024,onh3,LH228/PHP02,10.019950866699219
2024,onh3,LH231/PHP02,10.019950866699219
2024,onh3,LH234/PHP02,10.019950866699219
2024,onh3,LH235/PHP02,10.019950866699219
2024,onh3,LH236/PHP02,10.019950866699219
2024,onh3,LH237/PHP02,10.019950866699219
2024,onh3,LH238/PHP02,10.019950866699219
2024,onh3,LH244/PHK76,9.718554496765137
2024,onh3,LH244/PHP02,10.019950866699219
2024,onh3,LH264/PHP02,10.019950866699219
2024,onh3,LH286/PHP02,10.019950866699219
2024,onh3,LH287/LH244,11.798130989074707
2024,onh3,LH292/PHP02,10.019950866699219
2024,onh3,LH82/LH244,9.868191719055176
2024,onh3,MM501D/LH244,11.190354347229004
2024,onh3,NKH8431/PHP02,10.019950866699219
2024,onh3,PH05F/PHP02,10.019950866699219
2024,onh3,PH05G/PHP02,10.019950866699219
2024,onh3,PH05W/PHP02,10.019950866699219
2024,onh3,PH06N/PHP02,10.019950866699219
2024,onh3,PH07D/PHP02,10.019950866699219
2024,onh3,PH080/PHP02,10.019950866699219
2024,onh3,PH08A/PHP02,10.019950866699219
2024,onh3,PH09B/PHP02,10.019950866699219
2024,onh3,PH09E/PHP02,10.019950866699219
2024,onh3,PH0B4/PHP02,10.019950866699219
2024,onh3,PH0GP/PHP02,10.019950866699219
2024,onh3,PH19V/PHP02,10.019950866699219
2024,onh3,PH1GC/PHP02,10.019950866699219
2024,onh3,PH1TB/PHP02,10.019950866699219
2024,onh3,PH1W2/PHP02,10.019950866699219
2024,onh3,PH24E/LH244,11.133563041687012
2024,onh3,PH24M/PHP02,10.019950866699219
2024,onh3,PH37C/PHP02,10.019950866699219
2024,onh3,PH38D/PHP02,10.019950866699219
2024,onh3,PH42B/PHP02,10.019950866699219
2024,onh3,PH44A/PHP02,10.019950866699219
2024,onh3,PH55C/PHP02,10.019950866699219
2024,onh3,PH63A/PHP02,10.019950866699219
2024,onh3,PH79A/PHP02,10.019950866699219
2024,onh3,PHB47/PHN82,10.67332649230957
2024,onh3,PHB47/PHZ51,9.4962739944458
2024,onh3,PHDG1/PHP02,10.019950866699219
2024,onh3,PHEW7/PHP02,10.019950866699219
2024,onh3,PHG29/PHG47,9.07829761505127
2024,onh3,PHG39/PHN82,10.741132736206055
2024,onh3,PHHB9/PHP02,10.019950866699219
2024,onh3,PHJ40/PHAJ0,7.050957679748535
2024,onh3,PHJ89/LH244,10.75464916229248
2024,onh3,PHK56/LH244,11.166644096374512
2024,onh3,PHKV0/PHP02,10.019950866699219
2024,onh3,PHN41/PHP02,10.019950866699219
2024,onh3,PHN46/LH244,9.489148139953613
2024,onh3,PHN66/PHP02,10.019950866699219
2024,onh3,PHP02/LH244,11.127999305725098
2024,onh3,PHP38/PHP02,10.019950866699219
2024,onh3,PHPR5/PHP02,10.019950866699219
2024,onh3,PHR03/LH244,11.172983169555664
2024,onh3,PHR61/PHP02,10.019950866699219
2024,onh3,PHRE1/PHTD5,8.237947463989258
2024,onh3,PHT10/PHP02,10.019950866699219
2024,onh3,PHT11/PHP02,10.019950866699219
2024,onh3,PHT47/PHP02,10.019950866699219
2024,onh3,PHTP9/PHP02,10.019950866699219
2024,onh3,PHTV7/PHP02,10.019950866699219
2024,onh3,PHV37/PHP02,10.019950866699219
2024,onh3,PHW30/LH244,10.956419944763184
2024,onh3,PHW52/PHM49,10.261940002441406
2024,onh3,PHW52/PHP02,10.019950866699219
2024,onh3,TX777/LH195,9.104788780212402
2024,onh3,W10004_0018/PHP02,9.822652816772461
2024,onh3,W10004_0031/PHP02,11.127999305725098
2024,onh3,W10004_0034/PHP02,11.000351905822754
2024,onh3,W10004_0055/PHP02,11.082756996154785
2024,onh3,W10004_0062/PHP02,9.953862190246582
2024,onh3,W10004_0103/PHP02,11.064554214477539
2024,onh3,W10004_0122/PHP02,10.75464916229248
2024,onh3,W10004_0138/PHP02,10.595337867736816
2024,onh3,W10004_0160/PHP02,11.10291862487793
2024,onh3,W10004_0167/PHP02,10.563533782958984
2024,onh3,W10004_0168/PHP02,10.695181846618652
2024,onh3,W10004_0189/PHP02,11.13997745513916
2024,onh3,W10004_0236/PHP02,10.75331974029541
2024,onh3,W10004_0258/PHP02,11.166644096374512
2024,onh3,W10004_0311/PHP02,10.141340255737305
2024,onh3,W10004_0346/PHP02,11.21217155456543
2024,onh3,W10004_0389/PHP02,10.720993041992188
2024,onh3,W10004_0403/PHP02,10.930201530456543
2024,onh3,W10004_0409/PHP02,11.601741790771484
2024,onh3,W10004_0412/PHP02,10.821106910705566
2024,onh3,W10004_0476/PHP02,10.125537872314453
2024,onh3,W10004_0601/PHP02,10.761564254760742
2024,onh3,W10004_0608/PHP02,9.846213340759277
2024,onh3,W10004_0637/PHP02,11.064554214477539
2024,onh3,W10004_0658/PHP02,11.798130989074707
2024,onh3,W10004_0688/PHP02,10.510208129882812
2024,onh3,W10004_0691/PHP02,9.298346519470215
2024,onh3,W10004_0714/PHP02,10.75331974029541
2024,onh3,W10004_0715/PHP02,10.821106910705566
2024,onh3,W10004_0747/PHP02,11.448653221130371
2024,onh3,W10004_0754/PHP02,10.75464916229248
2024,onh3,W10004_0771/PHP02,10.926621437072754
2024,onh3,W10004_0776/PHP02,10.75464916229248
2024,onh3,W10004_0801/PHP02,11.307954788208008
2024,onh3,W10004_0858/PHP02,10.7549409866333
2024,onh3,W10004_0866/PHP02,11.1314697265625
2024,onh3,W10004_0949/PHP02,11.798130989074707
2024,onh3,W10004_1014/PHP02,10.75464916229248
2024,onh3,W10004_1018/PHP02,10.560674667358398
2024,onh3,W10004_1080/PHP02,11.448653221130371
2024,onh3,WQCD10/PHP02,10.019950866699219
2024,onh3,ZS01459/PHP02,10.019950866699219
2024,onh3,ZS0510/PHP02,10.019950866699219
2024,sch1,01CSI6/LH287,4.913084506988525
2024,sch1,01DIB2/LH287,4.913084506988525
2024,sch1,2369/LH123HT,5.972141265869141
2024,sch1,2FACC/LH287,4.913084506988525
2024,sch1,6F629/LH287,4.913084506988525
2024,sch1,B14A/OH43,4.908188819885254
2024,sch1,B37/H95,4.872142314910889
2024,sch1,B73/MO17,5.385186672210693
2024,sch1,B73/PHN82,5.85659646987915
2024,sch1,CG119/CG108,3.848862648010254
2024,sch1,CG44/CGR01,4.839707374572754
2024,sch1,DK3IIH6/LH244,5.35317325592041
2024,sch1,FBLA/LH287,4.913084506988525
2024,sch1,GEMS-0061_3AZA1_0001/LH287,4.913084506988525
2024,sch1,GEMS-0061_3AZA1_0005/LH287,4.913084506988525
2024,sch1,GEMS-0061_3AZA1_0006/LH287,4.913084506988525
2024,sch1,GEMS-0061_3AZA1_0009/LH287,4.913084506988525
2024,sch1,GEMS-0061_3AZA1_0010/LH287,4.913084506988525
2024,sch1,GEMS-0061_3AZA1_0012/LH287,4.913084506988525
2024,sch1,GEMS-0061_3AZA1_0014/LH287,4.913084506988525
2024,sch1,GEMS-0061_3AZA1_0015/LH287,4.913084506988525
2024,sch1,GEMS-0061_3AZA1_0021/LH287,4.913084506988525
2024,sch1,GEMS-0061_3AZA1_0023/LH287,4.913084506988525
2024,sch1,GEMS-0061_FBLL_0002/LH287,4.913084506988525
2024,sch1,GEMS-0061_FBLL_0004/LH287,4.913084506988525
2024,sch1,GEMS-0061_FBLL_0005/LH287,4.913084506988525
2024,sch1,GEMS-0061_FBLL_0007/LH287,4.913084506988525
2024,sch1,GEMS-0061_FBLL_0008/LH287,4.913084506988525
2024,sch1,GEMS-0061_FBLL_0010/LH287,4.913084506988525
2024,sch1,GEMS-0061_FBLL_0011/LH287,4.913084506988525
2024,sch1,GEMS-0061_FBLL_0015/LH287,4.913084506988525
2024,sch1,GEMS-0061_FBLL_0016/LH287,4.913084506988525
2024,sch1,GEMS-0061_FBLL_0017/LH287,4.913084506988525
2024,sch1,GEMS-0061_FBLL_0018/LH287,4.913084506988525
2024,sch1,GEMS-0061_FBLL_0022/LH287,4.913084506988525
2024,sch1,GEMS-0061_FBLL_0024/LH287,4.913084506988525
2024,sch1,GEMS-0061_FBLL_0025/LH287,4.913084506988525
2024,sch1,GEMS-0061_FBLL_0026/LH287,4.913084506988525
2024,sch1,GEMS-0061_FBLL_0029/LH287,4.913084506988525
2024,sch1,GEMS-0061_FBLL_0031/LH287,4.913084506988525
2024,sch1,GEMS-0061_FBLL_0032/LH287,4.913084506988525
2024,sch1,GEMS-0061_FBLL_0033/LH287,4.913084506988525
2024,sch1,GEMS-0061_FBLL_0034/LH287,4.913084506988525
2024,sch1,GEMS-0061_FBLL_0037/LH287,4.913084506988525
2024,sch1,GEMS-0061_FBLL_0038/LH287,4.913084506988525
2024,sch1,GEMS-0061_FBLL_0039/LH287,4.913084506988525
2024,sch1,GEMS-0061_FBLL_0040/LH287,4.913084506988525
2024,sch1,GEMS-0061_FBLL_0047/LH287,4.913084506988525
2024,sch1,GEMS-0061_FBLL_0050/LH287,4.913084506988525
2024,sch1,GEMS-0113_3AZA1_0003/LH287,4.913084506988525
2024,sch1,GEMS-0113_3AZA1_0005/LH287,4.913084506988525
2024,sch1,GEMS-0113_3AZA1_0008/LH287,4.913084506988525
2024,sch1,GEMS-0113_3AZA1_0010/LH287,4.913084506988525
2024,sch1,GEMS-0113_3AZA1_0011/LH287,4.913084506988525
2024,sch1,GEMS-0113_3AZA1_0013/LH287,4.913084506988525
2024,sch1,GEMS-0113_3AZA1_0015/LH287,4.913084506988525
2024,sch1,GEMS-0113_3AZA1_0016/LH287,4.913084506988525
2024,sch1,GEMS-0113_3AZA1_0017/LH287,4.913084506988525
2024,sch1,GEMS-0113_3AZA1_0018/LH287,4.913084506988525
2024,sch1,GEMS-0113_3AZA1_0019/LH287,4.913084506988525
2024,sch1,GEMS-0113_3AZA1_0021/LH287,4.913084506988525
2024,sch1,GEMS-0113_3AZA1_0023/LH287,4.913084506988525
2024,sch1,GEMS-0113_3AZA1_0024/LH287,4.913084506988525
2024,sch1,GEMS-0113_3AZA1_0026/LH287,4.913084506988525
2024,sch1,GEMS-0113_3AZA1_0027/LH287,4.913084506988525
2024,sch1,GEMS-0113_3AZA1_0028/LH287,4.913084506988525
2024,sch1,GEMS-0113_3AZA1_0029/LH287,4.913084506988525
2024,sch1,GEMS-0113_3AZA1_0038/LH287,4.913084506988525
2024,sch1,GEMS-0113_FBLL_0002/LH287,4.913084506988525
2024,sch1,GEMS-0113_FBLL_0003/LH287,4.913084506988525
2024,sch1,GEMS-0113_FBLL_0004/LH287,4.913084506988525
2024,sch1,GEMS-0113_FBLL_0005/LH287,4.913084506988525
2024,sch1,GEMS-0113_FBLL_0007/LH287,4.913084506988525
2024,sch1,GEMS-0113_FBLL_0008/LH287,4.913084506988525
2024,sch1,GEMS-0113_FBLL_0011/LH287,4.913084506988525
2024,sch1,GEMS-0113_FBLL_0015/LH287,4.913084506988525
2024,sch1,GEMS-0113_PHB47_0001/LH287,4.913084506988525
2024,sch1,GEMS-0113_PHB47_0003/LH287,4.913084506988525
2024,sch1,GEMS-0113_PHB47_0004/LH287,4.913084506988525
2024,sch1,GEMS-0113_PHB47_0005/LH287,4.913084506988525
2024,sch1,GEMS-0113_PHB47_0006/LH287,4.913084506988525
2024,sch1,GEMS-0113_PHB47_0007/LH287,4.913084506988525
2024,sch1,GEMS-0113_PHB47_0009/LH287,4.913084506988525
2024,sch1,GEMS-0113_PHB47_0011/LH287,4.913084506988525
2024,sch1,GEMS-0113_PHB47_0012/LH287,4.913084506988525
2024,sch1,GEMS-0113_PHB47_0013/LH287,4.913084506988525
2024,sch1,GEMS-0113_PHB47_0014/LH287,4.913084506988525
2024,sch1,GEMS-0113_PHB47_0015/LH287,4.913084506988525
2024,sch1,GEMS-0113_PHB47_0017/LH287,4.913084506988525
2024,sch1,GEMS-0113_PHB47_0020/LH287,4.913084506988525
2024,sch1,GEMS-0113_PHB47_0021/LH287,4.913084506988525
2024,sch1,GEMS-0113_PHBW8_0001/LH287,4.913084506988525
2024,sch1,GEMS-0113_PHBW8_0005/LH287,4.913084506988525
2024,sch1,GEMS-0113_PHBW8_0006/LH287,4.913084506988525
2024,sch1,GEMS-0113_PHBW8_0007/LH287,4.913084506988525
2024,sch1,GEMS-0113_PHBW8_0008/LH287,4.913084506988525
2024,sch1,GEMS-0113_PHBW8_0009/LH287,4.913084506988525
2024,sch1,GEMS-0113_PHBW8_0012/LH287,4.913084506988525
2024,sch1,GEMS-0113_PHBW8_0013/LH287,4.913084506988525
2024,sch1,GEMS-0113_PHBW8_0017/LH287,4.913084506988525
2024,sch1,GEMS-0219_3AZA1_0001/LH287,4.913084506988525
2024,sch1,GEMS-0219_3AZA1_0003/LH287,4.913084506988525
2024,sch1,GEMS-0219_3AZA1_0004/LH287,4.913084506988525
2024,sch1,GEMS-0219_3AZA1_0005/LH287,4.913084506988525
2024,sch1,GEMS-0219_3AZA1_0007/LH287,4.913084506988525
2024,sch1,GEMS-0219_3AZA1_0008/LH287,4.913084506988525
2024,sch1,GEMS-0219_3AZA1_0009/LH287,4.913084506988525
2024,sch1,GEMS-0219_3AZA1_0010/LH287,4.913084506988525
2024,sch1,GEMS-0219_3AZA1_0014/LH287,4.913084506988525
2024,sch1,GEMS-0219_FBLL_0002/LH287,4.913084506988525
2024,sch1,GEMS-0219_FBLL_0003/LH287,4.913084506988525
2024,sch1,GEMS-0219_FBLL_0004/LH287,4.913084506988525
2024,sch1,GEMS-0219_FBLL_0006/LH287,4.913084506988525
2024,sch1,GEMS-0219_FBLL_0010/LH287,4.913084506988525
2024,sch1,GEMS-0219_FBLL_0011/LH287,4.913084506988525
2024,sch1,GEMS-0219_FBLL_0012/LH287,4.913084506988525
2024,sch1,GEMS-0219_FBLL_0013/LH287,4.913084506988525
2024,sch1,GEMS-0219_FBLL_0014/LH287,4.913084506988525
2024,sch1,GEMS-0219_FBLL_0015/LH287,4.913084506988525
2024,sch1,GEMS-0219_FBLL_0017/LH287,4.913084506988525
2024,sch1,GEMS-0219_FBLL_0018/LH287,4.913084506988525
2024,sch1,GEMS-0219_FBLL_0019/LH287,4.913084506988525
2024,sch1,GEMS-0219_FBLL_0020/LH287,4.913084506988525
2024,sch1,GEMS-0219_FBLL_0022/LH287,4.913084506988525
2024,sch1,GEMS-0219_FBLL_0023/LH287,4.913084506988525
2024,sch1,GEMS-0219_FBLL_0025/LH287,4.913084506988525
2024,sch1,GEMS-0219_FBLL_0027/LH287,4.913084506988525
2024,sch1,GEMS-0219_FBLL_0030/LH287,4.913084506988525
2024,sch1,GEMS-0219_PHB47_0002/LH287,4.913084506988525
2024,sch1,GEMS-0219_PHB47_0005/LH287,4.913084506988525
2024,sch1,GEMS-0219_PHB47_0014/LH287,4.913084506988525
2024,sch1,GEMS-0219_PHB47_0017/LH287,4.913084506988525
2024,sch1,GEMS-0219_PHBW8_0001/LH287,4.913084506988525
2024,sch1,GEMS-0219_PHBW8_0006/LH287,4.913084506988525
2024,sch1,GEMS-0219_PHBW8_0008/LH287,4.913084506988525
2024,sch1,GEMS-0219_PHBW8_0009/LH287,4.913084506988525
2024,sch1,GEMS-0219_PHBW8_0011/LH287,4.913084506988525
2024,sch1,GEMS-0227_3AZA1_0001/LH287,4.913084506988525
2024,sch1,GEMS-0227_3AZA1_0002/LH287,4.913084506988525
2024,sch1,GEMS-0227_3AZA1_0005/LH287,4.913084506988525
2024,sch1,GEMS-0227_3AZA1_0006/LH287,4.913084506988525
2024,sch1,GEMS-0227_3AZA1_0007/LH287,4.913084506988525
2024,sch1,GEMS-0227_3AZA1_0009/LH287,4.913084506988525
2024,sch1,GEMS-0227_3AZA1_0011/LH287,4.913084506988525
2024,sch1,GEMS-0227_3AZA1_0012/LH287,4.913084506988525
2024,sch1,GEMS-0227_3AZA1_0013/LH287,4.913084506988525
2024,sch1,GEMS-0227_3AZA1_0014/LH287,4.913084506988525
2024,sch1,GEMS-0227_3AZA1_0015/LH287,4.913084506988525
2024,sch1,GEMS-0227_3AZA1_0016/LH287,4.913084506988525
2024,sch1,GEMS-0227_3AZA1_0017/LH287,4.913084506988525
2024,sch1,GEMS-0227_3AZA1_0019/LH287,4.913084506988525
2024,sch1,GEMS-0227_3AZA1_0021/LH287,4.913084506988525
2024,sch1,GEMS-0227_3AZA1_0022/LH287,4.913084506988525
2024,sch1,GEMS-0227_3AZA1_0023/LH287,4.913084506988525
2024,sch1,GEMS-0227_3AZA1_0024/LH287,4.913084506988525
2024,sch1,GEMS-0227_3AZA1_0032/LH287,4.913084506988525
2024,sch1,GEMS-0227_3AZA1_0034/LH287,4.913084506988525
2024,sch1,GEMS-0227_3AZA1_0035/LH287,4.913084506988525
2024,sch1,GEMS-0227_3AZA1_0041/LH287,4.913084506988525
2024,sch1,GEMS-0227_3AZA1_0043/LH287,4.913084506988525
2024,sch1,GEMS-0227_3AZA1_0045/LH287,4.913084506988525
2024,sch1,GEMS-0227_3AZA1_0048/LH287,4.913084506988525
2024,sch1,GEMS-0227_3AZA1_0049/LH287,4.913084506988525
2024,sch1,GEMS-0227_FBLL_0002/LH287,4.913084506988525
2024,sch1,GEMS-0227_FBLL_0003/LH287,4.913084506988525
2024,sch1,GEMS-0227_FBLL_0004/LH287,4.913084506988525
2024,sch1,GEMS-0227_FBLL_0007/LH287,4.913084506988525
2024,sch1,GEMS-0227_FBLL_0008/LH287,4.913084506988525
2024,sch1,GEMS-0227_FBLL_0009/LH287,4.913084506988525
2024,sch1,GEMS-0227_FBLL_0010/LH287,4.913084506988525
2024,sch1,GEMS-0227_FBLL_0013/LH287,4.913084506988525
2024,sch1,GEMS-0227_FBLL_0015/LH287,4.913084506988525
2024,sch1,GEMS-0227_FBLL_0016/LH287,4.913084506988525
2024,sch1,GEMS-0227_FBLL_0019/LH287,4.913084506988525
2024,sch1,GEMS-0227_FBLL_0020/LH287,4.913084506988525
2024,sch1,GEMS-0227_FBLL_0021/LH287,4.913084506988525
2024,sch1,GEMS-0227_FBLL_0023/LH287,4.913084506988525
2024,sch1,GEMS-0227_FBLL_0024/LH287,4.913084506988525
2024,sch1,GEMS-0227_FBLL_0025/LH287,4.913084506988525
2024,sch1,GEMS-0227_FBLL_0026/LH287,4.913084506988525
2024,sch1,GEMS-0227_FBLL_0027/LH287,4.913084506988525
2024,sch1,GEMS-0227_FBLL_0028/LH287,4.913084506988525
2024,sch1,GEMS-0227_FBLL_0029/LH287,4.913084506988525
2024,sch1,GEMS-0227_FBLL_0030/LH287,4.913084506988525
2024,sch1,GEMS-0227_FBLL_0031/LH287,4.913084506988525
2024,sch1,GEMS-0227_FBLL_0033/LH287,4.913084506988525
2024,sch1,GEMS-0227_FBLL_0034/LH287,4.913084506988525
2024,sch1,GEMS-0227_FBLL_0035/LH287,4.913084506988525
2024,sch1,GEMS-0227_FBLL_0036/LH287,4.913084506988525
2024,sch1,GEMS-0227_FBLL_0037/LH287,4.913084506988525
2024,sch1,GEMS-0227_FBLL_0038/LH287,4.913084506988525
2024,sch1,GEMS-0227_FBLL_0039/LH287,4.913084506988525
2024,sch1,GEMS-0227_FBLL_0040/LH287,4.913084506988525
2024,sch1,GEMS-0227_FBLL_0041/LH287,4.913084506988525
2024,sch1,GEMS-0227_FBLL_0042/LH287,4.913084506988525
2024,sch1,GEMS-0227_FBLL_0046/LH287,4.913084506988525
2024,sch1,GEMS-0227_FBLL_0047/LH287,4.913084506988525
2024,sch1,GEMS-0227_FBLL_0049/LH287,4.913084506988525
2024,sch1,GEMS-0227_FBLL_0050/LH287,4.913084506988525
2024,sch1,GEMS-0227_FBLL_0051/LH287,4.913084506988525
2024,sch1,GEMS-0227_FBLL_0053/LH287,4.913084506988525
2024,sch1,GEMS-0227_FBLL_0054/LH287,4.913084506988525
2024,sch1,GEMS-0227_FBLL_0055/LH287,4.913084506988525
2024,sch1,GEMS-0227_FBLL_0056/LH287,4.913084506988525
2024,sch1,GEMS-0227_FBLL_0057/LH287,4.913084506988525
2024,sch1,GEMS-0227_FBLL_0059/LH287,4.913084506988525
2024,sch1,GEMS-0227_FBLL_0062/LH287,4.913084506988525
2024,sch1,GEMS-0227_FBLL_0063/LH287,4.913084506988525
2024,sch1,GEMS-0227_FBLL_0064/LH287,4.913084506988525
2024,sch1,GEMS-0227_FBLL_0066/LH287,4.913084506988525
2024,sch1,GEMS-0227_FBLL_0067/LH287,4.913084506988525
2024,sch1,GEMS-0227_FBLL_0068/LH287,4.913084506988525
2024,sch1,GEMS-0227_FBLL_0070/LH287,4.913084506988525
2024,sch1,GEMS-0227_FBLL_0071/LH287,4.913084506988525
2024,sch1,GEMS-0227_FBLL_0072/LH287,4.913084506988525
2024,sch1,GEMS-0227_FBLL_0073/LH287,4.913084506988525
2024,sch1,GEMS-0227_FBLL_0074/LH287,4.913084506988525
2024,sch1,GEMS-0227_FBLL_0075/LH287,4.913084506988525
2024,sch1,GEMS-0227_FBLL_0077/LH287,4.913084506988525
2024,sch1,GEMS-0227_FBLL_0079/LH287,4.913084506988525
2024,sch1,GEMS-0227_FBLL_0080/LH287,4.913084506988525
2024,sch1,GEMS-0227_FBLL_0082/LH287,4.913084506988525
2024,sch1,GEMS-0227_FBLL_0084/LH287,4.913084506988525
2024,sch1,GEMS-0227_FBLL_0085/LH287,4.913084506988525
2024,sch1,GEMS-0227_FBLL_0086/LH287,4.913084506988525
2024,sch1,GEMS-0227_FBLL_0087/LH287,4.913084506988525
2024,sch1,GEMS-0227_FBLL_0089/LH287,4.913084506988525
2024,sch1,GEMS-0227_FBLL_0090/LH287,4.913084506988525
2024,sch1,GEMS-0227_FBLL_0093/LH287,4.913084506988525
2024,sch1,GEMS-0227_FBLL_0094/LH287,4.913084506988525
2024,sch1,GEMS-0227_FBLL_0095/LH287,4.913084506988525
2024,sch1,GEMS-0227_FBLL_0097/LH287,4.913084506988525
2024,sch1,GEMS-0227_FBLL_0101/LH287,4.913084506988525
2024,sch1,GEMS-0227_FBLL_0102/LH287,4.913084506988525
2024,sch1,GEMS-0227_FBLL_0105/LH287,4.913084506988525
2024,sch1,GEMS-0227_FBLL_0106/LH287,4.913084506988525
2024,sch1,GEMS-0227_FBLL_0107/LH287,4.913084506988525
2024,sch1,GEMS-0227_FBLL_0110/LH287,4.913084506988525
2024,sch1,GEMS-0227_FBLL_0111/LH287,4.913084506988525
2024,sch1,GEMS-0227_FBLL_0115/LH287,4.913084506988525
2024,sch1,GEMS-0227_FBLL_0118/LH287,4.913084506988525
2024,sch1,GEMS-0227_FBLL_0121/LH287,4.913084506988525
2024,sch1,GEMS-0227_FBLL_0124/LH287,4.913084506988525
2024,sch1,GEMS-0227_FBLL_0125/LH287,4.913084506988525
2024,sch1,GEMS-0227_FBLL_0127/LH287,4.913084506988525
2024,sch1,GEMS-0227_FBLL_0133/LH287,4.913084506988525
2024,sch1,GEMS-0227_FBLL_0136/LH287,4.913084506988525
2024,sch1,GEMS-0227_FBLL_0140/LH287,4.913084506988525
2024,sch1,GEMS-0227_FBLL_0141/LH287,4.913084506988525
2024,sch1,GEMS-0227_PHB47_0001/LH287,4.913084506988525
2024,sch1,GEMS-0227_PHB47_0002/LH287,4.913084506988525
2024,sch1,GEMS-0227_PHB47_0003/LH287,4.913084506988525
2024,sch1,GEMS-0227_PHB47_0007/LH287,4.913084506988525
2024,sch1,GEMS-0227_PHB47_0010/LH287,4.913084506988525
2024,sch1,GEMS-0227_PHB47_0014/LH287,4.913084506988525
2024,sch1,GEMS-0227_PHB47_0016/LH287,4.913084506988525
2024,sch1,GEMS-0227_PHB47_0025/LH287,4.913084506988525
2024,sch1,GEMS-0227_PHB47_0026/LH287,4.913084506988525
2024,sch1,GEMS-0227_PHBW8_0001/LH287,4.913084506988525
2024,sch1,GEMS-0227_PHBW8_0002/LH287,4.913084506988525
2024,sch1,GEMS-0227_PHBW8_0003/LH287,4.913084506988525
2024,sch1,GEMS-0227_PHBW8_0005/LH287,4.913084506988525
2024,sch1,GEMS-0227_PHBW8_0006/LH287,4.913084506988525
2024,sch1,GEMS-0227_PHBW8_0007/LH287,4.913084506988525
2024,sch1,GEMS-0227_PHBW8_0009/LH287,4.913084506988525
2024,sch1,GEMS-0227_PHBW8_0011/LH287,4.913084506988525
2024,sch1,GEMS-0227_PHBW8_0012/LH287,4.913084506988525
2024,sch1,GEMS-0227_PHBW8_0015/LH287,4.913084506988525
2024,sch1,GEMS-0227_PHBW8_0016/LH287,4.913084506988525
2024,sch1,GEMS-0227_PHBW8_0018/LH287,4.913084506988525
2024,sch1,GEMS-0227_PHBW8_0019/LH287,4.913084506988525
2024,sch1,GEMS-0227_PHBW8_0021/LH287,4.913084506988525
2024,sch1,GEMS-0227_PHBW8_0022/LH287,4.913084506988525
2024,sch1,GEMS-0227_PHBW8_0024/LH287,4.913084506988525
2024,sch1,LH192/LH287,4.913084506988525
2024,sch1,LH193/LH287,4.913084506988525
2024,sch1,LH194/LH287,4.913084506988525
2024,sch1,LH195/LH287,4.913084506988525
2024,sch1,LH195/PHZ51,5.037510395050049
2024,sch1,LH197/LH287,4.913084506988525
2024,sch1,LH198/LH287,4.913084506988525
2024,sch1,LH204/LH287,4.913084506988525
2024,sch1,LH220HT/LH287,4.913084506988525
2024,sch1,LH225/LH287,4.913084506988525
2024,sch1,LH226HT/LH287,4.913084506988525
2024,sch1,LH228/LH287,4.913084506988525
2024,sch1,LH231/LH287,4.913084506988525
2024,sch1,LH234/LH287,4.913084506988525
2024,sch1,LH235/LH287,4.913084506988525
2024,sch1,LH236/LH287,4.913084506988525
2024,sch1,LH237/LH287,4.913084506988525
2024,sch1,LH238/LH287,4.913084506988525
2024,sch1,LH244/PHK76,4.988313674926758
2024,sch1,LH273/LH287,4.913084506988525
2024,sch1,LH286/LH287,4.913084506988525
2024,sch1,LH287/LH244,6.135234355926514
2024,sch1,LH292/LH287,4.913084506988525
2024,sch1,LH82/LH244,4.916378021240234
2024,sch1,MM501D/LH244,5.472553730010986
2024,sch1,PH05W/LH287,4.913084506988525
2024,sch1,PH07D/LH287,4.913084506988525
2024,sch1,PH080/LH287,4.913084506988525
2024,sch1,PH08A/LH287,4.913084506988525
2024,sch1,PH09B/LH287,4.913084506988525
2024,sch1,PH09E/LH287,4.913084506988525
2024,sch1,PH0B4/LH287,4.913084506988525
2024,sch1,PH0GP/LH287,4.913084506988525
2024,sch1,PH12C/LH287,4.913084506988525
2024,sch1,PH19V/LH287,4.913084506988525
2024,sch1,PH1CA/LH287,4.913084506988525
2024,sch1,PH1GC/LH287,4.913084506988525
2024,sch1,PH1GG/LH287,4.913084506988525
2024,sch1,PH24E/LH244,5.74400520324707
2024,sch1,PH24M/LH287,4.913084506988525
2024,sch1,PH37C/LH287,4.913084506988525
2024,sch1,PH42B/LH287,4.913084506988525
2024,sch1,PH44A/LH287,4.913084506988525
2024,sch1,PH55C/LH287,4.913084506988525
2024,sch1,PH63A/LH287,4.913084506988525
2024,sch1,PH79A/LH287,4.913084506988525
2024,sch1,PHB47/PHN82,5.2309699058532715
2024,sch1,PHB47/PHZ51,4.965651035308838
2024,sch1,PHEW7/LH287,4.913084506988525
2024,sch1,PHG29/PHG47,5.234104633331299
2024,sch1,PHG39/PHN82,5.477169513702393
2024,sch1,PHHB9/LH287,4.913084506988525
2024,sch1,PHJ40/PHAJ0,3.848862648010254
2024,sch1,PHJ89/LH244,5.308696269989014
2024,sch1,PHK56/LH244,5.448720455169678
2024,sch1,PHKV0/LH287,4.913084506988525
2024,sch1,PHN41/LH287,4.913084506988525
2024,sch1,PHN46/LH244,5.020683765411377
2024,sch1,PHN66/LH287,4.913084506988525
2024,sch1,PHNJ2/LH287,4.913084506988525
2024,sch1,PHP02/LH244,5.446625232696533
2024,sch1,PHP38/LH287,4.913084506988525
2024,sch1,PHR03/LH244,5.737547874450684
2024,sch1,PHR61/LH287,4.913084506988525
2024,sch1,PHRE1/PHTD5,4.778392791748047
2024,sch1,PHT10/LH287,4.913084506988525
2024,sch1,PHT11/LH287,4.913084506988525
2024,sch1,PHT47/LH287,4.913084506988525
2024,sch1,PHTP9/LH287,4.913084506988525
2024,sch1,PHV37/LH287,4.913084506988525
2024,sch1,PHVA9/LH287,4.913084506988525
2024,sch1,PHVJ5/LH287,4.913084506988525
2024,sch1,PHW30/LH244,5.421682357788086
2024,sch1,PHW52/LH287,4.913084506988525
2024,sch1,PHW52/PHM49,5.095576286315918
2024,sch1,W10004_0018/LH287,4.913084506988525
2024,sch1,W10004_0031/LH287,4.913084506988525
2024,sch1,W10004_0034/LH287,4.913084506988525
2024,sch1,W10004_0055/LH287,4.913084506988525
2024,sch1,W10004_0062/LH287,4.913084506988525
2024,sch1,W10004_0138/LH287,4.913084506988525
2024,sch1,W10004_0146/LH287,4.913084506988525
2024,sch1,W10004_0160/LH287,4.913084506988525
2024,sch1,W10004_0167/LH287,4.913084506988525
2024,sch1,W10004_0168/LH287,4.913084506988525
2024,sch1,W10004_0238/LH287,4.913084506988525
2024,sch1,W10004_0258/LH287,4.913084506988525
2024,sch1,W10004_0270/LH287,4.913084506988525
2024,sch1,W10004_0311/LH287,4.913084506988525
2024,sch1,W10004_0346/LH287,4.913084506988525
2024,sch1,W10004_0389/LH287,4.913084506988525
2024,sch1,W10004_0409/LH287,4.913084506988525
2024,sch1,W10004_0476/LH287,4.913084506988525
2024,sch1,W10004_0608/LH287,4.913084506988525
2024,sch1,W10004_0637/LH287,4.913084506988525
2024,sch1,W10004_0658/LH287,4.913084506988525
2024,sch1,W10004_0688/LH287,4.913084506988525
2024,sch1,W10004_0691/LH287,4.913084506988525
2024,sch1,W10004_0714/LH287,4.913084506988525
2024,sch1,W10004_0715/LH287,4.913084506988525
2024,sch1,W10004_0747/LH287,4.913084506988525
2024,sch1,W10004_0754/LH287,4.913084506988525
2024,sch1,W10004_0771/LH287,4.913084506988525
2024,sch1,W10004_0822/LH287,4.913084506988525
2024,sch1,W10004_0859/LH287,4.913084506988525
2024,sch1,W10004_0866/LH287,4.913084506988525
2024,sch1,W10004_1014/LH287,4.913084506988525
2024,sch1,W10004_1018/LH287,4.913084506988525
2024,sch1,W10004_1032/LH287,4.913084506988525
2024,sch1,W10004_1080/LH287,4.913084506988525
2024,sch1,WQCD10/LH287,4.913084506988525
2024,txh1,01CSI6/LH287,8.67713737487793
2024,txh1,01DIB2/LH287,8.67713737487793
2024,txh1,2369/LH123HT,9.005248069763184
2024,txh1,B14A/OH43,8.263092994689941
2024,txh1,B37/H95,7.9107537269592285
2024,txh1,B73/MO17,8.985424041748047
2024,txh1,B73/PHN82,8.945351600646973
2024,txh1,CG119/CG108,4.950860500335693
2024,txh1,CG44/CGR01,7.303873062133789
2024,txh1,DK3IIH6/LH244,8.865738868713379
2024,txh1,GEMS-0061_3AZA1_0004/LH287,8.67713737487793
2024,txh1,GEMS-0061_3AZA1_0010/LH287,8.67713737487793
2024,txh1,GEMS-0061_3AZA1_0014/LH287,8.67713737487793
2024,txh1,GEMS-0061_3AZA1_0016/LH287,8.67713737487793
2024,txh1,GEMS-0061_3AZA1_0017/LH287,8.67713737487793
2024,txh1,GEMS-0061_FBLL_0002/LH287,8.67713737487793
2024,txh1,GEMS-0061_FBLL_0014/LH287,8.67713737487793
2024,txh1,GEMS-0061_FBLL_0015/LH287,8.67713737487793
2024,txh1,GEMS-0061_FBLL_0017/LH287,8.67713737487793
2024,txh1,GEMS-0061_FBLL_0019/LH287,8.67713737487793
2024,txh1,GEMS-0061_FBLL_0023/LH287,8.67713737487793
2024,txh1,GEMS-0061_FBLL_0026/LH287,8.67713737487793
2024,txh1,GEMS-0061_FBLL_0029/LH287,8.67713737487793
2024,txh1,GEMS-0061_FBLL_0032/LH287,8.67713737487793
2024,txh1,GEMS-0061_FBLL_0035/LH287,8.67713737487793
2024,txh1,GEMS-0061_FBLL_0037/LH287,8.67713737487793
2024,txh1,GEMS-0061_FBLL_0040/LH287,8.67713737487793
2024,txh1,GEMS-0061_FBLL_0042/LH287,8.67713737487793
2024,txh1,GEMS-0061_FBLL_0050/LH287,8.67713737487793
2024,txh1,GEMS-0061_PHB47_0003/LH287,8.67713737487793
2024,txh1,GEMS-0061_PHBW8_0002/LH287,8.67713737487793
2024,txh1,GEMS-0113_3AZA1_0005/LH287,8.67713737487793
2024,txh1,GEMS-0113_3AZA1_0011/LH287,8.67713737487793
2024,txh1,GEMS-0113_3AZA1_0013/LH287,8.67713737487793
2024,txh1,GEMS-0113_3AZA1_0014/LH287,8.67713737487793
2024,txh1,GEMS-0113_3AZA1_0015/LH287,8.67713737487793
2024,txh1,GEMS-0113_3AZA1_0019/LH287,8.67713737487793
2024,txh1,GEMS-0113_3AZA1_0024/LH287,8.67713737487793
2024,txh1,GEMS-0113_3AZA1_0025/LH287,8.67713737487793
2024,txh1,GEMS-0113_3AZA1_0028/LH287,8.67713737487793
2024,txh1,GEMS-0113_FBLL_0002/LH287,8.67713737487793
2024,txh1,GEMS-0113_FBLL_0004/LH287,8.67713737487793
2024,txh1,GEMS-0113_FBLL_0005/LH287,8.67713737487793
2024,txh1,GEMS-0113_FBLL_0008/LH287,8.67713737487793
2024,txh1,GEMS-0113_FBLL_0010/LH287,8.67713737487793
2024,txh1,GEMS-0113_FBLL_0013/LH287,8.67713737487793
2024,txh1,GEMS-0113_PHB47_0001/LH287,8.67713737487793
2024,txh1,GEMS-0113_PHB47_0003/LH287,8.67713737487793
2024,txh1,GEMS-0113_PHB47_0004/LH287,8.67713737487793
2024,txh1,GEMS-0113_PHB47_0005/LH287,8.67713737487793
2024,txh1,GEMS-0113_PHB47_0006/LH287,8.67713737487793
2024,txh1,GEMS-0113_PHB47_0012/LH287,8.67713737487793
2024,txh1,GEMS-0113_PHB47_0013/LH287,8.67713737487793
2024,txh1,GEMS-0113_PHB47_0015/LH287,8.67713737487793
2024,txh1,GEMS-0113_PHB47_0017/LH287,8.67713737487793
2024,txh1,GEMS-0113_PHBW8_0002/LH287,8.67713737487793
2024,txh1,GEMS-0113_PHBW8_0005/LH287,8.67713737487793
2024,txh1,GEMS-0113_PHBW8_0006/LH287,8.67713737487793
2024,txh1,GEMS-0113_PHBW8_0007/LH287,8.67713737487793
2024,txh1,GEMS-0113_PHBW8_0008/LH287,8.67713737487793
2024,txh1,GEMS-0113_PHBW8_0010/LH287,8.67713737487793
2024,txh1,GEMS-0113_PHBW8_0011/LH287,8.67713737487793
2024,txh1,GEMS-0113_PHBW8_0012/LH287,8.67713737487793
2024,txh1,GEMS-0219_3AZA1_0005/LH287,8.67713737487793
2024,txh1,GEMS-0219_3AZA1_0006/LH287,8.67713737487793
2024,txh1,GEMS-0219_3AZA1_0008/LH287,8.67713737487793
2024,txh1,GEMS-0219_3AZA1_0009/LH287,8.67713737487793
2024,txh1,GEMS-0219_3AZA1_0014/LH287,8.67713737487793
2024,txh1,GEMS-0219_FBLL_0004/LH287,8.67713737487793
2024,txh1,GEMS-0219_FBLL_0005/LH287,8.67713737487793
2024,txh1,GEMS-0219_FBLL_0007/LH287,8.67713737487793
2024,txh1,GEMS-0219_FBLL_0008/LH287,8.67713737487793
2024,txh1,GEMS-0219_FBLL_0010/LH287,8.67713737487793
2024,txh1,GEMS-0219_FBLL_0014/LH287,8.67713737487793
2024,txh1,GEMS-0219_FBLL_0018/LH287,8.67713737487793
2024,txh1,GEMS-0219_FBLL_0019/LH287,8.67713737487793
2024,txh1,GEMS-0219_FBLL_0020/LH287,8.67713737487793
2024,txh1,GEMS-0219_PHB47_0001/LH287,8.67713737487793
2024,txh1,GEMS-0219_PHB47_0002/LH287,8.67713737487793
2024,txh1,GEMS-0219_PHB47_0003/LH287,8.67713737487793
2024,txh1,GEMS-0219_PHB47_0004/LH287,8.67713737487793
2024,txh1,GEMS-0219_PHB47_0006/LH287,8.67713737487793
2024,txh1,GEMS-0219_PHBW8_0002/LH287,8.67713737487793
2024,txh1,GEMS-0219_PHBW8_0009/LH287,8.67713737487793
2024,txh1,GEMS-0219_PHBW8_0011/LH287,8.67713737487793
2024,txh1,GEMS-0227_3AZA1_0003/LH287,8.67713737487793
2024,txh1,GEMS-0227_3AZA1_0004/LH287,8.67713737487793
2024,txh1,GEMS-0227_3AZA1_0005/LH287,8.67713737487793
2024,txh1,GEMS-0227_3AZA1_0011/LH287,8.67713737487793
2024,txh1,GEMS-0227_3AZA1_0014/LH287,8.67713737487793
2024,txh1,GEMS-0227_3AZA1_0019/LH287,8.67713737487793
2024,txh1,GEMS-0227_3AZA1_0023/LH287,8.67713737487793
2024,txh1,GEMS-0227_3AZA1_0025/LH287,8.67713737487793
2024,txh1,GEMS-0227_3AZA1_0030/LH287,8.67713737487793
2024,txh1,GEMS-0227_3AZA1_0036/LH287,8.67713737487793
2024,txh1,GEMS-0227_3AZA1_0041/LH287,8.67713737487793
2024,txh1,GEMS-0227_3AZA1_0045/LH287,8.67713737487793
2024,txh1,GEMS-0227_FBLL_0002/LH287,8.67713737487793
2024,txh1,GEMS-0227_FBLL_0004/LH287,8.67713737487793
2024,txh1,GEMS-0227_FBLL_0007/LH287,8.67713737487793
2024,txh1,GEMS-0227_FBLL_0009/LH287,8.67713737487793
2024,txh1,GEMS-0227_FBLL_0013/LH287,8.67713737487793
2024,txh1,GEMS-0227_FBLL_0014/LH287,8.67713737487793
2024,txh1,GEMS-0227_FBLL_0015/LH287,8.67713737487793
2024,txh1,GEMS-0227_FBLL_0019/LH287,8.67713737487793
2024,txh1,GEMS-0227_FBLL_0020/LH287,8.67713737487793
2024,txh1,GEMS-0227_FBLL_0023/LH287,8.67713737487793
2024,txh1,GEMS-0227_FBLL_0024/LH287,8.67713737487793
2024,txh1,GEMS-0227_FBLL_0027/LH287,8.67713737487793
2024,txh1,GEMS-0227_FBLL_0030/LH287,8.67713737487793
2024,txh1,GEMS-0227_FBLL_0031/LH287,8.67713737487793
2024,txh1,GEMS-0227_FBLL_0032/LH287,8.67713737487793
2024,txh1,GEMS-0227_FBLL_0034/LH287,8.67713737487793
2024,txh1,GEMS-0227_FBLL_0035/LH287,8.67713737487793
2024,txh1,GEMS-0227_FBLL_0036/LH287,8.67713737487793
2024,txh1,GEMS-0227_FBLL_0043/LH287,8.67713737487793
2024,txh1,GEMS-0227_FBLL_0044/LH287,8.67713737487793
2024,txh1,GEMS-0227_FBLL_0047/LH287,8.67713737487793
2024,txh1,GEMS-0227_FBLL_0048/LH287,8.67713737487793
2024,txh1,GEMS-0227_FBLL_0049/LH287,8.67713737487793
2024,txh1,GEMS-0227_FBLL_0052/LH287,8.67713737487793
2024,txh1,GEMS-0227_FBLL_0054/LH287,8.67713737487793
2024,txh1,GEMS-0227_FBLL_0055/LH287,8.67713737487793
2024,txh1,GEMS-0227_FBLL_0059/LH287,8.67713737487793
2024,txh1,GEMS-0227_FBLL_0063/LH287,8.67713737487793
2024,txh1,GEMS-0227_FBLL_0064/LH287,8.67713737487793
2024,txh1,GEMS-0227_FBLL_0069/LH287,8.67713737487793
2024,txh1,GEMS-0227_FBLL_0072/LH287,8.67713737487793
2024,txh1,GEMS-0227_FBLL_0073/LH287,8.67713737487793
2024,txh1,GEMS-0227_FBLL_0075/LH287,8.67713737487793
2024,txh1,GEMS-0227_FBLL_0077/LH287,8.67713737487793
2024,txh1,GEMS-0227_FBLL_0078/LH287,8.67713737487793
2024,txh1,GEMS-0227_FBLL_0085/LH287,8.67713737487793
2024,txh1,GEMS-0227_FBLL_0090/LH287,8.67713737487793
2024,txh1,GEMS-0227_FBLL_0101/LH287,8.67713737487793
2024,txh1,GEMS-0227_FBLL_0104/LH287,8.67713737487793
2024,txh1,GEMS-0227_FBLL_0106/LH287,8.67713737487793
2024,txh1,GEMS-0227_FBLL_0110/LH287,8.67713737487793
2024,txh1,GEMS-0227_FBLL_0111/LH287,8.67713737487793
2024,txh1,GEMS-0227_FBLL_0114/LH287,8.67713737487793
2024,txh1,GEMS-0227_FBLL_0116/LH287,8.67713737487793
2024,txh1,GEMS-0227_FBLL_0118/LH287,8.67713737487793
2024,txh1,GEMS-0227_FBLL_0121/LH287,8.67713737487793
2024,txh1,GEMS-0227_FBLL_0127/LH287,8.67713737487793
2024,txh1,GEMS-0227_FBLL_0134/LH287,8.67713737487793
2024,txh1,GEMS-0227_FBLL_0140/LH287,8.67713737487793
2024,txh1,GEMS-0227_FBLL_0141/LH287,8.67713737487793
2024,txh1,GEMS-0227_PHB47_0003/LH287,8.67713737487793
2024,txh1,GEMS-0227_PHB47_0007/LH287,8.67713737487793
2024,txh1,GEMS-0227_PHB47_0010/LH287,8.67713737487793
2024,txh1,GEMS-0227_PHB47_0012/LH287,8.67713737487793
2024,txh1,GEMS-0227_PHB47_0022/LH287,8.67713737487793
2024,txh1,GEMS-0227_PHB47_0026/LH287,8.67713737487793
2024,txh1,GEMS-0227_PHBW8_0001/LH287,8.67713737487793
2024,txh1,GEMS-0227_PHBW8_0003/LH287,8.67713737487793
2024,txh1,GEMS-0227_PHBW8_0004/LH287,8.67713737487793
2024,txh1,GEMS-0227_PHBW8_0006/LH287,8.67713737487793
2024,txh1,GEMS-0227_PHBW8_0007/LH287,8.67713737487793
2024,txh1,GEMS-0227_PHBW8_0009/LH287,8.67713737487793
2024,txh1,GEMS-0227_PHBW8_0010/LH287,8.67713737487793
2024,txh1,GEMS-0227_PHBW8_0012/LH287,8.67713737487793
2024,txh1,GEMS-0227_PHBW8_0015/LH287,8.67713737487793
2024,txh1,GEMS-0227_PHBW8_0017/LH287,8.67713737487793
2024,txh1,GEMS-0227_PHBW8_0019/LH287,8.67713737487793
2024,txh1,GEMS-0227_PHBW8_0024/LH287,8.67713737487793
2024,txh1,LH146HT/LH287,8.67713737487793
2024,txh1,LH192/LH287,8.67713737487793
2024,txh1,LH193/LH287,8.67713737487793
2024,txh1,LH194/LH287,8.67713737487793
2024,txh1,LH195/LH287,8.67713737487793
2024,txh1,LH195/PHZ51,8.354966163635254
2024,txh1,LH198/LH287,8.67713737487793
2024,txh1,LH224/LH287,8.67713737487793
2024,txh1,LH225/LH287,8.67713737487793
2024,txh1,LH236/LH287,8.67713737487793
2024,txh1,LH244/PHK76,8.622123718261719
2024,txh1,LH264/LH287,8.67713737487793
2024,txh1,LH286/LH287,8.67713737487793
2024,txh1,LH287/LH244,9.123502731323242
2024,txh1,LH292/LH287,8.67713737487793
2024,txh1,LH82/LH244,8.40540599822998
2024,txh1,MM501D/LH244,8.894475936889648
2024,txh1,NKH8431/LH287,8.67713737487793
2024,txh1,PH05F/LH287,8.67713737487793
2024,txh1,PH05G/LH287,8.67713737487793
2024,txh1,PH09E/LH287,8.67713737487793
2024,txh1,PH0B4/LH287,8.67713737487793
2024,txh1,PH0CD/LH287,8.67713737487793
2024,txh1,PH0GP/LH287,8.67713737487793
2024,txh1,PH1CA/LH287,8.67713737487793
2024,txh1,PH1GG/LH287,8.67713737487793
2024,txh1,PH24E/LH244,8.757574081420898
2024,txh1,PH32C/LH287,8.67713737487793
2024,txh1,PH42B/LH287,8.67713737487793
2024,txh1,PH44A/LH287,8.67713737487793
2024,txh1,PH63A/LH287,8.67713737487793
2024,txh1,PHB47/LH287,8.67713737487793
2024,txh1,PHB47/PHN82,8.612080574035645
2024,txh1,PHB47/PHZ51,8.254256248474121
2024,txh1,PHDG1/LH287,8.67713737487793
2024,txh1,PHG29/PHG47,8.681013107299805
2024,txh1,PHG39/PHN82,8.559029579162598
2024,txh1,PHJ40/PHAJ0,4.950860500335693
2024,txh1,PHJ89/LH244,8.7390289306640625
2024,txh1,PHK56/LH244,8.826436042785645
2024,txh1,PHN41/LH287,8.67713737487793
2024,txh1,PHN46/LH244,8.422578811645508
2024,txh1,PHP02/LH244,8.583436965942383
2024,txh1,PHPR5/LH287,8.67713737487793
2024,txh1,PHR03/LH244,8.838513374328613
2024,txh1,PHRE1/PHTD5,7.0725908279418945
2024,txh1,PHT11/LH287,8.67713737487793
2024,txh1,PHTP9/LH287,8.67713737487793
2024,txh1,PHTV7/LH287,8.67713737487793
2024,txh1,PHV37/LH287,8.67713737487793
2024,txh1,PHW30/LH244,8.6938323974609375
2024,txh1,PHW52/PHM49,8.538308143615723
2024,txh1,W10004_0055/LH287,8.67713737487793
2024,txh1,W10004_0095/LH287,8.67713737487793
2024,txh1,W10004_0103/LH287,8.67713737487793
2024,txh1,W10004_0122/LH287,8.67713737487793
2024,txh1,W10004_0133/LH287,8.67713737487793
2024,txh1,W10004_0138/LH287,8.67713737487793
2024,txh1,W10004_0167/LH287,8.67713737487793
2024,txh1,W10004_0236/LH287,8.67713737487793
2024,txh1,W10004_0238/LH287,8.67713737487793
2024,txh1,W10004_0346/LH287,8.67713737487793
2024,txh1,W10004_0389/LH287,8.67713737487793
2024,txh1,W10004_0409/LH287,8.67713737487793
2024,txh1,W10004_0608/LH287,8.67713737487793
2024,txh1,W10004_0691/LH287,8.67713737487793
2024,txh1,W10004_0715/LH287,8.67713737487793
2024,txh1,W10004_0771/LH287,8.67713737487793
2024,txh1,W10004_0776/LH287,8.67713737487793
2024,txh1,W10004_0858/LH287,8.67713737487793
2024,txh1,W10004_0969/LH287,8.67713737487793
2024,txh1,W10004_1080/LH287,8.67713737487793
2024,txh1,ZS01459/LH287,8.67713737487793
2024,txh1,ZS0510/LH287,8.67713737487793
2024,wih1,2369/LH123HT,13.127496719360352
2024,wih1,2FACC/PHP02,11.788986206054688
2024,wih1,B14A/OH43,11.154577255249023
2024,wih1,B37/H95,10.536200523376465
2024,wih1,B73/MO17,12.813403129577637
2024,wih1,B73/PHN82,12.86809253692627
2024,wih1,B73/TX779,8.8997163772583
2024,wih1,CG119/CG108,7.028615474700928
2024,wih1,CG44/CGR01,9.979259490966797
2024,wih1,DK3IIH6/LH244,12.650846481323242
2024,wih1,DKFBHJ/PHP02,11.788986206054688
2024,wih1,FBLA/PHP02,11.788986206054688
2024,wih1,GEMS-0061_3AZA1_0001/PHP02,11.788986206054688
2024,wih1,GEMS-0061_3AZA1_0004/PHP02,11.788986206054688
2024,wih1,GEMS-0061_3AZA1_0005/PHP02,11.788986206054688
2024,wih1,GEMS-0061_3AZA1_0009/PHP02,11.788986206054688
2024,wih1,GEMS-0061_3AZA1_0010/PHP02,11.788986206054688
2024,wih1,GEMS-0061_3AZA1_0012/PHP02,11.788986206054688
2024,wih1,GEMS-0061_3AZA1_0016/PHP02,11.788986206054688
2024,wih1,GEMS-0061_3AZA1_0017/PHP02,11.788986206054688
2024,wih1,GEMS-0061_3AZA1_0021/PHP02,11.788986206054688
2024,wih1,GEMS-0061_3AZA1_0023/PHP02,11.788986206054688
2024,wih1,GEMS-0061_FBLL_0002/PHP02,11.788986206054688
2024,wih1,GEMS-0061_FBLL_0004/PHP02,11.788986206054688
2024,wih1,GEMS-0061_FBLL_0005/PHP02,11.788986206054688
2024,wih1,GEMS-0061_FBLL_0008/PHP02,11.788986206054688
2024,wih1,GEMS-0061_FBLL_0010/PHP02,11.788986206054688
2024,wih1,GEMS-0061_FBLL_0011/PHP02,11.788986206054688
2024,wih1,GEMS-0061_FBLL_0015/PHP02,11.788986206054688
2024,wih1,GEMS-0061_FBLL_0016/PHP02,11.788986206054688
2024,wih1,GEMS-0061_FBLL_0017/PHP02,11.788986206054688
2024,wih1,GEMS-0061_FBLL_0023/PHP02,11.788986206054688
2024,wih1,GEMS-0061_FBLL_0029/PHP02,11.788986206054688
2024,wih1,GEMS-0061_FBLL_0031/PHP02,11.788986206054688
2024,wih1,GEMS-0061_FBLL_0033/PHP02,11.788986206054688
2024,wih1,GEMS-0061_FBLL_0034/PHP02,11.788986206054688
2024,wih1,GEMS-0061_FBLL_0035/PHP02,11.788986206054688
2024,wih1,GEMS-0061_FBLL_0037/PHP02,11.788986206054688
2024,wih1,GEMS-0061_FBLL_0038/PHP02,11.788986206054688
2024,wih1,GEMS-0061_FBLL_0039/PHP02,11.788986206054688
2024,wih1,GEMS-0061_FBLL_0040/PHP02,11.788986206054688
2024,wih1,GEMS-0061_FBLL_0050/PHP02,11.788986206054688
2024,wih1,GEMS-0061_PHB47_0001/PHP02,11.788986206054688
2024,wih1,GEMS-0061_PHB47_0003/PHP02,11.788986206054688
2024,wih1,GEMS-0061_PHBW8_0001/PHP02,11.788986206054688
2024,wih1,GEMS-0061_PHBW8_0002/PHP02,11.788986206054688
2024,wih1,GEMS-0113_3AZA1_0001/PHP02,11.788986206054688
2024,wih1,GEMS-0113_3AZA1_0003/PHP02,11.788986206054688
2024,wih1,GEMS-0113_3AZA1_0005/PHP02,11.788986206054688
2024,wih1,GEMS-0113_3AZA1_0006/PHP02,11.788986206054688
2024,wih1,GEMS-0113_3AZA1_0007/PHP02,11.788986206054688
2024,wih1,GEMS-0113_3AZA1_0008/PHP02,11.788986206054688
2024,wih1,GEMS-0113_3AZA1_0010/PHP02,11.788986206054688
2024,wih1,GEMS-0113_3AZA1_0011/PHP02,11.788986206054688
2024,wih1,GEMS-0113_3AZA1_0013/PHP02,11.788986206054688
2024,wih1,GEMS-0113_3AZA1_0014/PHP02,11.788986206054688
2024,wih1,GEMS-0113_3AZA1_0015/PHP02,11.788986206054688
2024,wih1,GEMS-0113_3AZA1_0017/PHP02,11.788986206054688
2024,wih1,GEMS-0113_3AZA1_0019/PHP02,11.788986206054688
2024,wih1,GEMS-0113_3AZA1_0022/PHP02,11.788986206054688
2024,wih1,GEMS-0113_3AZA1_0024/PHP02,11.788986206054688
2024,wih1,GEMS-0113_3AZA1_0025/PHP02,11.788986206054688
2024,wih1,GEMS-0113_3AZA1_0026/PHP02,11.788986206054688
2024,wih1,GEMS-0113_3AZA1_0027/PHP02,11.788986206054688
2024,wih1,GEMS-0113_3AZA1_0028/PHP02,11.788986206054688
2024,wih1,GEMS-0113_3AZA1_0029/PHP02,11.788986206054688
2024,wih1,GEMS-0113_3AZA1_0038/PHP02,11.788986206054688
2024,wih1,GEMS-0113_FBLL_0004/PHP02,11.788986206054688
2024,wih1,GEMS-0113_FBLL_0005/PHP02,11.788986206054688
2024,wih1,GEMS-0113_FBLL_0007/PHP02,11.788986206054688
2024,wih1,GEMS-0113_FBLL_0008/PHP02,11.788986206054688
2024,wih1,GEMS-0113_FBLL_0011/PHP02,11.788986206054688
2024,wih1,GEMS-0113_FBLL_0013/PHP02,11.788986206054688
2024,wih1,GEMS-0113_PHB47_0001/PHP02,11.788986206054688
2024,wih1,GEMS-0113_PHB47_0003/PHP02,11.788986206054688
2024,wih1,GEMS-0113_PHB47_0004/PHP02,11.788986206054688
2024,wih1,GEMS-0113_PHB47_0005/PHP02,11.788986206054688
2024,wih1,GEMS-0113_PHB47_0007/PHP02,11.788986206054688
2024,wih1,GEMS-0113_PHB47_0009/PHP02,11.788986206054688
2024,wih1,GEMS-0113_PHB47_0012/PHP02,11.788986206054688
2024,wih1,GEMS-0113_PHB47_0013/PHP02,11.788986206054688
2024,wih1,GEMS-0113_PHB47_0014/PHP02,11.788986206054688
2024,wih1,GEMS-0113_PHB47_0015/PHP02,11.788986206054688
2024,wih1,GEMS-0113_PHB47_0017/PHP02,11.788986206054688
2024,wih1,GEMS-0113_PHB47_0021/PHP02,11.788986206054688
2024,wih1,GEMS-0113_PHBW8_0002/PHP02,11.788986206054688
2024,wih1,GEMS-0113_PHBW8_0004/PHP02,11.788986206054688
2024,wih1,GEMS-0113_PHBW8_0005/PHP02,11.788986206054688
2024,wih1,GEMS-0113_PHBW8_0006/PHP02,11.788986206054688
2024,wih1,GEMS-0113_PHBW8_0007/PHP02,11.788986206054688
2024,wih1,GEMS-0113_PHBW8_0008/PHP02,11.788986206054688
2024,wih1,GEMS-0113_PHBW8_0009/PHP02,11.788986206054688
2024,wih1,GEMS-0113_PHBW8_0011/PHP02,11.788986206054688
2024,wih1,GEMS-0113_PHBW8_0013/PHP02,11.788986206054688
2024,wih1,GEMS-0113_PHBW8_0014/PHP02,11.788986206054688
2024,wih1,GEMS-0113_PHBW8_0017/PHP02,11.788986206054688
2024,wih1,GEMS-0219_3AZA1_0002/PHP02,11.788986206054688
2024,wih1,GEMS-0219_3AZA1_0003/PHP02,11.788986206054688
2024,wih1,GEMS-0219_3AZA1_0005/PHP02,11.788986206054688
2024,wih1,GEMS-0219_3AZA1_0008/PHP02,11.788986206054688
2024,wih1,GEMS-0219_3AZA1_0010/PHP02,11.788986206054688
2024,wih1,GEMS-0219_3AZA1_0012/PHP02,11.788986206054688
2024,wih1,GEMS-0219_3AZA1_0014/PHP02,11.788986206054688
2024,wih1,GEMS-0219_FBLL_0002/PHP02,11.788986206054688
2024,wih1,GEMS-0219_FBLL_0003/PHP02,11.788986206054688
2024,wih1,GEMS-0219_FBLL_0007/PHP02,11.788986206054688
2024,wih1,GEMS-0219_FBLL_0008/PHP02,11.788986206054688
2024,wih1,GEMS-0219_FBLL_0009/PHP02,11.788986206054688
2024,wih1,GEMS-0219_FBLL_0010/PHP02,11.788986206054688
2024,wih1,GEMS-0219_FBLL_0011/PHP02,11.788986206054688
2024,wih1,GEMS-0219_FBLL_0012/PHP02,11.788986206054688
2024,wih1,GEMS-0219_FBLL_0013/PHP02,11.788986206054688
2024,wih1,GEMS-0219_FBLL_0014/PHP02,11.788986206054688
2024,wih1,GEMS-0219_FBLL_0017/PHP02,11.788986206054688
2024,wih1,GEMS-0219_FBLL_0018/PHP02,11.788986206054688
2024,wih1,GEMS-0219_FBLL_0019/PHP02,11.788986206054688
2024,wih1,GEMS-0219_FBLL_0020/PHP02,11.788986206054688
2024,wih1,GEMS-0219_FBLL_0023/PHP02,11.788986206054688
2024,wih1,GEMS-0219_FBLL_0025/PHP02,11.788986206054688
2024,wih1,GEMS-0219_FBLL_0027/PHP02,11.788986206054688
2024,wih1,GEMS-0219_PHB47_0001/PHP02,11.788986206054688
2024,wih1,GEMS-0219_PHB47_0002/PHP02,11.788986206054688
2024,wih1,GEMS-0219_PHB47_0003/PHP02,11.788986206054688
2024,wih1,GEMS-0219_PHB47_0004/PHP02,11.788986206054688
2024,wih1,GEMS-0219_PHB47_0005/PHP02,11.788986206054688
2024,wih1,GEMS-0219_PHB47_0011/PHP02,11.788986206054688
2024,wih1,GEMS-0219_PHB47_0014/PHP02,11.788986206054688
2024,wih1,GEMS-0219_PHB47_0017/PHP02,11.788986206054688
2024,wih1,GEMS-0219_PHBW8_0001/PHP02,11.788986206054688
2024,wih1,GEMS-0219_PHBW8_0006/PHP02,11.788986206054688
2024,wih1,GEMS-0219_PHBW8_0008/PHP02,11.788986206054688
2024,wih1,GEMS-0219_PHBW8_0009/PHP02,11.788986206054688
2024,wih1,GEMS-0219_PHBW8_0011/PHP02,11.788986206054688
2024,wih1,GEMS-0227_3AZA1_0002/PHP02,11.788986206054688
2024,wih1,GEMS-0227_3AZA1_0003/PHP02,11.788986206054688
2024,wih1,GEMS-0227_3AZA1_0007/PHP02,11.788986206054688
2024,wih1,GEMS-0227_3AZA1_0011/PHP02,11.788986206054688
2024,wih1,GEMS-0227_3AZA1_0013/PHP02,11.788986206054688
2024,wih1,GEMS-0227_3AZA1_0014/PHP02,11.788986206054688
2024,wih1,GEMS-0227_3AZA1_0015/PHP02,11.788986206054688
2024,wih1,GEMS-0227_3AZA1_0016/PHP02,11.788986206054688
2024,wih1,GEMS-0227_3AZA1_0017/PHP02,11.788986206054688
2024,wih1,GEMS-0227_3AZA1_0021/PHP02,11.788986206054688
2024,wih1,GEMS-0227_3AZA1_0022/PHP02,11.788986206054688
2024,wih1,GEMS-0227_3AZA1_0024/PHP02,11.788986206054688
2024,wih1,GEMS-0227_3AZA1_0025/PHP02,11.788986206054688
2024,wih1,GEMS-0227_3AZA1_0028/PHP02,11.788986206054688
2024,wih1,GEMS-0227_3AZA1_0029/PHP02,11.788986206054688
2024,wih1,GEMS-0227_3AZA1_0030/PHP02,11.788986206054688
2024,wih1,GEMS-0227_3AZA1_0031/PHP02,11.788986206054688
2024,wih1,GEMS-0227_3AZA1_0032/PHP02,11.788986206054688
2024,wih1,GEMS-0227_3AZA1_0034/PHP02,11.788986206054688
2024,wih1,GEMS-0227_3AZA1_0048/PHP02,11.788986206054688
2024,wih1,GEMS-0227_3AZA1_0049/PHP02,11.788986206054688
2024,wih1,GEMS-0227_FBLL_0001/PHP02,11.788986206054688
2024,wih1,GEMS-0227_FBLL_0002/PHP02,11.788986206054688
2024,wih1,GEMS-0227_FBLL_0003/PHP02,11.788986206054688
2024,wih1,GEMS-0227_FBLL_0007/PHP02,11.788986206054688
2024,wih1,GEMS-0227_FBLL_0010/PHP02,11.788986206054688
2024,wih1,GEMS-0227_FBLL_0013/PHP02,11.788986206054688
2024,wih1,GEMS-0227_FBLL_0016/PHP02,11.788986206054688
2024,wih1,GEMS-0227_FBLL_0017/PHP02,11.788986206054688
2024,wih1,GEMS-0227_FBLL_0019/PHP02,11.788986206054688
2024,wih1,GEMS-0227_FBLL_0020/PHP02,11.788986206054688
2024,wih1,GEMS-0227_FBLL_0021/PHP02,11.788986206054688
2024,wih1,GEMS-0227_FBLL_0022/PHP02,11.788986206054688
2024,wih1,GEMS-0227_FBLL_0023/PHP02,11.788986206054688
2024,wih1,GEMS-0227_FBLL_0024/PHP02,11.788986206054688
2024,wih1,GEMS-0227_FBLL_0025/PHP02,11.788986206054688
2024,wih1,GEMS-0227_FBLL_0026/PHP02,11.788986206054688
2024,wih1,GEMS-0227_FBLL_0028/PHP02,11.788986206054688
2024,wih1,GEMS-0227_FBLL_0029/PHP02,11.788986206054688
2024,wih1,GEMS-0227_FBLL_0030/PHP02,11.788986206054688
2024,wih1,GEMS-0227_FBLL_0031/PHP02,11.788986206054688
2024,wih1,GEMS-0227_FBLL_0032/PHP02,11.788986206054688
2024,wih1,GEMS-0227_FBLL_0033/PHP02,11.788986206054688
2024,wih1,GEMS-0227_FBLL_0035/PHP02,11.788986206054688
2024,wih1,GEMS-0227_FBLL_0038/PHP02,11.788986206054688
2024,wih1,GEMS-0227_FBLL_0039/PHP02,11.788986206054688
2024,wih1,GEMS-0227_FBLL_0040/PHP02,11.788986206054688
2024,wih1,GEMS-0227_FBLL_0041/PHP02,11.788986206054688
2024,wih1,GEMS-0227_FBLL_0044/PHP02,11.788986206054688
2024,wih1,GEMS-0227_FBLL_0045/PHP02,11.788986206054688
2024,wih1,GEMS-0227_FBLL_0046/PHP02,11.788986206054688
2024,wih1,GEMS-0227_FBLL_0048/PHP02,11.788986206054688
2024,wih1,GEMS-0227_FBLL_0050/PHP02,11.788986206054688
2024,wih1,GEMS-0227_FBLL_0051/PHP02,11.788986206054688
2024,wih1,GEMS-0227_FBLL_0052/PHP02,11.788986206054688
2024,wih1,GEMS-0227_FBLL_0054/PHP02,11.788986206054688
2024,wih1,GEMS-0227_FBLL_0055/PHP02,11.788986206054688
2024,wih1,GEMS-0227_FBLL_0056/PHP02,11.788986206054688
2024,wih1,GEMS-0227_FBLL_0057/PHP02,11.788986206054688
2024,wih1,GEMS-0227_FBLL_0058/PHP02,11.788986206054688
2024,wih1,GEMS-0227_FBLL_0059/PHP02,11.788986206054688
2024,wih1,GEMS-0227_FBLL_0060/PHP02,11.788986206054688
2024,wih1,GEMS-0227_FBLL_0062/PHP02,11.788986206054688
2024,wih1,GEMS-0227_FBLL_0066/PHP02,11.788986206054688
2024,wih1,GEMS-0227_FBLL_0067/PHP02,11.788986206054688
2024,wih1,GEMS-0227_FBLL_0071/PHP02,11.788986206054688
2024,wih1,GEMS-0227_FBLL_0072/PHP02,11.788986206054688
2024,wih1,GEMS-0227_FBLL_0074/PHP02,11.788986206054688
2024,wih1,GEMS-0227_FBLL_0075/PHP02,11.788986206054688
2024,wih1,GEMS-0227_FBLL_0077/PHP02,11.788986206054688
2024,wih1,GEMS-0227_FBLL_0079/PHP02,11.788986206054688
2024,wih1,GEMS-0227_FBLL_0080/PHP02,11.788986206054688
2024,wih1,GEMS-0227_FBLL_0084/PHP02,11.788986206054688
2024,wih1,GEMS-0227_FBLL_0086/PHP02,11.788986206054688
2024,wih1,GEMS-0227_FBLL_0087/PHP02,11.788986206054688
2024,wih1,GEMS-0227_FBLL_0088/PHP02,11.788986206054688
2024,wih1,GEMS-0227_FBLL_0089/PHP02,11.788986206054688
2024,wih1,GEMS-0227_FBLL_0094/PHP02,11.788986206054688
2024,wih1,GEMS-0227_FBLL_0095/PHP02,11.788986206054688
2024,wih1,GEMS-0227_FBLL_0096/PHP02,11.788986206054688
2024,wih1,GEMS-0227_FBLL_0098/PHP02,11.788986206054688
2024,wih1,GEMS-0227_FBLL_0101/PHP02,11.788986206054688
2024,wih1,GEMS-0227_FBLL_0104/PHP02,11.788986206054688
2024,wih1,GEMS-0227_FBLL_0105/PHP02,11.788986206054688
2024,wih1,GEMS-0227_FBLL_0106/PHP02,11.788986206054688
2024,wih1,GEMS-0227_FBLL_0111/PHP02,11.788986206054688
2024,wih1,GEMS-0227_FBLL_0114/PHP02,11.788986206054688
2024,wih1,GEMS-0227_FBLL_0117/PHP02,11.788986206054688
2024,wih1,GEMS-0227_FBLL_0118/PHP02,11.788986206054688
2024,wih1,GEMS-0227_FBLL_0125/PHP02,11.788986206054688
2024,wih1,GEMS-0227_FBLL_0127/PHP02,11.788986206054688
2024,wih1,GEMS-0227_FBLL_0133/PHP02,11.788986206054688
2024,wih1,GEMS-0227_FBLL_0134/PHP02,11.788986206054688
2024,wih1,GEMS-0227_FBLL_0136/PHP02,11.788986206054688
2024,wih1,GEMS-0227_PHB47_0004/PHP02,11.788986206054688
2024,wih1,GEMS-0227_PHB47_0007/PHP02,11.788986206054688
2024,wih1,GEMS-0227_PHB47_0010/PHP02,11.788986206054688
2024,wih1,GEMS-0227_PHB47_0011/PHP02,11.788986206054688
2024,wih1,GEMS-0227_PHB47_0012/PHP02,11.788986206054688
2024,wih1,GEMS-0227_PHB47_0014/PHP02,11.788986206054688
2024,wih1,GEMS-0227_PHB47_0023/PHP02,11.788986206054688
2024,wih1,GEMS-0227_PHB47_0024/PHP02,11.788986206054688
2024,wih1,GEMS-0227_PHB47_0026/PHP02,11.788986206054688
2024,wih1,GEMS-0227_PHBW8_0002/PHP02,11.788986206054688
2024,wih1,GEMS-0227_PHBW8_0003/PHP02,11.788986206054688
2024,wih1,GEMS-0227_PHBW8_0004/PHP02,11.788986206054688
2024,wih1,GEMS-0227_PHBW8_0005/PHP02,11.788986206054688
2024,wih1,GEMS-0227_PHBW8_0006/PHP02,11.788986206054688
2024,wih1,GEMS-0227_PHBW8_0007/PHP02,11.788986206054688
2024,wih1,GEMS-0227_PHBW8_0009/PHP02,11.788986206054688
2024,wih1,GEMS-0227_PHBW8_0010/PHP02,11.788986206054688
2024,wih1,GEMS-0227_PHBW8_0011/PHP02,11.788986206054688
2024,wih1,GEMS-0227_PHBW8_0012/PHP02,11.788986206054688
2024,wih1,GEMS-0227_PHBW8_0015/PHP02,11.788986206054688
2024,wih1,GEMS-0227_PHBW8_0016/PHP02,11.788986206054688
2024,wih1,GEMS-0227_PHBW8_0017/PHP02,11.788986206054688
2024,wih1,GEMS-0227_PHBW8_0018/PHP02,11.788986206054688
2024,wih1,GEMS-0227_PHBW8_0019/PHP02,11.788986206054688
2024,wih1,GEMS-0227_PHBW8_0022/PHP02,11.788986206054688
2024,wih1,LH146HT/PHP02,11.788986206054688
2024,wih1,LH192/PHP02,11.788986206054688
2024,wih1,LH194/PHP02,11.788986206054688
2024,wih1,LH195/PHZ51,10.970221519470215
2024,wih1,LH198/PHP02,11.788986206054688
2024,wih1,LH204/PHP02,11.788986206054688
2024,wih1,LH220HT/PHP02,11.788986206054688
2024,wih1,LH224/PHP02,11.788986206054688
2024,wih1,LH225/PHP02,11.788986206054688
2024,wih1,LH226HT/PHP02,11.788986206054688
2024,wih1,LH231/PHP02,11.788986206054688
2024,wih1,LH237/PHP02,11.788986206054688
2024,wih1,LH244/PHK76,11.238921165466309
2024,wih1,LH264/PHP02,11.788986206054688
2024,wih1,LH273/PHP02,11.788986206054688
2024,wih1,LH286/PHP02,11.788986206054688
2024,wih1,LH287/LH244,13.490389823913574
2024,wih1,LH292/PHP02,11.788986206054688
2024,wih1,LH82/LH244,11.593729972839355
2024,wih1,MM501D/LH244,12.76712703704834
2024,wih1,PH05G/PHP02,11.788986206054688
2024,wih1,PH05W/PHP02,11.788986206054688
2024,wih1,PH06N/PHP02,11.788986206054688
2024,wih1,PH09B/PHP02,11.788986206054688
2024,wih1,PH09E/PHP02,11.788986206054688
2024,wih1,PH0B4/PHP02,11.788986206054688
2024,wih1,PH0CD/PHP02,11.788986206054688
2024,wih1,PH0GP/PHP02,11.788986206054688
2024,wih1,PH12C/PHP02,11.788986206054688
2024,wih1,PH1GG/PHP02,11.788986206054688
2024,wih1,PH1W2/PHP02,11.788986206054688
2024,wih1,PH24E/LH244,12.919525146484375
2024,wih1,PH24M/PHP02,11.788986206054688
2024,wih1,PH37C/PHP02,11.788986206054688
2024,wih1,PH38D/PHP02,11.788986206054688
2024,wih1,PH44A/PHP02,11.788986206054688
2024,wih1,PH63A/PHP02,11.788986206054688
2024,wih1,PHB47/PHN82,12.211466789245605
2024,wih1,PHB47/PHP02,11.788986206054688
2024,wih1,PHB47/PHZ51,10.67599868774414
2024,wih1,PHBW8/PHP02,11.788986206054688
2024,wih1,PHDG1/PHP02,11.788986206054688
2024,wih1,PHG29/PHG47,9.6979522705078125
2024,wih1,PHG39/PHN82,12.510892868041992
2024,wih1,PHHB9/PHP02,11.788986206054688
2024,wih1,PHJ40/PHAJ0,7.028615474700928
2024,wih1,PHJ89/LH244,12.255314826965332
2024,wih1,PHJR5/PHP02,11.788986206054688
2024,wih1,PHK56/LH244,12.718822479248047
2024,wih1,PHKV0/PHP02,11.788986206054688
2024,wih1,PHN41/PHP02,11.788986206054688
2024,wih1,PHN46/LH244,11.220222473144531
2024,wih1,PHN66/PHP02,11.788986206054688
2024,wih1,PHNJ2/PHP02,11.788986206054688
2024,wih1,PHP02/LH244,12.811600685119629
2024,wih1,PHP38/PHP02,11.788986206054688
2024,wih1,PHPR5/PHP02,11.788986206054688
2024,wih1,PHR03/LH244,12.868979454040527
2024,wih1,PHR61/PHP02,11.788986206054688
2024,wih1,PHRE1/PHTD5,8.292896270751953
2024,wih1,PHT10/PHP02,11.788986206054688
2024,wih1,PHTV7/PHP02,11.788986206054688
2024,wih1,PHV37/PHP02,11.788986206054688
2024,wih1,PHVA9/PHP02,11.788986206054688
2024,wih1,PHVJ5/PHP02,11.788986206054688
2024,wih1,PHW30/LH244,12.429347038269043
2024,wih1,PHW52/PHM49,11.775321960449219
2024,wih1,PHW52/PHP02,11.788986206054688
2024,wih1,TX777/LH195,9.585184097290039
2024,wih1,W10004_0018/PHP02,11.546969413757324
2024,wih1,W10004_0031/PHP02,12.811600685119629
2024,wih1,W10004_0055/PHP02,12.497703552246094
2024,wih1,W10004_0133/PHP02,12.494912147521973
2024,wih1,W10004_0138/PHP02,12.131976127624512
2024,wih1,W10004_0146/PHP02,12.729114532470703
2024,wih1,W10004_0167/PHP02,12.17593002319336
2024,wih1,W10004_0168/PHP02,12.23361587524414
2024,wih1,W10004_0236/PHP02,12.28754711151123
2024,wih1,W10004_0238/PHP02,12.46755313873291
2024,wih1,W10004_0346/PHP02,12.942330360412598
2024,wih1,W10004_0403/PHP02,12.53708553314209
2024,wih1,W10004_0412/PHP02,12.29850959777832
2024,wih1,W10004_0476/PHP02,11.870864868164062
2024,wih1,W10004_0601/PHP02,12.281123161315918
2024,wih1,W10004_0608/PHP02,11.284621238708496
2024,wih1,W10004_0637/PHP02,12.610995292663574
2024,wih1,W10004_0658/PHP02,13.490389823913574
2024,wih1,W10004_0714/PHP02,12.28754711151123
2024,wih1,W10004_0715/PHP02,12.29850959777832
2024,wih1,W10004_0771/PHP02,12.480956077575684
2024,wih1,W10004_0776/PHP02,12.242585182189941
2024,wih1,W10004_0801/PHP02,13.0661039352417
2024,wih1,W10004_0858/PHP02,12.273776054382324
2024,wih1,W10004_0866/PHP02,12.895608901977539
2024,wih1,W10004_0949/PHP02,13.490389823913574
2024,wih1,W10004_0969/PHP02,11.81067943572998
2024,wih1,W10004_1014/PHP02,12.255314826965332
2024,wih1,W10004_1018/PHP02,12.145596504211426
2024,wih1,W10004_1032/PHP02,11.815832138061523
2024,wih1,WQCD10/PHP02,11.788986206054688
2024,wih1,ZS01459/PHP02,11.788986206054688
2024,wih1,ZS0510/PHP02,11.788986206054688
2024,wih2,01CSI6/LH287,10.14657974243164
2024,wih2,01DIB2/LH287,10.14657974243164
2024,wih2,01DIB2/PHP02,10.14657974243164
2024,wih2,2369/LH123HT,11.750746726989746
2024,wih2,2FACC/LH287,10.14657974243164
2024,wih2,2FACC/PHP02,10.14657974243164
2024,wih2,6F629/PHP02,10.14657974243164
2024,wih2,B14A/OH43,10.087325096130371
2024,wih2,B37/H95,10.014673233032227
2024,wih2,B73/MO17,11.545374870300293
2024,wih2,B73/PHN82,11.4844331741333
2024,wih2,B73/TX779,8.750838279724121
2024,wih2,CG119/CG108,7.688197612762451
2024,wih2,CG44/CGR01,8.959524154663086
2024,wih2,DK3IIH6/LH244,11.750763893127441
2024,wih2,FBLA/PHP02,10.14657974243164
2024,wih2,FBLL/PHP02,10.14657974243164
2024,wih2,GEMS-0061_3AZA1_0001/LH287,10.14657974243164
2024,wih2,GEMS-0061_3AZA1_0001/PHP02,10.14657974243164
2024,wih2,GEMS-0061_3AZA1_0005/LH287,10.14657974243164
2024,wih2,GEMS-0061_3AZA1_0005/PHP02,10.14657974243164
2024,wih2,GEMS-0061_3AZA1_0006/LH287,10.14657974243164
2024,wih2,GEMS-0061_3AZA1_0006/PHP02,10.14657974243164
2024,wih2,GEMS-0061_3AZA1_0007/PHP02,10.14657974243164
2024,wih2,GEMS-0061_3AZA1_0009/LH287,10.14657974243164
2024,wih2,GEMS-0061_3AZA1_0009/PHP02,10.14657974243164
2024,wih2,GEMS-0061_3AZA1_0010/LH287,10.14657974243164
2024,wih2,GEMS-0061_3AZA1_0011/PHP02,10.14657974243164
2024,wih2,GEMS-0061_3AZA1_0012/LH287,10.14657974243164
2024,wih2,GEMS-0061_3AZA1_0012/PHP02,10.14657974243164
2024,wih2,GEMS-0061_3AZA1_0013/LH287,10.14657974243164
2024,wih2,GEMS-0061_3AZA1_0013/PHP02,10.14657974243164
2024,wih2,GEMS-0061_3AZA1_0014/LH287,10.14657974243164
2024,wih2,GEMS-0061_3AZA1_0014/PHP02,10.14657974243164
2024,wih2,GEMS-0061_3AZA1_0015/PHP02,10.14657974243164
2024,wih2,GEMS-0061_3AZA1_0017/LH287,10.14657974243164
2024,wih2,GEMS-0061_3AZA1_0017/PHP02,10.14657974243164
2024,wih2,GEMS-0061_3AZA1_0023/LH287,10.14657974243164
2024,wih2,GEMS-0061_3AZA1_0023/PHP02,10.14657974243164
2024,wih2,GEMS-0061_FBLL_0002/LH287,10.14657974243164
2024,wih2,GEMS-0061_FBLL_0002/PHP02,10.14657974243164
2024,wih2,GEMS-0061_FBLL_0004/LH287,10.14657974243164
2024,wih2,GEMS-0061_FBLL_0004/PHP02,10.14657974243164
2024,wih2,GEMS-0061_FBLL_0005/LH287,10.14657974243164
2024,wih2,GEMS-0061_FBLL_0005/PHP02,10.14657974243164
2024,wih2,GEMS-0061_FBLL_0007/PHP02,10.14657974243164
2024,wih2,GEMS-0061_FBLL_0008/LH287,10.14657974243164
2024,wih2,GEMS-0061_FBLL_0008/PHP02,10.14657974243164
2024,wih2,GEMS-0061_FBLL_0009/LH287,10.14657974243164
2024,wih2,GEMS-0061_FBLL_0009/PHP02,10.14657974243164
2024,wih2,GEMS-0061_FBLL_0010/LH287,10.14657974243164
2024,wih2,GEMS-0061_FBLL_0010/PHP02,10.14657974243164
2024,wih2,GEMS-0061_FBLL_0011/LH287,10.14657974243164
2024,wih2,GEMS-0061_FBLL_0011/PHP02,10.14657974243164
2024,wih2,GEMS-0061_FBLL_0014/PHP02,10.14657974243164
2024,wih2,GEMS-0061_FBLL_0017/PHP02,10.14657974243164
2024,wih2,GEMS-0061_FBLL_0018/LH287,10.14657974243164
2024,wih2,GEMS-0061_FBLL_0018/PHP02,10.14657974243164
2024,wih2,GEMS-0061_FBLL_0019/LH287,10.14657974243164
2024,wih2,GEMS-0061_FBLL_0019/PHP02,10.14657974243164
2024,wih2,GEMS-0061_FBLL_0022/LH287,10.14657974243164
2024,wih2,GEMS-0061_FBLL_0022/PHP02,10.14657974243164
2024,wih2,GEMS-0061_FBLL_0023/LH287,10.14657974243164
2024,wih2,GEMS-0061_FBLL_0024/LH287,10.14657974243164
2024,wih2,GEMS-0061_FBLL_0024/PHP02,10.14657974243164
2024,wih2,GEMS-0061_FBLL_0025/PHP02,10.14657974243164
2024,wih2,GEMS-0061_FBLL_0026/PHP02,10.14657974243164
2024,wih2,GEMS-0061_FBLL_0029/PHP02,10.14657974243164
2024,wih2,GEMS-0061_FBLL_0031/LH287,10.14657974243164
2024,wih2,GEMS-0061_FBLL_0032/PHP02,10.14657974243164
2024,wih2,GEMS-0061_FBLL_0033/LH287,10.14657974243164
2024,wih2,GEMS-0061_FBLL_0034/LH287,10.14657974243164
2024,wih2,GEMS-0061_FBLL_0034/PHP02,10.14657974243164
2024,wih2,GEMS-0061_FBLL_0037/LH287,10.14657974243164
2024,wih2,GEMS-0061_FBLL_0037/PHP02,10.14657974243164
2024,wih2,GEMS-0061_FBLL_0038/LH287,10.14657974243164
2024,wih2,GEMS-0061_FBLL_0038/PHP02,10.14657974243164
2024,wih2,GEMS-0061_FBLL_0039/PHP02,10.14657974243164
2024,wih2,GEMS-0061_FBLL_0040/LH287,10.14657974243164
2024,wih2,GEMS-0061_FBLL_0042/PHP02,10.14657974243164
2024,wih2,GEMS-0061_FBLL_0044/LH287,10.14657974243164
2024,wih2,GEMS-0061_FBLL_0044/PHP02,10.14657974243164
2024,wih2,GEMS-0061_FBLL_0047/PHP02,10.14657974243164
2024,wih2,GEMS-0061_FBLL_0050/PHP02,10.14657974243164
2024,wih2,GEMS-0061_PHB47_0003/LH287,10.14657974243164
2024,wih2,GEMS-0061_PHB47_0003/PHP02,10.14657974243164
2024,wih2,GEMS-0061_PHB47_0004/LH287,10.14657974243164
2024,wih2,GEMS-0061_PHB47_0004/PHP02,10.14657974243164
2024,wih2,GEMS-0061_PHBW8_0001/LH287,10.14657974243164
2024,wih2,GEMS-0061_PHBW8_0002/LH287,10.14657974243164
2024,wih2,GEMS-0061_PHBW8_0002/PHP02,10.14657974243164
2024,wih2,GEMS-0113_3AZA1_0001/LH287,10.14657974243164
2024,wih2,GEMS-0113_3AZA1_0001/PHP02,10.14657974243164
2024,wih2,GEMS-0113_3AZA1_0002/LH287,10.14657974243164
2024,wih2,GEMS-0113_3AZA1_0002/PHP02,10.14657974243164
2024,wih2,GEMS-0113_3AZA1_0003/LH287,10.14657974243164
2024,wih2,GEMS-0113_3AZA1_0004/LH287,10.14657974243164
2024,wih2,GEMS-0113_3AZA1_0004/PHP02,10.14657974243164
2024,wih2,GEMS-0113_3AZA1_0005/LH287,10.14657974243164
2024,wih2,GEMS-0113_3AZA1_0007/LH287,10.14657974243164
2024,wih2,GEMS-0113_3AZA1_0008/LH287,10.14657974243164
2024,wih2,GEMS-0113_3AZA1_0008/PHP02,10.14657974243164
2024,wih2,GEMS-0113_3AZA1_0010/PHP02,10.14657974243164
2024,wih2,GEMS-0113_3AZA1_0011/LH287,10.14657974243164
2024,wih2,GEMS-0113_3AZA1_0013/LH287,10.14657974243164
2024,wih2,GEMS-0113_3AZA1_0013/PHP02,10.14657974243164
2024,wih2,GEMS-0113_3AZA1_0014/PHP02,10.14657974243164
2024,wih2,GEMS-0113_3AZA1_0015/LH287,10.14657974243164
2024,wih2,GEMS-0113_3AZA1_0016/PHP02,10.14657974243164
2024,wih2,GEMS-0113_3AZA1_0017/LH287,10.14657974243164
2024,wih2,GEMS-0113_3AZA1_0017/PHP02,10.14657974243164
2024,wih2,GEMS-0113_3AZA1_0018/PHP02,10.14657974243164
2024,wih2,GEMS-0113_3AZA1_0019/LH287,10.14657974243164
2024,wih2,GEMS-0113_3AZA1_0019/PHP02,10.14657974243164
2024,wih2,GEMS-0113_3AZA1_0021/LH287,10.14657974243164
2024,wih2,GEMS-0113_3AZA1_0021/PHP02,10.14657974243164
2024,wih2,GEMS-0113_3AZA1_0022/LH287,10.14657974243164
2024,wih2,GEMS-0113_3AZA1_0022/PHP02,10.14657974243164
2024,wih2,GEMS-0113_3AZA1_0023/LH287,10.14657974243164
2024,wih2,GEMS-0113_3AZA1_0025/LH287,10.14657974243164
2024,wih2,GEMS-0113_3AZA1_0025/PHP02,10.14657974243164
2024,wih2,GEMS-0113_3AZA1_0026/LH287,10.14657974243164
2024,wih2,GEMS-0113_3AZA1_0026/PHP02,10.14657974243164
2024,wih2,GEMS-0113_3AZA1_0027/LH287,10.14657974243164
2024,wih2,GEMS-0113_3AZA1_0027/PHP02,10.14657974243164
2024,wih2,GEMS-0113_3AZA1_0028/LH287,10.14657974243164
2024,wih2,GEMS-0113_3AZA1_0029/LH287,10.14657974243164
2024,wih2,GEMS-0113_3AZA1_0029/PHP02,10.14657974243164
2024,wih2,GEMS-0113_3AZA1_0031/PHP02,10.14657974243164
2024,wih2,GEMS-0113_3AZA1_0038/LH287,10.14657974243164
2024,wih2,GEMS-0113_FBLL_0002/LH287,10.14657974243164
2024,wih2,GEMS-0113_FBLL_0002/PHP02,10.14657974243164
2024,wih2,GEMS-0113_FBLL_0003/PHP02,10.14657974243164
2024,wih2,GEMS-0113_FBLL_0004/LH287,10.14657974243164
2024,wih2,GEMS-0113_FBLL_0005/LH287,10.14657974243164
2024,wih2,GEMS-0113_FBLL_0005/PHP02,10.14657974243164
2024,wih2,GEMS-0113_FBLL_0006/LH287,10.14657974243164
2024,wih2,GEMS-0113_FBLL_0006/PHP02,10.14657974243164
2024,wih2,GEMS-0113_FBLL_0007/LH287,10.14657974243164
2024,wih2,GEMS-0113_FBLL_0007/PHP02,10.14657974243164
2024,wih2,GEMS-0113_FBLL_0008/PHP02,10.14657974243164
2024,wih2,GEMS-0113_FBLL_0010/LH287,10.14657974243164
2024,wih2,GEMS-0113_FBLL_0010/PHP02,10.14657974243164
2024,wih2,GEMS-0113_FBLL_0011/PHP02,10.14657974243164
2024,wih2,GEMS-0113_FBLL_0013/LH287,10.14657974243164
2024,wih2,GEMS-0113_FBLL_0015/LH287,10.14657974243164
2024,wih2,GEMS-0113_FBLL_0015/PHP02,10.14657974243164
2024,wih2,GEMS-0113_PHB47_0001/LH287,10.14657974243164
2024,wih2,GEMS-0113_PHB47_0003/LH287,10.14657974243164
2024,wih2,GEMS-0113_PHB47_0003/PHP02,10.14657974243164
2024,wih2,GEMS-0113_PHB47_0004/PHP02,10.14657974243164
2024,wih2,GEMS-0113_PHB47_0005/LH287,10.14657974243164
2024,wih2,GEMS-0113_PHB47_0006/LH287,10.14657974243164
2024,wih2,GEMS-0113_PHB47_0006/PHP02,10.14657974243164
2024,wih2,GEMS-0113_PHB47_0007/LH287,10.14657974243164
2024,wih2,GEMS-0113_PHB47_0007/PHP02,10.14657974243164
2024,wih2,GEMS-0113_PHB47_0008/LH287,10.14657974243164
2024,wih2,GEMS-0113_PHB47_0008/PHP02,10.14657974243164
2024,wih2,GEMS-0113_PHB47_0009/LH287,10.14657974243164
2024,wih2,GEMS-0113_PHB47_0009/PHP02,10.14657974243164
2024,wih2,GEMS-0113_PHB47_0011/LH287,10.14657974243164
2024,wih2,GEMS-0113_PHB47_0011/PHP02,10.14657974243164
2024,wih2,GEMS-0113_PHB47_0012/LH287,10.14657974243164
2024,wih2,GEMS-0113_PHB47_0012/PHP02,10.14657974243164
2024,wih2,GEMS-0113_PHB47_0013/LH287,10.14657974243164
2024,wih2,GEMS-0113_PHB47_0014/LH287,10.14657974243164
2024,wih2,GEMS-0113_PHB47_0015/PHP02,10.14657974243164
2024,wih2,GEMS-0113_PHB47_0017/LH287,10.14657974243164
2024,wih2,GEMS-0113_PHB47_0019/LH287,10.14657974243164
2024,wih2,GEMS-0113_PHB47_0019/PHP02,10.14657974243164
2024,wih2,GEMS-0113_PHB47_0020/LH287,10.14657974243164
2024,wih2,GEMS-0113_PHB47_0020/PHP02,10.14657974243164
2024,wih2,GEMS-0113_PHBW8_0001/LH287,10.14657974243164
2024,wih2,GEMS-0113_PHBW8_0001/PHP02,10.14657974243164
2024,wih2,GEMS-0113_PHBW8_0004/LH287,10.14657974243164
2024,wih2,GEMS-0113_PHBW8_0005/LH287,10.14657974243164
2024,wih2,GEMS-0113_PHBW8_0006/LH287,10.14657974243164
2024,wih2,GEMS-0113_PHBW8_0006/PHP02,10.14657974243164
2024,wih2,GEMS-0113_PHBW8_0007/PHP02,10.14657974243164
2024,wih2,GEMS-0113_PHBW8_0008/LH287,10.14657974243164
2024,wih2,GEMS-0113_PHBW8_0009/LH287,10.14657974243164
2024,wih2,GEMS-0113_PHBW8_0010/LH287,10.14657974243164
2024,wih2,GEMS-0113_PHBW8_0010/PHP02,10.14657974243164
2024,wih2,GEMS-0113_PHBW8_0011/LH287,10.14657974243164
2024,wih2,GEMS-0113_PHBW8_0012/LH287,10.14657974243164
2024,wih2,GEMS-0113_PHBW8_0012/PHP02,10.14657974243164
2024,wih2,GEMS-0113_PHBW8_0013/LH287,10.14657974243164
2024,wih2,GEMS-0113_PHBW8_0013/PHP02,10.14657974243164
2024,wih2,GEMS-0113_PHBW8_0014/LH287,10.14657974243164
2024,wih2,GEMS-0113_PHBW8_0014/PHP02,10.14657974243164
2024,wih2,GEMS-0113_PHBW8_0017/PHP02,10.14657974243164
2024,wih2,GEMS-0219_3AZA1_0001/PHP02,10.14657974243164
2024,wih2,GEMS-0219_3AZA1_0002/PHP02,10.14657974243164
2024,wih2,GEMS-0219_3AZA1_0003/PHP02,10.14657974243164
2024,wih2,GEMS-0219_3AZA1_0004/PHP02,10.14657974243164
2024,wih2,GEMS-0219_3AZA1_0005/LH287,10.14657974243164
2024,wih2,GEMS-0219_3AZA1_0005/PHP02,10.14657974243164
2024,wih2,GEMS-0219_3AZA1_0006/LH287,10.14657974243164
2024,wih2,GEMS-0219_3AZA1_0006/PHP02,10.14657974243164
2024,wih2,GEMS-0219_3AZA1_0007/LH287,10.14657974243164
2024,wih2,GEMS-0219_3AZA1_0007/PHP02,10.14657974243164
2024,wih2,GEMS-0219_3AZA1_0009/PHP02,10.14657974243164
2024,wih2,GEMS-0219_3AZA1_0010/LH287,10.14657974243164
2024,wih2,GEMS-0219_3AZA1_0010/PHP02,10.14657974243164
2024,wih2,GEMS-0219_3AZA1_0012/LH287,10.14657974243164
2024,wih2,GEMS-0219_3AZA1_0012/PHP02,10.14657974243164
2024,wih2,GEMS-0219_3AZA1_0014/LH287,10.14657974243164
2024,wih2,GEMS-0219_3AZA1_0014/PHP02,10.14657974243164
2024,wih2,GEMS-0219_FBLL_0002/LH287,10.14657974243164
2024,wih2,GEMS-0219_FBLL_0003/LH287,10.14657974243164
2024,wih2,GEMS-0219_FBLL_0004/LH287,10.14657974243164
2024,wih2,GEMS-0219_FBLL_0004/PHP02,10.14657974243164
2024,wih2,GEMS-0219_FBLL_0005/LH287,10.14657974243164
2024,wih2,GEMS-0219_FBLL_0005/PHP02,10.14657974243164
2024,wih2,GEMS-0219_FBLL_0006/LH287,10.14657974243164
2024,wih2,GEMS-0219_FBLL_0006/PHP02,10.14657974243164
2024,wih2,GEMS-0219_FBLL_0007/LH287,10.14657974243164
2024,wih2,GEMS-0219_FBLL_0008/LH287,10.14657974243164
2024,wih2,GEMS-0219_FBLL_0008/PHP02,10.14657974243164
2024,wih2,GEMS-0219_FBLL_0009/LH287,10.14657974243164
2024,wih2,GEMS-0219_FBLL_0009/PHP02,10.14657974243164
2024,wih2,GEMS-0219_FBLL_0010/LH287,10.14657974243164
2024,wih2,GEMS-0219_FBLL_0010/PHP02,10.14657974243164
2024,wih2,GEMS-0219_FBLL_0011/PHP02,10.14657974243164
2024,wih2,GEMS-0219_FBLL_0012/LH287,10.14657974243164
2024,wih2,GEMS-0219_FBLL_0013/LH287,10.14657974243164
2024,wih2,GEMS-0219_FBLL_0013/PHP02,10.14657974243164
2024,wih2,GEMS-0219_FBLL_0014/LH287,10.14657974243164
2024,wih2,GEMS-0219_FBLL_0014/PHP02,10.14657974243164
2024,wih2,GEMS-0219_FBLL_0015/PHP02,10.14657974243164
2024,wih2,GEMS-0219_FBLL_0017/PHP02,10.14657974243164
2024,wih2,GEMS-0219_FBLL_0018/LH287,10.14657974243164
2024,wih2,GEMS-0219_FBLL_0018/PHP02,10.14657974243164
2024,wih2,GEMS-0219_FBLL_0019/PHP02,10.14657974243164
2024,wih2,GEMS-0219_FBLL_0020/LH287,10.14657974243164
2024,wih2,GEMS-0219_FBLL_0021/PHP02,10.14657974243164
2024,wih2,GEMS-0219_FBLL_0022/LH287,10.14657974243164
2024,wih2,GEMS-0219_FBLL_0022/PHP02,10.14657974243164
2024,wih2,GEMS-0219_FBLL_0023/LH287,10.14657974243164
2024,wih2,GEMS-0219_FBLL_0025/LH287,10.14657974243164
2024,wih2,GEMS-0219_FBLL_0027/LH287,10.14657974243164
2024,wih2,GEMS-0219_FBLL_0027/PHP02,10.14657974243164
2024,wih2,GEMS-0219_FBLL_0028/LH287,10.14657974243164
2024,wih2,GEMS-0219_FBLL_0028/PHP02,10.14657974243164
2024,wih2,GEMS-0219_FBLL_0030/LH287,10.14657974243164
2024,wih2,GEMS-0219_FBLL_0030/PHP02,10.14657974243164
2024,wih2,GEMS-0219_PHB47_0001/LH287,10.14657974243164
2024,wih2,GEMS-0219_PHB47_0002/LH287,10.14657974243164
2024,wih2,GEMS-0219_PHB47_0003/LH287,10.14657974243164
2024,wih2,GEMS-0219_PHB47_0003/PHP02,10.14657974243164
2024,wih2,GEMS-0219_PHB47_0004/PHP02,10.14657974243164
2024,wih2,GEMS-0219_PHB47_0005/LH287,10.14657974243164
2024,wih2,GEMS-0219_PHB47_0006/LH287,10.14657974243164
2024,wih2,GEMS-0219_PHB47_0006/PHP02,10.14657974243164
2024,wih2,GEMS-0219_PHB47_0011/LH287,10.14657974243164
2024,wih2,GEMS-0219_PHB47_0011/PHP02,10.14657974243164
2024,wih2,GEMS-0219_PHB47_0014/PHP02,10.14657974243164
2024,wih2,GEMS-0219_PHBW8_0002/LH287,10.14657974243164
2024,wih2,GEMS-0219_PHBW8_0002/PHP02,10.14657974243164
2024,wih2,GEMS-0219_PHBW8_0003/LH287,10.14657974243164
2024,wih2,GEMS-0219_PHBW8_0003/PHP02,10.14657974243164
2024,wih2,GEMS-0219_PHBW8_0004/LH287,10.14657974243164
2024,wih2,GEMS-0219_PHBW8_0004/PHP02,10.14657974243164
2024,wih2,GEMS-0219_PHBW8_0006/LH287,10.14657974243164
2024,wih2,GEMS-0219_PHBW8_0006/PHP02,10.14657974243164
2024,wih2,GEMS-0219_PHBW8_0008/LH287,10.14657974243164
2024,wih2,GEMS-0219_PHBW8_0008/PHP02,10.14657974243164
2024,wih2,GEMS-0219_PHBW8_0009/LH287,10.14657974243164
2024,wih2,GEMS-0219_PHBW8_0011/LH287,10.14657974243164
2024,wih2,GEMS-0219_PHBW8_0011/PHP02,10.14657974243164
2024,wih2,GEMS-0227_3AZA1_0001/LH287,10.14657974243164
2024,wih2,GEMS-0227_3AZA1_0001/PHP02,10.14657974243164
2024,wih2,GEMS-0227_3AZA1_0002/PHP02,10.14657974243164
2024,wih2,GEMS-0227_3AZA1_0003/LH287,10.14657974243164
2024,wih2,GEMS-0227_3AZA1_0003/PHP02,10.14657974243164
2024,wih2,GEMS-0227_3AZA1_0004/LH287,10.14657974243164
2024,wih2,GEMS-0227_3AZA1_0004/PHP02,10.14657974243164
2024,wih2,GEMS-0227_3AZA1_0005/PHP02,10.14657974243164
2024,wih2,GEMS-0227_3AZA1_0006/PHP02,10.14657974243164
2024,wih2,GEMS-0227_3AZA1_0007/LH287,10.14657974243164
2024,wih2,GEMS-0227_3AZA1_0008/LH287,10.14657974243164
2024,wih2,GEMS-0227_3AZA1_0008/PHP02,10.14657974243164
2024,wih2,GEMS-0227_3AZA1_0009/LH287,10.14657974243164
2024,wih2,GEMS-0227_3AZA1_0009/PHP02,10.14657974243164
2024,wih2,GEMS-0227_3AZA1_0010/LH287,10.14657974243164
2024,wih2,GEMS-0227_3AZA1_0010/PHP02,10.14657974243164
2024,wih2,GEMS-0227_3AZA1_0011/LH287,10.14657974243164
2024,wih2,GEMS-0227_3AZA1_0011/PHP02,10.14657974243164
2024,wih2,GEMS-0227_3AZA1_0012/LH287,10.14657974243164
2024,wih2,GEMS-0227_3AZA1_0012/PHP02,10.14657974243164
2024,wih2,GEMS-0227_3AZA1_0013/LH287,10.14657974243164
2024,wih2,GEMS-0227_3AZA1_0013/PHP02,10.14657974243164
2024,wih2,GEMS-0227_3AZA1_0015/LH287,10.14657974243164
2024,wih2,GEMS-0227_3AZA1_0016/LH287,10.14657974243164
2024,wih2,GEMS-0227_3AZA1_0016/PHP02,10.14657974243164
2024,wih2,GEMS-0227_3AZA1_0017/LH287,10.14657974243164
2024,wih2,GEMS-0227_3AZA1_0018/PHP02,10.14657974243164
2024,wih2,GEMS-0227_3AZA1_0019/LH287,10.14657974243164
2024,wih2,GEMS-0227_3AZA1_0019/PHP02,10.14657974243164
2024,wih2,GEMS-0227_3AZA1_0022/LH287,10.14657974243164
2024,wih2,GEMS-0227_3AZA1_0023/LH287,10.14657974243164
2024,wih2,GEMS-0227_3AZA1_0023/PHP02,10.14657974243164
2024,wih2,GEMS-0227_3AZA1_0024/LH287,10.14657974243164
2024,wih2,GEMS-0227_3AZA1_0024/PHP02,10.14657974243164
2024,wih2,GEMS-0227_3AZA1_0028/LH287,10.14657974243164
2024,wih2,GEMS-0227_3AZA1_0029/LH287,10.14657974243164
2024,wih2,GEMS-0227_3AZA1_0030/PHP02,10.14657974243164
2024,wih2,GEMS-0227_3AZA1_0031/PHP02,10.14657974243164
2024,wih2,GEMS-0227_3AZA1_0032/LH287,10.14657974243164
2024,wih2,GEMS-0227_3AZA1_0032/PHP02,10.14657974243164
2024,wih2,GEMS-0227_3AZA1_0034/LH287,10.14657974243164
2024,wih2,GEMS-0227_3AZA1_0035/LH287,10.14657974243164
2024,wih2,GEMS-0227_3AZA1_0035/PHP02,10.14657974243164
2024,wih2,GEMS-0227_3AZA1_0036/PHP02,10.14657974243164
2024,wih2,GEMS-0227_3AZA1_0040/PHP02,10.14657974243164
2024,wih2,GEMS-0227_3AZA1_0041/PHP02,10.14657974243164
2024,wih2,GEMS-0227_3AZA1_0043/LH287,10.14657974243164
2024,wih2,GEMS-0227_3AZA1_0043/PHP02,10.14657974243164
2024,wih2,GEMS-0227_3AZA1_0045/LH287,10.14657974243164
2024,wih2,GEMS-0227_3AZA1_0045/PHP02,10.14657974243164
2024,wih2,GEMS-0227_3AZA1_0046/LH287,10.14657974243164
2024,wih2,GEMS-0227_3AZA1_0046/PHP02,10.14657974243164
2024,wih2,GEMS-0227_3AZA1_0048/PHP02,10.14657974243164
2024,wih2,GEMS-0227_FBLL_0001/PHP02,10.14657974243164
2024,wih2,GEMS-0227_FBLL_0002/LH287,10.14657974243164
2024,wih2,GEMS-0227_FBLL_0002/PHP02,10.14657974243164
2024,wih2,GEMS-0227_FBLL_0003/LH287,10.14657974243164
2024,wih2,GEMS-0227_FBLL_0004/PHP02,10.14657974243164
2024,wih2,GEMS-0227_FBLL_0005/LH287,10.14657974243164
2024,wih2,GEMS-0227_FBLL_0005/PHP02,10.14657974243164
2024,wih2,GEMS-0227_FBLL_0007/PHP02,10.14657974243164
2024,wih2,GEMS-0227_FBLL_0008/PHP02,10.14657974243164
2024,wih2,GEMS-0227_FBLL_0009/PHP02,10.14657974243164
2024,wih2,GEMS-0227_FBLL_0010/LH287,10.14657974243164
2024,wih2,GEMS-0227_FBLL_0010/PHP02,10.14657974243164
2024,wih2,GEMS-0227_FBLL_0013/LH287,10.14657974243164
2024,wih2,GEMS-0227_FBLL_0013/PHP02,10.14657974243164
2024,wih2,GEMS-0227_FBLL_0014/LH287,10.14657974243164
2024,wih2,GEMS-0227_FBLL_0014/PHP02,10.14657974243164
2024,wih2,GEMS-0227_FBLL_0015/LH287,10.14657974243164
2024,wih2,GEMS-0227_FBLL_0015/PHP02,10.14657974243164
2024,wih2,GEMS-0227_FBLL_0016/LH287,10.14657974243164
2024,wih2,GEMS-0227_FBLL_0017/LH287,10.14657974243164
2024,wih2,GEMS-0227_FBLL_0017/PHP02,10.14657974243164
2024,wih2,GEMS-0227_FBLL_0018/LH287,10.14657974243164
2024,wih2,GEMS-0227_FBLL_0018/PHP02,10.14657974243164
2024,wih2,GEMS-0227_FBLL_0019/LH287,10.14657974243164
2024,wih2,GEMS-0227_FBLL_0020/LH287,10.14657974243164
2024,wih2,GEMS-0227_FBLL_0020/PHP02,10.14657974243164
2024,wih2,GEMS-0227_FBLL_0021/LH287,10.14657974243164
2024,wih2,GEMS-0227_FBLL_0021/PHP02,10.14657974243164
2024,wih2,GEMS-0227_FBLL_0022/PHP02,10.14657974243164
2024,wih2,GEMS-0227_FBLL_0023/LH287,10.14657974243164
2024,wih2,GEMS-0227_FBLL_0023/PHP02,10.14657974243164
2024,wih2,GEMS-0227_FBLL_0024/LH287,10.14657974243164
2024,wih2,GEMS-0227_FBLL_0025/LH287,10.14657974243164
2024,wih2,GEMS-0227_FBLL_0025/PHP02,10.14657974243164
2024,wih2,GEMS-0227_FBLL_0026/LH287,10.14657974243164
2024,wih2,GEMS-0227_FBLL_0027/LH287,10.14657974243164
2024,wih2,GEMS-0227_FBLL_0027/PHP02,10.14657974243164
2024,wih2,GEMS-0227_FBLL_0028/LH287,10.14657974243164
2024,wih2,GEMS-0227_FBLL_0029/LH287,10.14657974243164
2024,wih2,GEMS-0227_FBLL_0030/LH287,10.14657974243164
2024,wih2,GEMS-0227_FBLL_0030/PHP02,10.14657974243164
2024,wih2,GEMS-0227_FBLL_0031/LH287,10.14657974243164
2024,wih2,GEMS-0227_FBLL_0032/LH287,10.14657974243164
2024,wih2,GEMS-0227_FBLL_0033/PHP02,10.14657974243164
2024,wih2,GEMS-0227_FBLL_0034/LH287,10.14657974243164
2024,wih2,GEMS-0227_FBLL_0034/PHP02,10.14657974243164
2024,wih2,GEMS-0227_FBLL_0035/LH287,10.14657974243164
2024,wih2,GEMS-0227_FBLL_0036/LH287,10.14657974243164
2024,wih2,GEMS-0227_FBLL_0036/PHP02,10.14657974243164
2024,wih2,GEMS-0227_FBLL_0037/LH287,10.14657974243164
2024,wih2,GEMS-0227_FBLL_0037/PHP02,10.14657974243164
2024,wih2,GEMS-0227_FBLL_0038/LH287,10.14657974243164
2024,wih2,GEMS-0227_FBLL_0039/LH287,10.14657974243164
2024,wih2,GEMS-0227_FBLL_0039/PHP02,10.14657974243164
2024,wih2,GEMS-0227_FBLL_0040/LH287,10.14657974243164
2024,wih2,GEMS-0227_FBLL_0040/PHP02,10.14657974243164
2024,wih2,GEMS-0227_FBLL_0042/LH287,10.14657974243164
2024,wih2,GEMS-0227_FBLL_0042/PHP02,10.14657974243164
2024,wih2,GEMS-0227_FBLL_0043/PHP02,10.14657974243164
2024,wih2,GEMS-0227_FBLL_0044/LH287,10.14657974243164
2024,wih2,GEMS-0227_FBLL_0045/LH287,10.14657974243164
2024,wih2,GEMS-0227_FBLL_0045/PHP02,10.14657974243164
2024,wih2,GEMS-0227_FBLL_0046/LH287,10.14657974243164
2024,wih2,GEMS-0227_FBLL_0046/PHP02,10.14657974243164
2024,wih2,GEMS-0227_FBLL_0047/LH287,10.14657974243164
2024,wih2,GEMS-0227_FBLL_0047/PHP02,10.14657974243164
2024,wih2,GEMS-0227_FBLL_0048/LH287,10.14657974243164
2024,wih2,GEMS-0227_FBLL_0048/PHP02,10.14657974243164
2024,wih2,GEMS-0227_FBLL_0049/LH287,10.14657974243164
2024,wih2,GEMS-0227_FBLL_0049/PHP02,10.14657974243164
2024,wih2,GEMS-0227_FBLL_0050/LH287,10.14657974243164
2024,wih2,GEMS-0227_FBLL_0050/PHP02,10.14657974243164
2024,wih2,GEMS-0227_FBLL_0051/PHP02,10.14657974243164
2024,wih2,GEMS-0227_FBLL_0053/LH287,10.14657974243164
2024,wih2,GEMS-0227_FBLL_0053/PHP02,10.14657974243164
2024,wih2,GEMS-0227_FBLL_0054/LH287,10.14657974243164
2024,wih2,GEMS-0227_FBLL_0055/PHP02,10.14657974243164
2024,wih2,GEMS-0227_FBLL_0056/LH287,10.14657974243164
2024,wih2,GEMS-0227_FBLL_0056/PHP02,10.14657974243164
2024,wih2,GEMS-0227_FBLL_0057/PHP02,10.14657974243164
2024,wih2,GEMS-0227_FBLL_0058/LH287,10.14657974243164
2024,wih2,GEMS-0227_FBLL_0058/PHP02,10.14657974243164
2024,wih2,GEMS-0227_FBLL_0059/LH287,10.14657974243164
2024,wih2,GEMS-0227_FBLL_0060/LH287,10.14657974243164
2024,wih2,GEMS-0227_FBLL_0060/PHP02,10.14657974243164
2024,wih2,GEMS-0227_FBLL_0062/LH287,10.14657974243164
2024,wih2,GEMS-0227_FBLL_0063/LH287,10.14657974243164
2024,wih2,GEMS-0227_FBLL_0063/PHP02,10.14657974243164
2024,wih2,GEMS-0227_FBLL_0064/LH287,10.14657974243164
2024,wih2,GEMS-0227_FBLL_0064/PHP02,10.14657974243164
2024,wih2,GEMS-0227_FBLL_0066/LH287,10.14657974243164
2024,wih2,GEMS-0227_FBLL_0066/PHP02,10.14657974243164
2024,wih2,GEMS-0227_FBLL_0067/LH287,10.14657974243164
2024,wih2,GEMS-0227_FBLL_0068/LH287,10.14657974243164
2024,wih2,GEMS-0227_FBLL_0068/PHP02,10.14657974243164
2024,wih2,GEMS-0227_FBLL_0069/PHP02,10.14657974243164
2024,wih2,GEMS-0227_FBLL_0070/PHP02,10.14657974243164
2024,wih2,GEMS-0227_FBLL_0071/LH287,10.14657974243164
2024,wih2,GEMS-0227_FBLL_0072/LH287,10.14657974243164
2024,wih2,GEMS-0227_FBLL_0073/LH287,10.14657974243164
2024,wih2,GEMS-0227_FBLL_0073/PHP02,10.14657974243164
2024,wih2,GEMS-0227_FBLL_0074/LH287,10.14657974243164
2024,wih2,GEMS-0227_FBLL_0074/PHP02,10.14657974243164
2024,wih2,GEMS-0227_FBLL_0075/LH287,10.14657974243164
2024,wih2,GEMS-0227_FBLL_0077/LH287,10.14657974243164
2024,wih2,GEMS-0227_FBLL_0077/PHP02,10.14657974243164
2024,wih2,GEMS-0227_FBLL_0078/LH287,10.14657974243164
2024,wih2,GEMS-0227_FBLL_0078/PHP02,10.14657974243164
2024,wih2,GEMS-0227_FBLL_0079/LH287,10.14657974243164
2024,wih2,GEMS-0227_FBLL_0079/PHP02,10.14657974243164
2024,wih2,GEMS-0227_FBLL_0082/LH287,10.14657974243164
2024,wih2,GEMS-0227_FBLL_0082/PHP02,10.14657974243164
2024,wih2,GEMS-0227_FBLL_0084/PHP02,10.14657974243164
2024,wih2,GEMS-0227_FBLL_0085/PHP02,10.14657974243164
2024,wih2,GEMS-0227_FBLL_0086/LH287,10.14657974243164
2024,wih2,GEMS-0227_FBLL_0087/PHP02,10.14657974243164
2024,wih2,GEMS-0227_FBLL_0088/LH287,10.14657974243164
2024,wih2,GEMS-0227_FBLL_0088/PHP02,10.14657974243164
2024,wih2,GEMS-0227_FBLL_0089/LH287,10.14657974243164
2024,wih2,GEMS-0227_FBLL_0090/LH287,10.14657974243164
2024,wih2,GEMS-0227_FBLL_0090/PHP02,10.14657974243164
2024,wih2,GEMS-0227_FBLL_0093/LH287,10.14657974243164
2024,wih2,GEMS-0227_FBLL_0093/PHP02,10.14657974243164
2024,wih2,GEMS-0227_FBLL_0094/PHP02,10.14657974243164
2024,wih2,GEMS-0227_FBLL_0097/PHP02,10.14657974243164
2024,wih2,GEMS-0227_FBLL_0098/LH287,10.14657974243164
2024,wih2,GEMS-0227_FBLL_0098/PHP02,10.14657974243164
2024,wih2,GEMS-0227_FBLL_0101/LH287,10.14657974243164
2024,wih2,GEMS-0227_FBLL_0101/PHP02,10.14657974243164
2024,wih2,GEMS-0227_FBLL_0102/LH287,10.14657974243164
2024,wih2,GEMS-0227_FBLL_0102/PHP02,10.14657974243164
2024,wih2,GEMS-0227_FBLL_0104/PHP02,10.14657974243164
2024,wih2,GEMS-0227_FBLL_0105/LH287,10.14657974243164
2024,wih2,GEMS-0227_FBLL_0106/LH287,10.14657974243164
2024,wih2,GEMS-0227_FBLL_0106/PHP02,10.14657974243164
2024,wih2,GEMS-0227_FBLL_0107/LH287,10.14657974243164
2024,wih2,GEMS-0227_FBLL_0107/PHP02,10.14657974243164
2024,wih2,GEMS-0227_FBLL_0110/LH287,10.14657974243164
2024,wih2,GEMS-0227_FBLL_0110/PHP02,10.14657974243164
2024,wih2,GEMS-0227_FBLL_0111/LH287,10.14657974243164
2024,wih2,GEMS-0227_FBLL_0113/LH287,10.14657974243164
2024,wih2,GEMS-0227_FBLL_0113/PHP02,10.14657974243164
2024,wih2,GEMS-0227_FBLL_0114/LH287,10.14657974243164
2024,wih2,GEMS-0227_FBLL_0114/PHP02,10.14657974243164
2024,wih2,GEMS-0227_FBLL_0115/PHP02,10.14657974243164
2024,wih2,GEMS-0227_FBLL_0116/LH287,10.14657974243164
2024,wih2,GEMS-0227_FBLL_0116/PHP02,10.14657974243164
2024,wih2,GEMS-0227_FBLL_0117/LH287,10.14657974243164
2024,wih2,GEMS-0227_FBLL_0118/LH287,10.14657974243164
2024,wih2,GEMS-0227_FBLL_0121/PHP02,10.14657974243164
2024,wih2,GEMS-0227_FBLL_0124/LH287,10.14657974243164
2024,wih2,GEMS-0227_FBLL_0124/PHP02,10.14657974243164
2024,wih2,GEMS-0227_FBLL_0125/LH287,10.14657974243164
2024,wih2,GEMS-0227_FBLL_0125/PHP02,10.14657974243164
2024,wih2,GEMS-0227_FBLL_0127/LH287,10.14657974243164
2024,wih2,GEMS-0227_FBLL_0127/PHP02,10.14657974243164
2024,wih2,GEMS-0227_FBLL_0133/PHP02,10.14657974243164
2024,wih2,GEMS-0227_FBLL_0134/LH287,10.14657974243164
2024,wih2,GEMS-0227_FBLL_0134/PHP02,10.14657974243164
2024,wih2,GEMS-0227_FBLL_0136/LH287,10.14657974243164
2024,wih2,GEMS-0227_FBLL_0136/PHP02,10.14657974243164
2024,wih2,GEMS-0227_FBLL_0140/PHP02,10.14657974243164
2024,wih2,GEMS-0227_FBLL_0141/LH287,10.14657974243164
2024,wih2,GEMS-0227_FBLL_0141/PHP02,10.14657974243164
2024,wih2,GEMS-0227_PHB47_0001/PHP02,10.14657974243164
2024,wih2,GEMS-0227_PHB47_0002/PHP02,10.14657974243164
2024,wih2,GEMS-0227_PHB47_0003/PHP02,10.14657974243164
2024,wih2,GEMS-0227_PHB47_0004/LH287,10.14657974243164
2024,wih2,GEMS-0227_PHB47_0004/PHP02,10.14657974243164
2024,wih2,GEMS-0227_PHB47_0006/LH287,10.14657974243164
2024,wih2,GEMS-0227_PHB47_0006/PHP02,10.14657974243164
2024,wih2,GEMS-0227_PHB47_0007/LH287,10.14657974243164
2024,wih2,GEMS-0227_PHB47_0007/PHP02,10.14657974243164
2024,wih2,GEMS-0227_PHB47_0009/PHP02,10.14657974243164
2024,wih2,GEMS-0227_PHB47_0010/LH287,10.14657974243164
2024,wih2,GEMS-0227_PHB47_0011/LH287,10.14657974243164
2024,wih2,GEMS-0227_PHB47_0011/PHP02,10.14657974243164
2024,wih2,GEMS-0227_PHB47_0012/LH287,10.14657974243164
2024,wih2,GEMS-0227_PHB47_0012/PHP02,10.14657974243164
2024,wih2,GEMS-0227_PHB47_0014/LH287,10.14657974243164
2024,wih2,GEMS-0227_PHB47_0016/PHP02,10.14657974243164
2024,wih2,GEMS-0227_PHB47_0022/LH287,10.14657974243164
2024,wih2,GEMS-0227_PHB47_0022/PHP02,10.14657974243164
2024,wih2,GEMS-0227_PHB47_0024/LH287,10.14657974243164
2024,wih2,GEMS-0227_PHB47_0024/PHP02,10.14657974243164
2024,wih2,GEMS-0227_PHB47_0025/LH287,10.14657974243164
2024,wih2,GEMS-0227_PHB47_0025/PHP02,10.14657974243164
2024,wih2,GEMS-0227_PHB47_0026/LH287,10.14657974243164
2024,wih2,GEMS-0227_PHB47_0026/PHP02,10.14657974243164
2024,wih2,GEMS-0227_PHBW8_0001/LH287,10.14657974243164
2024,wih2,GEMS-0227_PHBW8_0001/PHP02,10.14657974243164
2024,wih2,GEMS-0227_PHBW8_0002/LH287,10.14657974243164
2024,wih2,GEMS-0227_PHBW8_0002/PHP02,10.14657974243164
2024,wih2,GEMS-0227_PHBW8_0003/LH287,10.14657974243164
2024,wih2,GEMS-0227_PHBW8_0003/PHP02,10.14657974243164
2024,wih2,GEMS-0227_PHBW8_0004/LH287,10.14657974243164
2024,wih2,GEMS-0227_PHBW8_0004/PHP02,10.14657974243164
2024,wih2,GEMS-0227_PHBW8_0005/LH287,10.14657974243164
2024,wih2,GEMS-0227_PHBW8_0006/LH287,10.14657974243164
2024,wih2,GEMS-0227_PHBW8_0006/PHP02,10.14657974243164
2024,wih2,GEMS-0227_PHBW8_0007/LH287,10.14657974243164
2024,wih2,GEMS-0227_PHBW8_0009/PHP02,10.14657974243164
2024,wih2,GEMS-0227_PHBW8_0010/LH287,10.14657974243164
2024,wih2,GEMS-0227_PHBW8_0010/PHP02,10.14657974243164
2024,wih2,GEMS-0227_PHBW8_0012/LH287,10.14657974243164
2024,wih2,GEMS-0227_PHBW8_0012/PHP02,10.14657974243164
2024,wih2,GEMS-0227_PHBW8_0013/LH287,10.14657974243164
2024,wih2,GEMS-0227_PHBW8_0013/PHP02,10.14657974243164
2024,wih2,GEMS-0227_PHBW8_0015/LH287,10.14657974243164
2024,wih2,GEMS-0227_PHBW8_0016/LH287,10.14657974243164
2024,wih2,GEMS-0227_PHBW8_0018/LH287,10.14657974243164
2024,wih2,GEMS-0227_PHBW8_0018/PHP02,10.14657974243164
2024,wih2,GEMS-0227_PHBW8_0019/LH287,10.14657974243164
2024,wih2,GEMS-0227_PHBW8_0019/PHP02,10.14657974243164
2024,wih2,GEMS-0227_PHBW8_0020/PHP02,10.14657974243164
2024,wih2,GEMS-0227_PHBW8_0021/LH287,10.14657974243164
2024,wih2,GEMS-0227_PHBW8_0021/PHP02,10.14657974243164
2024,wih2,GEMS-0227_PHBW8_0022/LH287,10.14657974243164
2024,wih2,GEMS-0227_PHBW8_0024/LH287,10.14657974243164
2024,wih2,GEMS-0227_PHBW8_0024/PHP02,10.14657974243164
2024,wih2,LH132/PHP02,10.178553581237793
2024,wih2,LH146HT/LH287,10.14657974243164
2024,wih2,LH146HT/PHP02,10.14657974243164
2024,wih2,LH192/PHP02,10.14657974243164
2024,wih2,LH193/LH287,10.14657974243164
2024,wih2,LH193/PHP02,10.14657974243164
2024,wih2,LH195/LH287,10.14657974243164
2024,wih2,LH195/PHP02,10.251002311706543
2024,wih2,LH195/PHZ51,10.196765899658203
2024,wih2,LH197/LH287,10.14657974243164
2024,wih2,LH197/PHP02,10.14657974243164
2024,wih2,LH198/LH287,10.14657974243164
2024,wih2,LH198/PHP02,10.14657974243164
2024,wih2,LH200/PHP02,10.14657974243164
2024,wih2,LH204/LH287,10.14657974243164
2024,wih2,LH204/PHP02,10.14657974243164
2024,wih2,LH220HT/LH287,10.14657974243164
2024,wih2,LH224/LH287,10.14657974243164
2024,wih2,LH224/PHP02,10.14657974243164
2024,wih2,LH225/LH287,10.14657974243164
2024,wih2,LH225/PHP02,10.14657974243164
2024,wih2,LH226HT/PHP02,10.14657974243164
2024,wih2,LH228/LH287,10.14657974243164
2024,wih2,LH228/PHP02,10.14657974243164
2024,wih2,LH231/PHP02,10.14657974243164
2024,wih2,LH234/LH287,10.14657974243164
2024,wih2,LH234/PHP02,10.14657974243164
2024,wih2,LH235/PHP02,10.14657974243164
2024,wih2,LH236/PHP02,10.14657974243164
2024,wih2,LH237/LH287,10.14657974243164
2024,wih2,LH237/PHP02,10.14657974243164
2024,wih2,LH238/LH287,10.14657974243164
2024,wih2,LH238/PHP02,10.14657974243164
2024,wih2,LH244/PHK76,9.933331489562988
2024,wih2,LH244/PHP02,10.14657974243164
2024,wih2,LH273/LH287,10.14657974243164
2024,wih2,LH286/PHP02,10.14657974243164
2024,wih2,LH287/LH244,12.258545875549316
2024,wih2,LH292/PHP02,10.14657974243164
2024,wih2,LH82/LH244,10.100232124328613
2024,wih2,MM501D/LH244,11.759239196777344
2024,wih2,NKH8431/LH287,10.14657974243164
2024,wih2,NKH8431/PHP02,10.14657974243164
2024,wih2,PH05F/PHP02,10.14657974243164
2024,wih2,PH05G/LH287,10.14657974243164
2024,wih2,PH05G/PHP02,10.14657974243164
2024,wih2,PH05W/LH287,10.14657974243164
2024,wih2,PH05W/PHP02,10.14657974243164
2024,wih2,PH06N/LH287,10.14657974243164
2024,wih2,PH07D/LH287,10.14657974243164
2024,wih2,PH07D/PHP02,10.14657974243164
2024,wih2,PH080/LH287,10.14657974243164
2024,wih2,PH080/PHP02,10.14657974243164
2024,wih2,PH08A/LH287,10.14657974243164
2024,wih2,PH08A/PHP02,10.14657974243164
2024,wih2,PH09B/PHP02,10.14657974243164
2024,wih2,PH09E/LH287,10.14657974243164
2024,wih2,PH09E/PHP02,10.14657974243164
2024,wih2,PH0B4/LH287,10.14657974243164
2024,wih2,PH0B4/PHP02,10.14657974243164
2024,wih2,PH0CD/LH287,10.14657974243164
2024,wih2,PH0GP/LH287,10.14657974243164
2024,wih2,PH0GP/PHP02,10.14657974243164
2024,wih2,PH19V/PHP02,10.14657974243164
2024,wih2,PH1CA/LH287,10.14657974243164
2024,wih2,PH1CA/PHP02,10.14657974243164
2024,wih2,PH1GC/LH287,10.14657974243164
2024,wih2,PH1GC/PHP02,10.14657974243164
2024,wih2,PH1TB/LH287,10.14657974243164
2024,wih2,PH1TB/PHP02,10.14657974243164
2024,wih2,PH1W2/LH287,10.14657974243164
2024,wih2,PH1W2/PHP02,10.14657974243164
2024,wih2,PH24E/LH244,11.498028755187988
2024,wih2,PH24M/LH287,10.14657974243164
2024,wih2,PH37C/LH287,10.14657974243164
2024,wih2,PH42B/LH287,10.14657974243164
2024,wih2,PH42B/PHP02,10.14657974243164
2024,wih2,PH44A/LH287,10.14657974243164
2024,wih2,PH44A/PHP02,10.14657974243164
2024,wih2,PH55C/LH287,10.14657974243164
2024,wih2,PH55C/PHP02,10.14657974243164
2024,wih2,PH63A/LH287,10.14657974243164
2024,wih2,PH63A/PHP02,10.14657974243164
2024,wih2,PH79A/LH287,10.14657974243164
2024,wih2,PH79A/PHP02,10.14657974243164
2024,wih2,PHB47/PHN82,10.875199317932129
2024,wih2,PHB47/PHZ51,9.971245765686035
2024,wih2,PHBW8/LH287,10.14657974243164
2024,wih2,PHBW8/PHP02,10.14657974243164
2024,wih2,PHDG1/LH287,10.14657974243164
2024,wih2,PHDG1/PHP02,10.14657974243164
2024,wih2,PHEW7/LH287,10.14657974243164
2024,wih2,PHEW7/PHP02,10.14657974243164
2024,wih2,PHG29/PHG47,9.398945808410645
2024,wih2,PHG39/PHN82,10.983624458312988
2024,wih2,PHHB9/LH287,10.14657974243164
2024,wih2,PHJ40/PHAJ0,7.688197612762451
2024,wih2,PHJ89/LH244,11.1300048828125
2024,wih2,PHJR5/LH287,10.14657974243164
2024,wih2,PHK56/LH244,11.6930513381958
2024,wih2,PHKV0/LH287,10.14657974243164
2024,wih2,PHN46/LH244,10.15455150604248
2024,wih2,PHN66/LH287,10.14657974243164
2024,wih2,PHN66/PHP02,10.14657974243164
2024,wih2,PHNJ2/LH287,10.14657974243164
2024,wih2,PHNJ2/PHP02,10.14657974243164
2024,wih2,PHP02/LH244,11.650861740112305
2024,wih2,PHP38/LH287,10.14657974243164
2024,wih2,PHP38/PHP02,10.14657974243164
2024,wih2,PHPR5/LH287,10.14657974243164
2024,wih2,PHR03/LH244,11.6104736328125
2024,wih2,PHR61/LH287,10.14657974243164
2024,wih2,PHRE1/PHTD5,8.452101707458496
2024,wih2,PHT10/LH287,10.14657974243164
2024,wih2,PHT10/PHP02,10.14657974243164
2024,wih2,PHT11/LH287,10.14657974243164
2024,wih2,PHT11/PHP02,10.14657974243164
2024,wih2,PHT47/PHP02,10.14657974243164
2024,wih2,PHTP9/PHP02,10.14657974243164
2024,wih2,PHTV7/LH287,10.14657974243164
2024,wih2,PHTV7/PHP02,10.14657974243164
2024,wih2,PHV37/LH287,10.14657974243164
2024,wih2,PHVA9/LH287,10.14657974243164
2024,wih2,PHVA9/PHP02,10.14657974243164
2024,wih2,PHVJ5/PHP02,10.14657974243164
2024,wih2,PHW30/LH244,11.30870532989502
2024,wih2,PHW52/LH287,10.14657974243164
2024,wih2,PHW52/PHM49,10.281327247619629
2024,wih2,PHW52/PHP02,10.14657974243164
2024,wih2,TX777/LH195,9.35466194152832
2024,wih2,W10004_0018/LH287,10.14657974243164
2024,wih2,W10004_0031/PHP02,11.650861740112305
2024,wih2,W10004_0034/LH287,10.14657974243164
2024,wih2,W10004_0034/PHP02,11.184094429016113
2024,wih2,W10004_0062/PHP02,10.136832237243652
2024,wih2,W10004_0095/LH287,10.14657974243164
2024,wih2,W10004_0095/PHP02,10.038297653198242
2024,wih2,W10004_0103/LH287,10.14657974243164
2024,wih2,W10004_0103/PHP02,11.313437461853027
2024,wih2,W10004_0122/LH287,10.14657974243164
2024,wih2,W10004_0122/PHP02,11.1300048828125
2024,wih2,W10004_0133/LH287,10.14657974243164
2024,wih2,W10004_0146/LH287,10.14657974243164
2024,wih2,W10004_0146/PHP02,11.51828670501709
2024,wih2,W10004_0160/LH287,10.14657974243164
2024,wih2,W10004_0160/PHP02,11.461565971374512
2024,wih2,W10004_0167/LH287,10.14657974243164
2024,wih2,W10004_0168/LH287,10.14657974243164
2024,wih2,W10004_0168/PHP02,11.120865821838379
2024,wih2,W10004_0189/LH287,10.14657974243164
2024,wih2,W10004_0189/PHP02,11.530146598815918
2024,wih2,W10004_0236/LH287,10.14657974243164
2024,wih2,W10004_0236/PHP02,11.1517972946167
2024,wih2,W10004_0238/LH287,10.14657974243164
2024,wih2,W10004_0238/PHP02,11.208830833435059
2024,wih2,W10004_0258/LH287,10.14657974243164
2024,wih2,W10004_0258/PHP02,11.6930513381958
2024,wih2,W10004_0270/PHP02,10.894401550292969
2024,wih2,W10004_0311/LH287,10.14657974243164
2024,wih2,W10004_0311/PHP02,10.553421974182129
2024,wih2,W10004_0389/LH287,10.14657974243164
2024,wih2,W10004_0389/PHP02,10.865925788879395
2024,wih2,W10004_0403/PHP02,11.196779251098633
2024,wih2,W10004_0409/LH287,10.14657974243164
2024,wih2,W10004_0409/PHP02,11.97492790222168
2024,wih2,W10004_0412/LH287,10.14657974243164
2024,wih2,W10004_0476/PHP02,10.507270812988281
2024,wih2,W10004_0601/PHP02,11.136090278625488
2024,wih2,W10004_0608/LH287,10.14657974243164
2024,wih2,W10004_0608/PHP02,10.049174308776855
2024,wih2,W10004_0637/LH287,10.14657974243164
2024,wih2,W10004_0637/PHP02,11.313437461853027
2024,wih2,W10004_0688/LH287,10.14657974243164
2024,wih2,W10004_0688/PHP02,10.678258895874023
2024,wih2,W10004_0691/LH287,10.14657974243164
2024,wih2,W10004_0691/PHP02,9.967767715454102
2024,wih2,W10004_0714/LH287,10.14657974243164
2024,wih2,W10004_0714/PHP02,11.1517972946167
2024,wih2,W10004_0715/LH287,10.14657974243164
2024,wih2,W10004_0715/PHP02,11.073613166809082
2024,wih2,W10004_0747/PHP02,11.918055534362793
2024,wih2,W10004_0754/LH287,10.14657974243164
2024,wih2,W10004_0754/PHP02,11.141468048095703
2024,wih2,W10004_0776/PHP02,11.141468048095703
2024,wih2,W10004_0801/PHP02,11.640816688537598
2024,wih2,W10004_0822/LH287,10.14657974243164
2024,wih2,W10004_0822/PHP02,11.208830833435059
2024,wih2,W10004_0859/LH287,10.14657974243164
2024,wih2,W10004_0859/PHP02,10.708683967590332
2024,wih2,W10004_0866/LH287,10.14657974243164
2024,wih2,W10004_0866/PHP02,11.565279006958008
2024,wih2,W10004_0949/LH287,10.14657974243164
2024,wih2,W10004_0949/PHP02,12.258545875549316
2024,wih2,W10004_0969/LH287,10.14657974243164
2024,wih2,W10004_0969/PHP02,10.75770378112793
2024,wih2,W10004_1018/PHP02,10.708683967590332
2024,wih2,W10004_1032/LH287,10.14657974243164
2024,wih2,W10004_1080/LH287,10.14657974243164
2024,wih2,W10004_1080/PHP02,11.918055534362793
2024,wih2,WQCD10/PHP02,10.14657974243164
2024,wih3,01DIB2/PHP02,11.336576461791992
2024,wih3,2369/LH123HT,12.819794654846191
2024,wih3,2FACC/PHP02,11.336576461791992
2024,wih3,B14A/OH43,10.665534973144531
2024,wih3,B37/H95,9.889076232910156
2024,wih3,B73/MO17,12.701068878173828
2024,wih3,B73/PHN82,13.004581451416016
2024,wih3,B73/TX779,8.627837181091309
2024,wih3,CG119/CG108,6.949290752410889
2024,wih3,CG44/CGR01,9.851622581481934
2024,wih3,DK3IIH6/LH244,12.85716438293457
2024,wih3,DKFBHJ/PHP02,11.336576461791992
2024,wih3,FBLA/PHP02,11.336576461791992
2024,wih3,FBLL/PHP02,11.336576461791992
2024,wih3,GEMS-0061_3AZA1_0004/PHP02,11.336576461791992
2024,wih3,GEMS-0061_3AZA1_0005/PHP02,11.336576461791992
2024,wih3,GEMS-0061_3AZA1_0006/PHP02,11.336576461791992
2024,wih3,GEMS-0061_3AZA1_0007/PHP02,11.336576461791992
2024,wih3,GEMS-0061_3AZA1_0009/PHP02,11.336576461791992
2024,wih3,GEMS-0061_3AZA1_0010/PHP02,11.336576461791992
2024,wih3,GEMS-0061_3AZA1_0011/PHP02,11.336576461791992
2024,wih3,GEMS-0061_3AZA1_0012/PHP02,11.336576461791992
2024,wih3,GEMS-0061_3AZA1_0013/PHP02,11.336576461791992
2024,wih3,GEMS-0061_3AZA1_0015/PHP02,11.336576461791992
2024,wih3,GEMS-0061_3AZA1_0017/PHP02,11.336576461791992
2024,wih3,GEMS-0061_3AZA1_0023/PHP02,11.336576461791992
2024,wih3,GEMS-0061_FBLL_0002/PHP02,11.336576461791992
2024,wih3,GEMS-0061_FBLL_0004/PHP02,11.336576461791992
2024,wih3,GEMS-0061_FBLL_0005/PHP02,11.336576461791992
2024,wih3,GEMS-0061_FBLL_0007/PHP02,11.336576461791992
2024,wih3,GEMS-0061_FBLL_0009/PHP02,11.336576461791992
2024,wih3,GEMS-0061_FBLL_0010/PHP02,11.336576461791992
2024,wih3,GEMS-0061_FBLL_0011/PHP02,11.336576461791992
2024,wih3,GEMS-0061_FBLL_0014/PHP02,11.336576461791992
2024,wih3,GEMS-0061_FBLL_0016/PHP02,11.336576461791992
2024,wih3,GEMS-0061_FBLL_0017/PHP02,11.336576461791992
2024,wih3,GEMS-0061_FBLL_0018/PHP02,11.336576461791992
2024,wih3,GEMS-0061_FBLL_0022/PHP02,11.336576461791992
2024,wih3,GEMS-0061_FBLL_0024/PHP02,11.336576461791992
2024,wih3,GEMS-0061_FBLL_0026/PHP02,11.336576461791992
2024,wih3,GEMS-0061_FBLL_0029/PHP02,11.336576461791992
2024,wih3,GEMS-0061_FBLL_0032/PHP02,11.336576461791992
2024,wih3,GEMS-0061_FBLL_0033/PHP02,11.336576461791992
2024,wih3,GEMS-0061_FBLL_0034/PHP02,11.336576461791992
2024,wih3,GEMS-0061_FBLL_0035/PHP02,11.336576461791992
2024,wih3,GEMS-0061_FBLL_0037/PHP02,11.336576461791992
2024,wih3,GEMS-0061_FBLL_0038/PHP02,11.336576461791992
2024,wih3,GEMS-0061_FBLL_0039/PHP02,11.336576461791992
2024,wih3,GEMS-0061_FBLL_0040/PHP02,11.336576461791992
2024,wih3,GEMS-0061_FBLL_0042/PHP02,11.336576461791992
2024,wih3,GEMS-0061_FBLL_0044/PHP02,11.336576461791992
2024,wih3,GEMS-0061_FBLL_0047/PHP02,11.336576461791992
2024,wih3,GEMS-0061_FBLL_0050/PHP02,11.336576461791992
2024,wih3,GEMS-0061_PHB47_0001/PHP02,11.336576461791992
2024,wih3,GEMS-0061_PHB47_0003/PHP02,11.336576461791992
2024,wih3,GEMS-0061_PHB47_0004/PHP02,11.336576461791992
2024,wih3,GEMS-0061_PHBW8_0001/PHP02,11.336576461791992
2024,wih3,GEMS-0061_PHBW8_0002/PHP02,11.336576461791992
2024,wih3,GEMS-0113_3AZA1_0001/PHP02,11.336576461791992
2024,wih3,GEMS-0113_3AZA1_0002/PHP02,11.336576461791992
2024,wih3,GEMS-0113_3AZA1_0003/PHP02,11.336576461791992
2024,wih3,GEMS-0113_3AZA1_0005/PHP02,11.336576461791992
2024,wih3,GEMS-0113_3AZA1_0006/PHP02,11.336576461791992
2024,wih3,GEMS-0113_3AZA1_0007/PHP02,11.336576461791992
2024,wih3,GEMS-0113_3AZA1_0008/PHP02,11.336576461791992
2024,wih3,GEMS-0113_3AZA1_0010/PHP02,11.336576461791992
2024,wih3,GEMS-0113_3AZA1_0011/PHP02,11.336576461791992
2024,wih3,GEMS-0113_3AZA1_0013/PHP02,11.336576461791992
2024,wih3,GEMS-0113_3AZA1_0016/PHP02,11.336576461791992
2024,wih3,GEMS-0113_3AZA1_0018/PHP02,11.336576461791992
2024,wih3,GEMS-0113_3AZA1_0019/PHP02,11.336576461791992
2024,wih3,GEMS-0113_3AZA1_0021/PHP02,11.336576461791992
2024,wih3,GEMS-0113_3AZA1_0022/PHP02,11.336576461791992
2024,wih3,GEMS-0113_3AZA1_0024/PHP02,11.336576461791992
2024,wih3,GEMS-0113_3AZA1_0025/PHP02,11.336576461791992
2024,wih3,GEMS-0113_3AZA1_0026/PHP02,11.336576461791992
2024,wih3,GEMS-0113_3AZA1_0027/PHP02,11.336576461791992
2024,wih3,GEMS-0113_3AZA1_0028/PHP02,11.336576461791992
2024,wih3,GEMS-0113_3AZA1_0029/PHP02,11.336576461791992
2024,wih3,GEMS-0113_3AZA1_0031/PHP02,11.336576461791992
2024,wih3,GEMS-0113_3AZA1_0038/PHP02,11.336576461791992
2024,wih3,GEMS-0113_FBLL_0002/PHP02,11.336576461791992
2024,wih3,GEMS-0113_FBLL_0004/PHP02,11.336576461791992
2024,wih3,GEMS-0113_FBLL_0005/PHP02,11.336576461791992
2024,wih3,GEMS-0113_FBLL_0006/PHP02,11.336576461791992
2024,wih3,GEMS-0113_FBLL_0010/PHP02,11.336576461791992
2024,wih3,GEMS-0113_FBLL_0011/PHP02,11.336576461791992
2024,wih3,GEMS-0113_FBLL_0013/PHP02,11.336576461791992
2024,wih3,GEMS-0113_FBLL_0015/PHP02,11.336576461791992
2024,wih3,GEMS-0113_PHB47_0001/PHP02,11.336576461791992
2024,wih3,GEMS-0113_PHB47_0004/PHP02,11.336576461791992
2024,wih3,GEMS-0113_PHB47_0005/PHP02,11.336576461791992
2024,wih3,GEMS-0113_PHB47_0006/PHP02,11.336576461791992
2024,wih3,GEMS-0113_PHB47_0007/PHP02,11.336576461791992
2024,wih3,GEMS-0113_PHB47_0008/PHP02,11.336576461791992
2024,wih3,GEMS-0113_PHB47_0009/PHP02,11.336576461791992
2024,wih3,GEMS-0113_PHB47_0012/PHP02,11.336576461791992
2024,wih3,GEMS-0113_PHB47_0013/PHP02,11.336576461791992
2024,wih3,GEMS-0113_PHB47_0014/PHP02,11.336576461791992
2024,wih3,GEMS-0113_PHB47_0015/PHP02,11.336576461791992
2024,wih3,GEMS-0113_PHB47_0017/PHP02,11.336576461791992
2024,wih3,GEMS-0113_PHB47_0019/PHP02,11.336576461791992
2024,wih3,GEMS-0113_PHB47_0020/PHP02,11.336576461791992
2024,wih3,GEMS-0113_PHB47_0021/PHP02,11.336576461791992
2024,wih3,GEMS-0113_PHBW8_0001/PHP02,11.336576461791992
2024,wih3,GEMS-0113_PHBW8_0006/PHP02,11.336576461791992
2024,wih3,GEMS-0113_PHBW8_0009/PHP02,11.336576461791992
2024,wih3,GEMS-0113_PHBW8_0011/PHP02,11.336576461791992
2024,wih3,GEMS-0113_PHBW8_0012/PHP02,11.336576461791992
2024,wih3,GEMS-0113_PHBW8_0013/PHP02,11.336576461791992
2024,wih3,GEMS-0113_PHBW8_0014/PHP02,11.336576461791992
2024,wih3,GEMS-0219_3AZA1_0001/PHP02,11.336576461791992
2024,wih3,GEMS-0219_3AZA1_0004/PHP02,11.336576461791992
2024,wih3,GEMS-0219_3AZA1_0005/PHP02,11.336576461791992
2024,wih3,GEMS-0219_3AZA1_0006/PHP02,11.336576461791992
2024,wih3,GEMS-0219_3AZA1_0008/PHP02,11.336576461791992
2024,wih3,GEMS-0219_3AZA1_0009/PHP02,11.336576461791992
2024,wih3,GEMS-0219_3AZA1_0012/PHP02,11.336576461791992
2024,wih3,GEMS-0219_FBLL_0002/PHP02,11.336576461791992
2024,wih3,GEMS-0219_FBLL_0003/PHP02,11.336576461791992
2024,wih3,GEMS-0219_FBLL_0004/PHP02,11.336576461791992
2024,wih3,GEMS-0219_FBLL_0007/PHP02,11.336576461791992
2024,wih3,GEMS-0219_FBLL_0010/PHP02,11.336576461791992
2024,wih3,GEMS-0219_FBLL_0011/PHP02,11.336576461791992
2024,wih3,GEMS-0219_FBLL_0012/PHP02,11.336576461791992
2024,wih3,GEMS-0219_FBLL_0014/PHP02,11.336576461791992
2024,wih3,GEMS-0219_FBLL_0015/PHP02,11.336576461791992
2024,wih3,GEMS-0219_FBLL_0017/PHP02,11.336576461791992
2024,wih3,GEMS-0219_FBLL_0018/PHP02,11.336576461791992
2024,wih3,GEMS-0219_FBLL_0019/PHP02,11.336576461791992
2024,wih3,GEMS-0219_FBLL_0020/PHP02,11.336576461791992
2024,wih3,GEMS-0219_FBLL_0022/PHP02,11.336576461791992
2024,wih3,GEMS-0219_FBLL_0023/PHP02,11.336576461791992
2024,wih3,GEMS-0219_FBLL_0025/PHP02,11.336576461791992
2024,wih3,GEMS-0219_FBLL_0027/PHP02,11.336576461791992
2024,wih3,GEMS-0219_FBLL_0028/PHP02,11.336576461791992
2024,wih3,GEMS-0219_FBLL_0030/PHP02,11.336576461791992
2024,wih3,GEMS-0219_PHB47_0001/PHP02,11.336576461791992
2024,wih3,GEMS-0219_PHB47_0002/PHP02,11.336576461791992
2024,wih3,GEMS-0219_PHB47_0003/PHP02,11.336576461791992
2024,wih3,GEMS-0219_PHB47_0004/PHP02,11.336576461791992
2024,wih3,GEMS-0219_PHB47_0005/PHP02,11.336576461791992
2024,wih3,GEMS-0219_PHB47_0011/PHP02,11.336576461791992
2024,wih3,GEMS-0219_PHB47_0014/PHP02,11.336576461791992
2024,wih3,GEMS-0219_PHB47_0017/PHP02,11.336576461791992
2024,wih3,GEMS-0219_PHBW8_0001/PHP02,11.336576461791992
2024,wih3,GEMS-0219_PHBW8_0002/PHP02,11.336576461791992
2024,wih3,GEMS-0219_PHBW8_0003/PHP02,11.336576461791992
2024,wih3,GEMS-0219_PHBW8_0004/PHP02,11.336576461791992
2024,wih3,GEMS-0219_PHBW8_0006/PHP02,11.336576461791992
2024,wih3,GEMS-0219_PHBW8_0008/PHP02,11.336576461791992
2024,wih3,GEMS-0219_PHBW8_0009/PHP02,11.336576461791992
2024,wih3,GEMS-0219_PHBW8_0011/PHP02,11.336576461791992
2024,wih3,GEMS-0227_3AZA1_0001/PHP02,11.336576461791992
2024,wih3,GEMS-0227_3AZA1_0002/PHP02,11.336576461791992
2024,wih3,GEMS-0227_3AZA1_0005/PHP02,11.336576461791992
2024,wih3,GEMS-0227_3AZA1_0008/PHP02,11.336576461791992
2024,wih3,GEMS-0227_3AZA1_0010/PHP02,11.336576461791992
2024,wih3,GEMS-0227_3AZA1_0011/PHP02,11.336576461791992
2024,wih3,GEMS-0227_3AZA1_0013/PHP02,11.336576461791992
2024,wih3,GEMS-0227_3AZA1_0014/PHP02,11.336576461791992
2024,wih3,GEMS-0227_3AZA1_0015/PHP02,11.336576461791992
2024,wih3,GEMS-0227_3AZA1_0016/PHP02,11.336576461791992
2024,wih3,GEMS-0227_3AZA1_0017/PHP02,11.336576461791992
2024,wih3,GEMS-0227_3AZA1_0018/PHP02,11.336576461791992
2024,wih3,GEMS-0227_3AZA1_0022/PHP02,11.336576461791992
2024,wih3,GEMS-0227_3AZA1_0023/PHP02,11.336576461791992
2024,wih3,GEMS-0227_3AZA1_0025/PHP02,11.336576461791992
2024,wih3,GEMS-0227_3AZA1_0028/PHP02,11.336576461791992
2024,wih3,GEMS-0227_3AZA1_0029/PHP02,11.336576461791992
2024,wih3,GEMS-0227_3AZA1_0030/PHP02,11.336576461791992
2024,wih3,GEMS-0227_3AZA1_0031/PHP02,11.336576461791992
2024,wih3,GEMS-0227_3AZA1_0034/PHP02,11.336576461791992
2024,wih3,GEMS-0227_3AZA1_0036/PHP02,11.336576461791992
2024,wih3,GEMS-0227_3AZA1_0040/PHP02,11.336576461791992
2024,wih3,GEMS-0227_3AZA1_0041/PHP02,11.336576461791992
2024,wih3,GEMS-0227_3AZA1_0043/PHP02,11.336576461791992
2024,wih3,GEMS-0227_3AZA1_0045/PHP02,11.336576461791992
2024,wih3,GEMS-0227_3AZA1_0046/PHP02,11.336576461791992
2024,wih3,GEMS-0227_3AZA1_0048/PHP02,11.336576461791992
2024,wih3,GEMS-0227_3AZA1_0049/PHP02,11.336576461791992
2024,wih3,GEMS-0227_FBLL_0001/PHP02,11.336576461791992
2024,wih3,GEMS-0227_FBLL_0003/PHP02,11.336576461791992
2024,wih3,GEMS-0227_FBLL_0004/PHP02,11.336576461791992
2024,wih3,GEMS-0227_FBLL_0005/PHP02,11.336576461791992
2024,wih3,GEMS-0227_FBLL_0007/PHP02,11.336576461791992
2024,wih3,GEMS-0227_FBLL_0008/PHP02,11.336576461791992
2024,wih3,GEMS-0227_FBLL_0009/PHP02,11.336576461791992
2024,wih3,GEMS-0227_FBLL_0010/PHP02,11.336576461791992
2024,wih3,GEMS-0227_FBLL_0013/PHP02,11.336576461791992
2024,wih3,GEMS-0227_FBLL_0014/PHP02,11.336576461791992
2024,wih3,GEMS-0227_FBLL_0015/PHP02,11.336576461791992
2024,wih3,GEMS-0227_FBLL_0016/PHP02,11.336576461791992
2024,wih3,GEMS-0227_FBLL_0017/PHP02,11.336576461791992
2024,wih3,GEMS-0227_FBLL_0018/PHP02,11.336576461791992
2024,wih3,GEMS-0227_FBLL_0019/PHP02,11.336576461791992
2024,wih3,GEMS-0227_FBLL_0020/PHP02,11.336576461791992
2024,wih3,GEMS-0227_FBLL_0022/PHP02,11.336576461791992
2024,wih3,GEMS-0227_FBLL_0023/PHP02,11.336576461791992
2024,wih3,GEMS-0227_FBLL_0024/PHP02,11.336576461791992
2024,wih3,GEMS-0227_FBLL_0025/PHP02,11.336576461791992
2024,wih3,GEMS-0227_FBLL_0026/PHP02,11.336576461791992
2024,wih3,GEMS-0227_FBLL_0028/PHP02,11.336576461791992
2024,wih3,GEMS-0227_FBLL_0029/PHP02,11.336576461791992
2024,wih3,GEMS-0227_FBLL_0030/PHP02,11.336576461791992
2024,wih3,GEMS-0227_FBLL_0031/PHP02,11.336576461791992
2024,wih3,GEMS-0227_FBLL_0032/PHP02,11.336576461791992
2024,wih3,GEMS-0227_FBLL_0033/PHP02,11.336576461791992
2024,wih3,GEMS-0227_FBLL_0034/PHP02,11.336576461791992
2024,wih3,GEMS-0227_FBLL_0035/PHP02,11.336576461791992
2024,wih3,GEMS-0227_FBLL_0036/PHP02,11.336576461791992
2024,wih3,GEMS-0227_FBLL_0038/PHP02,11.336576461791992
2024,wih3,GEMS-0227_FBLL_0041/PHP02,11.336576461791992
2024,wih3,GEMS-0227_FBLL_0042/PHP02,11.336576461791992
2024,wih3,GEMS-0227_FBLL_0043/PHP02,11.336576461791992
2024,wih3,GEMS-0227_FBLL_0044/PHP02,11.336576461791992
2024,wih3,GEMS-0227_FBLL_0045/PHP02,11.336576461791992
2024,wih3,GEMS-0227_FBLL_0046/PHP02,11.336576461791992
2024,wih3,GEMS-0227_FBLL_0047/PHP02,11.336576461791992
2024,wih3,GEMS-0227_FBLL_0048/PHP02,11.336576461791992
2024,wih3,GEMS-0227_FBLL_0049/PHP02,11.336576461791992
2024,wih3,GEMS-0227_FBLL_0052/PHP02,11.336576461791992
2024,wih3,GEMS-0227_FBLL_0053/PHP02,11.336576461791992
2024,wih3,GEMS-0227_FBLL_0055/PHP02,11.336576461791992
2024,wih3,GEMS-0227_FBLL_0057/PHP02,11.336576461791992
2024,wih3,GEMS-0227_FBLL_0058/PHP02,11.336576461791992
2024,wih3,GEMS-0227_FBLL_0059/PHP02,11.336576461791992
2024,wih3,GEMS-0227_FBLL_0060/PHP02,11.336576461791992
2024,wih3,GEMS-0227_FBLL_0062/PHP02,11.336576461791992
2024,wih3,GEMS-0227_FBLL_0064/PHP02,11.336576461791992
2024,wih3,GEMS-0227_FBLL_0066/PHP02,11.336576461791992
2024,wih3,GEMS-0227_FBLL_0067/PHP02,11.336576461791992
2024,wih3,GEMS-0227_FBLL_0068/PHP02,11.336576461791992
2024,wih3,GEMS-0227_FBLL_0069/PHP02,11.336576461791992
2024,wih3,GEMS-0227_FBLL_0070/PHP02,11.336576461791992
2024,wih3,GEMS-0227_FBLL_0071/PHP02,11.336576461791992
2024,wih3,GEMS-0227_FBLL_0072/PHP02,11.336576461791992
2024,wih3,GEMS-0227_FBLL_0073/PHP02,11.336576461791992
2024,wih3,GEMS-0227_FBLL_0075/PHP02,11.336576461791992
2024,wih3,GEMS-0227_FBLL_0077/PHP02,11.336576461791992
2024,wih3,GEMS-0227_FBLL_0078/PHP02,11.336576461791992
2024,wih3,GEMS-0227_FBLL_0080/PHP02,11.336576461791992
2024,wih3,GEMS-0227_FBLL_0082/PHP02,11.336576461791992
2024,wih3,GEMS-0227_FBLL_0085/PHP02,11.336576461791992
2024,wih3,GEMS-0227_FBLL_0086/PHP02,11.336576461791992
2024,wih3,GEMS-0227_FBLL_0087/PHP02,11.336576461791992
2024,wih3,GEMS-0227_FBLL_0088/PHP02,11.336576461791992
2024,wih3,GEMS-0227_FBLL_0089/PHP02,11.336576461791992
2024,wih3,GEMS-0227_FBLL_0090/PHP02,11.336576461791992
2024,wih3,GEMS-0227_FBLL_0093/PHP02,11.336576461791992
2024,wih3,GEMS-0227_FBLL_0094/PHP02,11.336576461791992
2024,wih3,GEMS-0227_FBLL_0095/PHP02,11.336576461791992
2024,wih3,GEMS-0227_FBLL_0096/PHP02,11.336576461791992
2024,wih3,GEMS-0227_FBLL_0097/PHP02,11.336576461791992
2024,wih3,GEMS-0227_FBLL_0098/PHP02,11.336576461791992
2024,wih3,GEMS-0227_FBLL_0101/PHP02,11.336576461791992
2024,wih3,GEMS-0227_FBLL_0102/PHP02,11.336576461791992
2024,wih3,GEMS-0227_FBLL_0105/PHP02,11.336576461791992
2024,wih3,GEMS-0227_FBLL_0106/PHP02,11.336576461791992
2024,wih3,GEMS-0227_FBLL_0110/PHP02,11.336576461791992
2024,wih3,GEMS-0227_FBLL_0111/PHP02,11.336576461791992
2024,wih3,GEMS-0227_FBLL_0113/PHP02,11.336576461791992
2024,wih3,GEMS-0227_FBLL_0114/PHP02,11.336576461791992
2024,wih3,GEMS-0227_FBLL_0116/PHP02,11.336576461791992
2024,wih3,GEMS-0227_FBLL_0117/PHP02,11.336576461791992
2024,wih3,GEMS-0227_FBLL_0118/PHP02,11.336576461791992
2024,wih3,GEMS-0227_FBLL_0121/PHP02,11.336576461791992
2024,wih3,GEMS-0227_FBLL_0124/PHP02,11.336576461791992
2024,wih3,GEMS-0227_FBLL_0125/PHP02,11.336576461791992
2024,wih3,GEMS-0227_FBLL_0133/PHP02,11.336576461791992
2024,wih3,GEMS-0227_FBLL_0141/PHP02,11.336576461791992
2024,wih3,GEMS-0227_PHB47_0001/PHP02,11.336576461791992
2024,wih3,GEMS-0227_PHB47_0002/PHP02,11.336576461791992
2024,wih3,GEMS-0227_PHB47_0003/PHP02,11.336576461791992
2024,wih3,GEMS-0227_PHB47_0004/PHP02,11.336576461791992
2024,wih3,GEMS-0227_PHB47_0006/PHP02,11.336576461791992
2024,wih3,GEMS-0227_PHB47_0009/PHP02,11.336576461791992
2024,wih3,GEMS-0227_PHB47_0010/PHP02,11.336576461791992
2024,wih3,GEMS-0227_PHB47_0012/PHP02,11.336576461791992
2024,wih3,GEMS-0227_PHB47_0014/PHP02,11.336576461791992
2024,wih3,GEMS-0227_PHB47_0016/PHP02,11.336576461791992
2024,wih3,GEMS-0227_PHB47_0022/PHP02,11.336576461791992
2024,wih3,GEMS-0227_PHB47_0023/PHP02,11.336576461791992
2024,wih3,GEMS-0227_PHB47_0024/PHP02,11.336576461791992
2024,wih3,GEMS-0227_PHB47_0025/PHP02,11.336576461791992
2024,wih3,GEMS-0227_PHBW8_0001/PHP02,11.336576461791992
2024,wih3,GEMS-0227_PHBW8_0002/PHP02,11.336576461791992
2024,wih3,GEMS-0227_PHBW8_0003/PHP02,11.336576461791992
2024,wih3,GEMS-0227_PHBW8_0004/PHP02,11.336576461791992
2024,wih3,GEMS-0227_PHBW8_0006/PHP02,11.336576461791992
2024,wih3,GEMS-0227_PHBW8_0007/PHP02,11.336576461791992
2024,wih3,GEMS-0227_PHBW8_0009/PHP02,11.336576461791992
2024,wih3,GEMS-0227_PHBW8_0010/PHP02,11.336576461791992
2024,wih3,GEMS-0227_PHBW8_0011/PHP02,11.336576461791992
2024,wih3,GEMS-0227_PHBW8_0012/PHP02,11.336576461791992
2024,wih3,GEMS-0227_PHBW8_0013/PHP02,11.336576461791992
2024,wih3,GEMS-0227_PHBW8_0015/PHP02,11.336576461791992
2024,wih3,GEMS-0227_PHBW8_0016/PHP02,11.336576461791992
2024,wih3,GEMS-0227_PHBW8_0017/PHP02,11.336576461791992
2024,wih3,GEMS-0227_PHBW8_0018/PHP02,11.336576461791992
2024,wih3,GEMS-0227_PHBW8_0019/PHP02,11.336576461791992
2024,wih3,GEMS-0227_PHBW8_0020/PHP02,11.336576461791992
2024,wih3,GEMS-0227_PHBW8_0021/PHP02,11.336576461791992
2024,wih3,GEMS-0227_PHBW8_0022/PHP02,11.336576461791992
2024,wih3,GEMS-0227_PHBW8_0024/PHP02,11.336576461791992
2024,wih3,LH146HT/PHP02,11.336576461791992
2024,wih3,LH192/PHP02,11.336576461791992
2024,wih3,LH194/PHP02,11.336576461791992
2024,wih3,LH195/PHP02,11.35020923614502
2024,wih3,LH195/PHZ51,10.564090728759766
2024,wih3,LH197/PHP02,11.336576461791992
2024,wih3,LH198/PHP02,11.336576461791992
2024,wih3,LH200/PHP02,11.336576461791992
2024,wih3,LH204/PHP02,11.336576461791992
2024,wih3,LH224/PHP02,11.336576461791992
2024,wih3,LH225/PHP02,11.336576461791992
2024,wih3,LH231/PHP02,11.336576461791992
2024,wih3,LH234/PHP02,11.336576461791992
2024,wih3,LH235/PHP02,11.336576461791992
2024,wih3,LH236/PHP02,11.336576461791992
2024,wih3,LH237/PHP02,11.336576461791992
2024,wih3,LH244/PHK76,10.966363906860352
2024,wih3,LH244/PHP02,11.336576461791992
2024,wih3,LH264/PHP02,11.336576461791992
2024,wih3,LH273/PHP02,11.336576461791992
2024,wih3,LH286/PHP02,11.336576461791992
2024,wih3,LH287/LH244,13.388914108276367
2024,wih3,LH82/LH244,11.238024711608887
2024,wih3,MM501D/LH244,12.998668670654297
2024,wih3,NKH8431/PHP02,11.336576461791992
2024,wih3,PH05F/PHP02,11.336576461791992
2024,wih3,PH06N/PHP02,11.336576461791992
2024,wih3,PH080/PHP02,11.336576461791992
2024,wih3,PH08A/PHP02,11.336576461791992
2024,wih3,PH0CD/PHP02,11.336576461791992
2024,wih3,PH0GP/PHP02,11.336576461791992
2024,wih3,PH12C/PHP02,11.336576461791992
2024,wih3,PH19V/PHP02,11.336576461791992
2024,wih3,PH1CA/PHP02,11.336576461791992
2024,wih3,PH1GC/PHP02,11.336576461791992
2024,wih3,PH1TB/PHP02,11.336576461791992
2024,wih3,PH1W2/PHP02,11.336576461791992
2024,wih3,PH24E/LH244,13.060273170471191
2024,wih3,PH24M/PHP02,11.336576461791992
2024,wih3,PH37C/PHP02,11.336576461791992
2024,wih3,PH38D/PHP02,11.336576461791992
2024,wih3,PH44A/PHP02,11.336576461791992
2024,wih3,PH55C/PHP02,11.336576461791992
2024,wih3,PH79A/PHP02,11.336576461791992
2024,wih3,PHB47/PHN82,12.166926383972168
2024,wih3,PHB47/PHP02,11.336576461791992
2024,wih3,PHB47/PHZ51,10.186857223510742
2024,wih3,PHBW8/PHP02,11.336576461791992
2024,wih3,PHDG1/PHP02,11.336576461791992
2024,wih3,PHG29/PHG47,9.627924919128418
2024,wih3,PHG39/PHN82,12.322338104248047
2024,wih3,PHHB9/PHP02,11.336576461791992
2024,wih3,PHJ40/PHAJ0,6.949290752410889
2024,wih3,PHJ89/LH244,12.389193534851074
2024,wih3,PHK56/LH244,13.071788787841797
2024,wih3,PHKV0/PHP02,11.336576461791992
2024,wih3,PHN41/PHP02,11.336576461791992
2024,wih3,PHN46/LH244,10.701717376708984
2024,wih3,PHNJ2/PHP02,11.336576461791992
2024,wih3,PHP02/LH244,13.05033016204834
2024,wih3,PHP38/PHP02,11.336576461791992
2024,wih3,PHR03/LH244,13.247968673706055
2024,wih3,PHR61/PHP02,11.336576461791992
2024,wih3,PHRE1/PHTD5,8.089774131774902
2024,wih3,PHT10/PHP02,11.336576461791992
2024,wih3,PHT11/PHP02,11.336576461791992
2024,wih3,PHTP9/PHP02,11.336576461791992
2024,wih3,PHV37/PHP02,11.336576461791992
2024,wih3,PHVA9/PHP02,11.336576461791992
2024,wih3,PHVJ5/PHP02,11.336576461791992
2024,wih3,PHW30/LH244,12.536931037902832
2024,wih3,PHW52/PHM49,11.388008117675781
2024,wih3,PHW52/PHP02,11.336576461791992
2024,wih3,TX777/LH195,8.9186372756958
2024,wih3,W10004_0018/PHP02,11.150165557861328
2024,wih3,W10004_0034/PHP02,12.559264183044434
2024,wih3,W10004_0055/PHP02,12.636582374572754
2024,wih3,W10004_0062/PHP02,11.284218788146973
2024,wih3,W10004_0103/PHP02,12.694977760314941
2024,wih3,W10004_0133/PHP02,12.559264183044434
2024,wih3,W10004_0138/PHP02,12.056780815124512
2024,wih3,W10004_0146/PHP02,12.647760391235352
2024,wih3,W10004_0160/PHP02,12.74599552154541
2024,wih3,W10004_0167/PHP02,12.089616775512695
2024,wih3,W10004_0189/PHP02,13.207271575927734
2024,wih3,W10004_0236/PHP02,12.398059844970703
2024,wih3,W10004_0258/PHP02,13.071788787841797
2024,wih3,W10004_0270/PHP02,12.018980026245117
2024,wih3,W10004_0311/PHP02,11.599092483520508
2024,wih3,W10004_0346/PHP02,13.292699813842773
2024,wih3,W10004_0403/PHP02,12.546832084655762
2024,wih3,W10004_0409/PHP02,13.190041542053223
2024,wih3,W10004_0412/PHP02,12.543924331665039
2024,wih3,W10004_0601/PHP02,12.365700721740723
2024,wih3,W10004_0608/PHP02,11.039220809936523
2024,wih3,W10004_0637/PHP02,12.694977760314941
2024,wih3,W10004_0658/PHP02,13.388914108276367
2024,wih3,W10004_0688/PHP02,11.973023414611816
2024,wih3,W10004_0691/PHP02,10.394594192504883
2024,wih3,W10004_0715/PHP02,12.543924331665039
2024,wih3,W10004_0747/PHP02,13.146051406860352
2024,wih3,W10004_0754/PHP02,12.389193534851074
2024,wih3,W10004_0771/PHP02,12.495016098022461
2024,wih3,W10004_0776/PHP02,12.389193534851074
2024,wih3,W10004_0801/PHP02,13.341226577758789
2024,wih3,W10004_0822/PHP02,12.47219181060791
2024,wih3,W10004_0858/PHP02,12.583659172058105
2024,wih3,W10004_0859/PHP02,12.122570037841797
2024,wih3,W10004_0866/PHP02,12.971596717834473
2024,wih3,W10004_0949/PHP02,13.388914108276367
2024,wih3,W10004_0969/PHP02,11.924843788146973
2024,wih3,W10004_1014/PHP02,12.389193534851074
2024,wih3,W10004_1018/PHP02,12.122570037841797
2024,wih3,W10004_1032/PHP02,11.851493835449219
2024,wih3,W10004_1080/PHP02,13.146051406860352
2024,wih3,WQCD10/PHP02,11.336576461791992
2024,wih3,ZS01459/PHP02,11.336576461791992
2024,wih3,ZS0510/PHP02,11.336576461791992
