year,site,hybrid,predicted_yield_mg_ha
2024,deh1,01CSI6/LH287,9.622098052379556
2024,deh1,01DIB2/LH287,9.622098052379556
2024,deh1,01DIB2/PHP02,9.622098052379556
2024,deh1,2369/LH123HT,11.001249397925697
2024,deh1,2FACC/PHP02,9.622098052379556
2024,deh1,6F629/LH287,9.622098052379556
2024,deh1,6F629/PHP02,9.622098052379556
2024,deh1,B14A/OH43,9.337681421438072
2024,deh1,B37/H95,8.8178049187841
2024,deh1,B73/MO17,10.625422846317058
2024,deh1,B73/PHN82,11.140773752809714
2024,deh1,B73/TX779,8.297740062475262
2024,deh1,CG119/CG108,4.975142780296953
2024,deh1,CG44/CGR01,8.24286679012942
2024,deh1,DK3IIH6/LH244,10.765894705325143
2024,deh1,DKFBHJ/LH287,9.622098052379556
2024,deh1,DKFBHJ/PHP02,9.622098052379556
2024,deh1,FBLL/LH287,9.622098052379556
2024,deh1,FBLL/PHP02,9.622098052379556
2024,deh1,GEMS-0061_3AZA1_0001/LH287,9.622098052379556
2024,deh1,GEMS-0061_3AZA1_0001/PHP02,9.622098052379556
2024,deh1,GEMS-0061_3AZA1_0004/PHP02,9.622098052379556
2024,deh1,GEMS-0061_3AZA1_0005/PHP02,9.622098052379556
2024,deh1,GEMS-0061_3AZA1_0006/LH287,9.622098052379556
2024,deh1,GEMS-0061_3AZA1_0007/PHP02,9.622098052379556
2024,deh1,GEMS-0061_3AZA1_0009/LH287,9.622098052379556
2024,deh1,GEMS-0061_3AZA1_0009/PHP02,9.622098052379556
2024,deh1,GEMS-0061_3AZA1_0010/PHP02,9.622098052379556
2024,deh1,GEMS-0061_3AZA1_0012/PHP02,9.622098052379556
2024,deh1,GEMS-0061_3AZA1_0013/LH287,9.622098052379556
2024,deh1,GEMS-0061_3AZA1_0013/PHP02,9.622098052379556
2024,deh1,GEMS-0061_3AZA1_0016/PHP02,9.622098052379556
2024,deh1,GEMS-0061_3AZA1_0017/PHP02,9.622098052379556
2024,deh1,GEMS-0061_3AZA1_0021/LH287,9.622098052379556
2024,deh1,GEMS-0061_3AZA1_0021/PHP02,9.622098052379556
2024,deh1,GEMS-0061_3AZA1_0023/PHP02,9.622098052379556
2024,deh1,GEMS-0061_FBLL_0002/PHP02,9.622098052379556
2024,deh1,GEMS-0061_FBLL_0004/PHP02,9.622098052379556
2024,deh1,GEMS-0061_FBLL_0005/LH287,9.622098052379556
2024,deh1,GEMS-0061_FBLL_0005/PHP02,9.622098052379556
2024,deh1,GEMS-0061_FBLL_0008/LH287,9.622098052379556
2024,deh1,GEMS-0061_FBLL_0008/PHP02,9.622098052379556
2024,deh1,GEMS-0061_FBLL_0009/LH287,9.622098052379556
2024,deh1,GEMS-0061_FBLL_0009/PHP02,9.622098052379556
2024,deh1,GEMS-0061_FBLL_0010/LH287,9.622098052379556
2024,deh1,GEMS-0061_FBLL_0010/PHP02,9.622098052379556
2024,deh1,GEMS-0061_FBLL_0014/PHP02,9.622098052379556
2024,deh1,GEMS-0061_FBLL_0015/PHP02,9.622098052379556
2024,deh1,GEMS-0061_FBLL_0016/LH287,9.622098052379556
2024,deh1,GEMS-0061_FBLL_0016/PHP02,9.622098052379556
2024,deh1,GEMS-0061_FBLL_0017/PHP02,9.622098052379556
2024,deh1,GEMS-0061_FBLL_0019/PHP02,9.622098052379556
2024,deh1,GEMS-0061_FBLL_0023/LH287,9.622098052379556
2024,deh1,GEMS-0061_FBLL_0024/LH287,9.622098052379556
2024,deh1,GEMS-0061_FBLL_0025/PHP02,9.622098052379556
2024,deh1,GEMS-0061_FBLL_0026/LH287,9.622098052379556
2024,deh1,GEMS-0061_FBLL_0029/LH287,9.622098052379556
2024,deh1,GEMS-0061_FBLL_0029/PHP02,9.622098052379556
2024,deh1,GEMS-0061_FBLL_0031/LH287,9.622098052379556
2024,deh1,GEMS-0061_FBLL_0031/PHP02,9.622098052379556
2024,deh1,GEMS-0061_FBLL_0032/PHP02,9.622098052379556
2024,deh1,GEMS-0061_FBLL_0033/PHP02,9.622098052379556
2024,deh1,GEMS-0061_FBLL_0034/LH287,9.622098052379556
2024,deh1,GEMS-0061_FBLL_0035/PHP02,9.622098052379556
2024,deh1,GEMS-0061_FBLL_0039/LH287,9.622098052379556
2024,deh1,GEMS-0061_FBLL_0039/PHP02,9.622098052379556
2024,deh1,GEMS-0061_FBLL_0040/LH287,9.622098052379556
2024,deh1,GEMS-0061_FBLL_0040/PHP02,9.622098052379556
2024,deh1,GEMS-0061_FBLL_0042/PHP02,9.622098052379556
2024,deh1,GEMS-0061_FBLL_0044/LH287,9.622098052379556
2024,deh1,GEMS-0061_FBLL_0044/PHP02,9.622098052379556
2024,deh1,GEMS-0061_FBLL_0047/PHP02,9.622098052379556
2024,deh1,GEMS-0061_FBLL_0050/LH287,9.622098052379556
2024,deh1,GEMS-0061_FBLL_0050/PHP02,9.622098052379556
2024,deh1,GEMS-0061_PHB47_0001/LH287,9.622098052379556
2024,deh1,GEMS-0061_PHB47_0001/PHP02,9.622098052379556
2024,deh1,GEMS-0061_PHB47_0003/LH287,9.622098052379556
2024,deh1,GEMS-0061_PHB47_0004/LH287,9.622098052379556
2024,deh1,GEMS-0061_PHB47_0004/PHP02,9.622098052379556
2024,deh1,GEMS-0061_PHBW8_0002/PHP02,9.622098052379556
2024,deh1,GEMS-0113_3AZA1_0001/LH287,9.622098052379556
2024,deh1,GEMS-0113_3AZA1_0001/PHP02,9.622098052379556
2024,deh1,GEMS-0113_3AZA1_0002/LH287,9.622098052379556
2024,deh1,GEMS-0113_3AZA1_0003/PHP02,9.622098052379556
2024,deh1,GEMS-0113_3AZA1_0004/LH287,9.622098052379556
2024,deh1,GEMS-0113_3AZA1_0004/PHP02,9.622098052379556
2024,deh1,GEMS-0113_3AZA1_0005/PHP02,9.622098052379556
2024,deh1,GEMS-0113_3AZA1_0006/LH287,9.622098052379556
2024,deh1,GEMS-0113_3AZA1_0006/PHP02,9.622098052379556
2024,deh1,GEMS-0113_3AZA1_0007/PHP02,9.622098052379556
2024,deh1,GEMS-0113_3AZA1_0010/PHP02,9.622098052379556
2024,deh1,GEMS-0113_3AZA1_0011/PHP02,9.622098052379556
2024,deh1,GEMS-0113_3AZA1_0013/LH287,9.622098052379556
2024,deh1,GEMS-0113_3AZA1_0013/PHP02,9.622098052379556
2024,deh1,GEMS-0113_3AZA1_0014/PHP02,9.622098052379556
2024,deh1,GEMS-0113_3AZA1_0015/PHP02,9.622098052379556
2024,deh1,GEMS-0113_3AZA1_0016/LH287,9.622098052379556
2024,deh1,GEMS-0113_3AZA1_0016/PHP02,9.622098052379556
2024,deh1,GEMS-0113_3AZA1_0017/LH287,9.622098052379556
2024,deh1,GEMS-0113_3AZA1_0017/PHP02,9.622098052379556
2024,deh1,GEMS-0113_3AZA1_0018/PHP02,9.622098052379556
2024,deh1,GEMS-0113_3AZA1_0019/PHP02,9.622098052379556
2024,deh1,GEMS-0113_3AZA1_0025/LH287,9.622098052379556
2024,deh1,GEMS-0113_3AZA1_0025/PHP02,9.622098052379556
2024,deh1,GEMS-0113_3AZA1_0026/LH287,9.622098052379556
2024,deh1,GEMS-0113_3AZA1_0026/PHP02,9.622098052379556
2024,deh1,GEMS-0113_3AZA1_0027/PHP02,9.622098052379556
2024,deh1,GEMS-0113_3AZA1_0028/LH287,9.622098052379556
2024,deh1,GEMS-0113_3AZA1_0028/PHP02,9.622098052379556
2024,deh1,GEMS-0113_3AZA1_0029/PHP02,9.622098052379556
2024,deh1,GEMS-0113_3AZA1_0031/LH287,9.622098052379556
2024,deh1,GEMS-0113_3AZA1_0031/PHP02,9.622098052379556
2024,deh1,GEMS-0113_3AZA1_0038/LH287,9.622098052379556
2024,deh1,GEMS-0113_3AZA1_0038/PHP02,9.622098052379556
2024,deh1,GEMS-0113_FBLL_0002/PHP02,9.622098052379556
2024,deh1,GEMS-0113_FBLL_0003/PHP02,9.622098052379556
2024,deh1,GEMS-0113_FBLL_0004/PHP02,9.622098052379556
2024,deh1,GEMS-0113_FBLL_0005/LH287,9.622098052379556
2024,deh1,GEMS-0113_FBLL_0005/PHP02,9.622098052379556
2024,deh1,GEMS-0113_FBLL_0006/LH287,9.622098052379556
2024,deh1,GEMS-0113_FBLL_0008/LH287,9.622098052379556
2024,deh1,GEMS-0113_FBLL_0008/PHP02,9.622098052379556
2024,deh1,GEMS-0113_FBLL_0010/PHP02,9.622098052379556
2024,deh1,GEMS-0113_FBLL_0015/LH287,9.622098052379556
2024,deh1,GEMS-0113_PHB47_0001/PHP02,9.622098052379556
2024,deh1,GEMS-0113_PHB47_0003/PHP02,9.622098052379556
2024,deh1,GEMS-0113_PHB47_0004/LH287,9.622098052379556
2024,deh1,GEMS-0113_PHB47_0005/PHP02,9.622098052379556
2024,deh1,GEMS-0113_PHB47_0006/PHP02,9.622098052379556
2024,deh1,GEMS-0113_PHB47_0007/LH287,9.622098052379556
2024,deh1,GEMS-0113_PHB47_0007/PHP02,9.622098052379556
2024,deh1,GEMS-0113_PHB47_0009/LH287,9.622098052379556
2024,deh1,GEMS-0113_PHB47_0011/PHP02,9.622098052379556
2024,deh1,GEMS-0113_PHB47_0012/PHP02,9.622098052379556
2024,deh1,GEMS-0113_PHB47_0013/LH287,9.622098052379556
2024,deh1,GEMS-0113_PHB47_0013/PHP02,9.622098052379556
2024,deh1,GEMS-0113_PHB47_0014/PHP02,9.622098052379556
2024,deh1,GEMS-0113_PHB47_0015/LH287,9.622098052379556
2024,deh1,GEMS-0113_PHB47_0015/PHP02,9.622098052379556
2024,deh1,GEMS-0113_PHB47_0017/LH287,9.622098052379556
2024,deh1,GEMS-0113_PHB47_0017/PHP02,9.622098052379556
2024,deh1,GEMS-0113_PHB47_0019/LH287,9.622098052379556
2024,deh1,GEMS-0113_PHB47_0019/PHP02,9.622098052379556
2024,deh1,GEMS-0113_PHB47_0020/PHP02,9.622098052379556
2024,deh1,GEMS-0113_PHB47_0021/PHP02,9.622098052379556
2024,deh1,GEMS-0113_PHBW8_0002/LH287,9.622098052379556
2024,deh1,GEMS-0113_PHBW8_0002/PHP02,9.622098052379556
2024,deh1,GEMS-0113_PHBW8_0004/PHP02,9.622098052379556
2024,deh1,GEMS-0113_PHBW8_0005/PHP02,9.622098052379556
2024,deh1,GEMS-0113_PHBW8_0006/LH287,9.622098052379556
2024,deh1,GEMS-0113_PHBW8_0006/PHP02,9.622098052379556
2024,deh1,GEMS-0113_PHBW8_0007/LH287,9.622098052379556
2024,deh1,GEMS-0113_PHBW8_0008/PHP02,9.622098052379556
2024,deh1,GEMS-0113_PHBW8_0010/PHP02,9.622098052379556
2024,deh1,GEMS-0113_PHBW8_0011/LH287,9.622098052379556
2024,deh1,GEMS-0113_PHBW8_0011/PHP02,9.622098052379556
2024,deh1,GEMS-0113_PHBW8_0012/LH287,9.622098052379556
2024,deh1,GEMS-0113_PHBW8_0012/PHP02,9.622098052379556
2024,deh1,GEMS-0113_PHBW8_0013/LH287,9.622098052379556
2024,deh1,GEMS-0113_PHBW8_0014/LH287,9.622098052379556
2024,deh1,GEMS-0113_PHBW8_0014/PHP02,9.622098052379556
2024,deh1,GEMS-0113_PHBW8_0017/LH287,9.622098052379556
2024,deh1,GEMS-0113_PHBW8_0017/PHP02,9.622098052379556
2024,deh1,GEMS-0219_3AZA1_0001/LH287,9.622098052379556
2024,deh1,GEMS-0219_3AZA1_0002/PHP02,9.622098052379556
2024,deh1,GEMS-0219_3AZA1_0003/PHP02,9.622098052379556
2024,deh1,GEMS-0219_3AZA1_0004/PHP02,9.622098052379556
2024,deh1,GEMS-0219_3AZA1_0005/LH287,9.622098052379556
2024,deh1,GEMS-0219_3AZA1_0005/PHP02,9.622098052379556
2024,deh1,GEMS-0219_3AZA1_0007/LH287,9.622098052379556
2024,deh1,GEMS-0219_3AZA1_0007/PHP02,9.622098052379556
2024,deh1,GEMS-0219_3AZA1_0008/LH287,9.622098052379556
2024,deh1,GEMS-0219_3AZA1_0008/PHP02,9.622098052379556
2024,deh1,GEMS-0219_3AZA1_0009/PHP02,9.622098052379556
2024,deh1,GEMS-0219_3AZA1_0010/PHP02,9.622098052379556
2024,deh1,GEMS-0219_3AZA1_0012/LH287,9.622098052379556
2024,deh1,GEMS-0219_3AZA1_0012/PHP02,9.622098052379556
2024,deh1,GEMS-0219_3AZA1_0014/PHP02,9.622098052379556
2024,deh1,GEMS-0219_FBLL_0002/PHP02,9.622098052379556
2024,deh1,GEMS-0219_FBLL_0003/PHP02,9.622098052379556
2024,deh1,GEMS-0219_FBLL_0004/LH287,9.622098052379556
2024,deh1,GEMS-0219_FBLL_0004/PHP02,9.622098052379556
2024,deh1,GEMS-0219_FBLL_0005/LH287,9.622098052379556
2024,deh1,GEMS-0219_FBLL_0005/PHP02,9.622098052379556
2024,deh1,GEMS-0219_FBLL_0006/LH287,9.622098052379556
2024,deh1,GEMS-0219_FBLL_0006/PHP02,9.622098052379556
2024,deh1,GEMS-0219_FBLL_0007/PHP02,9.622098052379556
2024,deh1,GEMS-0219_FBLL_0008/LH287,9.622098052379556
2024,deh1,GEMS-0219_FBLL_0008/PHP02,9.622098052379556
2024,deh1,GEMS-0219_FBLL_0009/PHP02,9.622098052379556
2024,deh1,GEMS-0219_FBLL_0010/PHP02,9.622098052379556
2024,deh1,GEMS-0219_FBLL_0011/LH287,9.622098052379556
2024,deh1,GEMS-0219_FBLL_0012/LH287,9.622098052379556
2024,deh1,GEMS-0219_FBLL_0012/PHP02,9.622098052379556
2024,deh1,GEMS-0219_FBLL_0013/LH287,9.622098052379556
2024,deh1,GEMS-0219_FBLL_0013/PHP02,9.622098052379556
2024,deh1,GEMS-0219_FBLL_0015/LH287,9.622098052379556
2024,deh1,GEMS-0219_FBLL_0015/PHP02,9.622098052379556
2024,deh1,GEMS-0219_FBLL_0017/PHP02,9.622098052379556
2024,deh1,GEMS-0219_FBLL_0018/LH287,9.622098052379556
2024,deh1,GEMS-0219_FBLL_0019/PHP02,9.622098052379556
2024,deh1,GEMS-0219_FBLL_0020/LH287,9.622098052379556
2024,deh1,GEMS-0219_FBLL_0020/PHP02,9.622098052379556
2024,deh1,GEMS-0219_FBLL_0021/PHP02,9.622098052379556
2024,deh1,GEMS-0219_FBLL_0022/PHP02,9.622098052379556
2024,deh1,GEMS-0219_FBLL_0023/LH287,9.622098052379556
2024,deh1,GEMS-0219_FBLL_0025/LH287,9.622098052379556
2024,deh1,GEMS-0219_FBLL_0025/PHP02,9.622098052379556
2024,deh1,GEMS-0219_FBLL_0027/PHP02,9.622098052379556
2024,deh1,GEMS-0219_FBLL_0028/LH287,9.622098052379556
2024,deh1,GEMS-0219_FBLL_0030/PHP02,9.622098052379556
2024,deh1,GEMS-0219_PHB47_0001/LH287,9.622098052379556
2024,deh1,GEMS-0219_PHB47_0001/PHP02,9.622098052379556
2024,deh1,GEMS-0219_PHB47_0002/PHP02,9.622098052379556
2024,deh1,GEMS-0219_PHB47_0003/LH287,9.622098052379556
2024,deh1,GEMS-0219_PHB47_0003/PHP02,9.622098052379556
2024,deh1,GEMS-0219_PHB47_0004/PHP02,9.622098052379556
2024,deh1,GEMS-0219_PHB47_0006/LH287,9.622098052379556
2024,deh1,GEMS-0219_PHB47_0006/PHP02,9.622098052379556
2024,deh1,GEMS-0219_PHB47_0011/PHP02,9.622098052379556
2024,deh1,GEMS-0219_PHB47_0014/LH287,9.622098052379556
2024,deh1,GEMS-0219_PHB47_0017/LH287,9.622098052379556
2024,deh1,GEMS-0219_PHB47_0017/PHP02,9.622098052379556
2024,deh1,GEMS-0219_PHBW8_0001/LH287,9.622098052379556
2024,deh1,GEMS-0219_PHBW8_0001/PHP02,9.622098052379556
2024,deh1,GEMS-0219_PHBW8_0002/PHP02,9.622098052379556
2024,deh1,GEMS-0219_PHBW8_0003/LH287,9.622098052379556
2024,deh1,GEMS-0219_PHBW8_0003/PHP02,9.622098052379556
2024,deh1,GEMS-0219_PHBW8_0004/PHP02,9.622098052379556
2024,deh1,GEMS-0219_PHBW8_0006/PHP02,9.622098052379556
2024,deh1,GEMS-0219_PHBW8_0008/LH287,9.622098052379556
2024,deh1,GEMS-0219_PHBW8_0008/PHP02,9.622098052379556
2024,deh1,GEMS-0227_3AZA1_0002/PHP02,9.622098052379556
2024,deh1,GEMS-0227_3AZA1_0003/LH287,9.622098052379556
2024,deh1,GEMS-0227_3AZA1_0003/PHP02,9.622098052379556
2024,deh1,GEMS-0227_3AZA1_0004/PHP02,9.622098052379556
2024,deh1,GEMS-0227_3AZA1_0006/PHP02,9.622098052379556
2024,deh1,GEMS-0227_3AZA1_0007/LH287,9.622098052379556
2024,deh1,GEMS-0227_3AZA1_0007/PHP02,9.622098052379556
2024,deh1,GEMS-0227_3AZA1_0008/LH287,9.622098052379556
2024,deh1,GEMS-0227_3AZA1_0008/PHP02,9.622098052379556
2024,deh1,GEMS-0227_3AZA1_0009/PHP02,9.622098052379556
2024,deh1,GEMS-0227_3AZA1_0010/LH287,9.622098052379556
2024,deh1,GEMS-0227_3AZA1_0011/PHP02,9.622098052379556
2024,deh1,GEMS-0227_3AZA1_0012/PHP02,9.622098052379556
2024,deh1,GEMS-0227_3AZA1_0013/LH287,9.622098052379556
2024,deh1,GEMS-0227_3AZA1_0013/PHP02,9.622098052379556
2024,deh1,GEMS-0227_3AZA1_0014/LH287,9.622098052379556
2024,deh1,GEMS-0227_3AZA1_0015/PHP02,9.622098052379556
2024,deh1,GEMS-0227_3AZA1_0016/LH287,9.622098052379556
2024,deh1,GEMS-0227_3AZA1_0016/PHP02,9.622098052379556
2024,deh1,GEMS-0227_3AZA1_0017/LH287,9.622098052379556
2024,deh1,GEMS-0227_3AZA1_0018/LH287,9.622098052379556
2024,deh1,GEMS-0227_3AZA1_0018/PHP02,9.622098052379556
2024,deh1,GEMS-0227_3AZA1_0022/LH287,9.622098052379556
2024,deh1,GEMS-0227_3AZA1_0023/LH287,9.622098052379556
2024,deh1,GEMS-0227_3AZA1_0024/LH287,9.622098052379556
2024,deh1,GEMS-0227_3AZA1_0025/PHP02,9.622098052379556
2024,deh1,GEMS-0227_3AZA1_0029/LH287,9.622098052379556
2024,deh1,GEMS-0227_3AZA1_0029/PHP02,9.622098052379556
2024,deh1,GEMS-0227_3AZA1_0030/LH287,9.622098052379556
2024,deh1,GEMS-0227_3AZA1_0030/PHP02,9.622098052379556
2024,deh1,GEMS-0227_3AZA1_0031/LH287,9.622098052379556
2024,deh1,GEMS-0227_3AZA1_0034/PHP02,9.622098052379556
2024,deh1,GEMS-0227_3AZA1_0035/LH287,9.622098052379556
2024,deh1,GEMS-0227_3AZA1_0036/PHP02,9.622098052379556
2024,deh1,GEMS-0227_3AZA1_0040/LH287,9.622098052379556
2024,deh1,GEMS-0227_3AZA1_0040/PHP02,9.622098052379556
2024,deh1,GEMS-0227_3AZA1_0043/LH287,9.622098052379556
2024,deh1,GEMS-0227_3AZA1_0043/PHP02,9.622098052379556
2024,deh1,GEMS-0227_3AZA1_0045/PHP02,9.622098052379556
2024,deh1,GEMS-0227_3AZA1_0046/PHP02,9.622098052379556
2024,deh1,GEMS-0227_3AZA1_0049/PHP02,9.622098052379556
2024,deh1,GEMS-0227_FBLL_0001/LH287,9.622098052379556
2024,deh1,GEMS-0227_FBLL_0002/LH287,9.622098052379556
2024,deh1,GEMS-0227_FBLL_0002/PHP02,9.622098052379556
2024,deh1,GEMS-0227_FBLL_0004/LH287,9.622098052379556
2024,deh1,GEMS-0227_FBLL_0004/PHP02,9.622098052379556
2024,deh1,GEMS-0227_FBLL_0005/LH287,9.622098052379556
2024,deh1,GEMS-0227_FBLL_0005/PHP02,9.622098052379556
2024,deh1,GEMS-0227_FBLL_0008/LH287,9.622098052379556
2024,deh1,GEMS-0227_FBLL_0010/LH287,9.622098052379556
2024,deh1,GEMS-0227_FBLL_0010/PHP02,9.622098052379556
2024,deh1,GEMS-0227_FBLL_0013/LH287,9.622098052379556
2024,deh1,GEMS-0227_FBLL_0014/LH287,9.622098052379556
2024,deh1,GEMS-0227_FBLL_0014/PHP02,9.622098052379556
2024,deh1,GEMS-0227_FBLL_0015/PHP02,9.622098052379556
2024,deh1,GEMS-0227_FBLL_0017/LH287,9.622098052379556
2024,deh1,GEMS-0227_FBLL_0017/PHP02,9.622098052379556
2024,deh1,GEMS-0227_FBLL_0018/PHP02,9.622098052379556
2024,deh1,GEMS-0227_FBLL_0020/PHP02,9.622098052379556
2024,deh1,GEMS-0227_FBLL_0021/LH287,9.622098052379556
2024,deh1,GEMS-0227_FBLL_0021/PHP02,9.622098052379556
2024,deh1,GEMS-0227_FBLL_0022/PHP02,9.622098052379556
2024,deh1,GEMS-0227_FBLL_0023/LH287,9.622098052379556
2024,deh1,GEMS-0227_FBLL_0025/PHP02,9.622098052379556
2024,deh1,GEMS-0227_FBLL_0026/LH287,9.622098052379556
2024,deh1,GEMS-0227_FBLL_0026/PHP02,9.622098052379556
2024,deh1,GEMS-0227_FBLL_0027/PHP02,9.622098052379556
2024,deh1,GEMS-0227_FBLL_0028/LH287,9.622098052379556
2024,deh1,GEMS-0227_FBLL_0028/PHP02,9.622098052379556
2024,deh1,GEMS-0227_FBLL_0029/LH287,9.622098052379556
2024,deh1,GEMS-0227_FBLL_0030/PHP02,9.622098052379556
2024,deh1,GEMS-0227_FBLL_0032/PHP02,9.622098052379556
2024,deh1,GEMS-0227_FBLL_0033/PHP02,9.622098052379556
2024,deh1,GEMS-0227_FBLL_0034/LH287,9.622098052379556
2024,deh1,GEMS-0227_FBLL_0034/PHP02,9.622098052379556
2024,deh1,GEMS-0227_FBLL_0035/PHP02,9.622098052379556
2024,deh1,GEMS-0227_FBLL_0036/PHP02,9.622098052379556
2024,deh1,GEMS-0227_FBLL_0037/PHP02,9.622098052379556
2024,deh1,GEMS-0227_FBLL_0038/PHP02,9.622098052379556
2024,deh1,GEMS-0227_FBLL_0039/LH287,9.622098052379556
2024,deh1,GEMS-0227_FBLL_0040/PHP02,9.622098052379556
2024,deh1,GEMS-0227_FBLL_0041/LH287,9.622098052379556
2024,deh1,GEMS-0227_FBLL_0041/PHP02,9.622098052379556
2024,deh1,GEMS-0227_FBLL_0042/LH287,9.622098052379556
2024,deh1,GEMS-0227_FBLL_0043/LH287,9.622098052379556
2024,deh1,GEMS-0227_FBLL_0043/PHP02,9.622098052379556
2024,deh1,GEMS-0227_FBLL_0044/LH287,9.622098052379556
2024,deh1,GEMS-0227_FBLL_0044/PHP02,9.622098052379556
2024,deh1,GEMS-0227_FBLL_0045/PHP02,9.622098052379556
2024,deh1,GEMS-0227_FBLL_0047/LH287,9.622098052379556
2024,deh1,GEMS-0227_FBLL_0047/PHP02,9.622098052379556
2024,deh1,GEMS-0227_FBLL_0048/PHP02,9.622098052379556
2024,deh1,GEMS-0227_FBLL_0049/PHP02,9.622098052379556
2024,deh1,GEMS-0227_FBLL_0050/LH287,9.622098052379556
2024,deh1,GEMS-0227_FBLL_0051/LH287,9.622098052379556
2024,deh1,GEMS-0227_FBLL_0051/PHP02,9.622098052379556
2024,deh1,GEMS-0227_FBLL_0052/LH287,9.622098052379556
2024,deh1,GEMS-0227_FBLL_0052/PHP02,9.622098052379556
2024,deh1,GEMS-0227_FBLL_0053/PHP02,9.622098052379556
2024,deh1,GEMS-0227_FBLL_0054/PHP02,9.622098052379556
2024,deh1,GEMS-0227_FBLL_0055/PHP02,9.622098052379556
2024,deh1,GEMS-0227_FBLL_0056/LH287,9.622098052379556
2024,deh1,GEMS-0227_FBLL_0056/PHP02,9.622098052379556
2024,deh1,GEMS-0227_FBLL_0057/LH287,9.622098052379556
2024,deh1,GEMS-0227_FBLL_0057/PHP02,9.622098052379556
2024,deh1,GEMS-0227_FBLL_0058/PHP02,9.622098052379556
2024,deh1,GEMS-0227_FBLL_0059/LH287,9.622098052379556
2024,deh1,GEMS-0227_FBLL_0062/PHP02,9.622098052379556
2024,deh1,GEMS-0227_FBLL_0063/PHP02,9.622098052379556
2024,deh1,GEMS-0227_FBLL_0064/LH287,9.622098052379556
2024,deh1,GEMS-0227_FBLL_0064/PHP02,9.622098052379556
2024,deh1,GEMS-0227_FBLL_0066/PHP02,9.622098052379556
2024,deh1,GEMS-0227_FBLL_0067/PHP02,9.622098052379556
2024,deh1,GEMS-0227_FBLL_0071/LH287,9.622098052379556
2024,deh1,GEMS-0227_FBLL_0071/PHP02,9.622098052379556
2024,deh1,GEMS-0227_FBLL_0073/PHP02,9.622098052379556
2024,deh1,GEMS-0227_FBLL_0075/LH287,9.622098052379556
2024,deh1,GEMS-0227_FBLL_0075/PHP02,9.622098052379556
2024,deh1,GEMS-0227_FBLL_0079/PHP02,9.622098052379556
2024,deh1,GEMS-0227_FBLL_0082/PHP02,9.622098052379556
2024,deh1,GEMS-0227_FBLL_0084/LH287,9.622098052379556
2024,deh1,GEMS-0227_FBLL_0085/LH287,9.622098052379556
2024,deh1,GEMS-0227_FBLL_0085/PHP02,9.622098052379556
2024,deh1,GEMS-0227_FBLL_0086/PHP02,9.622098052379556
2024,deh1,GEMS-0227_FBLL_0087/PHP02,9.622098052379556
2024,deh1,GEMS-0227_FBLL_0088/LH287,9.622098052379556
2024,deh1,GEMS-0227_FBLL_0089/LH287,9.622098052379556
2024,deh1,GEMS-0227_FBLL_0090/PHP02,9.622098052379556
2024,deh1,GEMS-0227_FBLL_0093/PHP02,9.622098052379556
2024,deh1,GEMS-0227_FBLL_0094/PHP02,9.622098052379556
2024,deh1,GEMS-0227_FBLL_0095/PHP02,9.622098052379556
2024,deh1,GEMS-0227_FBLL_0097/LH287,9.622098052379556
2024,deh1,GEMS-0227_FBLL_0097/PHP02,9.622098052379556
2024,deh1,GEMS-0227_FBLL_0098/LH287,9.622098052379556
2024,deh1,GEMS-0227_FBLL_0098/PHP02,9.622098052379556
2024,deh1,GEMS-0227_FBLL_0101/PHP02,9.622098052379556
2024,deh1,GEMS-0227_FBLL_0102/PHP02,9.622098052379556
2024,deh1,GEMS-0227_FBLL_0104/PHP02,9.622098052379556
2024,deh1,GEMS-0227_FBLL_0105/PHP02,9.622098052379556
2024,deh1,GEMS-0227_FBLL_0107/PHP02,9.622098052379556
2024,deh1,GEMS-0227_FBLL_0110/LH287,9.622098052379556
2024,deh1,GEMS-0227_FBLL_0110/PHP02,9.622098052379556
2024,deh1,GEMS-0227_FBLL_0111/PHP02,9.622098052379556
2024,deh1,GEMS-0227_FBLL_0113/LH287,9.622098052379556
2024,deh1,GEMS-0227_FBLL_0113/PHP02,9.622098052379556
2024,deh1,GEMS-0227_FBLL_0114/LH287,9.622098052379556
2024,deh1,GEMS-0227_FBLL_0114/PHP02,9.622098052379556
2024,deh1,GEMS-0227_FBLL_0115/LH287,9.622098052379556
2024,deh1,GEMS-0227_FBLL_0115/PHP02,9.622098052379556
2024,deh1,GEMS-0227_FBLL_0116/PHP02,9.622098052379556
2024,deh1,GEMS-0227_FBLL_0117/PHP02,9.622098052379556
2024,deh1,GEMS-0227_FBLL_0121/LH287,9.622098052379556
2024,deh1,GEMS-0227_FBLL_0121/PHP02,9.622098052379556
2024,deh1,GEMS-0227_FBLL_0124/PHP02,9.622098052379556
2024,deh1,GEMS-0227_FBLL_0125/PHP02,9.622098052379556
2024,deh1,GEMS-0227_FBLL_0127/PHP02,9.622098052379556
2024,deh1,GEMS-0227_FBLL_0133/LH287,9.622098052379556
2024,deh1,GEMS-0227_FBLL_0133/PHP02,9.622098052379556
2024,deh1,GEMS-0227_FBLL_0136/PHP02,9.622098052379556
2024,deh1,GEMS-0227_FBLL_0140/PHP02,9.622098052379556
2024,deh1,GEMS-0227_FBLL_0141/LH287,9.622098052379556
2024,deh1,GEMS-0227_FBLL_0141/PHP02,9.622098052379556
2024,deh1,GEMS-0227_PHB47_0001/LH287,9.622098052379556
2024,deh1,GEMS-0227_PHB47_0002/LH287,9.622098052379556
2024,deh1,GEMS-0227_PHB47_0002/PHP02,9.622098052379556
2024,deh1,GEMS-0227_PHB47_0003/LH287,9.622098052379556
2024,deh1,GEMS-0227_PHB47_0004/PHP02,9.622098052379556
2024,deh1,GEMS-0227_PHB47_0007/PHP02,9.622098052379556
2024,deh1,GEMS-0227_PHB47_0009/LH287,9.622098052379556
2024,deh1,GEMS-0227_PHB47_0010/PHP02,9.622098052379556
2024,deh1,GEMS-0227_PHB47_0011/PHP02,9.622098052379556
2024,deh1,GEMS-0227_PHB47_0012/PHP02,9.622098052379556
2024,deh1,GEMS-0227_PHB47_0014/PHP02,9.622098052379556
2024,deh1,GEMS-0227_PHB47_0016/PHP02,9.622098052379556
2024,deh1,GEMS-0227_PHB47_0022/PHP02,9.622098052379556
2024,deh1,GEMS-0227_PHB47_0023/PHP02,9.622098052379556
2024,deh1,GEMS-0227_PHB47_0024/LH287,9.622098052379556
2024,deh1,GEMS-0227_PHB47_0024/PHP02,9.622098052379556
2024,deh1,GEMS-0227_PHB47_0025/PHP02,9.622098052379556
2024,deh1,GEMS-0227_PHB47_0026/LH287,9.622098052379556
2024,deh1,GEMS-0227_PHB47_0026/PHP02,9.622098052379556
2024,deh1,GEMS-0227_PHBW8_0001/PHP02,9.622098052379556
2024,deh1,GEMS-0227_PHBW8_0003/PHP02,9.622098052379556
2024,deh1,GEMS-0227_PHBW8_0004/PHP02,9.622098052379556
2024,deh1,GEMS-0227_PHBW8_0005/LH287,9.622098052379556
2024,deh1,GEMS-0227_PHBW8_0005/PHP02,9.622098052379556
2024,deh1,GEMS-0227_PHBW8_0006/PHP02,9.622098052379556
2024,deh1,GEMS-0227_PHBW8_0007/PHP02,9.622098052379556
2024,deh1,GEMS-0227_PHBW8_0009/LH287,9.622098052379556
2024,deh1,GEMS-0227_PHBW8_0009/PHP02,9.622098052379556
2024,deh1,GEMS-0227_PHBW8_0010/PHP02,9.622098052379556
2024,deh1,GEMS-0227_PHBW8_0011/LH287,9.622098052379556
2024,deh1,GEMS-0227_PHBW8_0012/PHP02,9.622098052379556
2024,deh1,GEMS-0227_PHBW8_0013/PHP02,9.622098052379556
2024,deh1,GEMS-0227_PHBW8_0015/LH287,9.622098052379556
2024,deh1,GEMS-0227_PHBW8_0016/PHP02,9.622098052379556
2024,deh1,GEMS-0227_PHBW8_0017/PHP02,9.622098052379556
2024,deh1,GEMS-0227_PHBW8_0018/PHP02,9.622098052379556
2024,deh1,GEMS-0227_PHBW8_0019/LH287,9.622098052379556
2024,deh1,GEMS-0227_PHBW8_0020/PHP02,9.622098052379556
2024,deh1,GEMS-0227_PHBW8_0021/LH287,9.622098052379556
2024,deh1,GEMS-0227_PHBW8_0021/PHP02,9.622098052379556
2024,deh1,GEMS-0227_PHBW8_0022/LH287,9.622098052379556
2024,deh1,GEMS-0227_PHBW8_0022/PHP02,9.622098052379556
2024,deh1,GEMS-0227_PHBW8_0024/PHP02,9.622098052379556
2024,deh1,LH132/LH287,9.622098052379556
2024,deh1,LH192/LH287,9.622098052379556
2024,deh1,LH193/PHP02,9.622098052379556
2024,deh1,LH195/LH287,9.622098052379556
2024,deh1,LH195/PHP02,9.616895900477594
2024,deh1,LH195/PHZ51,9.150678467472792
2024,deh1,LH197/LH287,9.622098052379556
2024,deh1,LH197/PHP02,9.622098052379556
2024,deh1,LH198/LH287,9.622098052379556
2024,deh1,LH200/LH287,9.622098052379556
2024,deh1,LH204/LH287,9.622098052379556
2024,deh1,LH204/PHP02,9.622098052379556
2024,deh1,LH224/LH287,9.622098052379556
2024,deh1,LH224/PHP02,9.622098052379556
2024,deh1,LH225/LH287,9.622098052379556
2024,deh1,LH225/PHP02,9.622098052379556
2024,deh1,LH226HT/LH287,9.622098052379556
2024,deh1,LH226HT/PHP02,9.622098052379556
2024,deh1,LH228/PHP02,9.622098052379556
2024,deh1,LH231/PHP02,9.622098052379556
2024,deh1,LH234/LH287,9.622098052379556
2024,deh1,LH235/LH287,9.622098052379556
2024,deh1,LH235/PHP02,9.622098052379556
2024,deh1,LH236/PHP02,9.622098052379556
2024,deh1,LH237/LH287,9.622098052379556
2024,deh1,LH237/PHP02,9.622098052379556
2024,deh1,LH238/PHP02,9.622098052379556
2024,deh1,LH244/PHK76,9.359193028157144
2024,deh1,LH244/PHP02,9.622098052379556
2024,deh1,LH264/PHP02,9.622098052379556
2024,deh1,LH286/PHP02,9.622098052379556
2024,deh1,LH287/LH244,11.660483268325402
2024,deh1,LH292/LH287,9.622098052379556
2024,deh1,LH292/PHP02,9.622098052379556
2024,deh1,LH82/LH244,9.575309393911002
2024,deh1,MM501D/LH244,10.765894705325143
2024,deh1,NKH8431/LH287,9.622098052379556
2024,deh1,PH05F/PHP02,9.622098052379556
2024,deh1,PH05G/PHP02,9.622098052379556
2024,deh1,PH05W/PHP02,9.622098052379556
2024,deh1,PH06N/LH287,9.622098052379556
2024,deh1,PH07D/PHP02,9.622098052379556
2024,deh1,PH080/PHP02,9.622098052379556
2024,deh1,PH09B/PHP02,9.622098052379556
2024,deh1,PH0B4/LH287,9.622098052379556
2024,deh1,PH0B4/PHP02,9.622098052379556
2024,deh1,PH12C/LH287,9.622098052379556
2024,deh1,PH1CA/LH287,9.622098052379556
2024,deh1,PH1CA/PHP02,9.622098052379556
2024,deh1,PH1GC/LH287,9.622098052379556
2024,deh1,PH1GC/PHP02,9.622098052379556
2024,deh1,PH1GG/LH287,9.622098052379556
2024,deh1,PH1GG/PHP02,9.622098052379556
2024,deh1,PH1TB/LH287,9.622098052379556
2024,deh1,PH1TB/PHP02,9.622098052379556
2024,deh1,PH1W2/LH287,9.622098052379556
2024,deh1,PH1W2/PHP02,9.622098052379556
2024,deh1,PH24E/LH244,10.868487676260058
2024,deh1,PH38D/PHP02,9.622098052379556
2024,deh1,PH42B/PHP02,9.622098052379556
2024,deh1,PH44A/LH287,9.622098052379556
2024,deh1,PH44A/PHP02,9.622098052379556
2024,deh1,PH55C/PHP02,9.622098052379556
2024,deh1,PH63A/PHP02,9.622098052379556
2024,deh1,PH79A/PHP02,9.622098052379556
2024,deh1,PHB47/PHN82,10.059726997315474
2024,deh1,PHB47/PHZ51,9.17595129185017
2024,deh1,PHBW8/LH287,9.622098052379556
2024,deh1,PHBW8/PHP02,9.622098052379556
2024,deh1,PHEW7/PHP02,9.622098052379556
2024,deh1,PHG29/PHG47,7.890592720723694
2024,deh1,PHG39/PHN82,10.143516414468968
2024,deh1,PHJ40/PHAJ0,4.975142780296953
2024,deh1,PHJ89/LH244,10.26233679029525
2024,deh1,PHJR5/LH287,9.622098052379556
2024,deh1,PHJR5/PHP02,9.622098052379556
2024,deh1,PHK56/LH244,10.776628101631134
2024,deh1,PHKV0/PHP02,9.622098052379556
2024,deh1,PHN41/PHP02,9.622098052379556
2024,deh1,PHN46/LH244,9.372096996588118
2024,deh1,PHN66/PHP02,9.622098052379556
2024,deh1,PHNJ2/PHP02,9.622098052379556
2024,deh1,PHP02/LH244,10.840914005855295
2024,deh1,PHP38/LH287,9.622098052379556
2024,deh1,PHP38/PHP02,9.622098052379556
2024,deh1,PHPR5/PHP02,9.622098052379556
2024,deh1,PHR03/LH244,11.040631599847094
2024,deh1,PHR61/PHP02,9.622098052379556
2024,deh1,PHRE1/PHTD5,6.646892690168655
2024,deh1,PHT10/LH287,9.622098052379556
2024,deh1,PHT10/PHP02,9.622098052379556
2024,deh1,PHT11/PHP02,9.622098052379556
2024,deh1,PHT47/LH287,9.622098052379556
2024,deh1,PHT47/PHP02,9.622098052379556
2024,deh1,PHTP9/LH287,9.622098052379556
2024,deh1,PHTP9/PHP02,9.622098052379556
2024,deh1,PHTV7/PHP02,9.622098052379556
2024,deh1,PHV37/LH287,9.622098052379556
2024,deh1,PHV37/PHP02,9.622098052379556
2024,deh1,PHVA9/PHP02,9.622098052379556
2024,deh1,PHVJ5/LH287,9.622098052379556
2024,deh1,PHVJ5/PHP02,9.622098052379556
2024,deh1,PHW30/LH244,10.600529635820504
2024,deh1,PHW52/LH287,9.622098052379556
2024,deh1,PHW52/PHM49,9.7745274059448
2024,deh1,TX777/LH195,8.507395311763743
2024,deh1,W10004_0018/PHP02,9.619585303648908
2024,deh1,W10004_0031/PHP02,10.866155135960307
2024,deh1,W10004_0062/PHP02,9.61817323211146
2024,deh1,W10004_0095/LH287,9.622098052379556
2024,deh1,W10004_0095/PHP02,9.342228598614204
2024,deh1,W10004_0103/LH287,9.622098052379556
2024,deh1,W10004_0103/PHP02,10.418838555183793
2024,deh1,W10004_0122/PHP02,10.267881126202804
2024,deh1,W10004_0133/PHP02,10.362623087776669
2024,deh1,W10004_0138/LH287,9.622098052379556
2024,deh1,W10004_0138/PHP02,9.918396834970679
2024,deh1,W10004_0146/LH287,9.622098052379556
2024,deh1,W10004_0146/PHP02,10.448147526812573
2024,deh1,W10004_0160/PHP02,10.463104566282404
2024,deh1,W10004_0167/LH287,9.622098052379556
2024,deh1,W10004_0167/PHP02,9.95911304873734
2024,deh1,W10004_0168/LH287,9.622098052379556
2024,deh1,W10004_0168/PHP02,10.256516847923397
2024,deh1,W10004_0189/PHP02,11.040631599847094
2024,deh1,W10004_0238/LH287,9.622098052379556
2024,deh1,W10004_0238/PHP02,10.368827464169524
2024,deh1,W10004_0258/PHP02,10.795395933679517
2024,deh1,W10004_0270/LH287,9.622098052379556
2024,deh1,W10004_0311/PHP02,9.72607327466956
2024,deh1,W10004_0346/LH287,9.622098052379556
2024,deh1,W10004_0389/PHP02,10.116927502658461
2024,deh1,W10004_0409/LH287,9.622098052379556
2024,deh1,W10004_0412/LH287,9.622098052379556
2024,deh1,W10004_0412/PHP02,10.254159391528725
2024,deh1,W10004_0476/LH287,9.622098052379556
2024,deh1,W10004_0476/PHP02,9.684382033780125
2024,deh1,W10004_0601/LH287,9.622098052379556
2024,deh1,W10004_0608/LH287,9.622098052379556
2024,deh1,W10004_0608/PHP02,9.444075295211022
2024,deh1,W10004_0637/LH287,9.622098052379556
2024,deh1,W10004_0637/PHP02,10.418838555183793
2024,deh1,W10004_0658/LH287,9.622098052379556
2024,deh1,W10004_0658/PHP02,11.518370827299316
2024,deh1,W10004_0688/PHP02,9.848242036596215
2024,deh1,W10004_0691/LH287,9.622098052379556
2024,deh1,W10004_0691/PHP02,9.328812663405525
2024,deh1,W10004_0714/LH287,9.622098052379556
2024,deh1,W10004_0714/PHP02,10.254832560692666
2024,deh1,W10004_0715/LH287,9.622098052379556
2024,deh1,W10004_0747/PHP02,11.102325801777699
2024,deh1,W10004_0776/PHP02,10.323973648446035
2024,deh1,W10004_0801/PHP02,11.067583406021555
2024,deh1,W10004_0822/LH287,9.622098052379556
2024,deh1,W10004_0822/PHP02,10.359905835639125
2024,deh1,W10004_0859/LH287,9.622098052379556
2024,deh1,W10004_0859/PHP02,9.874079349617755
2024,deh1,W10004_0866/PHP02,10.868487676260058
2024,deh1,W10004_0949/LH287,9.622098052379556
2024,deh1,W10004_0969/LH287,9.622098052379556
2024,deh1,W10004_0969/PHP02,9.791410168278706
2024,deh1,W10004_1014/PHP02,10.26233679029525
2024,deh1,WQCD10/LH287,9.622098052379556
2024,deh1,ZS01459/LH287,9.622098052379556
2024,deh1,ZS01459/PHP02,9.622098052379556
2024,deh1,ZS0510/LH287,9.622098052379556
2024,gah1,01CSI6/LH287,6.9292813675038705
2024,gah1,01DIB2/LH287,6.9292813675038705
2024,gah1,2369/LH123HT,8.070694801743159
2024,gah1,2FACC/LH287,6.9292813675038705
2024,gah1,6F629/LH287,6.9292813675038705
2024,gah1,B14A/OH43,6.4365838085229905
2024,gah1,B37/H95,6.395653991449498
2024,gah1,B73/MO17,7.696346467662918
2024,gah1,B73/PHN82,8.112067527030677
2024,gah1,CG119/CG108,5.209230579908002
2024,gah1,CG44/CGR01,6.087105242942746
2024,gah1,DK3IIH6/LH244,7.862711468391439
2024,gah1,DKFBHJ/LH287,6.9292813675038705
2024,gah1,FBLL/LH287,6.9292813675038705
2024,gah1,GEMS-0061_3AZA1_0001/LH287,6.9292813675038705
2024,gah1,GEMS-0061_3AZA1_0007/LH287,6.9292813675038705
2024,gah1,GEMS-0061_3AZA1_0009/LH287,6.9292813675038705
2024,gah1,GEMS-0061_3AZA1_0010/LH287,6.9292813675038705
2024,gah1,GEMS-0061_3AZA1_0012/LH287,6.9292813675038705
2024,gah1,GEMS-0061_3AZA1_0013/LH287,6.9292813675038705
2024,gah1,GEMS-0061_3AZA1_0014/LH287,6.9292813675038705
2024,gah1,GEMS-0061_3AZA1_0017/LH287,6.9292813675038705
2024,gah1,GEMS-0061_3AZA1_0021/LH287,6.9292813675038705
2024,gah1,GEMS-0061_FBLL_0004/LH287,6.9292813675038705
2024,gah1,GEMS-0061_FBLL_0005/LH287,6.9292813675038705
2024,gah1,GEMS-0061_FBLL_0008/LH287,6.9292813675038705
2024,gah1,GEMS-0061_FBLL_0009/LH287,6.9292813675038705
2024,gah1,GEMS-0061_FBLL_0010/LH287,6.9292813675038705
2024,gah1,GEMS-0061_FBLL_0015/LH287,6.9292813675038705
2024,gah1,GEMS-0061_FBLL_0016/LH287,6.9292813675038705
2024,gah1,GEMS-0061_FBLL_0017/LH287,6.9292813675038705
2024,gah1,GEMS-0061_FBLL_0019/LH287,6.9292813675038705
2024,gah1,GEMS-0061_FBLL_0022/LH287,6.9292813675038705
2024,gah1,GEMS-0061_FBLL_0023/LH287,6.9292813675038705
2024,gah1,GEMS-0061_FBLL_0025/LH287,6.9292813675038705
2024,gah1,GEMS-0061_FBLL_0029/LH287,6.9292813675038705
2024,gah1,GEMS-0061_FBLL_0035/LH287,6.9292813675038705
2024,gah1,GEMS-0061_FBLL_0037/LH287,6.9292813675038705
2024,gah1,GEMS-0061_FBLL_0039/LH287,6.9292813675038705
2024,gah1,GEMS-0061_FBLL_0040/LH287,6.9292813675038705
2024,gah1,GEMS-0061_FBLL_0044/LH287,6.9292813675038705
2024,gah1,GEMS-0061_FBLL_0050/LH287,6.9292813675038705
2024,gah1,GEMS-0061_PHB47_0001/LH287,6.9292813675038705
2024,gah1,GEMS-0061_PHB47_0003/LH287,6.9292813675038705
2024,gah1,GEMS-0061_PHB47_0004/LH287,6.9292813675038705
2024,gah1,GEMS-0061_PHBW8_0001/LH287,6.9292813675038705
2024,gah1,GEMS-0061_PHBW8_0002/LH287,6.9292813675038705
2024,gah1,GEMS-0113_3AZA1_0001/LH287,6.9292813675038705
2024,gah1,GEMS-0113_3AZA1_0002/LH287,6.9292813675038705
2024,gah1,GEMS-0113_3AZA1_0004/LH287,6.9292813675038705
2024,gah1,GEMS-0113_3AZA1_0005/LH287,6.9292813675038705
2024,gah1,GEMS-0113_3AZA1_0006/LH287,6.9292813675038705
2024,gah1,GEMS-0113_3AZA1_0007/LH287,6.9292813675038705
2024,gah1,GEMS-0113_3AZA1_0018/LH287,6.9292813675038705
2024,gah1,GEMS-0113_3AZA1_0021/LH287,6.9292813675038705
2024,gah1,GEMS-0113_3AZA1_0022/LH287,6.9292813675038705
2024,gah1,GEMS-0113_3AZA1_0023/LH287,6.9292813675038705
2024,gah1,GEMS-0113_3AZA1_0025/LH287,6.9292813675038705
2024,gah1,GEMS-0113_3AZA1_0027/LH287,6.9292813675038705
2024,gah1,GEMS-0113_3AZA1_0028/LH287,6.9292813675038705
2024,gah1,GEMS-0113_3AZA1_0029/LH287,6.9292813675038705
2024,gah1,GEMS-0113_3AZA1_0031/LH287,6.9292813675038705
2024,gah1,GEMS-0113_3AZA1_0038/LH287,6.9292813675038705
2024,gah1,GEMS-0113_FBLL_0002/LH287,6.9292813675038705
2024,gah1,GEMS-0113_FBLL_0003/LH287,6.9292813675038705
2024,gah1,GEMS-0113_FBLL_0004/LH287,6.9292813675038705
2024,gah1,GEMS-0113_FBLL_0006/LH287,6.9292813675038705
2024,gah1,GEMS-0113_FBLL_0007/LH287,6.9292813675038705
2024,gah1,GEMS-0113_FBLL_0008/LH287,6.9292813675038705
2024,gah1,GEMS-0113_FBLL_0010/LH287,6.9292813675038705
2024,gah1,GEMS-0113_FBLL_0011/LH287,6.9292813675038705
2024,gah1,GEMS-0113_FBLL_0013/LH287,6.9292813675038705
2024,gah1,GEMS-0113_PHB47_0001/LH287,6.9292813675038705
2024,gah1,GEMS-0113_PHB47_0007/LH287,6.9292813675038705
2024,gah1,GEMS-0113_PHB47_0008/LH287,6.9292813675038705
2024,gah1,GEMS-0113_PHB47_0009/LH287,6.9292813675038705
2024,gah1,GEMS-0113_PHB47_0011/LH287,6.9292813675038705
2024,gah1,GEMS-0113_PHB47_0012/LH287,6.9292813675038705
2024,gah1,GEMS-0113_PHB47_0013/LH287,6.9292813675038705
2024,gah1,GEMS-0113_PHB47_0014/LH287,6.9292813675038705
2024,gah1,GEMS-0113_PHB47_0017/LH287,6.9292813675038705
2024,gah1,GEMS-0113_PHB47_0019/LH287,6.9292813675038705
2024,gah1,GEMS-0113_PHB47_0020/LH287,6.9292813675038705
2024,gah1,GEMS-0113_PHB47_0021/LH287,6.9292813675038705
2024,gah1,GEMS-0113_PHBW8_0001/LH287,6.9292813675038705
2024,gah1,GEMS-0113_PHBW8_0002/LH287,6.9292813675038705
2024,gah1,GEMS-0113_PHBW8_0004/LH287,6.9292813675038705
2024,gah1,GEMS-0113_PHBW8_0007/LH287,6.9292813675038705
2024,gah1,GEMS-0113_PHBW8_0010/LH287,6.9292813675038705
2024,gah1,GEMS-0113_PHBW8_0011/LH287,6.9292813675038705
2024,gah1,GEMS-0113_PHBW8_0013/LH287,6.9292813675038705
2024,gah1,GEMS-0113_PHBW8_0014/LH287,6.9292813675038705
2024,gah1,GEMS-0219_3AZA1_0002/LH287,6.9292813675038705
2024,gah1,GEMS-0219_3AZA1_0004/LH287,6.9292813675038705
2024,gah1,GEMS-0219_3AZA1_0006/LH287,6.9292813675038705
2024,gah1,GEMS-0219_3AZA1_0007/LH287,6.9292813675038705
2024,gah1,GEMS-0219_3AZA1_0008/LH287,6.9292813675038705
2024,gah1,GEMS-0219_3AZA1_0009/LH287,6.9292813675038705
2024,gah1,GEMS-0219_3AZA1_0012/LH287,6.9292813675038705
2024,gah1,GEMS-0219_3AZA1_0014/LH287,6.9292813675038705
2024,gah1,GEMS-0219_FBLL_0005/LH287,6.9292813675038705
2024,gah1,GEMS-0219_FBLL_0007/LH287,6.9292813675038705
2024,gah1,GEMS-0219_FBLL_0008/LH287,6.9292813675038705
2024,gah1,GEMS-0219_FBLL_0009/LH287,6.9292813675038705
2024,gah1,GEMS-0219_FBLL_0013/LH287,6.9292813675038705
2024,gah1,GEMS-0219_FBLL_0014/LH287,6.9292813675038705
2024,gah1,GEMS-0219_FBLL_0015/LH287,6.9292813675038705
2024,gah1,GEMS-0219_FBLL_0017/LH287,6.9292813675038705
2024,gah1,GEMS-0219_FBLL_0018/LH287,6.9292813675038705
2024,gah1,GEMS-0219_FBLL_0019/LH287,6.9292813675038705
2024,gah1,GEMS-0219_FBLL_0020/LH287,6.9292813675038705
2024,gah1,GEMS-0219_FBLL_0021/LH287,6.9292813675038705
2024,gah1,GEMS-0219_FBLL_0025/LH287,6.9292813675038705
2024,gah1,GEMS-0219_FBLL_0028/LH287,6.9292813675038705
2024,gah1,GEMS-0219_FBLL_0030/LH287,6.9292813675038705
2024,gah1,GEMS-0219_PHB47_0001/LH287,6.9292813675038705
2024,gah1,GEMS-0219_PHB47_0003/LH287,6.9292813675038705
2024,gah1,GEMS-0219_PHB47_0006/LH287,6.9292813675038705
2024,gah1,GEMS-0219_PHB47_0011/LH287,6.9292813675038705
2024,gah1,GEMS-0219_PHB47_0014/LH287,6.9292813675038705
2024,gah1,GEMS-0219_PHBW8_0001/LH287,6.9292813675038705
2024,gah1,GEMS-0219_PHBW8_0002/LH287,6.9292813675038705
2024,gah1,GEMS-0219_PHBW8_0003/LH287,6.9292813675038705
2024,gah1,GEMS-0219_PHBW8_0004/LH287,6.9292813675038705
2024,gah1,GEMS-0219_PHBW8_0006/LH287,6.9292813675038705
2024,gah1,GEMS-0219_PHBW8_0009/LH287,6.9292813675038705
2024,gah1,GEMS-0227_3AZA1_0003/LH287,6.9292813675038705
2024,gah1,GEMS-0227_3AZA1_0004/LH287,6.9292813675038705
2024,gah1,GEMS-0227_3AZA1_0007/LH287,6.9292813675038705
2024,gah1,GEMS-0227_3AZA1_0008/LH287,6.9292813675038705
2024,gah1,GEMS-0227_3AZA1_0009/LH287,6.9292813675038705
2024,gah1,GEMS-0227_3AZA1_0010/LH287,6.9292813675038705
2024,gah1,GEMS-0227_3AZA1_0011/LH287,6.9292813675038705
2024,gah1,GEMS-0227_3AZA1_0012/LH287,6.9292813675038705
2024,gah1,GEMS-0227_3AZA1_0013/LH287,6.9292813675038705
2024,gah1,GEMS-0227_3AZA1_0014/LH287,6.9292813675038705
2024,gah1,GEMS-0227_3AZA1_0015/LH287,6.9292813675038705
2024,gah1,GEMS-0227_3AZA1_0018/LH287,6.9292813675038705
2024,gah1,GEMS-0227_3AZA1_0019/LH287,6.9292813675038705
2024,gah1,GEMS-0227_3AZA1_0021/LH287,6.9292813675038705
2024,gah1,GEMS-0227_3AZA1_0022/LH287,6.9292813675038705
2024,gah1,GEMS-0227_3AZA1_0025/LH287,6.9292813675038705
2024,gah1,GEMS-0227_3AZA1_0028/LH287,6.9292813675038705
2024,gah1,GEMS-0227_3AZA1_0029/LH287,6.9292813675038705
2024,gah1,GEMS-0227_3AZA1_0030/LH287,6.9292813675038705
2024,gah1,GEMS-0227_3AZA1_0031/LH287,6.9292813675038705
2024,gah1,GEMS-0227_3AZA1_0032/LH287,6.9292813675038705
2024,gah1,GEMS-0227_3AZA1_0035/LH287,6.9292813675038705
2024,gah1,GEMS-0227_3AZA1_0036/LH287,6.9292813675038705
2024,gah1,GEMS-0227_3AZA1_0040/LH287,6.9292813675038705
2024,gah1,GEMS-0227_3AZA1_0041/LH287,6.9292813675038705
2024,gah1,GEMS-0227_3AZA1_0046/LH287,6.9292813675038705
2024,gah1,GEMS-0227_3AZA1_0048/LH287,6.9292813675038705
2024,gah1,GEMS-0227_3AZA1_0049/LH287,6.9292813675038705
2024,gah1,GEMS-0227_FBLL_0001/LH287,6.9292813675038705
2024,gah1,GEMS-0227_FBLL_0002/LH287,6.9292813675038705
2024,gah1,GEMS-0227_FBLL_0003/LH287,6.9292813675038705
2024,gah1,GEMS-0227_FBLL_0005/LH287,6.9292813675038705
2024,gah1,GEMS-0227_FBLL_0007/LH287,6.9292813675038705
2024,gah1,GEMS-0227_FBLL_0009/LH287,6.9292813675038705
2024,gah1,GEMS-0227_FBLL_0010/LH287,6.9292813675038705
2024,gah1,GEMS-0227_FBLL_0013/LH287,6.9292813675038705
2024,gah1,GEMS-0227_FBLL_0014/LH287,6.9292813675038705
2024,gah1,GEMS-0227_FBLL_0015/LH287,6.9292813675038705
2024,gah1,GEMS-0227_FBLL_0016/LH287,6.9292813675038705
2024,gah1,GEMS-0227_FBLL_0017/LH287,6.9292813675038705
2024,gah1,GEMS-0227_FBLL_0018/LH287,6.9292813675038705
2024,gah1,GEMS-0227_FBLL_0019/LH287,6.9292813675038705
2024,gah1,GEMS-0227_FBLL_0021/LH287,6.9292813675038705
2024,gah1,GEMS-0227_FBLL_0022/LH287,6.9292813675038705
2024,gah1,GEMS-0227_FBLL_0024/LH287,6.9292813675038705
2024,gah1,GEMS-0227_FBLL_0026/LH287,6.9292813675038705
2024,gah1,GEMS-0227_FBLL_0027/LH287,6.9292813675038705
2024,gah1,GEMS-0227_FBLL_0031/LH287,6.9292813675038705
2024,gah1,GEMS-0227_FBLL_0032/LH287,6.9292813675038705
2024,gah1,GEMS-0227_FBLL_0036/LH287,6.9292813675038705
2024,gah1,GEMS-0227_FBLL_0037/LH287,6.9292813675038705
2024,gah1,GEMS-0227_FBLL_0038/LH287,6.9292813675038705
2024,gah1,GEMS-0227_FBLL_0040/LH287,6.9292813675038705
2024,gah1,GEMS-0227_FBLL_0043/LH287,6.9292813675038705
2024,gah1,GEMS-0227_FBLL_0044/LH287,6.9292813675038705
2024,gah1,GEMS-0227_FBLL_0045/LH287,6.9292813675038705
2024,gah1,GEMS-0227_FBLL_0047/LH287,6.9292813675038705
2024,gah1,GEMS-0227_FBLL_0048/LH287,6.9292813675038705
2024,gah1,GEMS-0227_FBLL_0052/LH287,6.9292813675038705
2024,gah1,GEMS-0227_FBLL_0054/LH287,6.9292813675038705
2024,gah1,GEMS-0227_FBLL_0055/LH287,6.9292813675038705
2024,gah1,GEMS-0227_FBLL_0056/LH287,6.9292813675038705
2024,gah1,GEMS-0227_FBLL_0057/LH287,6.9292813675038705
2024,gah1,GEMS-0227_FBLL_0058/LH287,6.9292813675038705
2024,gah1,GEMS-0227_FBLL_0060/LH287,6.9292813675038705
2024,gah1,GEMS-0227_FBLL_0064/LH287,6.9292813675038705
2024,gah1,GEMS-0227_FBLL_0066/LH287,6.9292813675038705
2024,gah1,GEMS-0227_FBLL_0069/LH287,6.9292813675038705
2024,gah1,GEMS-0227_FBLL_0070/LH287,6.9292813675038705
2024,gah1,GEMS-0227_FBLL_0071/LH287,6.9292813675038705
2024,gah1,GEMS-0227_FBLL_0072/LH287,6.9292813675038705
2024,gah1,GEMS-0227_FBLL_0075/LH287,6.9292813675038705
2024,gah1,GEMS-0227_FBLL_0077/LH287,6.9292813675038705
2024,gah1,GEMS-0227_FBLL_0078/LH287,6.9292813675038705
2024,gah1,GEMS-0227_FBLL_0079/LH287,6.9292813675038705
2024,gah1,GEMS-0227_FBLL_0082/LH287,6.9292813675038705
2024,gah1,GEMS-0227_FBLL_0085/LH287,6.9292813675038705
2024,gah1,GEMS-0227_FBLL_0086/LH287,6.9292813675038705
2024,gah1,GEMS-0227_FBLL_0087/LH287,6.9292813675038705
2024,gah1,GEMS-0227_FBLL_0088/LH287,6.9292813675038705
2024,gah1,GEMS-0227_FBLL_0089/LH287,6.9292813675038705
2024,gah1,GEMS-0227_FBLL_0090/LH287,6.9292813675038705
2024,gah1,GEMS-0227_FBLL_0094/LH287,6.9292813675038705
2024,gah1,GEMS-0227_FBLL_0095/LH287,6.9292813675038705
2024,gah1,GEMS-0227_FBLL_0096/LH287,6.9292813675038705
2024,gah1,GEMS-0227_FBLL_0097/LH287,6.9292813675038705
2024,gah1,GEMS-0227_FBLL_0098/LH287,6.9292813675038705
2024,gah1,GEMS-0227_FBLL_0101/LH287,6.9292813675038705
2024,gah1,GEMS-0227_FBLL_0102/LH287,6.9292813675038705
2024,gah1,GEMS-0227_FBLL_0104/LH287,6.9292813675038705
2024,gah1,GEMS-0227_FBLL_0105/LH287,6.9292813675038705
2024,gah1,GEMS-0227_FBLL_0113/LH287,6.9292813675038705
2024,gah1,GEMS-0227_FBLL_0114/LH287,6.9292813675038705
2024,gah1,GEMS-0227_FBLL_0115/LH287,6.9292813675038705
2024,gah1,GEMS-0227_FBLL_0116/LH287,6.9292813675038705
2024,gah1,GEMS-0227_FBLL_0117/LH287,6.9292813675038705
2024,gah1,GEMS-0227_FBLL_0118/LH287,6.9292813675038705
2024,gah1,GEMS-0227_FBLL_0125/LH287,6.9292813675038705
2024,gah1,GEMS-0227_FBLL_0134/LH287,6.9292813675038705
2024,gah1,GEMS-0227_FBLL_0136/LH287,6.9292813675038705
2024,gah1,GEMS-0227_PHB47_0001/LH287,6.9292813675038705
2024,gah1,GEMS-0227_PHB47_0002/LH287,6.9292813675038705
2024,gah1,GEMS-0227_PHB47_0003/LH287,6.9292813675038705
2024,gah1,GEMS-0227_PHB47_0004/LH287,6.9292813675038705
2024,gah1,GEMS-0227_PHB47_0006/LH287,6.9292813675038705
2024,gah1,GEMS-0227_PHB47_0007/LH287,6.9292813675038705
2024,gah1,GEMS-0227_PHB47_0009/LH287,6.9292813675038705
2024,gah1,GEMS-0227_PHB47_0011/LH287,6.9292813675038705
2024,gah1,GEMS-0227_PHB47_0012/LH287,6.9292813675038705
2024,gah1,GEMS-0227_PHB47_0014/LH287,6.9292813675038705
2024,gah1,GEMS-0227_PHB47_0022/LH287,6.9292813675038705
2024,gah1,GEMS-0227_PHB47_0024/LH287,6.9292813675038705
2024,gah1,GEMS-0227_PHBW8_0003/LH287,6.9292813675038705
2024,gah1,GEMS-0227_PHBW8_0004/LH287,6.9292813675038705
2024,gah1,GEMS-0227_PHBW8_0006/LH287,6.9292813675038705
2024,gah1,GEMS-0227_PHBW8_0010/LH287,6.9292813675038705
2024,gah1,GEMS-0227_PHBW8_0011/LH287,6.9292813675038705
2024,gah1,GEMS-0227_PHBW8_0013/LH287,6.9292813675038705
2024,gah1,GEMS-0227_PHBW8_0015/LH287,6.9292813675038705
2024,gah1,GEMS-0227_PHBW8_0016/LH287,6.9292813675038705
2024,gah1,GEMS-0227_PHBW8_0017/LH287,6.9292813675038705
2024,gah1,GEMS-0227_PHBW8_0019/LH287,6.9292813675038705
2024,gah1,GEMS-0227_PHBW8_0020/LH287,6.9292813675038705
2024,gah1,GEMS-0227_PHBW8_0021/LH287,6.9292813675038705
2024,gah1,GEMS-0227_PHBW8_0024/LH287,6.9292813675038705
2024,gah1,LH132/LH287,6.9292813675038705
2024,gah1,LH146HT/LH287,6.9292813675038705
2024,gah1,LH192/LH287,6.9292813675038705
2024,gah1,LH193/LH287,6.9292813675038705
2024,gah1,LH195/LH287,6.9292813675038705
2024,gah1,LH195/PHZ51,6.670851773524183
2024,gah1,LH198/LH287,6.9292813675038705
2024,gah1,LH200/LH287,6.9292813675038705
2024,gah1,LH220HT/LH287,6.9292813675038705
2024,gah1,LH224/LH287,6.9292813675038705
2024,gah1,LH225/LH287,6.9292813675038705
2024,gah1,LH228/LH287,6.9292813675038705
2024,gah1,LH234/LH287,6.9292813675038705
2024,gah1,LH235/LH287,6.9292813675038705
2024,gah1,LH236/LH287,6.9292813675038705
2024,gah1,LH237/LH287,6.9292813675038705
2024,gah1,LH244/PHK76,6.622376383368308
2024,gah1,LH264/LH287,6.9292813675038705
2024,gah1,LH273/LH287,6.9292813675038705
2024,gah1,LH287/LH244,8.569157826384336
2024,gah1,LH82/LH244,6.951886281833857
2024,gah1,MM501D/LH244,7.862711468391439
2024,gah1,NKH8431/LH287,6.9292813675038705
2024,gah1,PH05F/LH287,6.9292813675038705
2024,gah1,PH05G/LH287,6.9292813675038705
2024,gah1,PH06N/LH287,6.9292813675038705
2024,gah1,PH07D/LH287,6.9292813675038705
2024,gah1,PH08A/LH287,6.9292813675038705
2024,gah1,PH09B/LH287,6.9292813675038705
2024,gah1,PH09E/LH287,6.9292813675038705
2024,gah1,PH0B4/LH287,6.9292813675038705
2024,gah1,PH0CD/LH287,6.9292813675038705
2024,gah1,PH19V/LH287,6.9292813675038705
2024,gah1,PH1CA/LH287,6.9292813675038705
2024,gah1,PH1GC/LH287,6.9292813675038705
2024,gah1,PH1TB/LH287,6.9292813675038705
2024,gah1,PH1W2/LH287,6.9292813675038705
2024,gah1,PH24E/LH244,8.176284929411448
2024,gah1,PH24M/LH287,6.9292813675038705
2024,gah1,PH37C/LH287,6.9292813675038705
2024,gah1,PH38D/LH287,6.9292813675038705
2024,gah1,PH42B/LH287,6.9292813675038705
2024,gah1,PH44A/LH287,6.9292813675038705
2024,gah1,PH55C/LH287,6.9292813675038705
2024,gah1,PH63A/LH287,6.9292813675038705
2024,gah1,PHB47/LH287,6.9292813675038705
2024,gah1,PHB47/PHN82,7.316666102878758
2024,gah1,PHB47/PHZ51,6.407526626062567
2024,gah1,PHBW8/LH287,6.9292813675038705
2024,gah1,PHDG1/LH287,6.9292813675038705
2024,gah1,PHG29/PHG47,6.705063820027075
2024,gah1,PHG39/PHN82,7.382571717399314
2024,gah1,PHJ40/PHAJ0,5.209230579908002
2024,gah1,PHJ89/LH244,7.50736538762873
2024,gah1,PHJR5/LH287,6.9292813675038705
2024,gah1,PHK56/LH244,7.955739402267846
2024,gah1,PHN41/LH287,6.9292813675038705
2024,gah1,PHN46/LH244,6.378083661458156
2024,gah1,PHN66/LH287,6.9292813675038705
2024,gah1,PHNJ2/LH287,6.9292813675038705
2024,gah1,PHP02/LH244,7.956041148688245
2024,gah1,PHP38/LH287,6.9292813675038705
2024,gah1,PHPR5/LH287,6.9292813675038705
2024,gah1,PHR03/LH244,8.045143279569945
2024,gah1,PHRE1/PHTD5,5.977902136443167
2024,gah1,PHT10/LH287,6.9292813675038705
2024,gah1,PHT47/LH287,6.9292813675038705
2024,gah1,PHTV7/LH287,6.9292813675038705
2024,gah1,PHV37/LH287,6.9292813675038705
2024,gah1,PHVA9/LH287,6.9292813675038705
2024,gah1,PHVJ5/LH287,6.9292813675038705
2024,gah1,PHW30/LH244,7.602338530350291
2024,gah1,PHW52/LH287,6.9292813675038705
2024,gah1,PHW52/PHM49,7.158181666485765
2024,gah1,W10004_0055/LH287,6.9292813675038705
2024,gah1,W10004_0062/LH287,6.9292813675038705
2024,gah1,W10004_0095/LH287,6.9292813675038705
2024,gah1,W10004_0103/LH287,6.9292813675038705
2024,gah1,W10004_0122/LH287,6.9292813675038705
2024,gah1,W10004_0133/LH287,6.9292813675038705
2024,gah1,W10004_0160/LH287,6.9292813675038705
2024,gah1,W10004_0167/LH287,6.9292813675038705
2024,gah1,W10004_0189/LH287,6.9292813675038705
2024,gah1,W10004_0236/LH287,6.9292813675038705
2024,gah1,W10004_0311/LH287,6.9292813675038705
2024,gah1,W10004_0389/LH287,6.9292813675038705
2024,gah1,W10004_0403/LH287,6.9292813675038705
2024,gah1,W10004_0412/LH287,6.9292813675038705
2024,gah1,W10004_0601/LH287,6.9292813675038705
2024,gah1,W10004_0658/LH287,6.9292813675038705
2024,gah1,W10004_0691/LH287,6.9292813675038705
2024,gah1,W10004_0714/LH287,6.9292813675038705
2024,gah1,W10004_0715/LH287,6.9292813675038705
2024,gah1,W10004_0747/LH287,6.9292813675038705
2024,gah1,W10004_0776/LH287,6.9292813675038705
2024,gah1,W10004_0801/LH287,6.9292813675038705
2024,gah1,W10004_0858/LH287,6.9292813675038705
2024,gah1,W10004_0859/LH287,6.9292813675038705
2024,gah1,W10004_0949/LH287,6.9292813675038705
2024,gah1,W10004_0969/LH287,6.9292813675038705
2024,gah1,W10004_1018/LH287,6.9292813675038705
2024,gah1,WQCD10/LH287,6.9292813675038705
2024,gah1,ZS01459/LH287,6.9292813675038705
2024,gah1,ZS0510/LH287,6.9292813675038705
2024,gah2,01CSI6/LH287,9.311076095465644
2024,gah2,01DIB2/LH287,9.311076095465644
2024,gah2,2369/LH123HT,10.259614277590956
2024,gah2,6F629/LH287,9.311076095465644
2024,gah2,B14A/OH43,8.884438324014466
2024,gah2,B37/H95,8.43130637181408
2024,gah2,B73/MO17,9.852545208636428
2024,gah2,B73/PHN82,10.3320306746951
2024,gah2,CG119/CG108,4.617383420387771
2024,gah2,CG44/CGR01,7.5523997951801904
2024,gah2,DK3IIH6/LH244,9.957355837603256
2024,gah2,FBLA/LH287,9.311076095465644
2024,gah2,GEMS-0061_3AZA1_0005/LH287,9.311076095465644
2024,gah2,GEMS-0061_3AZA1_0006/LH287,9.311076095465644
2024,gah2,GEMS-0061_3AZA1_0007/LH287,9.311076095465644
2024,gah2,GEMS-0061_3AZA1_0009/LH287,9.311076095465644
2024,gah2,GEMS-0061_3AZA1_0013/LH287,9.311076095465644
2024,gah2,GEMS-0061_3AZA1_0014/LH287,9.311076095465644
2024,gah2,GEMS-0061_3AZA1_0015/LH287,9.311076095465644
2024,gah2,GEMS-0061_3AZA1_0017/LH287,9.311076095465644
2024,gah2,GEMS-0061_3AZA1_0023/LH287,9.311076095465644
2024,gah2,GEMS-0061_FBLL_0002/LH287,9.311076095465644
2024,gah2,GEMS-0061_FBLL_0004/LH287,9.311076095465644
2024,gah2,GEMS-0061_FBLL_0007/LH287,9.311076095465644
2024,gah2,GEMS-0061_FBLL_0008/LH287,9.311076095465644
2024,gah2,GEMS-0061_FBLL_0011/LH287,9.311076095465644
2024,gah2,GEMS-0061_FBLL_0017/LH287,9.311076095465644
2024,gah2,GEMS-0061_FBLL_0018/LH287,9.311076095465644
2024,gah2,GEMS-0061_FBLL_0019/LH287,9.311076095465644
2024,gah2,GEMS-0061_FBLL_0024/LH287,9.311076095465644
2024,gah2,GEMS-0061_FBLL_0026/LH287,9.311076095465644
2024,gah2,GEMS-0061_FBLL_0031/LH287,9.311076095465644
2024,gah2,GEMS-0061_FBLL_0032/LH287,9.311076095465644
2024,gah2,GEMS-0061_FBLL_0033/LH287,9.311076095465644
2024,gah2,GEMS-0061_FBLL_0034/LH287,9.311076095465644
2024,gah2,GEMS-0061_FBLL_0035/LH287,9.311076095465644
2024,gah2,GEMS-0061_FBLL_0038/LH287,9.311076095465644
2024,gah2,GEMS-0061_FBLL_0039/LH287,9.311076095465644
2024,gah2,GEMS-0061_PHB47_0001/LH287,9.311076095465644
2024,gah2,GEMS-0061_PHB47_0003/LH287,9.311076095465644
2024,gah2,GEMS-0061_PHB47_0004/LH287,9.311076095465644
2024,gah2,GEMS-0061_PHBW8_0001/LH287,9.311076095465644
2024,gah2,GEMS-0061_PHBW8_0002/LH287,9.311076095465644
2024,gah2,GEMS-0113_3AZA1_0001/LH287,9.311076095465644
2024,gah2,GEMS-0113_3AZA1_0002/LH287,9.311076095465644
2024,gah2,GEMS-0113_3AZA1_0003/LH287,9.311076095465644
2024,gah2,GEMS-0113_3AZA1_0004/LH287,9.311076095465644
2024,gah2,GEMS-0113_3AZA1_0006/LH287,9.311076095465644
2024,gah2,GEMS-0113_3AZA1_0007/LH287,9.311076095465644
2024,gah2,GEMS-0113_3AZA1_0008/LH287,9.311076095465644
2024,gah2,GEMS-0113_3AZA1_0010/LH287,9.311076095465644
2024,gah2,GEMS-0113_3AZA1_0011/LH287,9.311076095465644
2024,gah2,GEMS-0113_3AZA1_0013/LH287,9.311076095465644
2024,gah2,GEMS-0113_3AZA1_0015/LH287,9.311076095465644
2024,gah2,GEMS-0113_3AZA1_0016/LH287,9.311076095465644
2024,gah2,GEMS-0113_3AZA1_0017/LH287,9.311076095465644
2024,gah2,GEMS-0113_3AZA1_0018/LH287,9.311076095465644
2024,gah2,GEMS-0113_3AZA1_0019/LH287,9.311076095465644
2024,gah2,GEMS-0113_3AZA1_0021/LH287,9.311076095465644
2024,gah2,GEMS-0113_3AZA1_0024/LH287,9.311076095465644
2024,gah2,GEMS-0113_3AZA1_0025/LH287,9.311076095465644
2024,gah2,GEMS-0113_3AZA1_0026/LH287,9.311076095465644
2024,gah2,GEMS-0113_3AZA1_0027/LH287,9.311076095465644
2024,gah2,GEMS-0113_3AZA1_0031/LH287,9.311076095465644
2024,gah2,GEMS-0113_FBLL_0003/LH287,9.311076095465644
2024,gah2,GEMS-0113_FBLL_0004/LH287,9.311076095465644
2024,gah2,GEMS-0113_FBLL_0005/LH287,9.311076095465644
2024,gah2,GEMS-0113_FBLL_0006/LH287,9.311076095465644
2024,gah2,GEMS-0113_FBLL_0010/LH287,9.311076095465644
2024,gah2,GEMS-0113_FBLL_0011/LH287,9.311076095465644
2024,gah2,GEMS-0113_FBLL_0013/LH287,9.311076095465644
2024,gah2,GEMS-0113_FBLL_0015/LH287,9.311076095465644
2024,gah2,GEMS-0113_PHB47_0003/LH287,9.311076095465644
2024,gah2,GEMS-0113_PHB47_0004/LH287,9.311076095465644
2024,gah2,GEMS-0113_PHB47_0005/LH287,9.311076095465644
2024,gah2,GEMS-0113_PHB47_0006/LH287,9.311076095465644
2024,gah2,GEMS-0113_PHB47_0008/LH287,9.311076095465644
2024,gah2,GEMS-0113_PHB47_0009/LH287,9.311076095465644
2024,gah2,GEMS-0113_PHB47_0012/LH287,9.311076095465644
2024,gah2,GEMS-0113_PHB47_0015/LH287,9.311076095465644
2024,gah2,GEMS-0113_PHB47_0017/LH287,9.311076095465644
2024,gah2,GEMS-0113_PHB47_0019/LH287,9.311076095465644
2024,gah2,GEMS-0113_PHB47_0020/LH287,9.311076095465644
2024,gah2,GEMS-0113_PHB47_0021/LH287,9.311076095465644
2024,gah2,GEMS-0113_PHBW8_0004/LH287,9.311076095465644
2024,gah2,GEMS-0113_PHBW8_0005/LH287,9.311076095465644
2024,gah2,GEMS-0113_PHBW8_0006/LH287,9.311076095465644
2024,gah2,GEMS-0113_PHBW8_0008/LH287,9.311076095465644
2024,gah2,GEMS-0113_PHBW8_0009/LH287,9.311076095465644
2024,gah2,GEMS-0113_PHBW8_0010/LH287,9.311076095465644
2024,gah2,GEMS-0113_PHBW8_0011/LH287,9.311076095465644
2024,gah2,GEMS-0113_PHBW8_0012/LH287,9.311076095465644
2024,gah2,GEMS-0113_PHBW8_0013/LH287,9.311076095465644
2024,gah2,GEMS-0113_PHBW8_0014/LH287,9.311076095465644
2024,gah2,GEMS-0113_PHBW8_0017/LH287,9.311076095465644
2024,gah2,GEMS-0219_3AZA1_0001/LH287,9.311076095465644
2024,gah2,GEMS-0219_3AZA1_0003/LH287,9.311076095465644
2024,gah2,GEMS-0219_3AZA1_0005/LH287,9.311076095465644
2024,gah2,GEMS-0219_3AZA1_0006/LH287,9.311076095465644
2024,gah2,GEMS-0219_3AZA1_0008/LH287,9.311076095465644
2024,gah2,GEMS-0219_3AZA1_0010/LH287,9.311076095465644
2024,gah2,GEMS-0219_3AZA1_0012/LH287,9.311076095465644
2024,gah2,GEMS-0219_FBLL_0002/LH287,9.311076095465644
2024,gah2,GEMS-0219_FBLL_0003/LH287,9.311076095465644
2024,gah2,GEMS-0219_FBLL_0004/LH287,9.311076095465644
2024,gah2,GEMS-0219_FBLL_0006/LH287,9.311076095465644
2024,gah2,GEMS-0219_FBLL_0007/LH287,9.311076095465644
2024,gah2,GEMS-0219_FBLL_0008/LH287,9.311076095465644
2024,gah2,GEMS-0219_FBLL_0009/LH287,9.311076095465644
2024,gah2,GEMS-0219_FBLL_0010/LH287,9.311076095465644
2024,gah2,GEMS-0219_FBLL_0011/LH287,9.311076095465644
2024,gah2,GEMS-0219_FBLL_0012/LH287,9.311076095465644
2024,gah2,GEMS-0219_FBLL_0013/LH287,9.311076095465644
2024,gah2,GEMS-0219_FBLL_0021/LH287,9.311076095465644
2024,gah2,GEMS-0219_FBLL_0022/LH287,9.311076095465644
2024,gah2,GEMS-0219_FBLL_0023/LH287,9.311076095465644
2024,gah2,GEMS-0219_FBLL_0027/LH287,9.311076095465644
2024,gah2,GEMS-0219_FBLL_0030/LH287,9.311076095465644
2024,gah2,GEMS-0219_PHB47_0001/LH287,9.311076095465644
2024,gah2,GEMS-0219_PHB47_0002/LH287,9.311076095465644
2024,gah2,GEMS-0219_PHB47_0003/LH287,9.311076095465644
2024,gah2,GEMS-0219_PHB47_0005/LH287,9.311076095465644
2024,gah2,GEMS-0219_PHB47_0006/LH287,9.311076095465644
2024,gah2,GEMS-0219_PHB47_0011/LH287,9.311076095465644
2024,gah2,GEMS-0219_PHB47_0014/LH287,9.311076095465644
2024,gah2,GEMS-0219_PHB47_0017/LH287,9.311076095465644
2024,gah2,GEMS-0219_PHBW8_0002/LH287,9.311076095465644
2024,gah2,GEMS-0219_PHBW8_0003/LH287,9.311076095465644
2024,gah2,GEMS-0219_PHBW8_0004/LH287,9.311076095465644
2024,gah2,GEMS-0219_PHBW8_0008/LH287,9.311076095465644
2024,gah2,GEMS-0219_PHBW8_0009/LH287,9.311076095465644
2024,gah2,GEMS-0219_PHBW8_0011/LH287,9.311076095465644
2024,gah2,GEMS-0227_3AZA1_0001/LH287,9.311076095465644
2024,gah2,GEMS-0227_3AZA1_0002/LH287,9.311076095465644
2024,gah2,GEMS-0227_3AZA1_0003/LH287,9.311076095465644
2024,gah2,GEMS-0227_3AZA1_0004/LH287,9.311076095465644
2024,gah2,GEMS-0227_3AZA1_0005/LH287,9.311076095465644
2024,gah2,GEMS-0227_3AZA1_0006/LH287,9.311076095465644
2024,gah2,GEMS-0227_3AZA1_0008/LH287,9.311076095465644
2024,gah2,GEMS-0227_3AZA1_0009/LH287,9.311076095465644
2024,gah2,GEMS-0227_3AZA1_0010/LH287,9.311076095465644
2024,gah2,GEMS-0227_3AZA1_0011/LH287,9.311076095465644
2024,gah2,GEMS-0227_3AZA1_0012/LH287,9.311076095465644
2024,gah2,GEMS-0227_3AZA1_0013/LH287,9.311076095465644
2024,gah2,GEMS-0227_3AZA1_0015/LH287,9.311076095465644
2024,gah2,GEMS-0227_3AZA1_0016/LH287,9.311076095465644
2024,gah2,GEMS-0227_3AZA1_0017/LH287,9.311076095465644
2024,gah2,GEMS-0227_3AZA1_0018/LH287,9.311076095465644
2024,gah2,GEMS-0227_3AZA1_0019/LH287,9.311076095465644
2024,gah2,GEMS-0227_3AZA1_0023/LH287,9.311076095465644
2024,gah2,GEMS-0227_3AZA1_0024/LH287,9.311076095465644
2024,gah2,GEMS-0227_3AZA1_0028/LH287,9.311076095465644
2024,gah2,GEMS-0227_3AZA1_0029/LH287,9.311076095465644
2024,gah2,GEMS-0227_3AZA1_0030/LH287,9.311076095465644
2024,gah2,GEMS-0227_3AZA1_0034/LH287,9.311076095465644
2024,gah2,GEMS-0227_3AZA1_0036/LH287,9.311076095465644
2024,gah2,GEMS-0227_3AZA1_0040/LH287,9.311076095465644
2024,gah2,GEMS-0227_3AZA1_0043/LH287,9.311076095465644
2024,gah2,GEMS-0227_3AZA1_0045/LH287,9.311076095465644
2024,gah2,GEMS-0227_3AZA1_0046/LH287,9.311076095465644
2024,gah2,GEMS-0227_3AZA1_0048/LH287,9.311076095465644
2024,gah2,GEMS-0227_FBLL_0001/LH287,9.311076095465644
2024,gah2,GEMS-0227_FBLL_0004/LH287,9.311076095465644
2024,gah2,GEMS-0227_FBLL_0005/LH287,9.311076095465644
2024,gah2,GEMS-0227_FBLL_0007/LH287,9.311076095465644
2024,gah2,GEMS-0227_FBLL_0008/LH287,9.311076095465644
2024,gah2,GEMS-0227_FBLL_0010/LH287,9.311076095465644
2024,gah2,GEMS-0227_FBLL_0020/LH287,9.311076095465644
2024,gah2,GEMS-0227_FBLL_0021/LH287,9.311076095465644
2024,gah2,GEMS-0227_FBLL_0022/LH287,9.311076095465644
2024,gah2,GEMS-0227_FBLL_0023/LH287,9.311076095465644
2024,gah2,GEMS-0227_FBLL_0025/LH287,9.311076095465644
2024,gah2,GEMS-0227_FBLL_0027/LH287,9.311076095465644
2024,gah2,GEMS-0227_FBLL_0028/LH287,9.311076095465644
2024,gah2,GEMS-0227_FBLL_0029/LH287,9.311076095465644
2024,gah2,GEMS-0227_FBLL_0030/LH287,9.311076095465644
2024,gah2,GEMS-0227_FBLL_0031/LH287,9.311076095465644
2024,gah2,GEMS-0227_FBLL_0033/LH287,9.311076095465644
2024,gah2,GEMS-0227_FBLL_0034/LH287,9.311076095465644
2024,gah2,GEMS-0227_FBLL_0035/LH287,9.311076095465644
2024,gah2,GEMS-0227_FBLL_0038/LH287,9.311076095465644
2024,gah2,GEMS-0227_FBLL_0039/LH287,9.311076095465644
2024,gah2,GEMS-0227_FBLL_0041/LH287,9.311076095465644
2024,gah2,GEMS-0227_FBLL_0042/LH287,9.311076095465644
2024,gah2,GEMS-0227_FBLL_0043/LH287,9.311076095465644
2024,gah2,GEMS-0227_FBLL_0044/LH287,9.311076095465644
2024,gah2,GEMS-0227_FBLL_0046/LH287,9.311076095465644
2024,gah2,GEMS-0227_FBLL_0048/LH287,9.311076095465644
2024,gah2,GEMS-0227_FBLL_0049/LH287,9.311076095465644
2024,gah2,GEMS-0227_FBLL_0050/LH287,9.311076095465644
2024,gah2,GEMS-0227_FBLL_0051/LH287,9.311076095465644
2024,gah2,GEMS-0227_FBLL_0053/LH287,9.311076095465644
2024,gah2,GEMS-0227_FBLL_0058/LH287,9.311076095465644
2024,gah2,GEMS-0227_FBLL_0059/LH287,9.311076095465644
2024,gah2,GEMS-0227_FBLL_0062/LH287,9.311076095465644
2024,gah2,GEMS-0227_FBLL_0063/LH287,9.311076095465644
2024,gah2,GEMS-0227_FBLL_0064/LH287,9.311076095465644
2024,gah2,GEMS-0227_FBLL_0066/LH287,9.311076095465644
2024,gah2,GEMS-0227_FBLL_0067/LH287,9.311076095465644
2024,gah2,GEMS-0227_FBLL_0068/LH287,9.311076095465644
2024,gah2,GEMS-0227_FBLL_0073/LH287,9.311076095465644
2024,gah2,GEMS-0227_FBLL_0074/LH287,9.311076095465644
2024,gah2,GEMS-0227_FBLL_0078/LH287,9.311076095465644
2024,gah2,GEMS-0227_FBLL_0080/LH287,9.311076095465644
2024,gah2,GEMS-0227_FBLL_0082/LH287,9.311076095465644
2024,gah2,GEMS-0227_FBLL_0084/LH287,9.311076095465644
2024,gah2,GEMS-0227_FBLL_0086/LH287,9.311076095465644
2024,gah2,GEMS-0227_FBLL_0087/LH287,9.311076095465644
2024,gah2,GEMS-0227_FBLL_0090/LH287,9.311076095465644
2024,gah2,GEMS-0227_FBLL_0093/LH287,9.311076095465644
2024,gah2,GEMS-0227_FBLL_0095/LH287,9.311076095465644
2024,gah2,GEMS-0227_FBLL_0096/LH287,9.311076095465644
2024,gah2,GEMS-0227_FBLL_0097/LH287,9.311076095465644
2024,gah2,GEMS-0227_FBLL_0098/LH287,9.311076095465644
2024,gah2,GEMS-0227_FBLL_0101/LH287,9.311076095465644
2024,gah2,GEMS-0227_FBLL_0102/LH287,9.311076095465644
2024,gah2,GEMS-0227_FBLL_0104/LH287,9.311076095465644
2024,gah2,GEMS-0227_FBLL_0106/LH287,9.311076095465644
2024,gah2,GEMS-0227_FBLL_0107/LH287,9.311076095465644
2024,gah2,GEMS-0227_FBLL_0110/LH287,9.311076095465644
2024,gah2,GEMS-0227_FBLL_0111/LH287,9.311076095465644
2024,gah2,GEMS-0227_FBLL_0113/LH287,9.311076095465644
2024,gah2,GEMS-0227_FBLL_0114/LH287,9.311076095465644
2024,gah2,GEMS-0227_FBLL_0116/LH287,9.311076095465644
2024,gah2,GEMS-0227_FBLL_0117/LH287,9.311076095465644
2024,gah2,GEMS-0227_FBLL_0121/LH287,9.311076095465644
2024,gah2,GEMS-0227_FBLL_0124/LH287,9.311076095465644
2024,gah2,GEMS-0227_FBLL_0127/LH287,9.311076095465644
2024,gah2,GEMS-0227_FBLL_0133/LH287,9.311076095465644
2024,gah2,GEMS-0227_FBLL_0136/LH287,9.311076095465644
2024,gah2,GEMS-0227_FBLL_0140/LH287,9.311076095465644
2024,gah2,GEMS-0227_FBLL_0141/LH287,9.311076095465644
2024,gah2,GEMS-0227_PHB47_0001/LH287,9.311076095465644
2024,gah2,GEMS-0227_PHB47_0002/LH287,9.311076095465644
2024,gah2,GEMS-0227_PHB47_0003/LH287,9.311076095465644
2024,gah2,GEMS-0227_PHB47_0004/LH287,9.311076095465644
2024,gah2,GEMS-0227_PHB47_0006/LH287,9.311076095465644
2024,gah2,GEMS-0227_PHB47_0010/LH287,9.311076095465644
2024,gah2,GEMS-0227_PHB47_0011/LH287,9.311076095465644
2024,gah2,GEMS-0227_PHB47_0016/LH287,9.311076095465644
2024,gah2,GEMS-0227_PHB47_0022/LH287,9.311076095465644
2024,gah2,GEMS-0227_PHB47_0024/LH287,9.311076095465644
2024,gah2,GEMS-0227_PHB47_0025/LH287,9.311076095465644
2024,gah2,GEMS-0227_PHB47_0026/LH287,9.311076095465644
2024,gah2,GEMS-0227_PHBW8_0001/LH287,9.311076095465644
2024,gah2,GEMS-0227_PHBW8_0002/LH287,9.311076095465644
2024,gah2,GEMS-0227_PHBW8_0003/LH287,9.311076095465644
2024,gah2,GEMS-0227_PHBW8_0005/LH287,9.311076095465644
2024,gah2,GEMS-0227_PHBW8_0006/LH287,9.311076095465644
2024,gah2,GEMS-0227_PHBW8_0007/LH287,9.311076095465644
2024,gah2,GEMS-0227_PHBW8_0009/LH287,9.311076095465644
2024,gah2,GEMS-0227_PHBW8_0010/LH287,9.311076095465644
2024,gah2,GEMS-0227_PHBW8_0011/LH287,9.311076095465644
2024,gah2,GEMS-0227_PHBW8_0012/LH287,9.311076095465644
2024,gah2,GEMS-0227_PHBW8_0016/LH287,9.311076095465644
2024,gah2,GEMS-0227_PHBW8_0017/LH287,9.311076095465644
2024,gah2,GEMS-0227_PHBW8_0018/LH287,9.311076095465644
2024,gah2,GEMS-0227_PHBW8_0019/LH287,9.311076095465644
2024,gah2,GEMS-0227_PHBW8_0020/LH287,9.311076095465644
2024,gah2,GEMS-0227_PHBW8_0021/LH287,9.311076095465644
2024,gah2,GEMS-0227_PHBW8_0022/LH287,9.311076095465644
2024,gah2,LH132/LH287,9.311076095465644
2024,gah2,LH146HT/LH287,9.311076095465644
2024,gah2,LH192/LH287,9.311076095465644
2024,gah2,LH193/LH287,9.311076095465644
2024,gah2,LH194/LH287,9.311076095465644
2024,gah2,LH195/LH287,9.311076095465644
2024,gah2,LH195/PHZ51,8.908306165299887
2024,gah2,LH197/LH287,9.311076095465644
2024,gah2,LH198/LH287,9.311076095465644
2024,gah2,LH200/LH287,9.311076095465644
2024,gah2,LH204/LH287,9.311076095465644
2024,gah2,LH224/LH287,9.311076095465644
2024,gah2,LH225/LH287,9.311076095465644
2024,gah2,LH226HT/LH287,9.311076095465644
2024,gah2,LH228/LH287,9.311076095465644
2024,gah2,LH231/LH287,9.311076095465644
2024,gah2,LH235/LH287,9.311076095465644
2024,gah2,LH236/LH287,9.311076095465644
2024,gah2,LH238/LH287,9.311076095465644
2024,gah2,LH244/PHK76,9.018355523766488
2024,gah2,LH264/LH287,9.311076095465644
2024,gah2,LH273/LH287,9.311076095465644
2024,gah2,LH286/LH287,9.311076095465644
2024,gah2,LH287/LH244,11.050012693299
2024,gah2,LH292/LH287,9.311076095465644
2024,gah2,LH82/LH244,9.27348814050578
2024,gah2,MM501D/LH244,9.957355837603256
2024,gah2,NKH8431/LH287,9.311076095465644
2024,gah2,PH05W/LH287,9.311076095465644
2024,gah2,PH07D/LH287,9.311076095465644
2024,gah2,PH080/LH287,9.311076095465644
2024,gah2,PH09B/LH287,9.311076095465644
2024,gah2,PH0CD/LH287,9.311076095465644
2024,gah2,PH0GP/LH287,9.311076095465644
2024,gah2,PH12C/LH287,9.311076095465644
2024,gah2,PH1CA/LH287,9.311076095465644
2024,gah2,PH1GG/LH287,9.311076095465644
2024,gah2,PH1TB/LH287,9.311076095465644
2024,gah2,PH1W2/LH287,9.311076095465644
2024,gah2,PH24E/LH244,10.098511203400147
2024,gah2,PH38D/LH287,9.311076095465644
2024,gah2,PH42B/LH287,9.311076095465644
2024,gah2,PH44A/LH287,9.311076095465644
2024,gah2,PH55C/LH287,9.311076095465644
2024,gah2,PH79A/LH287,9.311076095465644
2024,gah2,PHB47/LH287,9.311076095465644
2024,gah2,PHB47/PHN82,9.574452336839677
2024,gah2,PHB47/PHZ51,8.768622058459272
2024,gah2,PHBW8/LH287,9.311076095465644
2024,gah2,PHDG1/LH287,9.311076095465644
2024,gah2,PHEW7/LH287,9.311076095465644
2024,gah2,PHG29/PHG47,8.345539199859072
2024,gah2,PHG39/PHN82,9.561271175041833
2024,gah2,PHHB9/LH287,9.311076095465644
2024,gah2,PHJ40/PHAJ0,4.617383420387771
2024,gah2,PHJ89/LH244,9.669009980251936
2024,gah2,PHK56/LH244,9.974873372880065
2024,gah2,PHKV0/LH287,9.311076095465644
2024,gah2,PHN41/LH287,9.311076095465644
2024,gah2,PHN46/LH244,8.955545714893093
2024,gah2,PHN66/LH287,9.311076095465644
2024,gah2,PHP02/LH244,10.011851202627074
2024,gah2,PHPR5/LH287,9.311076095465644
2024,gah2,PHR03/LH244,10.268344975156625
2024,gah2,PHR61/LH287,9.311076095465644
2024,gah2,PHRE1/PHTD5,6.513924122002569
2024,gah2,PHT10/LH287,9.311076095465644
2024,gah2,PHT11/LH287,9.311076095465644
2024,gah2,PHTP9/LH287,9.311076095465644
2024,gah2,PHVA9/LH287,9.311076095465644
2024,gah2,PHW30/LH244,9.852545208636428
2024,gah2,PHW52/PHM49,9.327661799256578
2024,gah2,W10004_0018/LH287,9.311076095465644
2024,gah2,W10004_0031/LH287,9.311076095465644
2024,gah2,W10004_0034/LH287,9.311076095465644
2024,gah2,W10004_0055/LH287,9.311076095465644
2024,gah2,W10004_0122/LH287,9.311076095465644
2024,gah2,W10004_0133/LH287,9.311076095465644
2024,gah2,W10004_0138/LH287,9.311076095465644
2024,gah2,W10004_0146/LH287,9.311076095465644
2024,gah2,W10004_0168/LH287,9.311076095465644
2024,gah2,W10004_0189/LH287,9.311076095465644
2024,gah2,W10004_0238/LH287,9.311076095465644
2024,gah2,W10004_0258/LH287,9.311076095465644
2024,gah2,W10004_0270/LH287,9.311076095465644
2024,gah2,W10004_0311/LH287,9.311076095465644
2024,gah2,W10004_0346/LH287,9.311076095465644
2024,gah2,W10004_0389/LH287,9.311076095465644
2024,gah2,W10004_0403/LH287,9.311076095465644
2024,gah2,W10004_0409/LH287,9.311076095465644
2024,gah2,W10004_0412/LH287,9.311076095465644
2024,gah2,W10004_0476/LH287,9.311076095465644
2024,gah2,W10004_0608/LH287,9.311076095465644
2024,gah2,W10004_0637/LH287,9.311076095465644
2024,gah2,W10004_0658/LH287,9.311076095465644
2024,gah2,W10004_0688/LH287,9.311076095465644
2024,gah2,W10004_0754/LH287,9.311076095465644
2024,gah2,W10004_0771/LH287,9.311076095465644
2024,gah2,W10004_0776/LH287,9.311076095465644
2024,gah2,W10004_0801/LH287,9.311076095465644
2024,gah2,W10004_0822/LH287,9.311076095465644
2024,gah2,W10004_0859/LH287,9.311076095465644
2024,gah2,W10004_0866/LH287,9.311076095465644
2024,gah2,W10004_0949/LH287,9.311076095465644
2024,gah2,W10004_1014/LH287,9.311076095465644
2024,gah2,W10004_1032/LH287,9.311076095465644
2024,gah2,W10004_1080/LH287,9.311076095465644
2024,gah2,ZS0510/LH287,9.311076095465644
2024,iah2,01CSI6/LH287,10.83301910325047
2024,iah2,01DIB2/LH287,10.83301910325047
2024,iah2,2369/LH123HT,13.388643971845086
2024,iah2,2FACC/LH287,10.83301910325047
2024,iah2,6F629/LH287,10.83301910325047
2024,iah2,6F629/PHP02,10.83301910325047
2024,iah2,B14A/OH43,10.228723549868878
2024,iah2,B37/H95,9.868757575204684
2024,iah2,B73/MO17,12.884319955805932
2024,iah2,B73/PHN82,13.354228998364253
2024,iah2,B73/TX779,8.109697373662422
2024,iah2,CG119/CG108,5.754474001314595
2024,iah2,CG44/CGR01,8.501154748430123
2024,iah2,DK3IIH6/LH244,12.896327313634382
2024,iah2,DKFBHJ/LH287,10.83301910325047
2024,iah2,DKFBHJ/PHP02,10.83301910325047
2024,iah2,FBLA/LH287,10.83301910325047
2024,iah2,FBLA/PHP02,10.83301910325047
2024,iah2,FBLL/LH287,10.83301910325047
2024,iah2,FBLL/PHP02,10.83301910325047
2024,iah2,GEMS-0061_3AZA1_0001/LH287,10.83301910325047
2024,iah2,GEMS-0061_3AZA1_0001/PHP02,10.83301910325047
2024,iah2,GEMS-0061_3AZA1_0003/PHP02,10.83301910325047
2024,iah2,GEMS-0061_3AZA1_0004/PHP02,10.83301910325047
2024,iah2,GEMS-0061_3AZA1_0005/PHP02,10.83301910325047
2024,iah2,GEMS-0061_3AZA1_0006/LH287,10.83301910325047
2024,iah2,GEMS-0061_3AZA1_0007/LH287,10.83301910325047
2024,iah2,GEMS-0061_3AZA1_0007/PHP02,10.83301910325047
2024,iah2,GEMS-0061_3AZA1_0009/LH287,10.83301910325047
2024,iah2,GEMS-0061_3AZA1_0009/PHP02,10.83301910325047
2024,iah2,GEMS-0061_3AZA1_0010/LH287,10.83301910325047
2024,iah2,GEMS-0061_3AZA1_0010/PHP02,10.83301910325047
2024,iah2,GEMS-0061_3AZA1_0011/PHP02,10.83301910325047
2024,iah2,GEMS-0061_3AZA1_0012/LH287,10.83301910325047
2024,iah2,GEMS-0061_3AZA1_0012/PHP02,10.83301910325047
2024,iah2,GEMS-0061_3AZA1_0013/PHP02,10.83301910325047
2024,iah2,GEMS-0061_3AZA1_0014/LH287,10.83301910325047
2024,iah2,GEMS-0061_3AZA1_0014/PHP02,10.83301910325047
2024,iah2,GEMS-0061_3AZA1_0015/LH287,10.83301910325047
2024,iah2,GEMS-0061_3AZA1_0015/PHP02,10.83301910325047
2024,iah2,GEMS-0061_3AZA1_0016/PHP02,10.83301910325047
2024,iah2,GEMS-0061_3AZA1_0017/LH287,10.83301910325047
2024,iah2,GEMS-0061_3AZA1_0017/PHP02,10.83301910325047
2024,iah2,GEMS-0061_3AZA1_0023/PHP02,10.83301910325047
2024,iah2,GEMS-0061_FBLL_0002/PHP02,10.83301910325047
2024,iah2,GEMS-0061_FBLL_0004/LH287,10.83301910325047
2024,iah2,GEMS-0061_FBLL_0004/PHP02,10.83301910325047
2024,iah2,GEMS-0061_FBLL_0005/PHP02,10.83301910325047
2024,iah2,GEMS-0061_FBLL_0007/PHP02,10.83301910325047
2024,iah2,GEMS-0061_FBLL_0008/PHP02,10.83301910325047
2024,iah2,GEMS-0061_FBLL_0010/LH287,10.83301910325047
2024,iah2,GEMS-0061_FBLL_0011/PHP02,10.83301910325047
2024,iah2,GEMS-0061_FBLL_0014/PHP02,10.83301910325047
2024,iah2,GEMS-0061_FBLL_0015/LH287,10.83301910325047
2024,iah2,GEMS-0061_FBLL_0015/PHP02,10.83301910325047
2024,iah2,GEMS-0061_FBLL_0016/PHP02,10.83301910325047
2024,iah2,GEMS-0061_FBLL_0017/LH287,10.83301910325047
2024,iah2,GEMS-0061_FBLL_0018/LH287,10.83301910325047
2024,iah2,GEMS-0061_FBLL_0019/LH287,10.83301910325047
2024,iah2,GEMS-0061_FBLL_0019/PHP02,10.83301910325047
2024,iah2,GEMS-0061_FBLL_0021/PHP02,10.83301910325047
2024,iah2,GEMS-0061_FBLL_0022/LH287,10.83301910325047
2024,iah2,GEMS-0061_FBLL_0023/LH287,10.83301910325047
2024,iah2,GEMS-0061_FBLL_0023/PHP02,10.83301910325047
2024,iah2,GEMS-0061_FBLL_0024/LH287,10.83301910325047
2024,iah2,GEMS-0061_FBLL_0024/PHP02,10.83301910325047
2024,iah2,GEMS-0061_FBLL_0026/LH287,10.83301910325047
2024,iah2,GEMS-0061_FBLL_0029/LH287,10.83301910325047
2024,iah2,GEMS-0061_FBLL_0029/PHP02,10.83301910325047
2024,iah2,GEMS-0061_FBLL_0031/LH287,10.83301910325047
2024,iah2,GEMS-0061_FBLL_0031/PHP02,10.83301910325047
2024,iah2,GEMS-0061_FBLL_0032/PHP02,10.83301910325047
2024,iah2,GEMS-0061_FBLL_0033/PHP02,10.83301910325047
2024,iah2,GEMS-0061_FBLL_0034/LH287,10.83301910325047
2024,iah2,GEMS-0061_FBLL_0034/PHP02,10.83301910325047
2024,iah2,GEMS-0061_FBLL_0037/LH287,10.83301910325047
2024,iah2,GEMS-0061_FBLL_0039/LH287,10.83301910325047
2024,iah2,GEMS-0061_FBLL_0039/PHP02,10.83301910325047
2024,iah2,GEMS-0061_FBLL_0042/PHP02,10.83301910325047
2024,iah2,GEMS-0061_FBLL_0044/PHP02,10.83301910325047
2024,iah2,GEMS-0061_FBLL_0047/PHP02,10.83301910325047
2024,iah2,GEMS-0061_PHB47_0001/LH287,10.83301910325047
2024,iah2,GEMS-0061_PHB47_0001/PHP02,10.83301910325047
2024,iah2,GEMS-0061_PHB47_0003/LH287,10.83301910325047
2024,iah2,GEMS-0061_PHB47_0004/LH287,10.83301910325047
2024,iah2,GEMS-0061_PHB47_0004/PHP02,10.83301910325047
2024,iah2,GEMS-0061_PHBW8_0001/LH287,10.83301910325047
2024,iah2,GEMS-0061_PHBW8_0001/PHP02,10.83301910325047
2024,iah2,GEMS-0061_PHBW8_0002/LH287,10.83301910325047
2024,iah2,GEMS-0061_PHBW8_0002/PHP02,10.83301910325047
2024,iah2,GEMS-0113_3AZA1_0001/LH287,10.83301910325047
2024,iah2,GEMS-0113_3AZA1_0001/PHP02,10.83301910325047
2024,iah2,GEMS-0113_3AZA1_0002/LH287,10.83301910325047
2024,iah2,GEMS-0113_3AZA1_0002/PHP02,10.83301910325047
2024,iah2,GEMS-0113_3AZA1_0003/PHP02,10.83301910325047
2024,iah2,GEMS-0113_3AZA1_0005/PHP02,10.83301910325047
2024,iah2,GEMS-0113_3AZA1_0006/PHP02,10.83301910325047
2024,iah2,GEMS-0113_3AZA1_0007/LH287,10.83301910325047
2024,iah2,GEMS-0113_3AZA1_0007/PHP02,10.83301910325047
2024,iah2,GEMS-0113_3AZA1_0008/LH287,10.83301910325047
2024,iah2,GEMS-0113_3AZA1_0008/PHP02,10.83301910325047
2024,iah2,GEMS-0113_3AZA1_0010/PHP02,10.83301910325047
2024,iah2,GEMS-0113_3AZA1_0011/PHP02,10.83301910325047
2024,iah2,GEMS-0113_3AZA1_0013/PHP02,10.83301910325047
2024,iah2,GEMS-0113_3AZA1_0014/PHP02,10.83301910325047
2024,iah2,GEMS-0113_3AZA1_0015/LH287,10.83301910325047
2024,iah2,GEMS-0113_3AZA1_0015/PHP02,10.83301910325047
2024,iah2,GEMS-0113_3AZA1_0016/PHP02,10.83301910325047
2024,iah2,GEMS-0113_3AZA1_0017/LH287,10.83301910325047
2024,iah2,GEMS-0113_3AZA1_0017/PHP02,10.83301910325047
2024,iah2,GEMS-0113_3AZA1_0018/LH287,10.83301910325047
2024,iah2,GEMS-0113_3AZA1_0018/PHP02,10.83301910325047
2024,iah2,GEMS-0113_3AZA1_0021/LH287,10.83301910325047
2024,iah2,GEMS-0113_3AZA1_0021/PHP02,10.83301910325047
2024,iah2,GEMS-0113_3AZA1_0023/LH287,10.83301910325047
2024,iah2,GEMS-0113_3AZA1_0023/PHP02,10.83301910325047
2024,iah2,GEMS-0113_3AZA1_0025/PHP02,10.83301910325047
2024,iah2,GEMS-0113_3AZA1_0026/LH287,10.83301910325047
2024,iah2,GEMS-0113_3AZA1_0027/LH287,10.83301910325047
2024,iah2,GEMS-0113_3AZA1_0027/PHP02,10.83301910325047
2024,iah2,GEMS-0113_3AZA1_0028/LH287,10.83301910325047
2024,iah2,GEMS-0113_3AZA1_0028/PHP02,10.83301910325047
2024,iah2,GEMS-0113_3AZA1_0029/LH287,10.83301910325047
2024,iah2,GEMS-0113_3AZA1_0029/PHP02,10.83301910325047
2024,iah2,GEMS-0113_3AZA1_0031/PHP02,10.83301910325047
2024,iah2,GEMS-0113_FBLL_0002/LH287,10.83301910325047
2024,iah2,GEMS-0113_FBLL_0002/PHP02,10.83301910325047
2024,iah2,GEMS-0113_FBLL_0003/PHP02,10.83301910325047
2024,iah2,GEMS-0113_FBLL_0004/LH287,10.83301910325047
2024,iah2,GEMS-0113_FBLL_0005/LH287,10.83301910325047
2024,iah2,GEMS-0113_FBLL_0006/LH287,10.83301910325047
2024,iah2,GEMS-0113_FBLL_0006/PHP02,10.83301910325047
2024,iah2,GEMS-0113_FBLL_0007/LH287,10.83301910325047
2024,iah2,GEMS-0113_FBLL_0007/PHP02,10.83301910325047
2024,iah2,GEMS-0113_FBLL_0008/PHP02,10.83301910325047
2024,iah2,GEMS-0113_FBLL_0010/LH287,10.83301910325047
2024,iah2,GEMS-0113_FBLL_0010/PHP02,10.83301910325047
2024,iah2,GEMS-0113_FBLL_0011/LH287,10.83301910325047
2024,iah2,GEMS-0113_FBLL_0013/LH287,10.83301910325047
2024,iah2,GEMS-0113_FBLL_0015/LH287,10.83301910325047
2024,iah2,GEMS-0113_FBLL_0015/PHP02,10.83301910325047
2024,iah2,GEMS-0113_PHB47_0001/LH287,10.83301910325047
2024,iah2,GEMS-0113_PHB47_0001/PHP02,10.83301910325047
2024,iah2,GEMS-0113_PHB47_0003/PHP02,10.83301910325047
2024,iah2,GEMS-0113_PHB47_0004/PHP02,10.83301910325047
2024,iah2,GEMS-0113_PHB47_0005/PHP02,10.83301910325047
2024,iah2,GEMS-0113_PHB47_0006/PHP02,10.83301910325047
2024,iah2,GEMS-0113_PHB47_0007/LH287,10.83301910325047
2024,iah2,GEMS-0113_PHB47_0007/PHP02,10.83301910325047
2024,iah2,GEMS-0113_PHB47_0008/LH287,10.83301910325047
2024,iah2,GEMS-0113_PHB47_0011/PHP02,10.83301910325047
2024,iah2,GEMS-0113_PHB47_0013/LH287,10.83301910325047
2024,iah2,GEMS-0113_PHB47_0013/PHP02,10.83301910325047
2024,iah2,GEMS-0113_PHB47_0014/LH287,10.83301910325047
2024,iah2,GEMS-0113_PHB47_0015/LH287,10.83301910325047
2024,iah2,GEMS-0113_PHB47_0017/PHP02,10.83301910325047
2024,iah2,GEMS-0113_PHB47_0019/PHP02,10.83301910325047
2024,iah2,GEMS-0113_PHB47_0020/PHP02,10.83301910325047
2024,iah2,GEMS-0113_PHBW8_0001/LH287,10.83301910325047
2024,iah2,GEMS-0113_PHBW8_0001/PHP02,10.83301910325047
2024,iah2,GEMS-0113_PHBW8_0002/LH287,10.83301910325047
2024,iah2,GEMS-0113_PHBW8_0002/PHP02,10.83301910325047
2024,iah2,GEMS-0113_PHBW8_0004/LH287,10.83301910325047
2024,iah2,GEMS-0113_PHBW8_0004/PHP02,10.83301910325047
2024,iah2,GEMS-0113_PHBW8_0005/LH287,10.83301910325047
2024,iah2,GEMS-0113_PHBW8_0005/PHP02,10.83301910325047
2024,iah2,GEMS-0113_PHBW8_0006/LH287,10.83301910325047
2024,iah2,GEMS-0113_PHBW8_0006/PHP02,10.83301910325047
2024,iah2,GEMS-0113_PHBW8_0007/PHP02,10.83301910325047
2024,iah2,GEMS-0113_PHBW8_0008/PHP02,10.83301910325047
2024,iah2,GEMS-0113_PHBW8_0009/PHP02,10.83301910325047
2024,iah2,GEMS-0113_PHBW8_0010/PHP02,10.83301910325047
2024,iah2,GEMS-0113_PHBW8_0011/LH287,10.83301910325047
2024,iah2,GEMS-0113_PHBW8_0012/PHP02,10.83301910325047
2024,iah2,GEMS-0113_PHBW8_0013/LH287,10.83301910325047
2024,iah2,GEMS-0113_PHBW8_0014/LH287,10.83301910325047
2024,iah2,GEMS-0113_PHBW8_0017/PHP02,10.83301910325047
2024,iah2,GEMS-0219_3AZA1_0001/PHP02,10.83301910325047
2024,iah2,GEMS-0219_3AZA1_0002/LH287,10.83301910325047
2024,iah2,GEMS-0219_3AZA1_0002/PHP02,10.83301910325047
2024,iah2,GEMS-0219_3AZA1_0003/LH287,10.83301910325047
2024,iah2,GEMS-0219_3AZA1_0003/PHP02,10.83301910325047
2024,iah2,GEMS-0219_3AZA1_0005/LH287,10.83301910325047
2024,iah2,GEMS-0219_3AZA1_0005/PHP02,10.83301910325047
2024,iah2,GEMS-0219_3AZA1_0006/LH287,10.83301910325047
2024,iah2,GEMS-0219_3AZA1_0006/PHP02,10.83301910325047
2024,iah2,GEMS-0219_3AZA1_0007/PHP02,10.83301910325047
2024,iah2,GEMS-0219_3AZA1_0008/PHP02,10.83301910325047
2024,iah2,GEMS-0219_3AZA1_0010/LH287,10.83301910325047
2024,iah2,GEMS-0219_3AZA1_0012/LH287,10.83301910325047
2024,iah2,GEMS-0219_3AZA1_0012/PHP02,10.83301910325047
2024,iah2,GEMS-0219_3AZA1_0014/LH287,10.83301910325047
2024,iah2,GEMS-0219_3AZA1_0014/PHP02,10.83301910325047
2024,iah2,GEMS-0219_FBLL_0002/PHP02,10.83301910325047
2024,iah2,GEMS-0219_FBLL_0003/PHP02,10.83301910325047
2024,iah2,GEMS-0219_FBLL_0004/LH287,10.83301910325047
2024,iah2,GEMS-0219_FBLL_0006/PHP02,10.83301910325047
2024,iah2,GEMS-0219_FBLL_0008/LH287,10.83301910325047
2024,iah2,GEMS-0219_FBLL_0008/PHP02,10.83301910325047
2024,iah2,GEMS-0219_FBLL_0009/PHP02,10.83301910325047
2024,iah2,GEMS-0219_FBLL_0010/LH287,10.83301910325047
2024,iah2,GEMS-0219_FBLL_0010/PHP02,10.83301910325047
2024,iah2,GEMS-0219_FBLL_0011/LH287,10.83301910325047
2024,iah2,GEMS-0219_FBLL_0011/PHP02,10.83301910325047
2024,iah2,GEMS-0219_FBLL_0012/PHP02,10.83301910325047
2024,iah2,GEMS-0219_FBLL_0013/LH287,10.83301910325047
2024,iah2,GEMS-0219_FBLL_0013/PHP02,10.83301910325047
2024,iah2,GEMS-0219_FBLL_0014/PHP02,10.83301910325047
2024,iah2,GEMS-0219_FBLL_0015/PHP02,10.83301910325047
2024,iah2,GEMS-0219_FBLL_0017/LH287,10.83301910325047
2024,iah2,GEMS-0219_FBLL_0017/PHP02,10.83301910325047
2024,iah2,GEMS-0219_FBLL_0018/LH287,10.83301910325047
2024,iah2,GEMS-0219_FBLL_0019/LH287,10.83301910325047
2024,iah2,GEMS-0219_FBLL_0020/LH287,10.83301910325047
2024,iah2,GEMS-0219_FBLL_0022/PHP02,10.83301910325047
2024,iah2,GEMS-0219_FBLL_0023/LH287,10.83301910325047
2024,iah2,GEMS-0219_FBLL_0025/LH287,10.83301910325047
2024,iah2,GEMS-0219_FBLL_0027/LH287,10.83301910325047
2024,iah2,GEMS-0219_FBLL_0028/LH287,10.83301910325047
2024,iah2,GEMS-0219_FBLL_0030/LH287,10.83301910325047
2024,iah2,GEMS-0219_FBLL_0030/PHP02,10.83301910325047
2024,iah2,GEMS-0219_PHB47_0001/LH287,10.83301910325047
2024,iah2,GEMS-0219_PHB47_0001/PHP02,10.83301910325047
2024,iah2,GEMS-0219_PHB47_0002/PHP02,10.83301910325047
2024,iah2,GEMS-0219_PHB47_0003/LH287,10.83301910325047
2024,iah2,GEMS-0219_PHB47_0003/PHP02,10.83301910325047
2024,iah2,GEMS-0219_PHB47_0004/PHP02,10.83301910325047
2024,iah2,GEMS-0219_PHB47_0005/LH287,10.83301910325047
2024,iah2,GEMS-0219_PHB47_0005/PHP02,10.83301910325047
2024,iah2,GEMS-0219_PHB47_0006/LH287,10.83301910325047
2024,iah2,GEMS-0219_PHB47_0006/PHP02,10.83301910325047
2024,iah2,GEMS-0219_PHB47_0011/LH287,10.83301910325047
2024,iah2,GEMS-0219_PHB47_0014/PHP02,10.83301910325047
2024,iah2,GEMS-0219_PHB47_0017/PHP02,10.83301910325047
2024,iah2,GEMS-0219_PHBW8_0001/LH287,10.83301910325047
2024,iah2,GEMS-0219_PHBW8_0001/PHP02,10.83301910325047
2024,iah2,GEMS-0219_PHBW8_0002/LH287,10.83301910325047
2024,iah2,GEMS-0219_PHBW8_0002/PHP02,10.83301910325047
2024,iah2,GEMS-0219_PHBW8_0003/PHP02,10.83301910325047
2024,iah2,GEMS-0219_PHBW8_0004/PHP02,10.83301910325047
2024,iah2,GEMS-0219_PHBW8_0006/LH287,10.83301910325047
2024,iah2,GEMS-0219_PHBW8_0006/PHP02,10.83301910325047
2024,iah2,GEMS-0219_PHBW8_0008/LH287,10.83301910325047
2024,iah2,GEMS-0219_PHBW8_0009/LH287,10.83301910325047
2024,iah2,GEMS-0219_PHBW8_0009/PHP02,10.83301910325047
2024,iah2,GEMS-0219_PHBW8_0011/PHP02,10.83301910325047
2024,iah2,GEMS-0227_3AZA1_0001/LH287,10.83301910325047
2024,iah2,GEMS-0227_3AZA1_0001/PHP02,10.83301910325047
2024,iah2,GEMS-0227_3AZA1_0002/LH287,10.83301910325047
2024,iah2,GEMS-0227_3AZA1_0002/PHP02,10.83301910325047
2024,iah2,GEMS-0227_3AZA1_0003/LH287,10.83301910325047
2024,iah2,GEMS-0227_3AZA1_0004/PHP02,10.83301910325047
2024,iah2,GEMS-0227_3AZA1_0005/PHP02,10.83301910325047
2024,iah2,GEMS-0227_3AZA1_0006/LH287,10.83301910325047
2024,iah2,GEMS-0227_3AZA1_0006/PHP02,10.83301910325047
2024,iah2,GEMS-0227_3AZA1_0007/PHP02,10.83301910325047
2024,iah2,GEMS-0227_3AZA1_0008/LH287,10.83301910325047
2024,iah2,GEMS-0227_3AZA1_0008/PHP02,10.83301910325047
2024,iah2,GEMS-0227_3AZA1_0009/LH287,10.83301910325047
2024,iah2,GEMS-0227_3AZA1_0009/PHP02,10.83301910325047
2024,iah2,GEMS-0227_3AZA1_0010/LH287,10.83301910325047
2024,iah2,GEMS-0227_3AZA1_0011/LH287,10.83301910325047
2024,iah2,GEMS-0227_3AZA1_0012/LH287,10.83301910325047
2024,iah2,GEMS-0227_3AZA1_0012/PHP02,10.83301910325047
2024,iah2,GEMS-0227_3AZA1_0013/PHP02,10.83301910325047
2024,iah2,GEMS-0227_3AZA1_0014/LH287,10.83301910325047
2024,iah2,GEMS-0227_3AZA1_0015/LH287,10.83301910325047
2024,iah2,GEMS-0227_3AZA1_0015/PHP02,10.83301910325047
2024,iah2,GEMS-0227_3AZA1_0016/LH287,10.83301910325047
2024,iah2,GEMS-0227_3AZA1_0017/LH287,10.83301910325047
2024,iah2,GEMS-0227_3AZA1_0018/PHP02,10.83301910325047
2024,iah2,GEMS-0227_3AZA1_0019/LH287,10.83301910325047
2024,iah2,GEMS-0227_3AZA1_0019/PHP02,10.83301910325047
2024,iah2,GEMS-0227_3AZA1_0021/PHP02,10.83301910325047
2024,iah2,GEMS-0227_3AZA1_0022/LH287,10.83301910325047
2024,iah2,GEMS-0227_3AZA1_0023/LH287,10.83301910325047
2024,iah2,GEMS-0227_3AZA1_0023/PHP02,10.83301910325047
2024,iah2,GEMS-0227_3AZA1_0024/LH287,10.83301910325047
2024,iah2,GEMS-0227_3AZA1_0024/PHP02,10.83301910325047
2024,iah2,GEMS-0227_3AZA1_0028/PHP02,10.83301910325047
2024,iah2,GEMS-0227_3AZA1_0029/LH287,10.83301910325047
2024,iah2,GEMS-0227_3AZA1_0030/LH287,10.83301910325047
2024,iah2,GEMS-0227_3AZA1_0031/PHP02,10.83301910325047
2024,iah2,GEMS-0227_3AZA1_0032/LH287,10.83301910325047
2024,iah2,GEMS-0227_3AZA1_0032/PHP02,10.83301910325047
2024,iah2,GEMS-0227_3AZA1_0034/LH287,10.83301910325047
2024,iah2,GEMS-0227_3AZA1_0034/PHP02,10.83301910325047
2024,iah2,GEMS-0227_3AZA1_0035/LH287,10.83301910325047
2024,iah2,GEMS-0227_3AZA1_0035/PHP02,10.83301910325047
2024,iah2,GEMS-0227_3AZA1_0036/LH287,10.83301910325047
2024,iah2,GEMS-0227_3AZA1_0036/PHP02,10.83301910325047
2024,iah2,GEMS-0227_3AZA1_0040/LH287,10.83301910325047
2024,iah2,GEMS-0227_3AZA1_0040/PHP02,10.83301910325047
2024,iah2,GEMS-0227_3AZA1_0041/LH287,10.83301910325047
2024,iah2,GEMS-0227_3AZA1_0041/PHP02,10.83301910325047
2024,iah2,GEMS-0227_3AZA1_0043/LH287,10.83301910325047
2024,iah2,GEMS-0227_3AZA1_0045/LH287,10.83301910325047
2024,iah2,GEMS-0227_3AZA1_0045/PHP02,10.83301910325047
2024,iah2,GEMS-0227_3AZA1_0046/LH287,10.83301910325047
2024,iah2,GEMS-0227_3AZA1_0048/LH287,10.83301910325047
2024,iah2,GEMS-0227_3AZA1_0048/PHP02,10.83301910325047
2024,iah2,GEMS-0227_3AZA1_0049/LH287,10.83301910325047
2024,iah2,GEMS-0227_FBLL_0001/LH287,10.83301910325047
2024,iah2,GEMS-0227_FBLL_0001/PHP02,10.83301910325047
2024,iah2,GEMS-0227_FBLL_0002/PHP02,10.83301910325047
2024,iah2,GEMS-0227_FBLL_0003/LH287,10.83301910325047
2024,iah2,GEMS-0227_FBLL_0003/PHP02,10.83301910325047
2024,iah2,GEMS-0227_FBLL_0004/LH287,10.83301910325047
2024,iah2,GEMS-0227_FBLL_0007/PHP02,10.83301910325047
2024,iah2,GEMS-0227_FBLL_0008/PHP02,10.83301910325047
2024,iah2,GEMS-0227_FBLL_0009/LH287,10.83301910325047
2024,iah2,GEMS-0227_FBLL_0009/PHP02,10.83301910325047
2024,iah2,GEMS-0227_FBLL_0010/LH287,10.83301910325047
2024,iah2,GEMS-0227_FBLL_0012/PHP02,10.83301910325047
2024,iah2,GEMS-0227_FBLL_0013/LH287,10.83301910325047
2024,iah2,GEMS-0227_FBLL_0013/PHP02,10.83301910325047
2024,iah2,GEMS-0227_FBLL_0014/PHP02,10.83301910325047
2024,iah2,GEMS-0227_FBLL_0015/LH287,10.83301910325047
2024,iah2,GEMS-0227_FBLL_0016/LH287,10.83301910325047
2024,iah2,GEMS-0227_FBLL_0016/PHP02,10.83301910325047
2024,iah2,GEMS-0227_FBLL_0017/LH287,10.83301910325047
2024,iah2,GEMS-0227_FBLL_0017/PHP02,10.83301910325047
2024,iah2,GEMS-0227_FBLL_0018/LH287,10.83301910325047
2024,iah2,GEMS-0227_FBLL_0018/PHP02,10.83301910325047
2024,iah2,GEMS-0227_FBLL_0019/PHP02,10.83301910325047
2024,iah2,GEMS-0227_FBLL_0020/LH287,10.83301910325047
2024,iah2,GEMS-0227_FBLL_0020/PHP02,10.83301910325047
2024,iah2,GEMS-0227_FBLL_0021/PHP02,10.83301910325047
2024,iah2,GEMS-0227_FBLL_0022/LH287,10.83301910325047
2024,iah2,GEMS-0227_FBLL_0022/PHP02,10.83301910325047
2024,iah2,GEMS-0227_FBLL_0023/LH287,10.83301910325047
2024,iah2,GEMS-0227_FBLL_0023/PHP02,10.83301910325047
2024,iah2,GEMS-0227_FBLL_0024/PHP02,10.83301910325047
2024,iah2,GEMS-0227_FBLL_0025/LH287,10.83301910325047
2024,iah2,GEMS-0227_FBLL_0025/PHP02,10.83301910325047
2024,iah2,GEMS-0227_FBLL_0026/LH287,10.83301910325047
2024,iah2,GEMS-0227_FBLL_0026/PHP02,10.83301910325047
2024,iah2,GEMS-0227_FBLL_0027/LH287,10.83301910325047
2024,iah2,GEMS-0227_FBLL_0028/PHP02,10.83301910325047
2024,iah2,GEMS-0227_FBLL_0029/LH287,10.83301910325047
2024,iah2,GEMS-0227_FBLL_0029/PHP02,10.83301910325047
2024,iah2,GEMS-0227_FBLL_0031/LH287,10.83301910325047
2024,iah2,GEMS-0227_FBLL_0031/PHP02,10.83301910325047
2024,iah2,GEMS-0227_FBLL_0034/PHP02,10.83301910325047
2024,iah2,GEMS-0227_FBLL_0035/LH287,10.83301910325047
2024,iah2,GEMS-0227_FBLL_0035/PHP02,10.83301910325047
2024,iah2,GEMS-0227_FBLL_0036/LH287,10.83301910325047
2024,iah2,GEMS-0227_FBLL_0036/PHP02,10.83301910325047
2024,iah2,GEMS-0227_FBLL_0037/LH287,10.83301910325047
2024,iah2,GEMS-0227_FBLL_0037/PHP02,10.83301910325047
2024,iah2,GEMS-0227_FBLL_0038/LH287,10.83301910325047
2024,iah2,GEMS-0227_FBLL_0038/PHP02,10.83301910325047
2024,iah2,GEMS-0227_FBLL_0039/LH287,10.83301910325047
2024,iah2,GEMS-0227_FBLL_0040/LH287,10.83301910325047
2024,iah2,GEMS-0227_FBLL_0041/PHP02,10.83301910325047
2024,iah2,GEMS-0227_FBLL_0042/PHP02,10.83301910325047
2024,iah2,GEMS-0227_FBLL_0043/LH287,10.83301910325047
2024,iah2,GEMS-0227_FBLL_0043/PHP02,10.83301910325047
2024,iah2,GEMS-0227_FBLL_0044/LH287,10.83301910325047
2024,iah2,GEMS-0227_FBLL_0044/PHP02,10.83301910325047
2024,iah2,GEMS-0227_FBLL_0045/PHP02,10.83301910325047
2024,iah2,GEMS-0227_FBLL_0046/PHP02,10.83301910325047
2024,iah2,GEMS-0227_FBLL_0047/LH287,10.83301910325047
2024,iah2,GEMS-0227_FBLL_0047/PHP02,10.83301910325047
2024,iah2,GEMS-0227_FBLL_0049/LH287,10.83301910325047
2024,iah2,GEMS-0227_FBLL_0049/PHP02,10.83301910325047
2024,iah2,GEMS-0227_FBLL_0050/PHP02,10.83301910325047
2024,iah2,GEMS-0227_FBLL_0051/LH287,10.83301910325047
2024,iah2,GEMS-0227_FBLL_0054/LH287,10.83301910325047
2024,iah2,GEMS-0227_FBLL_0054/PHP02,10.83301910325047
2024,iah2,GEMS-0227_FBLL_0055/LH287,10.83301910325047
2024,iah2,GEMS-0227_FBLL_0055/PHP02,10.83301910325047
2024,iah2,GEMS-0227_FBLL_0056/PHP02,10.83301910325047
2024,iah2,GEMS-0227_FBLL_0057/LH287,10.83301910325047
2024,iah2,GEMS-0227_FBLL_0058/LH287,10.83301910325047
2024,iah2,GEMS-0227_FBLL_0059/LH287,10.83301910325047
2024,iah2,GEMS-0227_FBLL_0059/PHP02,10.83301910325047
2024,iah2,GEMS-0227_FBLL_0060/PHP02,10.83301910325047
2024,iah2,GEMS-0227_FBLL_0063/LH287,10.83301910325047
2024,iah2,GEMS-0227_FBLL_0063/PHP02,10.83301910325047
2024,iah2,GEMS-0227_FBLL_0064/LH287,10.83301910325047
2024,iah2,GEMS-0227_FBLL_0064/PHP02,10.83301910325047
2024,iah2,GEMS-0227_FBLL_0066/LH287,10.83301910325047
2024,iah2,GEMS-0227_FBLL_0066/PHP02,10.83301910325047
2024,iah2,GEMS-0227_FBLL_0067/PHP02,10.83301910325047
2024,iah2,GEMS-0227_FBLL_0068/LH287,10.83301910325047
2024,iah2,GEMS-0227_FBLL_0069/LH287,10.83301910325047
2024,iah2,GEMS-0227_FBLL_0069/PHP02,10.83301910325047
2024,iah2,GEMS-0227_FBLL_0071/PHP02,10.83301910325047
2024,iah2,GEMS-0227_FBLL_0073/PHP02,10.83301910325047
2024,iah2,GEMS-0227_FBLL_0074/LH287,10.83301910325047
2024,iah2,GEMS-0227_FBLL_0075/PHP02,10.83301910325047
2024,iah2,GEMS-0227_FBLL_0077/LH287,10.83301910325047
2024,iah2,GEMS-0227_FBLL_0078/PHP02,10.83301910325047
2024,iah2,GEMS-0227_FBLL_0079/LH287,10.83301910325047
2024,iah2,GEMS-0227_FBLL_0079/PHP02,10.83301910325047
2024,iah2,GEMS-0227_FBLL_0080/LH287,10.83301910325047
2024,iah2,GEMS-0227_FBLL_0085/LH287,10.83301910325047
2024,iah2,GEMS-0227_FBLL_0085/PHP02,10.83301910325047
2024,iah2,GEMS-0227_FBLL_0087/LH287,10.83301910325047
2024,iah2,GEMS-0227_FBLL_0087/PHP02,10.83301910325047
2024,iah2,GEMS-0227_FBLL_0088/LH287,10.83301910325047
2024,iah2,GEMS-0227_FBLL_0088/PHP02,10.83301910325047
2024,iah2,GEMS-0227_FBLL_0089/PHP02,10.83301910325047
2024,iah2,GEMS-0227_FBLL_0090/LH287,10.83301910325047
2024,iah2,GEMS-0227_FBLL_0090/PHP02,10.83301910325047
2024,iah2,GEMS-0227_FBLL_0093/LH287,10.83301910325047
2024,iah2,GEMS-0227_FBLL_0096/LH287,10.83301910325047
2024,iah2,GEMS-0227_FBLL_0097/LH287,10.83301910325047
2024,iah2,GEMS-0227_FBLL_0098/PHP02,10.83301910325047
2024,iah2,GEMS-0227_FBLL_0101/LH287,10.83301910325047
2024,iah2,GEMS-0227_FBLL_0104/PHP02,10.83301910325047
2024,iah2,GEMS-0227_FBLL_0105/LH287,10.83301910325047
2024,iah2,GEMS-0227_FBLL_0105/PHP02,10.83301910325047
2024,iah2,GEMS-0227_FBLL_0106/LH287,10.83301910325047
2024,iah2,GEMS-0227_FBLL_0106/PHP02,10.83301910325047
2024,iah2,GEMS-0227_FBLL_0110/LH287,10.83301910325047
2024,iah2,GEMS-0227_FBLL_0110/PHP02,10.83301910325047
2024,iah2,GEMS-0227_FBLL_0111/LH287,10.83301910325047
2024,iah2,GEMS-0227_FBLL_0111/PHP02,10.83301910325047
2024,iah2,GEMS-0227_FBLL_0113/LH287,10.83301910325047
2024,iah2,GEMS-0227_FBLL_0114/LH287,10.83301910325047
2024,iah2,GEMS-0227_FBLL_0115/LH287,10.83301910325047
2024,iah2,GEMS-0227_FBLL_0116/PHP02,10.83301910325047
2024,iah2,GEMS-0227_FBLL_0118/LH287,10.83301910325047
2024,iah2,GEMS-0227_FBLL_0118/PHP02,10.83301910325047
2024,iah2,GEMS-0227_FBLL_0121/LH287,10.83301910325047
2024,iah2,GEMS-0227_FBLL_0124/LH287,10.83301910325047
2024,iah2,GEMS-0227_FBLL_0125/LH287,10.83301910325047
2024,iah2,GEMS-0227_FBLL_0125/PHP02,10.83301910325047
2024,iah2,GEMS-0227_FBLL_0133/LH287,10.83301910325047
2024,iah2,GEMS-0227_FBLL_0133/PHP02,10.83301910325047
2024,iah2,GEMS-0227_FBLL_0136/LH287,10.83301910325047
2024,iah2,GEMS-0227_FBLL_0136/PHP02,10.83301910325047
2024,iah2,GEMS-0227_FBLL_0140/LH287,10.83301910325047
2024,iah2,GEMS-0227_FBLL_0140/PHP02,10.83301910325047
2024,iah2,GEMS-0227_FBLL_0141/PHP02,10.83301910325047
2024,iah2,GEMS-0227_PHB47_0001/LH287,10.83301910325047
2024,iah2,GEMS-0227_PHB47_0002/LH287,10.83301910325047
2024,iah2,GEMS-0227_PHB47_0002/PHP02,10.83301910325047
2024,iah2,GEMS-0227_PHB47_0003/PHP02,10.83301910325047
2024,iah2,GEMS-0227_PHB47_0004/PHP02,10.83301910325047
2024,iah2,GEMS-0227_PHB47_0006/LH287,10.83301910325047
2024,iah2,GEMS-0227_PHB47_0007/LH287,10.83301910325047
2024,iah2,GEMS-0227_PHB47_0009/LH287,10.83301910325047
2024,iah2,GEMS-0227_PHB47_0009/PHP02,10.83301910325047
2024,iah2,GEMS-0227_PHB47_0010/LH287,10.83301910325047
2024,iah2,GEMS-0227_PHB47_0010/PHP02,10.83301910325047
2024,iah2,GEMS-0227_PHB47_0011/LH287,10.83301910325047
2024,iah2,GEMS-0227_PHB47_0012/LH287,10.83301910325047
2024,iah2,GEMS-0227_PHB47_0012/PHP02,10.83301910325047
2024,iah2,GEMS-0227_PHB47_0014/LH287,10.83301910325047
2024,iah2,GEMS-0227_PHB47_0016/LH287,10.83301910325047
2024,iah2,GEMS-0227_PHB47_0024/LH287,10.83301910325047
2024,iah2,GEMS-0227_PHB47_0025/PHP02,10.83301910325047
2024,iah2,GEMS-0227_PHBW8_0001/LH287,10.83301910325047
2024,iah2,GEMS-0227_PHBW8_0001/PHP02,10.83301910325047
2024,iah2,GEMS-0227_PHBW8_0002/LH287,10.83301910325047
2024,iah2,GEMS-0227_PHBW8_0004/LH287,10.83301910325047
2024,iah2,GEMS-0227_PHBW8_0004/PHP02,10.83301910325047
2024,iah2,GEMS-0227_PHBW8_0005/LH287,10.83301910325047
2024,iah2,GEMS-0227_PHBW8_0006/LH287,10.83301910325047
2024,iah2,GEMS-0227_PHBW8_0007/LH287,10.83301910325047
2024,iah2,GEMS-0227_PHBW8_0007/PHP02,10.83301910325047
2024,iah2,GEMS-0227_PHBW8_0009/LH287,10.83301910325047
2024,iah2,GEMS-0227_PHBW8_0010/LH287,10.83301910325047
2024,iah2,GEMS-0227_PHBW8_0010/PHP02,10.83301910325047
2024,iah2,GEMS-0227_PHBW8_0012/LH287,10.83301910325047
2024,iah2,GEMS-0227_PHBW8_0012/PHP02,10.83301910325047
2024,iah2,GEMS-0227_PHBW8_0015/LH287,10.83301910325047
2024,iah2,GEMS-0227_PHBW8_0015/PHP02,10.83301910325047
2024,iah2,GEMS-0227_PHBW8_0016/LH287,10.83301910325047
2024,iah2,GEMS-0227_PHBW8_0017/LH287,10.83301910325047
2024,iah2,GEMS-0227_PHBW8_0018/LH287,10.83301910325047
2024,iah2,GEMS-0227_PHBW8_0019/LH287,10.83301910325047
2024,iah2,GEMS-0227_PHBW8_0020/LH287,10.83301910325047
2024,iah2,GEMS-0227_PHBW8_0020/PHP02,10.83301910325047
2024,iah2,GEMS-0227_PHBW8_0021/PHP02,10.83301910325047
2024,iah2,GEMS-0227_PHBW8_0022/LH287,10.83301910325047
2024,iah2,GEMS-0227_PHBW8_0022/PHP02,10.83301910325047
2024,iah2,GEMS-0227_PHBW8_0024/LH287,10.83301910325047
2024,iah2,GEMS-0227_PHBW8_0024/PHP02,10.83301910325047
2024,iah2,LH132/LH287,10.83301910325047
2024,iah2,LH132/PHP02,10.65073995262826
2024,iah2,LH192/PHP02,10.83301910325047
2024,iah2,LH193/LH287,10.83301910325047
2024,iah2,LH194/LH287,10.83301910325047
2024,iah2,LH194/PHP02,10.83301910325047
2024,iah2,LH195/LH287,10.83301910325047
2024,iah2,LH195/PHP02,10.819738261801941
2024,iah2,LH195/PHZ51,10.072508157685252
2024,iah2,LH197/PHP02,10.83301910325047
2024,iah2,LH198/LH287,10.83301910325047
2024,iah2,LH200/LH287,10.83301910325047
2024,iah2,LH200/PHP02,10.83301910325047
2024,iah2,LH204/LH287,10.83301910325047
2024,iah2,LH204/PHP02,10.83301910325047
2024,iah2,LH224/LH287,10.83301910325047
2024,iah2,LH224/PHP02,10.83301910325047
2024,iah2,LH225/LH287,10.83301910325047
2024,iah2,LH225/PHP02,10.83301910325047
2024,iah2,LH226HT/LH287,10.83301910325047
2024,iah2,LH226HT/PHP02,10.83301910325047
2024,iah2,LH228/PHP02,10.83301910325047
2024,iah2,LH231/LH287,10.83301910325047
2024,iah2,LH234/LH287,10.83301910325047
2024,iah2,LH234/PHP02,10.83301910325047
2024,iah2,LH235/LH287,10.83301910325047
2024,iah2,LH235/PHP02,10.83301910325047
2024,iah2,LH236/PHP02,10.83301910325047
2024,iah2,LH244/PHK76,10.487641717625344
2024,iah2,LH264/LH287,10.83301910325047
2024,iah2,LH264/PHP02,10.83301910325047
2024,iah2,LH273/LH287,10.83301910325047
2024,iah2,LH287/LH244,13.888836354899292
2024,iah2,LH292/LH287,10.83301910325047
2024,iah2,LH292/PHP02,10.83301910325047
2024,iah2,LH82/LH244,10.781962847935587
2024,iah2,MM501D/LH244,12.896327313634382
2024,iah2,NKH8431/LH287,10.83301910325047
2024,iah2,PH05F/LH287,10.83301910325047
2024,iah2,PH05F/PHP02,10.83301910325047
2024,iah2,PH05G/LH287,10.83301910325047
2024,iah2,PH05W/PHP02,10.83301910325047
2024,iah2,PH06N/PHP02,10.83301910325047
2024,iah2,PH07D/LH287,10.83301910325047
2024,iah2,PH07D/PHP02,10.83301910325047
2024,iah2,PH08A/LH287,10.83301910325047
2024,iah2,PH08A/PHP02,10.83301910325047
2024,iah2,PH09E/LH287,10.83301910325047
2024,iah2,PH09E/PHP02,10.83301910325047
2024,iah2,PH0B4/PHP02,10.83301910325047
2024,iah2,PH0CD/LH287,10.83301910325047
2024,iah2,PH0GP/PHP02,10.83301910325047
2024,iah2,PH12C/LH287,10.83301910325047
2024,iah2,PH12C/PHP02,10.83301910325047
2024,iah2,PH19V/LH287,10.83301910325047
2024,iah2,PH19V/PHP02,10.83301910325047
2024,iah2,PH1CA/LH287,10.83301910325047
2024,iah2,PH1CA/PHP02,10.83301910325047
2024,iah2,PH1GC/PHP02,10.83301910325047
2024,iah2,PH1GG/PHP02,10.83301910325047
2024,iah2,PH1TB/LH287,10.83301910325047
2024,iah2,PH1W2/LH287,10.83301910325047
2024,iah2,PH1W2/PHP02,10.83301910325047
2024,iah2,PH24E/LH244,13.20158724008655
2024,iah2,PH24M/LH287,10.83301910325047
2024,iah2,PH24M/PHP02,10.83301910325047
2024,iah2,PH32C/PHP02,10.83301910325047
2024,iah2,PH37C/LH287,10.83301910325047
2024,iah2,PH38D/LH287,10.83301910325047
2024,iah2,PH38D/PHP02,10.83301910325047
2024,iah2,PH42B/LH287,10.83301910325047
2024,iah2,PH44A/LH287,10.83301910325047
2024,iah2,PH44A/PHP02,10.83301910325047
2024,iah2,PH55C/PHP02,10.83301910325047
2024,iah2,PH63A/PHP02,10.83301910325047
2024,iah2,PH79A/LH287,10.83301910325047
2024,iah2,PH79A/PHP02,10.83301910325047
2024,iah2,PHB47/LH287,10.83301910325047
2024,iah2,PHB47/PHN82,11.83290462740976
2024,iah2,PHB47/PHZ51,10.074720314351884
2024,iah2,PHBW8/LH287,10.83301910325047
2024,iah2,PHEW7/LH287,10.83301910325047
2024,iah2,PHEW7/PHP02,10.83301910325047
2024,iah2,PHG29/PHG47,8.948768124472865
2024,iah2,PHG39/PHN82,11.93583719656706
2024,iah2,PHHB9/LH287,10.83301910325047
2024,iah2,PHHB9/PHP02,10.83301910325047
2024,iah2,PHJ40/PHAJ0,5.754474001314595
2024,iah2,PHJ89/LH244,12.285185738835892
2024,iah2,PHK56/LH244,12.96259714829964
2024,iah2,PHKV0/LH287,10.83301910325047
2024,iah2,PHKV0/PHP02,10.83301910325047
2024,iah2,PHN41/PHP02,10.83301910325047
2024,iah2,PHN46/LH244,10.215782251089403
2024,iah2,PHN66/LH287,10.83301910325047
2024,iah2,PHNJ2/LH287,10.83301910325047
2024,iah2,PHP02/LH244,13.157301436483795
2024,iah2,PHP38/LH287,10.83301910325047
2024,iah2,PHR03/LH244,13.362667432446441
2024,iah2,PHR61/LH287,10.83301910325047
2024,iah2,PHRE1/PHTD5,7.0687090822871355
2024,iah2,PHT10/LH287,10.83301910325047
2024,iah2,PHT10/PHP02,10.83301910325047
2024,iah2,PHT47/LH287,10.83301910325047
2024,iah2,PHTP9/LH287,10.83301910325047
2024,iah2,PHV37/PHP02,10.83301910325047
2024,iah2,PHVA9/LH287,10.83301910325047
2024,iah2,PHVJ5/LH287,10.83301910325047
2024,iah2,PHW30/LH244,12.766142791026837
2024,iah2,PHW52/PHM49,10.972578372476955
2024,iah2,TX777/LH195,8.878139191846747
2024,iah2,W10004_0031/LH287,10.83301910325047
2024,iah2,W10004_0034/LH287,10.83301910325047
2024,iah2,W10004_0055/LH287,10.83301910325047
2024,iah2,W10004_0055/PHP02,12.868591821370332
2024,iah2,W10004_0062/PHP02,10.819065518078029
2024,iah2,W10004_0095/PHP02,10.247773618149655
2024,iah2,W10004_0103/LH287,10.83301910325047
2024,iah2,W10004_0122/PHP02,12.299392091227753
2024,iah2,W10004_0133/LH287,10.83301910325047
2024,iah2,W10004_0133/PHP02,12.56659639490114
2024,iah2,W10004_0138/LH287,10.83301910325047
2024,iah2,W10004_0138/PHP02,11.405809178658174
2024,iah2,W10004_0160/LH287,10.83301910325047
2024,iah2,W10004_0160/PHP02,12.676123905578294
2024,iah2,W10004_0168/LH287,10.83301910325047
2024,iah2,W10004_0168/PHP02,12.210305149939725
2024,iah2,W10004_0189/LH287,10.83301910325047
2024,iah2,W10004_0189/PHP02,13.362667432446441
2024,iah2,W10004_0236/LH287,10.83301910325047
2024,iah2,W10004_0236/PHP02,12.270957365121319
2024,iah2,W10004_0238/LH287,10.83301910325047
2024,iah2,W10004_0258/LH287,10.83301910325047
2024,iah2,W10004_0258/PHP02,13.029105183700755
2024,iah2,W10004_0311/LH287,10.83301910325047
2024,iah2,W10004_0311/PHP02,11.06144468105561
2024,iah2,W10004_0346/PHP02,13.345025836301742
2024,iah2,W10004_0389/LH287,10.83301910325047
2024,iah2,W10004_0389/PHP02,11.947830190790357
2024,iah2,W10004_0403/LH287,10.83301910325047
2024,iah2,W10004_0403/PHP02,12.49867831241173
2024,iah2,W10004_0409/LH287,10.83301910325047
2024,iah2,W10004_0409/PHP02,13.75275198396186
2024,iah2,W10004_0412/LH287,10.83301910325047
2024,iah2,W10004_0476/PHP02,11.007050756380899
2024,iah2,W10004_0601/PHP02,12.287727878621913
2024,iah2,W10004_0608/LH287,10.83301910325047
2024,iah2,W10004_0637/LH287,10.83301910325047
2024,iah2,W10004_0658/LH287,10.83301910325047
2024,iah2,W10004_0658/PHP02,13.946952534014903
2024,iah2,W10004_0688/LH287,10.83301910325047
2024,iah2,W10004_0691/LH287,10.83301910325047
2024,iah2,W10004_0691/PHP02,10.219854791836331
2024,iah2,W10004_0714/LH287,10.83301910325047
2024,iah2,W10004_0714/PHP02,12.287727878621913
2024,iah2,W10004_0715/LH287,10.83301910325047
2024,iah2,W10004_0715/PHP02,12.227276879086984
2024,iah2,W10004_0747/LH287,10.83301910325047
2024,iah2,W10004_0771/PHP02,12.563592767243327
2024,iah2,W10004_0822/LH287,10.83301910325047
2024,iah2,W10004_0858/LH287,10.83301910325047
2024,iah2,W10004_0858/PHP02,12.23024273152933
2024,iah2,W10004_0859/PHP02,11.344290663409094
2024,iah2,W10004_0866/LH287,10.83301910325047
2024,iah2,W10004_0866/PHP02,13.20158724008655
2024,iah2,W10004_0949/LH287,10.83301910325047
2024,iah2,W10004_0969/LH287,10.83301910325047
2024,iah2,W10004_0969/PHP02,11.195995072077476
2024,iah2,W10004_1014/PHP02,12.285185738835892
2024,iah2,W10004_1018/PHP02,11.344290663409094
2024,iah2,W10004_1032/LH287,10.83301910325047
2024,iah2,W10004_1032/PHP02,11.195995072077476
2024,iah2,W10004_1080/LH287,10.83301910325047
2024,iah2,WQCD10/LH287,10.83301910325047
2024,iah2,WQCD10/PHP02,10.83301910325047
2024,iah2,ZS01459/PHP02,10.83301910325047
2024,iah4,01CSI6/LH287,11.248908272459328
2024,iah4,01DIB2/LH287,11.248908272459328
2024,iah4,01DIB2/PHP02,11.248908272459328
2024,iah4,2369/LH123HT,13.2223223928795
2024,iah4,2FACC/PHP02,11.248908272459328
2024,iah4,6F629/PHP02,11.248908272459328
2024,iah4,B14A/OH43,10.82778378487775
2024,iah4,B37/H95,10.435551031157479
2024,iah4,B73/MO17,13.016891105971641
2024,iah4,B73/PHN82,13.168392431981223
2024,iah4,B73/TX779,7.11087158150822
2024,iah4,CG119/CG108,5.748751617795292
2024,iah4,CG44/CGR01,8.673349935751654
2024,iah4,DK3IIH6/LH244,12.986590849169797
2024,iah4,DKFBHJ/LH287,11.248908272459328
2024,iah4,FBLA/LH287,11.248908272459328
2024,iah4,FBLA/PHP02,11.248908272459328
2024,iah4,FBLL/LH287,11.248908272459328
2024,iah4,GEMS-0061_3AZA1_0001/LH287,11.248908272459328
2024,iah4,GEMS-0061_3AZA1_0001/PHP02,11.248908272459328
2024,iah4,GEMS-0061_3AZA1_0004/PHP02,11.248908272459328
2024,iah4,GEMS-0061_3AZA1_0005/LH287,11.248908272459328
2024,iah4,GEMS-0061_3AZA1_0006/PHP02,11.248908272459328
2024,iah4,GEMS-0061_3AZA1_0007/LH287,11.248908272459328
2024,iah4,GEMS-0061_3AZA1_0007/PHP02,11.248908272459328
2024,iah4,GEMS-0061_3AZA1_0009/LH287,11.248908272459328
2024,iah4,GEMS-0061_3AZA1_0010/LH287,11.248908272459328
2024,iah4,GEMS-0061_3AZA1_0010/PHP02,11.248908272459328
2024,iah4,GEMS-0061_3AZA1_0011/PHP02,11.248908272459328
2024,iah4,GEMS-0061_3AZA1_0012/LH287,11.248908272459328
2024,iah4,GEMS-0061_3AZA1_0012/PHP02,11.248908272459328
2024,iah4,GEMS-0061_3AZA1_0013/LH287,11.248908272459328
2024,iah4,GEMS-0061_3AZA1_0013/PHP02,11.248908272459328
2024,iah4,GEMS-0061_3AZA1_0014/LH287,11.248908272459328
2024,iah4,GEMS-0061_3AZA1_0014/PHP02,11.248908272459328
2024,iah4,GEMS-0061_3AZA1_0015/LH287,11.248908272459328
2024,iah4,GEMS-0061_3AZA1_0015/PHP02,11.248908272459328
2024,iah4,GEMS-0061_3AZA1_0016/PHP02,11.248908272459328
2024,iah4,GEMS-0061_3AZA1_0017/LH287,11.248908272459328
2024,iah4,GEMS-0061_3AZA1_0017/PHP02,11.248908272459328
2024,iah4,GEMS-0061_3AZA1_0021/LH287,11.248908272459328
2024,iah4,GEMS-0061_3AZA1_0021/PHP02,11.248908272459328
2024,iah4,GEMS-0061_3AZA1_0023/PHP02,11.248908272459328
2024,iah4,GEMS-0061_FBLL_0002/LH287,11.248908272459328
2024,iah4,GEMS-0061_FBLL_0002/PHP02,11.248908272459328
2024,iah4,GEMS-0061_FBLL_0004/LH287,11.248908272459328
2024,iah4,GEMS-0061_FBLL_0005/PHP02,11.248908272459328
2024,iah4,GEMS-0061_FBLL_0008/LH287,11.248908272459328
2024,iah4,GEMS-0061_FBLL_0008/PHP02,11.248908272459328
2024,iah4,GEMS-0061_FBLL_0009/LH287,11.248908272459328
2024,iah4,GEMS-0061_FBLL_0009/PHP02,11.248908272459328
2024,iah4,GEMS-0061_FBLL_0010/LH287,11.248908272459328
2024,iah4,GEMS-0061_FBLL_0010/PHP02,11.248908272459328
2024,iah4,GEMS-0061_FBLL_0011/LH287,11.248908272459328
2024,iah4,GEMS-0061_FBLL_0011/PHP02,11.248908272459328
2024,iah4,GEMS-0061_FBLL_0014/PHP02,11.248908272459328
2024,iah4,GEMS-0061_FBLL_0015/LH287,11.248908272459328
2024,iah4,GEMS-0061_FBLL_0015/PHP02,11.248908272459328
2024,iah4,GEMS-0061_FBLL_0016/LH287,11.248908272459328
2024,iah4,GEMS-0061_FBLL_0016/PHP02,11.248908272459328
2024,iah4,GEMS-0061_FBLL_0017/LH287,11.248908272459328
2024,iah4,GEMS-0061_FBLL_0017/PHP02,11.248908272459328
2024,iah4,GEMS-0061_FBLL_0018/PHP02,11.248908272459328
2024,iah4,GEMS-0061_FBLL_0019/PHP02,11.248908272459328
2024,iah4,GEMS-0061_FBLL_0022/LH287,11.248908272459328
2024,iah4,GEMS-0061_FBLL_0022/PHP02,11.248908272459328
2024,iah4,GEMS-0061_FBLL_0023/LH287,11.248908272459328
2024,iah4,GEMS-0061_FBLL_0023/PHP02,11.248908272459328
2024,iah4,GEMS-0061_FBLL_0024/LH287,11.248908272459328
2024,iah4,GEMS-0061_FBLL_0024/PHP02,11.248908272459328
2024,iah4,GEMS-0061_FBLL_0025/LH287,11.248908272459328
2024,iah4,GEMS-0061_FBLL_0025/PHP02,11.248908272459328
2024,iah4,GEMS-0061_FBLL_0026/LH287,11.248908272459328
2024,iah4,GEMS-0061_FBLL_0029/LH287,11.248908272459328
2024,iah4,GEMS-0061_FBLL_0029/PHP02,11.248908272459328
2024,iah4,GEMS-0061_FBLL_0031/LH287,11.248908272459328
2024,iah4,GEMS-0061_FBLL_0032/LH287,11.248908272459328
2024,iah4,GEMS-0061_FBLL_0032/PHP02,11.248908272459328
2024,iah4,GEMS-0061_FBLL_0033/PHP02,11.248908272459328
2024,iah4,GEMS-0061_FBLL_0034/LH287,11.248908272459328
2024,iah4,GEMS-0061_FBLL_0035/LH287,11.248908272459328
2024,iah4,GEMS-0061_FBLL_0037/LH287,11.248908272459328
2024,iah4,GEMS-0061_FBLL_0038/LH287,11.248908272459328
2024,iah4,GEMS-0061_FBLL_0038/PHP02,11.248908272459328
2024,iah4,GEMS-0061_FBLL_0039/LH287,11.248908272459328
2024,iah4,GEMS-0061_FBLL_0040/LH287,11.248908272459328
2024,iah4,GEMS-0061_FBLL_0040/PHP02,11.248908272459328
2024,iah4,GEMS-0061_FBLL_0044/LH287,11.248908272459328
2024,iah4,GEMS-0061_FBLL_0047/PHP02,11.248908272459328
2024,iah4,GEMS-0061_FBLL_0050/LH287,11.248908272459328
2024,iah4,GEMS-0061_FBLL_0050/PHP02,11.248908272459328
2024,iah4,GEMS-0061_PHB47_0003/LH287,11.248908272459328
2024,iah4,GEMS-0061_PHB47_0004/PHP02,11.248908272459328
2024,iah4,GEMS-0061_PHBW8_0001/LH287,11.248908272459328
2024,iah4,GEMS-0061_PHBW8_0001/PHP02,11.248908272459328
2024,iah4,GEMS-0061_PHBW8_0002/LH287,11.248908272459328
2024,iah4,GEMS-0061_PHBW8_0002/PHP02,11.248908272459328
2024,iah4,GEMS-0113_3AZA1_0001/PHP02,11.248908272459328
2024,iah4,GEMS-0113_3AZA1_0002/LH287,11.248908272459328
2024,iah4,GEMS-0113_3AZA1_0002/PHP02,11.248908272459328
2024,iah4,GEMS-0113_3AZA1_0003/PHP02,11.248908272459328
2024,iah4,GEMS-0113_3AZA1_0004/LH287,11.248908272459328
2024,iah4,GEMS-0113_3AZA1_0004/PHP02,11.248908272459328
2024,iah4,GEMS-0113_3AZA1_0005/LH287,11.248908272459328
2024,iah4,GEMS-0113_3AZA1_0005/PHP02,11.248908272459328
2024,iah4,GEMS-0113_3AZA1_0006/LH287,11.248908272459328
2024,iah4,GEMS-0113_3AZA1_0008/LH287,11.248908272459328
2024,iah4,GEMS-0113_3AZA1_0010/LH287,11.248908272459328
2024,iah4,GEMS-0113_3AZA1_0010/PHP02,11.248908272459328
2024,iah4,GEMS-0113_3AZA1_0011/LH287,11.248908272459328
2024,iah4,GEMS-0113_3AZA1_0011/PHP02,11.248908272459328
2024,iah4,GEMS-0113_3AZA1_0013/LH287,11.248908272459328
2024,iah4,GEMS-0113_3AZA1_0013/PHP02,11.248908272459328
2024,iah4,GEMS-0113_3AZA1_0014/PHP02,11.248908272459328
2024,iah4,GEMS-0113_3AZA1_0015/LH287,11.248908272459328
2024,iah4,GEMS-0113_3AZA1_0015/PHP02,11.248908272459328
2024,iah4,GEMS-0113_3AZA1_0016/LH287,11.248908272459328
2024,iah4,GEMS-0113_3AZA1_0016/PHP02,11.248908272459328
2024,iah4,GEMS-0113_3AZA1_0017/LH287,11.248908272459328
2024,iah4,GEMS-0113_3AZA1_0018/LH287,11.248908272459328
2024,iah4,GEMS-0113_3AZA1_0018/PHP02,11.248908272459328
2024,iah4,GEMS-0113_3AZA1_0019/LH287,11.248908272459328
2024,iah4,GEMS-0113_3AZA1_0019/PHP02,11.248908272459328
2024,iah4,GEMS-0113_3AZA1_0021/PHP02,11.248908272459328
2024,iah4,GEMS-0113_3AZA1_0022/LH287,11.248908272459328
2024,iah4,GEMS-0113_3AZA1_0022/PHP02,11.248908272459328
2024,iah4,GEMS-0113_3AZA1_0024/PHP02,11.248908272459328
2024,iah4,GEMS-0113_3AZA1_0025/LH287,11.248908272459328
2024,iah4,GEMS-0113_3AZA1_0026/LH287,11.248908272459328
2024,iah4,GEMS-0113_3AZA1_0026/PHP02,11.248908272459328
2024,iah4,GEMS-0113_3AZA1_0027/LH287,11.248908272459328
2024,iah4,GEMS-0113_3AZA1_0027/PHP02,11.248908272459328
2024,iah4,GEMS-0113_3AZA1_0028/LH287,11.248908272459328
2024,iah4,GEMS-0113_3AZA1_0028/PHP02,11.248908272459328
2024,iah4,GEMS-0113_3AZA1_0029/LH287,11.248908272459328
2024,iah4,GEMS-0113_3AZA1_0031/LH287,11.248908272459328
2024,iah4,GEMS-0113_3AZA1_0031/PHP02,11.248908272459328
2024,iah4,GEMS-0113_3AZA1_0038/LH287,11.248908272459328
2024,iah4,GEMS-0113_3AZA1_0038/PHP02,11.248908272459328
2024,iah4,GEMS-0113_FBLL_0002/LH287,11.248908272459328
2024,iah4,GEMS-0113_FBLL_0002/PHP02,11.248908272459328
2024,iah4,GEMS-0113_FBLL_0003/LH287,11.248908272459328
2024,iah4,GEMS-0113_FBLL_0003/PHP02,11.248908272459328
2024,iah4,GEMS-0113_FBLL_0004/LH287,11.248908272459328
2024,iah4,GEMS-0113_FBLL_0004/PHP02,11.248908272459328
2024,iah4,GEMS-0113_FBLL_0005/LH287,11.248908272459328
2024,iah4,GEMS-0113_FBLL_0006/LH287,11.248908272459328
2024,iah4,GEMS-0113_FBLL_0006/PHP02,11.248908272459328
2024,iah4,GEMS-0113_FBLL_0007/PHP02,11.248908272459328
2024,iah4,GEMS-0113_FBLL_0008/LH287,11.248908272459328
2024,iah4,GEMS-0113_FBLL_0010/PHP02,11.248908272459328
2024,iah4,GEMS-0113_FBLL_0011/LH287,11.248908272459328
2024,iah4,GEMS-0113_FBLL_0013/LH287,11.248908272459328
2024,iah4,GEMS-0113_FBLL_0015/LH287,11.248908272459328
2024,iah4,GEMS-0113_PHB47_0001/LH287,11.248908272459328
2024,iah4,GEMS-0113_PHB47_0001/PHP02,11.248908272459328
2024,iah4,GEMS-0113_PHB47_0002/PHP02,11.248908272459328
2024,iah4,GEMS-0113_PHB47_0003/LH287,11.248908272459328
2024,iah4,GEMS-0113_PHB47_0003/PHP02,11.248908272459328
2024,iah4,GEMS-0113_PHB47_0004/LH287,11.248908272459328
2024,iah4,GEMS-0113_PHB47_0004/PHP02,11.248908272459328
2024,iah4,GEMS-0113_PHB47_0005/LH287,11.248908272459328
2024,iah4,GEMS-0113_PHB47_0006/LH287,11.248908272459328
2024,iah4,GEMS-0113_PHB47_0007/LH287,11.248908272459328
2024,iah4,GEMS-0113_PHB47_0008/LH287,11.248908272459328
2024,iah4,GEMS-0113_PHB47_0008/PHP02,11.248908272459328
2024,iah4,GEMS-0113_PHB47_0009/LH287,11.248908272459328
2024,iah4,GEMS-0113_PHB47_0011/LH287,11.248908272459328
2024,iah4,GEMS-0113_PHB47_0011/PHP02,11.248908272459328
2024,iah4,GEMS-0113_PHB47_0012/PHP02,11.248908272459328
2024,iah4,GEMS-0113_PHB47_0013/LH287,11.248908272459328
2024,iah4,GEMS-0113_PHB47_0013/PHP02,11.248908272459328
2024,iah4,GEMS-0113_PHB47_0014/LH287,11.248908272459328
2024,iah4,GEMS-0113_PHB47_0014/PHP02,11.248908272459328
2024,iah4,GEMS-0113_PHB47_0015/LH287,11.248908272459328
2024,iah4,GEMS-0113_PHB47_0017/PHP02,11.248908272459328
2024,iah4,GEMS-0113_PHB47_0019/PHP02,11.248908272459328
2024,iah4,GEMS-0113_PHB47_0020/PHP02,11.248908272459328
2024,iah4,GEMS-0113_PHB47_0021/LH287,11.248908272459328
2024,iah4,GEMS-0113_PHBW8_0001/LH287,11.248908272459328
2024,iah4,GEMS-0113_PHBW8_0001/PHP02,11.248908272459328
2024,iah4,GEMS-0113_PHBW8_0002/LH287,11.248908272459328
2024,iah4,GEMS-0113_PHBW8_0002/PHP02,11.248908272459328
2024,iah4,GEMS-0113_PHBW8_0004/LH287,11.248908272459328
2024,iah4,GEMS-0113_PHBW8_0004/PHP02,11.248908272459328
2024,iah4,GEMS-0113_PHBW8_0005/LH287,11.248908272459328
2024,iah4,GEMS-0113_PHBW8_0006/LH287,11.248908272459328
2024,iah4,GEMS-0113_PHBW8_0006/PHP02,11.248908272459328
2024,iah4,GEMS-0113_PHBW8_0007/PHP02,11.248908272459328
2024,iah4,GEMS-0113_PHBW8_0008/PHP02,11.248908272459328
2024,iah4,GEMS-0113_PHBW8_0009/LH287,11.248908272459328
2024,iah4,GEMS-0113_PHBW8_0009/PHP02,11.248908272459328
2024,iah4,GEMS-0113_PHBW8_0010/LH287,11.248908272459328
2024,iah4,GEMS-0113_PHBW8_0010/PHP02,11.248908272459328
2024,iah4,GEMS-0113_PHBW8_0011/LH287,11.248908272459328
2024,iah4,GEMS-0113_PHBW8_0012/LH287,11.248908272459328
2024,iah4,GEMS-0113_PHBW8_0012/PHP02,11.248908272459328
2024,iah4,GEMS-0113_PHBW8_0013/LH287,11.248908272459328
2024,iah4,GEMS-0113_PHBW8_0013/PHP02,11.248908272459328
2024,iah4,GEMS-0113_PHBW8_0014/LH287,11.248908272459328
2024,iah4,GEMS-0113_PHBW8_0014/PHP02,11.248908272459328
2024,iah4,GEMS-0113_PHBW8_0017/LH287,11.248908272459328
2024,iah4,GEMS-0113_PHBW8_0017/PHP02,11.248908272459328
2024,iah4,GEMS-0219_3AZA1_0001/LH287,11.248908272459328
2024,iah4,GEMS-0219_3AZA1_0002/LH287,11.248908272459328
2024,iah4,GEMS-0219_3AZA1_0002/PHP02,11.248908272459328
2024,iah4,GEMS-0219_3AZA1_0003/LH287,11.248908272459328
2024,iah4,GEMS-0219_3AZA1_0003/PHP02,11.248908272459328
2024,iah4,GEMS-0219_3AZA1_0004/LH287,11.248908272459328
2024,iah4,GEMS-0219_3AZA1_0005/LH287,11.248908272459328
2024,iah4,GEMS-0219_3AZA1_0005/PHP02,11.248908272459328
2024,iah4,GEMS-0219_3AZA1_0006/LH287,11.248908272459328
2024,iah4,GEMS-0219_3AZA1_0006/PHP02,11.248908272459328
2024,iah4,GEMS-0219_3AZA1_0007/PHP02,11.248908272459328
2024,iah4,GEMS-0219_3AZA1_0008/LH287,11.248908272459328
2024,iah4,GEMS-0219_3AZA1_0008/PHP02,11.248908272459328
2024,iah4,GEMS-0219_3AZA1_0009/LH287,11.248908272459328
2024,iah4,GEMS-0219_3AZA1_0009/PHP02,11.248908272459328
2024,iah4,GEMS-0219_3AZA1_0010/PHP02,11.248908272459328
2024,iah4,GEMS-0219_3AZA1_0012/PHP02,11.248908272459328
2024,iah4,GEMS-0219_3AZA1_0014/LH287,11.248908272459328
2024,iah4,GEMS-0219_FBLL_0002/LH287,11.248908272459328
2024,iah4,GEMS-0219_FBLL_0003/LH287,11.248908272459328
2024,iah4,GEMS-0219_FBLL_0003/PHP02,11.248908272459328
2024,iah4,GEMS-0219_FBLL_0004/LH287,11.248908272459328
2024,iah4,GEMS-0219_FBLL_0006/LH287,11.248908272459328
2024,iah4,GEMS-0219_FBLL_0006/PHP02,11.248908272459328
2024,iah4,GEMS-0219_FBLL_0007/LH287,11.248908272459328
2024,iah4,GEMS-0219_FBLL_0009/LH287,11.248908272459328
2024,iah4,GEMS-0219_FBLL_0009/PHP02,11.248908272459328
2024,iah4,GEMS-0219_FBLL_0010/LH287,11.248908272459328
2024,iah4,GEMS-0219_FBLL_0010/PHP02,11.248908272459328
2024,iah4,GEMS-0219_FBLL_0011/LH287,11.248908272459328
2024,iah4,GEMS-0219_FBLL_0011/PHP02,11.248908272459328
2024,iah4,GEMS-0219_FBLL_0012/LH287,11.248908272459328
2024,iah4,GEMS-0219_FBLL_0012/PHP02,11.248908272459328
2024,iah4,GEMS-0219_FBLL_0014/LH287,11.248908272459328
2024,iah4,GEMS-0219_FBLL_0015/LH287,11.248908272459328
2024,iah4,GEMS-0219_FBLL_0015/PHP02,11.248908272459328
2024,iah4,GEMS-0219_FBLL_0017/LH287,11.248908272459328
2024,iah4,GEMS-0219_FBLL_0017/PHP02,11.248908272459328
2024,iah4,GEMS-0219_FBLL_0018/PHP02,11.248908272459328
2024,iah4,GEMS-0219_FBLL_0019/LH287,11.248908272459328
2024,iah4,GEMS-0219_FBLL_0019/PHP02,11.248908272459328
2024,iah4,GEMS-0219_FBLL_0020/PHP02,11.248908272459328
2024,iah4,GEMS-0219_FBLL_0021/LH287,11.248908272459328
2024,iah4,GEMS-0219_FBLL_0023/PHP02,11.248908272459328
2024,iah4,GEMS-0219_FBLL_0025/LH287,11.248908272459328
2024,iah4,GEMS-0219_FBLL_0027/LH287,11.248908272459328
2024,iah4,GEMS-0219_FBLL_0027/PHP02,11.248908272459328
2024,iah4,GEMS-0219_FBLL_0028/LH287,11.248908272459328
2024,iah4,GEMS-0219_FBLL_0028/PHP02,11.248908272459328
2024,iah4,GEMS-0219_FBLL_0030/LH287,11.248908272459328
2024,iah4,GEMS-0219_FBLL_0030/PHP02,11.248908272459328
2024,iah4,GEMS-0219_PHB47_0001/PHP02,11.248908272459328
2024,iah4,GEMS-0219_PHB47_0002/LH287,11.248908272459328
2024,iah4,GEMS-0219_PHB47_0003/PHP02,11.248908272459328
2024,iah4,GEMS-0219_PHB47_0004/PHP02,11.248908272459328
2024,iah4,GEMS-0219_PHB47_0005/LH287,11.248908272459328
2024,iah4,GEMS-0219_PHB47_0006/LH287,11.248908272459328
2024,iah4,GEMS-0219_PHB47_0006/PHP02,11.248908272459328
2024,iah4,GEMS-0219_PHB47_0011/LH287,11.248908272459328
2024,iah4,GEMS-0219_PHB47_0011/PHP02,11.248908272459328
2024,iah4,GEMS-0219_PHB47_0014/LH287,11.248908272459328
2024,iah4,GEMS-0219_PHB47_0017/LH287,11.248908272459328
2024,iah4,GEMS-0219_PHBW8_0001/LH287,11.248908272459328
2024,iah4,GEMS-0219_PHBW8_0001/PHP02,11.248908272459328
2024,iah4,GEMS-0219_PHBW8_0002/LH287,11.248908272459328
2024,iah4,GEMS-0219_PHBW8_0002/PHP02,11.248908272459328
2024,iah4,GEMS-0219_PHBW8_0003/PHP02,11.248908272459328
2024,iah4,GEMS-0219_PHBW8_0004/LH287,11.248908272459328
2024,iah4,GEMS-0219_PHBW8_0006/PHP02,11.248908272459328
2024,iah4,GEMS-0219_PHBW8_0008/LH287,11.248908272459328
2024,iah4,GEMS-0219_PHBW8_0009/LH287,11.248908272459328
2024,iah4,GEMS-0219_PHBW8_0011/LH287,11.248908272459328
2024,iah4,GEMS-0219_PHBW8_0011/PHP02,11.248908272459328
2024,iah4,GEMS-0227_3AZA1_0001/LH287,11.248908272459328
2024,iah4,GEMS-0227_3AZA1_0002/LH287,11.248908272459328
2024,iah4,GEMS-0227_3AZA1_0002/PHP02,11.248908272459328
2024,iah4,GEMS-0227_3AZA1_0003/LH287,11.248908272459328
2024,iah4,GEMS-0227_3AZA1_0003/PHP02,11.248908272459328
2024,iah4,GEMS-0227_3AZA1_0004/LH287,11.248908272459328
2024,iah4,GEMS-0227_3AZA1_0004/PHP02,11.248908272459328
2024,iah4,GEMS-0227_3AZA1_0005/LH287,11.248908272459328
2024,iah4,GEMS-0227_3AZA1_0006/LH287,11.248908272459328
2024,iah4,GEMS-0227_3AZA1_0006/PHP02,11.248908272459328
2024,iah4,GEMS-0227_3AZA1_0007/PHP02,11.248908272459328
2024,iah4,GEMS-0227_3AZA1_0008/PHP02,11.248908272459328
2024,iah4,GEMS-0227_3AZA1_0009/LH287,11.248908272459328
2024,iah4,GEMS-0227_3AZA1_0009/PHP02,11.248908272459328
2024,iah4,GEMS-0227_3AZA1_0010/PHP02,11.248908272459328
2024,iah4,GEMS-0227_3AZA1_0011/LH287,11.248908272459328
2024,iah4,GEMS-0227_3AZA1_0011/PHP02,11.248908272459328
2024,iah4,GEMS-0227_3AZA1_0012/LH287,11.248908272459328
2024,iah4,GEMS-0227_3AZA1_0012/PHP02,11.248908272459328
2024,iah4,GEMS-0227_3AZA1_0013/LH287,11.248908272459328
2024,iah4,GEMS-0227_3AZA1_0014/LH287,11.248908272459328
2024,iah4,GEMS-0227_3AZA1_0014/PHP02,11.248908272459328
2024,iah4,GEMS-0227_3AZA1_0015/PHP02,11.248908272459328
2024,iah4,GEMS-0227_3AZA1_0016/LH287,11.248908272459328
2024,iah4,GEMS-0227_3AZA1_0017/LH287,11.248908272459328
2024,iah4,GEMS-0227_3AZA1_0017/PHP02,11.248908272459328
2024,iah4,GEMS-0227_3AZA1_0018/LH287,11.248908272459328
2024,iah4,GEMS-0227_3AZA1_0018/PHP02,11.248908272459328
2024,iah4,GEMS-0227_3AZA1_0019/PHP02,11.248908272459328
2024,iah4,GEMS-0227_3AZA1_0021/PHP02,11.248908272459328
2024,iah4,GEMS-0227_3AZA1_0022/LH287,11.248908272459328
2024,iah4,GEMS-0227_3AZA1_0022/PHP02,11.248908272459328
2024,iah4,GEMS-0227_3AZA1_0023/PHP02,11.248908272459328
2024,iah4,GEMS-0227_3AZA1_0024/PHP02,11.248908272459328
2024,iah4,GEMS-0227_3AZA1_0025/LH287,11.248908272459328
2024,iah4,GEMS-0227_3AZA1_0025/PHP02,11.248908272459328
2024,iah4,GEMS-0227_3AZA1_0028/LH287,11.248908272459328
2024,iah4,GEMS-0227_3AZA1_0028/PHP02,11.248908272459328
2024,iah4,GEMS-0227_3AZA1_0029/LH287,11.248908272459328
2024,iah4,GEMS-0227_3AZA1_0030/PHP02,11.248908272459328
2024,iah4,GEMS-0227_3AZA1_0031/LH287,11.248908272459328
2024,iah4,GEMS-0227_3AZA1_0031/PHP02,11.248908272459328
2024,iah4,GEMS-0227_3AZA1_0032/LH287,11.248908272459328
2024,iah4,GEMS-0227_3AZA1_0032/PHP02,11.248908272459328
2024,iah4,GEMS-0227_3AZA1_0034/LH287,11.248908272459328
2024,iah4,GEMS-0227_3AZA1_0034/PHP02,11.248908272459328
2024,iah4,GEMS-0227_3AZA1_0035/LH287,11.248908272459328
2024,iah4,GEMS-0227_3AZA1_0035/PHP02,11.248908272459328
2024,iah4,GEMS-0227_3AZA1_0036/LH287,11.248908272459328
2024,iah4,GEMS-0227_3AZA1_0036/PHP02,11.248908272459328
2024,iah4,GEMS-0227_3AZA1_0040/LH287,11.248908272459328
2024,iah4,GEMS-0227_3AZA1_0041/LH287,11.248908272459328
2024,iah4,GEMS-0227_3AZA1_0041/PHP02,11.248908272459328
2024,iah4,GEMS-0227_3AZA1_0043/PHP02,11.248908272459328
2024,iah4,GEMS-0227_3AZA1_0045/LH287,11.248908272459328
2024,iah4,GEMS-0227_3AZA1_0045/PHP02,11.248908272459328
2024,iah4,GEMS-0227_3AZA1_0046/LH287,11.248908272459328
2024,iah4,GEMS-0227_3AZA1_0046/PHP02,11.248908272459328
2024,iah4,GEMS-0227_3AZA1_0048/LH287,11.248908272459328
2024,iah4,GEMS-0227_3AZA1_0048/PHP02,11.248908272459328
2024,iah4,GEMS-0227_3AZA1_0049/LH287,11.248908272459328
2024,iah4,GEMS-0227_3AZA1_0049/PHP02,11.248908272459328
2024,iah4,GEMS-0227_FBLL_0001/LH287,11.248908272459328
2024,iah4,GEMS-0227_FBLL_0001/PHP02,11.248908272459328
2024,iah4,GEMS-0227_FBLL_0002/LH287,11.248908272459328
2024,iah4,GEMS-0227_FBLL_0002/PHP02,11.248908272459328
2024,iah4,GEMS-0227_FBLL_0003/LH287,11.248908272459328
2024,iah4,GEMS-0227_FBLL_0004/LH287,11.248908272459328
2024,iah4,GEMS-0227_FBLL_0004/PHP02,11.248908272459328
2024,iah4,GEMS-0227_FBLL_0007/LH287,11.248908272459328
2024,iah4,GEMS-0227_FBLL_0007/PHP02,11.248908272459328
2024,iah4,GEMS-0227_FBLL_0008/LH287,11.248908272459328
2024,iah4,GEMS-0227_FBLL_0008/PHP02,11.248908272459328
2024,iah4,GEMS-0227_FBLL_0009/LH287,11.248908272459328
2024,iah4,GEMS-0227_FBLL_0009/PHP02,11.248908272459328
2024,iah4,GEMS-0227_FBLL_0010/LH287,11.248908272459328
2024,iah4,GEMS-0227_FBLL_0013/LH287,11.248908272459328
2024,iah4,GEMS-0227_FBLL_0013/PHP02,11.248908272459328
2024,iah4,GEMS-0227_FBLL_0014/LH287,11.248908272459328
2024,iah4,GEMS-0227_FBLL_0015/LH287,11.248908272459328
2024,iah4,GEMS-0227_FBLL_0015/PHP02,11.248908272459328
2024,iah4,GEMS-0227_FBLL_0016/PHP02,11.248908272459328
2024,iah4,GEMS-0227_FBLL_0017/LH287,11.248908272459328
2024,iah4,GEMS-0227_FBLL_0017/PHP02,11.248908272459328
2024,iah4,GEMS-0227_FBLL_0018/LH287,11.248908272459328
2024,iah4,GEMS-0227_FBLL_0019/LH287,11.248908272459328
2024,iah4,GEMS-0227_FBLL_0019/PHP02,11.248908272459328
2024,iah4,GEMS-0227_FBLL_0020/LH287,11.248908272459328
2024,iah4,GEMS-0227_FBLL_0021/LH287,11.248908272459328
2024,iah4,GEMS-0227_FBLL_0022/LH287,11.248908272459328
2024,iah4,GEMS-0227_FBLL_0023/LH287,11.248908272459328
2024,iah4,GEMS-0227_FBLL_0024/LH287,11.248908272459328
2024,iah4,GEMS-0227_FBLL_0024/PHP02,11.248908272459328
2024,iah4,GEMS-0227_FBLL_0025/LH287,11.248908272459328
2024,iah4,GEMS-0227_FBLL_0025/PHP02,11.248908272459328
2024,iah4,GEMS-0227_FBLL_0027/LH287,11.248908272459328
2024,iah4,GEMS-0227_FBLL_0027/PHP02,11.248908272459328
2024,iah4,GEMS-0227_FBLL_0028/PHP02,11.248908272459328
2024,iah4,GEMS-0227_FBLL_0029/LH287,11.248908272459328
2024,iah4,GEMS-0227_FBLL_0029/PHP02,11.248908272459328
2024,iah4,GEMS-0227_FBLL_0030/LH287,11.248908272459328
2024,iah4,GEMS-0227_FBLL_0030/PHP02,11.248908272459328
2024,iah4,GEMS-0227_FBLL_0031/LH287,11.248908272459328
2024,iah4,GEMS-0227_FBLL_0032/LH287,11.248908272459328
2024,iah4,GEMS-0227_FBLL_0033/LH287,11.248908272459328
2024,iah4,GEMS-0227_FBLL_0033/PHP02,11.248908272459328
2024,iah4,GEMS-0227_FBLL_0034/PHP02,11.248908272459328
2024,iah4,GEMS-0227_FBLL_0035/LH287,11.248908272459328
2024,iah4,GEMS-0227_FBLL_0035/PHP02,11.248908272459328
2024,iah4,GEMS-0227_FBLL_0036/LH287,11.248908272459328
2024,iah4,GEMS-0227_FBLL_0037/LH287,11.248908272459328
2024,iah4,GEMS-0227_FBLL_0038/PHP02,11.248908272459328
2024,iah4,GEMS-0227_FBLL_0039/LH287,11.248908272459328
2024,iah4,GEMS-0227_FBLL_0039/PHP02,11.248908272459328
2024,iah4,GEMS-0227_FBLL_0040/LH287,11.248908272459328
2024,iah4,GEMS-0227_FBLL_0041/PHP02,11.248908272459328
2024,iah4,GEMS-0227_FBLL_0042/LH287,11.248908272459328
2024,iah4,GEMS-0227_FBLL_0042/PHP02,11.248908272459328
2024,iah4,GEMS-0227_FBLL_0043/LH287,11.248908272459328
2024,iah4,GEMS-0227_FBLL_0043/PHP02,11.248908272459328
2024,iah4,GEMS-0227_FBLL_0044/PHP02,11.248908272459328
2024,iah4,GEMS-0227_FBLL_0045/LH287,11.248908272459328
2024,iah4,GEMS-0227_FBLL_0045/PHP02,11.248908272459328
2024,iah4,GEMS-0227_FBLL_0046/LH287,11.248908272459328
2024,iah4,GEMS-0227_FBLL_0046/PHP02,11.248908272459328
2024,iah4,GEMS-0227_FBLL_0047/PHP02,11.248908272459328
2024,iah4,GEMS-0227_FBLL_0048/LH287,11.248908272459328
2024,iah4,GEMS-0227_FBLL_0048/PHP02,11.248908272459328
2024,iah4,GEMS-0227_FBLL_0049/LH287,11.248908272459328
2024,iah4,GEMS-0227_FBLL_0049/PHP02,11.248908272459328
2024,iah4,GEMS-0227_FBLL_0050/LH287,11.248908272459328
2024,iah4,GEMS-0227_FBLL_0050/PHP02,11.248908272459328
2024,iah4,GEMS-0227_FBLL_0051/LH287,11.248908272459328
2024,iah4,GEMS-0227_FBLL_0051/PHP02,11.248908272459328
2024,iah4,GEMS-0227_FBLL_0052/PHP02,11.248908272459328
2024,iah4,GEMS-0227_FBLL_0053/LH287,11.248908272459328
2024,iah4,GEMS-0227_FBLL_0053/PHP02,11.248908272459328
2024,iah4,GEMS-0227_FBLL_0054/LH287,11.248908272459328
2024,iah4,GEMS-0227_FBLL_0054/PHP02,11.248908272459328
2024,iah4,GEMS-0227_FBLL_0055/LH287,11.248908272459328
2024,iah4,GEMS-0227_FBLL_0056/LH287,11.248908272459328
2024,iah4,GEMS-0227_FBLL_0057/LH287,11.248908272459328
2024,iah4,GEMS-0227_FBLL_0057/PHP02,11.248908272459328
2024,iah4,GEMS-0227_FBLL_0058/PHP02,11.248908272459328
2024,iah4,GEMS-0227_FBLL_0059/LH287,11.248908272459328
2024,iah4,GEMS-0227_FBLL_0060/PHP02,11.248908272459328
2024,iah4,GEMS-0227_FBLL_0062/LH287,11.248908272459328
2024,iah4,GEMS-0227_FBLL_0063/LH287,11.248908272459328
2024,iah4,GEMS-0227_FBLL_0063/PHP02,11.248908272459328
2024,iah4,GEMS-0227_FBLL_0066/LH287,11.248908272459328
2024,iah4,GEMS-0227_FBLL_0068/LH287,11.248908272459328
2024,iah4,GEMS-0227_FBLL_0068/PHP02,11.248908272459328
2024,iah4,GEMS-0227_FBLL_0069/LH287,11.248908272459328
2024,iah4,GEMS-0227_FBLL_0069/PHP02,11.248908272459328
2024,iah4,GEMS-0227_FBLL_0070/LH287,11.248908272459328
2024,iah4,GEMS-0227_FBLL_0070/PHP02,11.248908272459328
2024,iah4,GEMS-0227_FBLL_0071/LH287,11.248908272459328
2024,iah4,GEMS-0227_FBLL_0071/PHP02,11.248908272459328
2024,iah4,GEMS-0227_FBLL_0073/LH287,11.248908272459328
2024,iah4,GEMS-0227_FBLL_0074/LH287,11.248908272459328
2024,iah4,GEMS-0227_FBLL_0074/PHP02,11.248908272459328
2024,iah4,GEMS-0227_FBLL_0075/LH287,11.248908272459328
2024,iah4,GEMS-0227_FBLL_0077/LH287,11.248908272459328
2024,iah4,GEMS-0227_FBLL_0078/LH287,11.248908272459328
2024,iah4,GEMS-0227_FBLL_0079/LH287,11.248908272459328
2024,iah4,GEMS-0227_FBLL_0079/PHP02,11.248908272459328
2024,iah4,GEMS-0227_FBLL_0080/LH287,11.248908272459328
2024,iah4,GEMS-0227_FBLL_0080/PHP02,11.248908272459328
2024,iah4,GEMS-0227_FBLL_0082/LH287,11.248908272459328
2024,iah4,GEMS-0227_FBLL_0082/PHP02,11.248908272459328
2024,iah4,GEMS-0227_FBLL_0084/PHP02,11.248908272459328
2024,iah4,GEMS-0227_FBLL_0085/LH287,11.248908272459328
2024,iah4,GEMS-0227_FBLL_0087/LH287,11.248908272459328
2024,iah4,GEMS-0227_FBLL_0087/PHP02,11.248908272459328
2024,iah4,GEMS-0227_FBLL_0088/PHP02,11.248908272459328
2024,iah4,GEMS-0227_FBLL_0090/LH287,11.248908272459328
2024,iah4,GEMS-0227_FBLL_0090/PHP02,11.248908272459328
2024,iah4,GEMS-0227_FBLL_0093/PHP02,11.248908272459328
2024,iah4,GEMS-0227_FBLL_0094/LH287,11.248908272459328
2024,iah4,GEMS-0227_FBLL_0094/PHP02,11.248908272459328
2024,iah4,GEMS-0227_FBLL_0095/LH287,11.248908272459328
2024,iah4,GEMS-0227_FBLL_0095/PHP02,11.248908272459328
2024,iah4,GEMS-0227_FBLL_0096/LH287,11.248908272459328
2024,iah4,GEMS-0227_FBLL_0096/PHP02,11.248908272459328
2024,iah4,GEMS-0227_FBLL_0097/LH287,11.248908272459328
2024,iah4,GEMS-0227_FBLL_0097/PHP02,11.248908272459328
2024,iah4,GEMS-0227_FBLL_0098/PHP02,11.248908272459328
2024,iah4,GEMS-0227_FBLL_0101/PHP02,11.248908272459328
2024,iah4,GEMS-0227_FBLL_0102/LH287,11.248908272459328
2024,iah4,GEMS-0227_FBLL_0102/PHP02,11.248908272459328
2024,iah4,GEMS-0227_FBLL_0104/LH287,11.248908272459328
2024,iah4,GEMS-0227_FBLL_0104/PHP02,11.248908272459328
2024,iah4,GEMS-0227_FBLL_0105/LH287,11.248908272459328
2024,iah4,GEMS-0227_FBLL_0106/LH287,11.248908272459328
2024,iah4,GEMS-0227_FBLL_0107/LH287,11.248908272459328
2024,iah4,GEMS-0227_FBLL_0110/LH287,11.248908272459328
2024,iah4,GEMS-0227_FBLL_0111/LH287,11.248908272459328
2024,iah4,GEMS-0227_FBLL_0111/PHP02,11.248908272459328
2024,iah4,GEMS-0227_FBLL_0113/LH287,11.248908272459328
2024,iah4,GEMS-0227_FBLL_0113/PHP02,11.248908272459328
2024,iah4,GEMS-0227_FBLL_0114/LH287,11.248908272459328
2024,iah4,GEMS-0227_FBLL_0114/PHP02,11.248908272459328
2024,iah4,GEMS-0227_FBLL_0115/LH287,11.248908272459328
2024,iah4,GEMS-0227_FBLL_0115/PHP02,11.248908272459328
2024,iah4,GEMS-0227_FBLL_0116/LH287,11.248908272459328
2024,iah4,GEMS-0227_FBLL_0118/LH287,11.248908272459328
2024,iah4,GEMS-0227_FBLL_0121/LH287,11.248908272459328
2024,iah4,GEMS-0227_FBLL_0124/LH287,11.248908272459328
2024,iah4,GEMS-0227_FBLL_0124/PHP02,11.248908272459328
2024,iah4,GEMS-0227_FBLL_0125/LH287,11.248908272459328
2024,iah4,GEMS-0227_FBLL_0125/PHP02,11.248908272459328
2024,iah4,GEMS-0227_FBLL_0127/LH287,11.248908272459328
2024,iah4,GEMS-0227_FBLL_0127/PHP02,11.248908272459328
2024,iah4,GEMS-0227_FBLL_0133/LH287,11.248908272459328
2024,iah4,GEMS-0227_FBLL_0134/LH287,11.248908272459328
2024,iah4,GEMS-0227_FBLL_0134/PHP02,11.248908272459328
2024,iah4,GEMS-0227_FBLL_0136/PHP02,11.248908272459328
2024,iah4,GEMS-0227_FBLL_0140/LH287,11.248908272459328
2024,iah4,GEMS-0227_FBLL_0140/PHP02,11.248908272459328
2024,iah4,GEMS-0227_FBLL_0141/PHP02,11.248908272459328
2024,iah4,GEMS-0227_PHB47_0001/LH287,11.248908272459328
2024,iah4,GEMS-0227_PHB47_0001/PHP02,11.248908272459328
2024,iah4,GEMS-0227_PHB47_0002/LH287,11.248908272459328
2024,iah4,GEMS-0227_PHB47_0002/PHP02,11.248908272459328
2024,iah4,GEMS-0227_PHB47_0003/LH287,11.248908272459328
2024,iah4,GEMS-0227_PHB47_0003/PHP02,11.248908272459328
2024,iah4,GEMS-0227_PHB47_0004/LH287,11.248908272459328
2024,iah4,GEMS-0227_PHB47_0004/PHP02,11.248908272459328
2024,iah4,GEMS-0227_PHB47_0006/LH287,11.248908272459328
2024,iah4,GEMS-0227_PHB47_0006/PHP02,11.248908272459328
2024,iah4,GEMS-0227_PHB47_0007/LH287,11.248908272459328
2024,iah4,GEMS-0227_PHB47_0007/PHP02,11.248908272459328
2024,iah4,GEMS-0227_PHB47_0009/LH287,11.248908272459328
2024,iah4,GEMS-0227_PHB47_0009/PHP02,11.248908272459328
2024,iah4,GEMS-0227_PHB47_0011/PHP02,11.248908272459328
2024,iah4,GEMS-0227_PHB47_0012/LH287,11.248908272459328
2024,iah4,GEMS-0227_PHB47_0016/LH287,11.248908272459328
2024,iah4,GEMS-0227_PHB47_0016/PHP02,11.248908272459328
2024,iah4,GEMS-0227_PHB47_0022/LH287,11.248908272459328
2024,iah4,GEMS-0227_PHB47_0022/PHP02,11.248908272459328
2024,iah4,GEMS-0227_PHB47_0023/PHP02,11.248908272459328
2024,iah4,GEMS-0227_PHB47_0024/LH287,11.248908272459328
2024,iah4,GEMS-0227_PHB47_0024/PHP02,11.248908272459328
2024,iah4,GEMS-0227_PHB47_0025/LH287,11.248908272459328
2024,iah4,GEMS-0227_PHB47_0025/PHP02,11.248908272459328
2024,iah4,GEMS-0227_PHBW8_0001/PHP02,11.248908272459328
2024,iah4,GEMS-0227_PHBW8_0002/LH287,11.248908272459328
2024,iah4,GEMS-0227_PHBW8_0002/PHP02,11.248908272459328
2024,iah4,GEMS-0227_PHBW8_0003/LH287,11.248908272459328
2024,iah4,GEMS-0227_PHBW8_0003/PHP02,11.248908272459328
2024,iah4,GEMS-0227_PHBW8_0004/LH287,11.248908272459328
2024,iah4,GEMS-0227_PHBW8_0004/PHP02,11.248908272459328
2024,iah4,GEMS-0227_PHBW8_0005/PHP02,11.248908272459328
2024,iah4,GEMS-0227_PHBW8_0006/PHP02,11.248908272459328
2024,iah4,GEMS-0227_PHBW8_0007/LH287,11.248908272459328
2024,iah4,GEMS-0227_PHBW8_0007/PHP02,11.248908272459328
2024,iah4,GEMS-0227_PHBW8_0009/LH287,11.248908272459328
2024,iah4,GEMS-0227_PHBW8_0009/PHP02,11.248908272459328
2024,iah4,GEMS-0227_PHBW8_0010/LH287,11.248908272459328
2024,iah4,GEMS-0227_PHBW8_0010/PHP02,11.248908272459328
2024,iah4,GEMS-0227_PHBW8_0011/LH287,11.248908272459328
2024,iah4,GEMS-0227_PHBW8_0011/PHP02,11.248908272459328
2024,iah4,GEMS-0227_PHBW8_0012/LH287,11.248908272459328
2024,iah4,GEMS-0227_PHBW8_0013/PHP02,11.248908272459328
2024,iah4,GEMS-0227_PHBW8_0015/LH287,11.248908272459328
2024,iah4,GEMS-0227_PHBW8_0015/PHP02,11.248908272459328
2024,iah4,GEMS-0227_PHBW8_0016/LH287,11.248908272459328
2024,iah4,GEMS-0227_PHBW8_0016/PHP02,11.248908272459328
2024,iah4,GEMS-0227_PHBW8_0017/LH287,11.248908272459328
2024,iah4,GEMS-0227_PHBW8_0017/PHP02,11.248908272459328
2024,iah4,GEMS-0227_PHBW8_0018/LH287,11.248908272459328
2024,iah4,GEMS-0227_PHBW8_0018/PHP02,11.248908272459328
2024,iah4,GEMS-0227_PHBW8_0019/LH287,11.248908272459328
2024,iah4,GEMS-0227_PHBW8_0019/PHP02,11.248908272459328
2024,iah4,GEMS-0227_PHBW8_0020/LH287,11.248908272459328
2024,iah4,GEMS-0227_PHBW8_0021/PHP02,11.248908272459328
2024,iah4,GEMS-0227_PHBW8_0022/PHP02,11.248908272459328
2024,iah4,GEMS-0227_PHBW8_0024/LH287,11.248908272459328
2024,iah4,GEMS-0227_PHBW8_0024/PHP02,11.248908272459328
2024,iah4,LH132/LH287,11.248908272459328
2024,iah4,LH132/PHP02,11.079131920821132
2024,iah4,LH146HT/LH287,11.248908272459328
2024,iah4,LH192/LH287,11.248908272459328
2024,iah4,LH192/PHP02,11.248908272459328
2024,iah4,LH193/LH287,11.248908272459328
2024,iah4,LH193/PHP02,11.248908272459328
2024,iah4,LH194/LH287,11.248908272459328
2024,iah4,LH195/LH287,11.248908272459328
2024,iah4,LH195/PHP02,11.22821340231446
2024,iah4,LH195/PHZ51,10.595500806344702
2024,iah4,LH197/PHP02,11.248908272459328
2024,iah4,LH198/LH287,11.248908272459328
2024,iah4,LH200/LH287,11.248908272459328
2024,iah4,LH204/PHP02,11.248908272459328
2024,iah4,LH220HT/PHP02,11.248908272459328
2024,iah4,LH224/LH287,11.248908272459328
2024,iah4,LH224/PHP02,11.248908272459328
2024,iah4,LH225/PHP02,11.248908272459328
2024,iah4,LH226HT/LH287,11.248908272459328
2024,iah4,LH226HT/PHP02,11.248908272459328
2024,iah4,LH228/LH287,11.248908272459328
2024,iah4,LH228/PHP02,11.248908272459328
2024,iah4,LH231/LH287,11.248908272459328
2024,iah4,LH231/PHP02,11.248908272459328
2024,iah4,LH234/LH287,11.248908272459328
2024,iah4,LH234/PHP02,11.248908272459328
2024,iah4,LH235/LH287,11.248908272459328
2024,iah4,LH236/LH287,11.248908272459328
2024,iah4,LH237/LH287,11.248908272459328
2024,iah4,LH238/PHP02,11.248908272459328
2024,iah4,LH244/PHK76,10.99233202358094
2024,iah4,LH244/PHP02,11.248908272459328
2024,iah4,LH264/LH287,11.248908272459328
2024,iah4,LH264/PHP02,11.248908272459328
2024,iah4,LH273/PHP02,11.248908272459328
2024,iah4,LH286/LH287,11.248908272459328
2024,iah4,LH286/PHP02,11.248908272459328
2024,iah4,LH287/LH244,13.767090360205133
2024,iah4,LH292/PHP02,11.248908272459328
2024,iah4,LH82/LH244,11.167765571319423
2024,iah4,MM501D/LH244,12.986590849169797
2024,iah4,NKH8431/LH287,11.248908272459328
2024,iah4,NKH8431/PHP02,11.248908272459328
2024,iah4,PH05F/LH287,11.248908272459328
2024,iah4,PH05G/PHP02,11.248908272459328
2024,iah4,PH05W/LH287,11.248908272459328
2024,iah4,PH05W/PHP02,11.248908272459328
2024,iah4,PH06N/LH287,11.248908272459328
2024,iah4,PH07D/LH287,11.248908272459328
2024,iah4,PH07D/PHP02,11.248908272459328
2024,iah4,PH080/LH287,11.248908272459328
2024,iah4,PH08A/PHP02,11.248908272459328
2024,iah4,PH09B/LH287,11.248908272459328
2024,iah4,PH09B/PHP02,11.248908272459328
2024,iah4,PH09E/LH287,11.248908272459328
2024,iah4,PH0B4/LH287,11.248908272459328
2024,iah4,PH0B4/PHP02,11.248908272459328
2024,iah4,PH0CD/LH287,11.248908272459328
2024,iah4,PH0CD/PHP02,11.248908272459328
2024,iah4,PH0GP/LH287,11.248908272459328
2024,iah4,PH0GP/PHP02,11.248908272459328
2024,iah4,PH12C/LH287,11.248908272459328
2024,iah4,PH12C/PHP02,11.248908272459328
2024,iah4,PH19V/LH287,11.248908272459328
2024,iah4,PH19V/PHP02,11.248908272459328
2024,iah4,PH1CA/LH287,11.248908272459328
2024,iah4,PH1CA/PHP02,11.248908272459328
2024,iah4,PH1GC/PHP02,11.248908272459328
2024,iah4,PH1GG/LH287,11.248908272459328
2024,iah4,PH1GG/PHP02,11.248908272459328
2024,iah4,PH1TB/PHP02,11.248908272459328
2024,iah4,PH1W2/LH287,11.248908272459328
2024,iah4,PH1W2/PHP02,11.248908272459328
2024,iah4,PH24E/LH244,13.128370597073625
2024,iah4,PH24M/LH287,11.248908272459328
2024,iah4,PH42B/LH287,11.248908272459328
2024,iah4,PH44A/LH287,11.248908272459328
2024,iah4,PH44A/PHP02,11.248908272459328
2024,iah4,PH55C/LH287,11.248908272459328
2024,iah4,PH63A/PHP02,11.248908272459328
2024,iah4,PH79A/LH287,11.248908272459328
2024,iah4,PH79A/PHP02,11.248908272459328
2024,iah4,PHB47/LH287,11.248908272459328
2024,iah4,PHB47/PHN82,12.090511386376647
2024,iah4,PHB47/PHP02,11.248908272459328
2024,iah4,PHB47/PHZ51,10.606743823392062
2024,iah4,PHBW8/LH287,11.248908272459328
2024,iah4,PHBW8/PHP02,11.248908272459328
2024,iah4,PHDG1/LH287,11.248908272459328
2024,iah4,PHDG1/PHP02,11.248908272459328
2024,iah4,PHEW7/LH287,11.248908272459328
2024,iah4,PHEW7/PHP02,11.248908272459328
2024,iah4,PHG29/PHG47,8.760589232162609
2024,iah4,PHG39/PHN82,12.170000224622157
2024,iah4,PHHB9/LH287,11.248908272459328
2024,iah4,PHHB9/PHP02,11.248908272459328
2024,iah4,PHJ40/PHAJ0,5.748751617795292
2024,iah4,PHJ89/LH244,12.48458035703402
2024,iah4,PHJR5/LH287,11.248908272459328
2024,iah4,PHJR5/PHP02,11.248908272459328
2024,iah4,PHK56/LH244,13.062490057165954
2024,iah4,PHKV0/LH287,11.248908272459328
2024,iah4,PHKV0/PHP02,11.248908272459328
2024,iah4,PHN41/LH287,11.248908272459328
2024,iah4,PHN46/LH244,10.793186028836917
2024,iah4,PHN66/PHP02,11.248908272459328
2024,iah4,PHNJ2/LH287,11.248908272459328
2024,iah4,PHNJ2/PHP02,11.248908272459328
2024,iah4,PHP02/LH244,13.023634251473029
2024,iah4,PHP38/PHP02,11.248908272459328
2024,iah4,PHPR5/LH287,11.248908272459328
2024,iah4,PHR03/LH244,13.140640308182855
2024,iah4,PHR61/PHP02,11.248908272459328
2024,iah4,PHRE1/PHTD5,6.809000106424784
2024,iah4,PHT10/PHP02,11.248908272459328
2024,iah4,PHT11/LH287,11.248908272459328
2024,iah4,PHT11/PHP02,11.248908272459328
2024,iah4,PHT47/LH287,11.248908272459328
2024,iah4,PHTP9/LH287,11.248908272459328
2024,iah4,PHTV7/LH287,11.248908272459328
2024,iah4,PHTV7/PHP02,11.248908272459328
2024,iah4,PHV37/PHP02,11.248908272459328
2024,iah4,PHVA9/LH287,11.248908272459328
2024,iah4,PHVA9/PHP02,11.248908272459328
2024,iah4,PHVJ5/LH287,11.248908272459328
2024,iah4,PHVJ5/PHP02,11.248908272459328
2024,iah4,PHW30/LH244,12.880098681343345
2024,iah4,PHW52/PHM49,11.309991421346185
2024,iah4,PHW52/PHP02,11.248908272459328
2024,iah4,TX777/LH195,8.710703036157234
2024,iah4,W10004_0018/PHP02,11.187805361330653
2024,iah4,W10004_0031/LH287,11.248908272459328
2024,iah4,W10004_0031/PHP02,13.022450614640373
2024,iah4,W10004_0034/LH287,11.248908272459328
2024,iah4,W10004_0034/PHP02,12.612202475794813
2024,iah4,W10004_0055/LH287,11.248908272459328
2024,iah4,W10004_0055/PHP02,12.929924753354436
2024,iah4,W10004_0062/LH287,11.248908272459328
2024,iah4,W10004_0062/PHP02,11.234954687286887
2024,iah4,W10004_0095/LH287,11.248908272459328
2024,iah4,W10004_0103/LH287,11.248908272459328
2024,iah4,W10004_0122/LH287,11.248908272459328
2024,iah4,W10004_0133/LH287,11.248908272459328
2024,iah4,W10004_0133/PHP02,12.612202475794813
2024,iah4,W10004_0138/LH287,11.248908272459328
2024,iah4,W10004_0138/PHP02,11.780213189406924
2024,iah4,W10004_0146/LH287,11.248908272459328
2024,iah4,W10004_0160/LH287,11.248908272459328
2024,iah4,W10004_0160/PHP02,12.846818365509712
2024,iah4,W10004_0167/LH287,11.248908272459328
2024,iah4,W10004_0168/PHP02,12.474495510029465
2024,iah4,W10004_0189/LH287,11.248908272459328
2024,iah4,W10004_0189/PHP02,13.16255499851299
2024,iah4,W10004_0236/LH287,11.248908272459328
2024,iah4,W10004_0236/PHP02,12.488491075738269
2024,iah4,W10004_0238/LH287,11.248908272459328
2024,iah4,W10004_0238/PHP02,12.598989159023867
2024,iah4,W10004_0258/LH287,11.248908272459328
2024,iah4,W10004_0270/PHP02,11.94485455783053
2024,iah4,W10004_0311/LH287,11.248908272459328
2024,iah4,W10004_0311/PHP02,11.465349842448145
2024,iah4,W10004_0346/LH287,11.248908272459328
2024,iah4,W10004_0346/PHP02,13.106262865274791
2024,iah4,W10004_0389/PHP02,12.148176053648854
2024,iah4,W10004_0403/LH287,11.248908272459328
2024,iah4,W10004_0403/PHP02,12.594474957880228
2024,iah4,W10004_0409/LH287,11.248908272459328
2024,iah4,W10004_0409/PHP02,13.571622474263922
2024,iah4,W10004_0412/LH287,11.248908272459328
2024,iah4,W10004_0412/PHP02,12.471152169691731
2024,iah4,W10004_0476/LH287,11.248908272459328
2024,iah4,W10004_0476/PHP02,11.436286204862913
2024,iah4,W10004_0601/LH287,11.248908272459328
2024,iah4,W10004_0601/PHP02,12.500948123719237
2024,iah4,W10004_0608/LH287,11.248908272459328
2024,iah4,W10004_0608/PHP02,11.00059922104328
2024,iah4,W10004_0637/LH287,11.248908272459328
2024,iah4,W10004_0637/PHP02,12.730084711517668
2024,iah4,W10004_0658/LH287,11.248908272459328
2024,iah4,W10004_0688/LH287,11.248908272459328
2024,iah4,W10004_0688/PHP02,11.65712206310284
2024,iah4,W10004_0691/LH287,11.248908272459328
2024,iah4,W10004_0714/LH287,11.248908272459328
2024,iah4,W10004_0714/PHP02,12.500948123719237
2024,iah4,W10004_0715/PHP02,12.471152169691731
2024,iah4,W10004_0747/LH287,11.248908272459328
2024,iah4,W10004_0747/PHP02,13.058130546476107
2024,iah4,W10004_0776/LH287,11.248908272459328
2024,iah4,W10004_0801/LH287,11.248908272459328
2024,iah4,W10004_0801/PHP02,13.099826300095906
2024,iah4,W10004_0858/PHP02,12.477536757559111
2024,iah4,W10004_0859/PHP02,11.780213189406924
2024,iah4,W10004_0866/PHP02,13.128370597073625
2024,iah4,W10004_0949/LH287,11.248908272459328
2024,iah4,W10004_0969/LH287,11.248908272459328
2024,iah4,W10004_0969/PHP02,11.433875699901998
2024,iah4,W10004_1014/LH287,11.248908272459328
2024,iah4,W10004_1032/LH287,11.248908272459328
2024,iah4,W10004_1032/PHP02,11.433875699901998
2024,iah4,W10004_1080/LH287,11.248908272459328
2024,iah4,WQCD10/LH287,11.248908272459328
2024,iah4,WQCD10/PHP02,11.248908272459328
2024,iah4,ZS01459/LH287,11.248908272459328
2024,iah4,ZS0510/LH287,11.248908272459328
2024,iah4,ZS0510/PHP02,11.248908272459328
2024,ilh1,2369/LH123HT,12.3836745506257
2024,ilh1,2FACC/PHP02,10.316276446879511
2024,ilh1,B14A/OH43,9.741645417763118
2024,ilh1,B37/H95,9.54348101590868
2024,ilh1,B73/MO17,11.849415034378724
2024,ilh1,B73/PHK76,10.19456761760757
2024,ilh1,B73/PHN82,12.263791136594573
2024,ilh1,B73/PHZ51,9.677718790760768
2024,ilh1,B73/TX779,7.52258874881399
2024,ilh1,CG119/CG108,5.180655026770725
2024,ilh1,CG44/CGR01,7.958606250854505
2024,ilh1,DK3IIH6/LH244,11.943713659110877
2024,ilh1,DKFBHJ/PHP02,10.316276446879511
2024,ilh1,FBLL/PHP02,10.316276446879511
2024,ilh1,GEMS-0061_3AZA1_0001/PHP02,10.316276446879511
2024,ilh1,GEMS-0061_3AZA1_0004/PHP02,10.316276446879511
2024,ilh1,GEMS-0061_3AZA1_0005/PHP02,10.316276446879511
2024,ilh1,GEMS-0061_3AZA1_0006/PHP02,10.316276446879511
2024,ilh1,GEMS-0061_3AZA1_0007/PHP02,10.316276446879511
2024,ilh1,GEMS-0061_3AZA1_0009/PHP02,10.316276446879511
2024,ilh1,GEMS-0061_3AZA1_0010/PHP02,10.316276446879511
2024,ilh1,GEMS-0061_3AZA1_0011/PHP02,10.316276446879511
2024,ilh1,GEMS-0061_3AZA1_0012/PHP02,10.316276446879511
2024,ilh1,GEMS-0061_3AZA1_0014/PHP02,10.316276446879511
2024,ilh1,GEMS-0061_3AZA1_0015/PHP02,10.316276446879511
2024,ilh1,GEMS-0061_3AZA1_0016/PHP02,10.316276446879511
2024,ilh1,GEMS-0061_3AZA1_0017/PHP02,10.316276446879511
2024,ilh1,GEMS-0061_3AZA1_0023/PHP02,10.316276446879511
2024,ilh1,GEMS-0061_FBLL_0002/PHP02,10.316276446879511
2024,ilh1,GEMS-0061_FBLL_0004/PHP02,10.316276446879511
2024,ilh1,GEMS-0061_FBLL_0005/PHP02,10.316276446879511
2024,ilh1,GEMS-0061_FBLL_0007/PHP02,10.316276446879511
2024,ilh1,GEMS-0061_FBLL_0009/PHP02,10.316276446879511
2024,ilh1,GEMS-0061_FBLL_0010/PHP02,10.316276446879511
2024,ilh1,GEMS-0061_FBLL_0011/PHP02,10.316276446879511
2024,ilh1,GEMS-0061_FBLL_0015/PHP02,10.316276446879511
2024,ilh1,GEMS-0061_FBLL_0016/PHP02,10.316276446879511
2024,ilh1,GEMS-0061_FBLL_0017/PHP02,10.316276446879511
2024,ilh1,GEMS-0061_FBLL_0018/PHP02,10.316276446879511
2024,ilh1,GEMS-0061_FBLL_0019/PHP02,10.316276446879511
2024,ilh1,GEMS-0061_FBLL_0023/PHP02,10.316276446879511
2024,ilh1,GEMS-0061_FBLL_0024/PHP02,10.316276446879511
2024,ilh1,GEMS-0061_FBLL_0025/PHP02,10.316276446879511
2024,ilh1,GEMS-0061_FBLL_0026/PHP02,10.316276446879511
2024,ilh1,GEMS-0061_FBLL_0029/PHP02,10.316276446879511
2024,ilh1,GEMS-0061_FBLL_0031/PHP02,10.316276446879511
2024,ilh1,GEMS-0061_FBLL_0032/PHP02,10.316276446879511
2024,ilh1,GEMS-0061_FBLL_0033/PHP02,10.316276446879511
2024,ilh1,GEMS-0061_FBLL_0034/PHP02,10.316276446879511
2024,ilh1,GEMS-0061_FBLL_0035/PHP02,10.316276446879511
2024,ilh1,GEMS-0061_FBLL_0037/PHP02,10.316276446879511
2024,ilh1,GEMS-0061_FBLL_0038/PHP02,10.316276446879511
2024,ilh1,GEMS-0061_FBLL_0039/PHP02,10.316276446879511
2024,ilh1,GEMS-0061_FBLL_0040/PHP02,10.316276446879511
2024,ilh1,GEMS-0061_FBLL_0042/PHP02,10.316276446879511
2024,ilh1,GEMS-0061_FBLL_0044/PHP02,10.316276446879511
2024,ilh1,GEMS-0061_FBLL_0047/PHP02,10.316276446879511
2024,ilh1,GEMS-0061_PHB47_0001/PHP02,10.316276446879511
2024,ilh1,GEMS-0061_PHB47_0003/PHP02,10.316276446879511
2024,ilh1,GEMS-0061_PHBW8_0001/PHP02,10.316276446879511
2024,ilh1,GEMS-0113_3AZA1_0003/PHP02,10.316276446879511
2024,ilh1,GEMS-0113_3AZA1_0006/PHP02,10.316276446879511
2024,ilh1,GEMS-0113_3AZA1_0007/PHP02,10.316276446879511
2024,ilh1,GEMS-0113_3AZA1_0008/PHP02,10.316276446879511
2024,ilh1,GEMS-0113_3AZA1_0010/PHP02,10.316276446879511
2024,ilh1,GEMS-0113_3AZA1_0015/PHP02,10.316276446879511
2024,ilh1,GEMS-0113_3AZA1_0017/PHP02,10.316276446879511
2024,ilh1,GEMS-0113_3AZA1_0018/PHP02,10.316276446879511
2024,ilh1,GEMS-0113_3AZA1_0019/PHP02,10.316276446879511
2024,ilh1,GEMS-0113_3AZA1_0021/PHP02,10.316276446879511
2024,ilh1,GEMS-0113_3AZA1_0022/PHP02,10.316276446879511
2024,ilh1,GEMS-0113_3AZA1_0023/PHP02,10.316276446879511
2024,ilh1,GEMS-0113_3AZA1_0025/PHP02,10.316276446879511
2024,ilh1,GEMS-0113_3AZA1_0028/PHP02,10.316276446879511
2024,ilh1,GEMS-0113_3AZA1_0029/PHP02,10.316276446879511
2024,ilh1,GEMS-0113_FBLL_0002/PHP02,10.316276446879511
2024,ilh1,GEMS-0113_FBLL_0004/PHP02,10.316276446879511
2024,ilh1,GEMS-0113_FBLL_0005/PHP02,10.316276446879511
2024,ilh1,GEMS-0113_FBLL_0008/PHP02,10.316276446879511
2024,ilh1,GEMS-0113_FBLL_0010/PHP02,10.316276446879511
2024,ilh1,GEMS-0113_FBLL_0011/PHP02,10.316276446879511
2024,ilh1,GEMS-0113_FBLL_0013/PHP02,10.316276446879511
2024,ilh1,GEMS-0113_FBLL_0015/PHP02,10.316276446879511
2024,ilh1,GEMS-0113_PHB47_0001/PHP02,10.316276446879511
2024,ilh1,GEMS-0113_PHB47_0005/PHP02,10.316276446879511
2024,ilh1,GEMS-0113_PHB47_0006/PHP02,10.316276446879511
2024,ilh1,GEMS-0113_PHB47_0007/PHP02,10.316276446879511
2024,ilh1,GEMS-0113_PHB47_0008/PHP02,10.316276446879511
2024,ilh1,GEMS-0113_PHB47_0009/PHP02,10.316276446879511
2024,ilh1,GEMS-0113_PHB47_0014/PHP02,10.316276446879511
2024,ilh1,GEMS-0113_PHB47_0015/PHP02,10.316276446879511
2024,ilh1,GEMS-0113_PHB47_0017/PHP02,10.316276446879511
2024,ilh1,GEMS-0113_PHB47_0021/PHP02,10.316276446879511
2024,ilh1,GEMS-0113_PHBW8_0002/PHP02,10.316276446879511
2024,ilh1,GEMS-0113_PHBW8_0005/PHP02,10.316276446879511
2024,ilh1,GEMS-0113_PHBW8_0006/PHP02,10.316276446879511
2024,ilh1,GEMS-0113_PHBW8_0010/PHP02,10.316276446879511
2024,ilh1,GEMS-0113_PHBW8_0011/PHP02,10.316276446879511
2024,ilh1,GEMS-0113_PHBW8_0012/PHP02,10.316276446879511
2024,ilh1,GEMS-0113_PHBW8_0017/PHP02,10.316276446879511
2024,ilh1,GEMS-0219_3AZA1_0001/PHP02,10.316276446879511
2024,ilh1,GEMS-0219_3AZA1_0004/PHP02,10.316276446879511
2024,ilh1,GEMS-0219_3AZA1_0005/PHP02,10.316276446879511
2024,ilh1,GEMS-0219_3AZA1_0006/PHP02,10.316276446879511
2024,ilh1,GEMS-0219_3AZA1_0007/PHP02,10.316276446879511
2024,ilh1,GEMS-0219_3AZA1_0008/PHP02,10.316276446879511
2024,ilh1,GEMS-0219_3AZA1_0014/PHP02,10.316276446879511
2024,ilh1,GEMS-0219_FBLL_0002/PHP02,10.316276446879511
2024,ilh1,GEMS-0219_FBLL_0003/PHP02,10.316276446879511
2024,ilh1,GEMS-0219_FBLL_0004/PHP02,10.316276446879511
2024,ilh1,GEMS-0219_FBLL_0005/PHP02,10.316276446879511
2024,ilh1,GEMS-0219_FBLL_0006/PHP02,10.316276446879511
2024,ilh1,GEMS-0219_FBLL_0007/PHP02,10.316276446879511
2024,ilh1,GEMS-0219_FBLL_0008/PHP02,10.316276446879511
2024,ilh1,GEMS-0219_FBLL_0010/PHP02,10.316276446879511
2024,ilh1,GEMS-0219_FBLL_0013/PHP02,10.316276446879511
2024,ilh1,GEMS-0219_FBLL_0014/PHP02,10.316276446879511
2024,ilh1,GEMS-0219_FBLL_0015/PHP02,10.316276446879511
2024,ilh1,GEMS-0219_FBLL_0018/PHP02,10.316276446879511
2024,ilh1,GEMS-0219_FBLL_0020/PHP02,10.316276446879511
2024,ilh1,GEMS-0219_FBLL_0021/PHP02,10.316276446879511
2024,ilh1,GEMS-0219_FBLL_0022/PHP02,10.316276446879511
2024,ilh1,GEMS-0219_FBLL_0023/PHP02,10.316276446879511
2024,ilh1,GEMS-0219_FBLL_0025/PHP02,10.316276446879511
2024,ilh1,GEMS-0219_FBLL_0027/PHP02,10.316276446879511
2024,ilh1,GEMS-0219_FBLL_0030/PHP02,10.316276446879511
2024,ilh1,GEMS-0219_PHB47_0002/PHP02,10.316276446879511
2024,ilh1,GEMS-0219_PHB47_0005/PHP02,10.316276446879511
2024,ilh1,GEMS-0219_PHB47_0011/PHP02,10.316276446879511
2024,ilh1,GEMS-0219_PHB47_0014/PHP02,10.316276446879511
2024,ilh1,GEMS-0219_PHB47_0017/PHP02,10.316276446879511
2024,ilh1,GEMS-0219_PHBW8_0002/PHP02,10.316276446879511
2024,ilh1,GEMS-0219_PHBW8_0003/PHP02,10.316276446879511
2024,ilh1,GEMS-0219_PHBW8_0004/PHP02,10.316276446879511
2024,ilh1,GEMS-0219_PHBW8_0006/PHP02,10.316276446879511
2024,ilh1,GEMS-0219_PHBW8_0008/PHP02,10.316276446879511
2024,ilh1,GEMS-0219_PHBW8_0009/PHP02,10.316276446879511
2024,ilh1,GEMS-0219_PHBW8_0011/PHP02,10.316276446879511
2024,ilh1,GEMS-0227_3AZA1_0001/PHP02,10.316276446879511
2024,ilh1,GEMS-0227_3AZA1_0005/PHP02,10.316276446879511
2024,ilh1,GEMS-0227_3AZA1_0006/PHP02,10.316276446879511
2024,ilh1,GEMS-0227_3AZA1_0007/PHP02,10.316276446879511
2024,ilh1,GEMS-0227_3AZA1_0008/PHP02,10.316276446879511
2024,ilh1,GEMS-0227_3AZA1_0009/PHP02,10.316276446879511
2024,ilh1,GEMS-0227_3AZA1_0010/PHP02,10.316276446879511
2024,ilh1,GEMS-0227_3AZA1_0011/PHP02,10.316276446879511
2024,ilh1,GEMS-0227_3AZA1_0013/PHP02,10.316276446879511
2024,ilh1,GEMS-0227_3AZA1_0016/PHP02,10.316276446879511
2024,ilh1,GEMS-0227_3AZA1_0017/PHP02,10.316276446879511
2024,ilh1,GEMS-0227_3AZA1_0021/PHP02,10.316276446879511
2024,ilh1,GEMS-0227_3AZA1_0022/PHP02,10.316276446879511
2024,ilh1,GEMS-0227_3AZA1_0025/PHP02,10.316276446879511
2024,ilh1,GEMS-0227_3AZA1_0028/PHP02,10.316276446879511
2024,ilh1,GEMS-0227_3AZA1_0029/PHP02,10.316276446879511
2024,ilh1,GEMS-0227_3AZA1_0030/PHP02,10.316276446879511
2024,ilh1,GEMS-0227_3AZA1_0031/PHP02,10.316276446879511
2024,ilh1,GEMS-0227_3AZA1_0040/PHP02,10.316276446879511
2024,ilh1,GEMS-0227_3AZA1_0049/PHP02,10.316276446879511
2024,ilh1,GEMS-0227_FBLL_0003/PHP02,10.316276446879511
2024,ilh1,GEMS-0227_FBLL_0005/PHP02,10.316276446879511
2024,ilh1,GEMS-0227_FBLL_0010/PHP02,10.316276446879511
2024,ilh1,GEMS-0227_FBLL_0012/PHP02,10.316276446879511
2024,ilh1,GEMS-0227_FBLL_0013/PHP02,10.316276446879511
2024,ilh1,GEMS-0227_FBLL_0014/PHP02,10.316276446879511
2024,ilh1,GEMS-0227_FBLL_0015/PHP02,10.316276446879511
2024,ilh1,GEMS-0227_FBLL_0016/PHP02,10.316276446879511
2024,ilh1,GEMS-0227_FBLL_0017/PHP02,10.316276446879511
2024,ilh1,GEMS-0227_FBLL_0018/PHP02,10.316276446879511
2024,ilh1,GEMS-0227_FBLL_0019/PHP02,10.316276446879511
2024,ilh1,GEMS-0227_FBLL_0020/PHP02,10.316276446879511
2024,ilh1,GEMS-0227_FBLL_0021/PHP02,10.316276446879511
2024,ilh1,GEMS-0227_FBLL_0022/PHP02,10.316276446879511
2024,ilh1,GEMS-0227_FBLL_0023/PHP02,10.316276446879511
2024,ilh1,GEMS-0227_FBLL_0024/PHP02,10.316276446879511
2024,ilh1,GEMS-0227_FBLL_0026/PHP02,10.316276446879511
2024,ilh1,GEMS-0227_FBLL_0028/PHP02,10.316276446879511
2024,ilh1,GEMS-0227_FBLL_0029/PHP02,10.316276446879511
2024,ilh1,GEMS-0227_FBLL_0030/PHP02,10.316276446879511
2024,ilh1,GEMS-0227_FBLL_0031/PHP02,10.316276446879511
2024,ilh1,GEMS-0227_FBLL_0032/PHP02,10.316276446879511
2024,ilh1,GEMS-0227_FBLL_0033/PHP02,10.316276446879511
2024,ilh1,GEMS-0227_FBLL_0036/PHP02,10.316276446879511
2024,ilh1,GEMS-0227_FBLL_0037/PHP02,10.316276446879511
2024,ilh1,GEMS-0227_FBLL_0038/PHP02,10.316276446879511
2024,ilh1,GEMS-0227_FBLL_0039/PHP02,10.316276446879511
2024,ilh1,GEMS-0227_FBLL_0040/PHP02,10.316276446879511
2024,ilh1,GEMS-0227_FBLL_0042/PHP02,10.316276446879511
2024,ilh1,GEMS-0227_FBLL_0046/PHP02,10.316276446879511
2024,ilh1,GEMS-0227_FBLL_0048/PHP02,10.316276446879511
2024,ilh1,GEMS-0227_FBLL_0050/PHP02,10.316276446879511
2024,ilh1,GEMS-0227_FBLL_0051/PHP02,10.316276446879511
2024,ilh1,GEMS-0227_FBLL_0052/PHP02,10.316276446879511
2024,ilh1,GEMS-0227_FBLL_0054/PHP02,10.316276446879511
2024,ilh1,GEMS-0227_FBLL_0055/PHP02,10.316276446879511
2024,ilh1,GEMS-0227_FBLL_0056/PHP02,10.316276446879511
2024,ilh1,GEMS-0227_FBLL_0059/PHP02,10.316276446879511
2024,ilh1,GEMS-0227_FBLL_0062/PHP02,10.316276446879511
2024,ilh1,GEMS-0227_FBLL_0063/PHP02,10.316276446879511
2024,ilh1,GEMS-0227_FBLL_0064/PHP02,10.316276446879511
2024,ilh1,GEMS-0227_FBLL_0066/PHP02,10.316276446879511
2024,ilh1,GEMS-0227_FBLL_0067/PHP02,10.316276446879511
2024,ilh1,GEMS-0227_FBLL_0068/PHP02,10.316276446879511
2024,ilh1,GEMS-0227_FBLL_0069/PHP02,10.316276446879511
2024,ilh1,GEMS-0227_FBLL_0070/PHP02,10.316276446879511
2024,ilh1,GEMS-0227_FBLL_0071/PHP02,10.316276446879511
2024,ilh1,GEMS-0227_FBLL_0072/PHP02,10.316276446879511
2024,ilh1,GEMS-0227_FBLL_0073/PHP02,10.316276446879511
2024,ilh1,GEMS-0227_FBLL_0075/PHP02,10.316276446879511
2024,ilh1,GEMS-0227_FBLL_0077/PHP02,10.316276446879511
2024,ilh1,GEMS-0227_FBLL_0078/PHP02,10.316276446879511
2024,ilh1,GEMS-0227_FBLL_0084/PHP02,10.316276446879511
2024,ilh1,GEMS-0227_FBLL_0085/PHP02,10.316276446879511
2024,ilh1,GEMS-0227_FBLL_0086/PHP02,10.316276446879511
2024,ilh1,GEMS-0227_FBLL_0087/PHP02,10.316276446879511
2024,ilh1,GEMS-0227_FBLL_0089/PHP02,10.316276446879511
2024,ilh1,GEMS-0227_FBLL_0090/PHP02,10.316276446879511
2024,ilh1,GEMS-0227_FBLL_0097/PHP02,10.316276446879511
2024,ilh1,GEMS-0227_FBLL_0104/PHP02,10.316276446879511
2024,ilh1,GEMS-0227_FBLL_0105/PHP02,10.316276446879511
2024,ilh1,GEMS-0227_FBLL_0106/PHP02,10.316276446879511
2024,ilh1,GEMS-0227_FBLL_0107/PHP02,10.316276446879511
2024,ilh1,GEMS-0227_FBLL_0110/PHP02,10.316276446879511
2024,ilh1,GEMS-0227_FBLL_0111/PHP02,10.316276446879511
2024,ilh1,GEMS-0227_FBLL_0113/PHP02,10.316276446879511
2024,ilh1,GEMS-0227_FBLL_0114/PHP02,10.316276446879511
2024,ilh1,GEMS-0227_FBLL_0115/PHP02,10.316276446879511
2024,ilh1,GEMS-0227_FBLL_0116/PHP02,10.316276446879511
2024,ilh1,GEMS-0227_FBLL_0117/PHP02,10.316276446879511
2024,ilh1,GEMS-0227_FBLL_0118/PHP02,10.316276446879511
2024,ilh1,GEMS-0227_FBLL_0121/PHP02,10.316276446879511
2024,ilh1,GEMS-0227_FBLL_0125/PHP02,10.316276446879511
2024,ilh1,GEMS-0227_FBLL_0127/PHP02,10.316276446879511
2024,ilh1,GEMS-0227_FBLL_0133/PHP02,10.316276446879511
2024,ilh1,GEMS-0227_PHB47_0001/PHP02,10.316276446879511
2024,ilh1,GEMS-0227_PHB47_0003/PHP02,10.316276446879511
2024,ilh1,GEMS-0227_PHB47_0004/PHP02,10.316276446879511
2024,ilh1,GEMS-0227_PHB47_0006/PHP02,10.316276446879511
2024,ilh1,GEMS-0227_PHB47_0007/PHP02,10.316276446879511
2024,ilh1,GEMS-0227_PHB47_0010/PHP02,10.316276446879511
2024,ilh1,GEMS-0227_PHB47_0011/PHP02,10.316276446879511
2024,ilh1,GEMS-0227_PHB47_0012/PHP02,10.316276446879511
2024,ilh1,GEMS-0227_PHB47_0014/PHP02,10.316276446879511
2024,ilh1,GEMS-0227_PHB47_0016/PHP02,10.316276446879511
2024,ilh1,GEMS-0227_PHB47_0022/PHP02,10.316276446879511
2024,ilh1,GEMS-0227_PHB47_0026/PHP02,10.316276446879511
2024,ilh1,GEMS-0227_PHBW8_0002/PHP02,10.316276446879511
2024,ilh1,GEMS-0227_PHBW8_0004/PHP02,10.316276446879511
2024,ilh1,GEMS-0227_PHBW8_0005/PHP02,10.316276446879511
2024,ilh1,GEMS-0227_PHBW8_0006/PHP02,10.316276446879511
2024,ilh1,GEMS-0227_PHBW8_0009/PHP02,10.316276446879511
2024,ilh1,GEMS-0227_PHBW8_0011/PHP02,10.316276446879511
2024,ilh1,GEMS-0227_PHBW8_0012/PHP02,10.316276446879511
2024,ilh1,GEMS-0227_PHBW8_0015/PHP02,10.316276446879511
2024,ilh1,GEMS-0227_PHBW8_0018/PHP02,10.316276446879511
2024,ilh1,GEMS-0227_PHBW8_0019/PHP02,10.316276446879511
2024,ilh1,GEMS-0227_PHBW8_0020/PHP02,10.316276446879511
2024,ilh1,GEMS-0227_PHBW8_0022/PHP02,10.316276446879511
2024,ilh1,LH145/LH82,7.852387876865227
2024,ilh1,LH146HT/PHP02,10.316276446879511
2024,ilh1,LH192/PHP02,10.316276446879511
2024,ilh1,LH193/PHP02,10.316276446879511
2024,ilh1,LH194/PHP02,10.316276446879511
2024,ilh1,LH195/MO17,11.141778999332212
2024,ilh1,LH195/PHK76,9.2550650677108
2024,ilh1,LH195/PHN82,10.024881700127855
2024,ilh1,LH195/PHP02,10.295000036120939
2024,ilh1,LH195/PHZ51,9.61851361792702
2024,ilh1,LH198/PHP02,10.316276446879511
2024,ilh1,LH200/PHP02,10.316276446879511
2024,ilh1,LH220HT/PHP02,10.316276446879511
2024,ilh1,LH224/PHP02,10.316276446879511
2024,ilh1,LH225/PHP02,10.316276446879511
2024,ilh1,LH228/PHP02,10.316276446879511
2024,ilh1,LH231/PHP02,10.316276446879511
2024,ilh1,LH234/PHP02,10.316276446879511
2024,ilh1,LH235/PHP02,10.316276446879511
2024,ilh1,LH236/PHP02,10.316276446879511
2024,ilh1,LH237/PHP02,10.316276446879511
2024,ilh1,LH244/MO17,11.597701049291889
2024,ilh1,LH244/PHK76,10.024881700127855
2024,ilh1,LH244/PHN82,10.646351616060832
2024,ilh1,LH244/PHP02,10.316276446879511
2024,ilh1,LH244/PHZ51,9.535290168586526
2024,ilh1,LH264/PHP02,10.316276446879511
2024,ilh1,LH273/PHP02,10.316276446879511
2024,ilh1,LH286/PHP02,10.316276446879511
2024,ilh1,LH287/LH244,12.88889698451014
2024,ilh1,LH82/LH244,10.295427265661917
2024,ilh1,MM501D/LH244,11.943713659110877
2024,ilh1,NKH8431/PHP02,10.316276446879511
2024,ilh1,PH05F/PHP02,10.316276446879511
2024,ilh1,PH05W/PHP02,10.316276446879511
2024,ilh1,PH06N/PHP02,10.316276446879511
2024,ilh1,PH080/PHP02,10.316276446879511
2024,ilh1,PH09B/PHP02,10.316276446879511
2024,ilh1,PH09E/PHP02,10.316276446879511
2024,ilh1,PH0GP/PHP02,10.316276446879511
2024,ilh1,PH19V/PHP02,10.316276446879511
2024,ilh1,PH1CA/PHP02,10.316276446879511
2024,ilh1,PH24E/LH244,12.139079074834001
2024,ilh1,PH24M/PHP02,10.316276446879511
2024,ilh1,PH32C/PHP02,10.316276446879511
2024,ilh1,PH37C/PHP02,10.316276446879511
2024,ilh1,PH38D/PHP02,10.316276446879511
2024,ilh1,PH42B/PHP02,10.316276446879511
2024,ilh1,PH44A/PHP02,10.316276446879511
2024,ilh1,PH55C/PHP02,10.316276446879511
2024,ilh1,PH63A/PHP02,10.316276446879511
2024,ilh1,PHB47/MO17,9.614611519160352
2024,ilh1,PHB47/PHK76,9.361622157194166
2024,ilh1,PHB47/PHN82,11.138437527644317
2024,ilh1,PHB47/PHZ51,9.571875455566543
2024,ilh1,PHEW7/PHP02,10.316276446879511
2024,ilh1,PHG29/PHG47,8.60939400949985
2024,ilh1,PHG39/PHN82,11.188713772673568
2024,ilh1,PHJ40/PHAJ0,5.180655026770725
2024,ilh1,PHJ89/LH244,11.476107280978077
2024,ilh1,PHJ89/PH207,9.618198371161542
2024,ilh1,PHJR5/PHP02,10.316276446879511
2024,ilh1,PHK56/LH244,12.060217430374124
2024,ilh1,PHN41/PHP02,10.316276446879511
2024,ilh1,PHN46/LH244,9.767533683442261
2024,ilh1,PHN66/PHP02,10.316276446879511
2024,ilh1,PHP02/LH244,12.075542106365697
2024,ilh1,PHP38/PHP02,10.316276446879511
2024,ilh1,PHPR5/PHP02,10.316276446879511
2024,ilh1,PHR03/LH244,12.205219739939572
2024,ilh1,PHR61/PHP02,10.316276446879511
2024,ilh1,PHRE1/PHTD5,6.493723375772665
2024,ilh1,PHT10/PHP02,10.316276446879511
2024,ilh1,PHT47/PHP02,10.316276446879511
2024,ilh1,PHTP9/PHP02,10.316276446879511
2024,ilh1,PHV37/PHP02,10.316276446879511
2024,ilh1,PHVA9/PHP02,10.316276446879511
2024,ilh1,PHW30/LH244,11.751226211641619
2024,ilh1,PHW52/PHM49,10.374745633092793
2024,ilh1,TX714/PHZ51,8.797581709631258
2024,ilh1,TX777/LH195,8.38555076347214
2024,ilh1,W10004_0018/PHP02,10.327340681096523
2024,ilh1,W10004_0055/PHP02,11.814304234747253
2024,ilh1,W10004_0095/PHP02,9.833961243756312
2024,ilh1,W10004_0103/PHP02,11.66083873908635
2024,ilh1,W10004_0122/PHP02,11.488775612242192
2024,ilh1,W10004_0133/PHP02,11.760178920695234
2024,ilh1,W10004_0138/PHP02,10.907080423491804
2024,ilh1,W10004_0146/PHP02,11.672892513680525
2024,ilh1,W10004_0167/PHP02,11.07358647146915
2024,ilh1,W10004_0189/PHP02,12.205219739939572
2024,ilh1,W10004_0236/PHP02,11.458669997667108
2024,ilh1,W10004_0238/PHP02,11.597701049291889
2024,ilh1,W10004_0258/PHP02,12.060217430374124
2024,ilh1,W10004_0346/PHP02,12.212641078423186
2024,ilh1,W10004_0403/PHP02,11.566261366235048
2024,ilh1,W10004_0409/PHP02,12.560236778690632
2024,ilh1,W10004_0658/PHP02,12.68078270555678
2024,ilh1,W10004_0688/PHP02,10.81971242999836
2024,ilh1,W10004_0691/PHP02,9.833968788994182
2024,ilh1,W10004_0747/PHP02,12.283431890157875
2024,ilh1,W10004_0754/PHP02,11.538069462010293
2024,ilh1,W10004_0771/PHP02,11.574962457808173
2024,ilh1,W10004_0776/PHP02,11.538069462010293
2024,ilh1,W10004_0822/PHP02,11.597701049291889
2024,ilh1,W10004_0866/PHP02,12.139079074834001
2024,ilh1,W10004_0949/PHP02,12.68078270555678
2024,ilh1,W10004_1014/PHP02,11.476107280978077
2024,ilh1,W10004_1018/PHP02,10.894834452365789
2024,ilh1,W10004_1032/PHP02,10.698194255051758
2024,ilh1,W10004_1080/PHP02,12.313522674849384
2024,ilh1,WQCD10/PHP02,10.316276446879511
2024,ilh1,ZS01459/PHP02,10.316276446879511
2024,inh1,01DIB2/PHP02,10.367553981213925
2024,inh1,2369/LH123HT,12.794494273291038
2024,inh1,2FACC/PHP02,10.367553981213925
2024,inh1,6F629/PHP02,10.367553981213925
2024,inh1,B14A/OH43,10.073908049913735
2024,inh1,B37/H95,9.692097749830934
2024,inh1,B73/MO17,12.350165438112054
2024,inh1,B73/PHN82,12.66725285868798
2024,inh1,B73/TX779,7.84343030206579
2024,inh1,CG119/CG108,6.02995577206365
2024,inh1,CG44/CGR01,8.661092564502242
2024,inh1,DK3IIH6/LH244,12.419065798747528
2024,inh1,FBLA/PHP02,10.367553981213925
2024,inh1,GEMS-0061_3AZA1_0001/PHP02,10.367553981213925
2024,inh1,GEMS-0061_3AZA1_0005/PHP02,10.367553981213925
2024,inh1,GEMS-0061_3AZA1_0007/PHP02,10.367553981213925
2024,inh1,GEMS-0061_3AZA1_0012/PHP02,10.367553981213925
2024,inh1,GEMS-0061_3AZA1_0013/PHP02,10.367553981213925
2024,inh1,GEMS-0061_3AZA1_0014/PHP02,10.367553981213925
2024,inh1,GEMS-0061_3AZA1_0021/PHP02,10.367553981213925
2024,inh1,GEMS-0061_3AZA1_0023/PHP02,10.367553981213925
2024,inh1,GEMS-0061_FBLL_0004/PHP02,10.367553981213925
2024,inh1,GEMS-0061_FBLL_0005/PHP02,10.367553981213925
2024,inh1,GEMS-0061_FBLL_0007/PHP02,10.367553981213925
2024,inh1,GEMS-0061_FBLL_0008/PHP02,10.367553981213925
2024,inh1,GEMS-0061_FBLL_0009/PHP02,10.367553981213925
2024,inh1,GEMS-0061_FBLL_0014/PHP02,10.367553981213925
2024,inh1,GEMS-0061_FBLL_0015/PHP02,10.367553981213925
2024,inh1,GEMS-0061_FBLL_0016/PHP02,10.367553981213925
2024,inh1,GEMS-0061_FBLL_0017/PHP02,10.367553981213925
2024,inh1,GEMS-0061_FBLL_0019/PHP02,10.367553981213925
2024,inh1,GEMS-0061_FBLL_0022/PHP02,10.367553981213925
2024,inh1,GEMS-0061_FBLL_0025/PHP02,10.367553981213925
2024,inh1,GEMS-0061_FBLL_0031/PHP02,10.367553981213925
2024,inh1,GEMS-0061_FBLL_0032/PHP02,10.367553981213925
2024,inh1,GEMS-0061_FBLL_0033/PHP02,10.367553981213925
2024,inh1,GEMS-0061_FBLL_0034/PHP02,10.367553981213925
2024,inh1,GEMS-0061_FBLL_0035/PHP02,10.367553981213925
2024,inh1,GEMS-0061_FBLL_0038/PHP02,10.367553981213925
2024,inh1,GEMS-0061_FBLL_0039/PHP02,10.367553981213925
2024,inh1,GEMS-0061_FBLL_0040/PHP02,10.367553981213925
2024,inh1,GEMS-0061_FBLL_0042/PHP02,10.367553981213925
2024,inh1,GEMS-0061_FBLL_0044/PHP02,10.367553981213925
2024,inh1,GEMS-0061_FBLL_0050/PHP02,10.367553981213925
2024,inh1,GEMS-0061_PHB47_0003/PHP02,10.367553981213925
2024,inh1,GEMS-0061_PHB47_0004/PHP02,10.367553981213925
2024,inh1,GEMS-0061_PHBW8_0002/PHP02,10.367553981213925
2024,inh1,GEMS-0113_3AZA1_0001/PHP02,10.367553981213925
2024,inh1,GEMS-0113_3AZA1_0002/PHP02,10.367553981213925
2024,inh1,GEMS-0113_3AZA1_0004/PHP02,10.367553981213925
2024,inh1,GEMS-0113_3AZA1_0005/PHP02,10.367553981213925
2024,inh1,GEMS-0113_3AZA1_0006/PHP02,10.367553981213925
2024,inh1,GEMS-0113_3AZA1_0007/PHP02,10.367553981213925
2024,inh1,GEMS-0113_3AZA1_0011/PHP02,10.367553981213925
2024,inh1,GEMS-0113_3AZA1_0013/PHP02,10.367553981213925
2024,inh1,GEMS-0113_3AZA1_0014/PHP02,10.367553981213925
2024,inh1,GEMS-0113_3AZA1_0016/PHP02,10.367553981213925
2024,inh1,GEMS-0113_3AZA1_0018/PHP02,10.367553981213925
2024,inh1,GEMS-0113_3AZA1_0024/PHP02,10.367553981213925
2024,inh1,GEMS-0113_3AZA1_0025/PHP02,10.367553981213925
2024,inh1,GEMS-0113_3AZA1_0026/PHP02,10.367553981213925
2024,inh1,GEMS-0113_3AZA1_0027/PHP02,10.367553981213925
2024,inh1,GEMS-0113_3AZA1_0029/PHP02,10.367553981213925
2024,inh1,GEMS-0113_3AZA1_0031/PHP02,10.367553981213925
2024,inh1,GEMS-0113_3AZA1_0038/PHP02,10.367553981213925
2024,inh1,GEMS-0113_FBLL_0002/PHP02,10.367553981213925
2024,inh1,GEMS-0113_FBLL_0003/PHP02,10.367553981213925
2024,inh1,GEMS-0113_FBLL_0005/PHP02,10.367553981213925
2024,inh1,GEMS-0113_FBLL_0006/PHP02,10.367553981213925
2024,inh1,GEMS-0113_FBLL_0007/PHP02,10.367553981213925
2024,inh1,GEMS-0113_FBLL_0008/PHP02,10.367553981213925
2024,inh1,GEMS-0113_FBLL_0010/PHP02,10.367553981213925
2024,inh1,GEMS-0113_FBLL_0011/PHP02,10.367553981213925
2024,inh1,GEMS-0113_PHB47_0002/PHP02,10.367553981213925
2024,inh1,GEMS-0113_PHB47_0003/PHP02,10.367553981213925
2024,inh1,GEMS-0113_PHB47_0004/PHP02,10.367553981213925
2024,inh1,GEMS-0113_PHB47_0005/PHP02,10.367553981213925
2024,inh1,GEMS-0113_PHB47_0006/PHP02,10.367553981213925
2024,inh1,GEMS-0113_PHB47_0007/PHP02,10.367553981213925
2024,inh1,GEMS-0113_PHB47_0008/PHP02,10.367553981213925
2024,inh1,GEMS-0113_PHB47_0009/PHP02,10.367553981213925
2024,inh1,GEMS-0113_PHB47_0011/PHP02,10.367553981213925
2024,inh1,GEMS-0113_PHB47_0012/PHP02,10.367553981213925
2024,inh1,GEMS-0113_PHB47_0013/PHP02,10.367553981213925
2024,inh1,GEMS-0113_PHB47_0019/PHP02,10.367553981213925
2024,inh1,GEMS-0113_PHB47_0020/PHP02,10.367553981213925
2024,inh1,GEMS-0113_PHB47_0021/PHP02,10.367553981213925
2024,inh1,GEMS-0113_PHBW8_0001/PHP02,10.367553981213925
2024,inh1,GEMS-0113_PHBW8_0004/PHP02,10.367553981213925
2024,inh1,GEMS-0113_PHBW8_0005/PHP02,10.367553981213925
2024,inh1,GEMS-0113_PHBW8_0007/PHP02,10.367553981213925
2024,inh1,GEMS-0113_PHBW8_0008/PHP02,10.367553981213925
2024,inh1,GEMS-0113_PHBW8_0009/PHP02,10.367553981213925
2024,inh1,GEMS-0113_PHBW8_0011/PHP02,10.367553981213925
2024,inh1,GEMS-0113_PHBW8_0013/PHP02,10.367553981213925
2024,inh1,GEMS-0113_PHBW8_0014/PHP02,10.367553981213925
2024,inh1,GEMS-0113_PHBW8_0017/PHP02,10.367553981213925
2024,inh1,GEMS-0219_3AZA1_0001/PHP02,10.367553981213925
2024,inh1,GEMS-0219_3AZA1_0002/PHP02,10.367553981213925
2024,inh1,GEMS-0219_3AZA1_0003/PHP02,10.367553981213925
2024,inh1,GEMS-0219_3AZA1_0004/PHP02,10.367553981213925
2024,inh1,GEMS-0219_3AZA1_0006/PHP02,10.367553981213925
2024,inh1,GEMS-0219_3AZA1_0009/PHP02,10.367553981213925
2024,inh1,GEMS-0219_3AZA1_0010/PHP02,10.367553981213925
2024,inh1,GEMS-0219_3AZA1_0012/PHP02,10.367553981213925
2024,inh1,GEMS-0219_3AZA1_0014/PHP02,10.367553981213925
2024,inh1,GEMS-0219_FBLL_0002/PHP02,10.367553981213925
2024,inh1,GEMS-0219_FBLL_0003/PHP02,10.367553981213925
2024,inh1,GEMS-0219_FBLL_0004/PHP02,10.367553981213925
2024,inh1,GEMS-0219_FBLL_0005/PHP02,10.367553981213925
2024,inh1,GEMS-0219_FBLL_0008/PHP02,10.367553981213925
2024,inh1,GEMS-0219_FBLL_0009/PHP02,10.367553981213925
2024,inh1,GEMS-0219_FBLL_0011/PHP02,10.367553981213925
2024,inh1,GEMS-0219_FBLL_0012/PHP02,10.367553981213925
2024,inh1,GEMS-0219_FBLL_0013/PHP02,10.367553981213925
2024,inh1,GEMS-0219_FBLL_0017/PHP02,10.367553981213925
2024,inh1,GEMS-0219_FBLL_0019/PHP02,10.367553981213925
2024,inh1,GEMS-0219_FBLL_0020/PHP02,10.367553981213925
2024,inh1,GEMS-0219_FBLL_0025/PHP02,10.367553981213925
2024,inh1,GEMS-0219_FBLL_0027/PHP02,10.367553981213925
2024,inh1,GEMS-0219_FBLL_0028/PHP02,10.367553981213925
2024,inh1,GEMS-0219_PHB47_0001/PHP02,10.367553981213925
2024,inh1,GEMS-0219_PHB47_0002/PHP02,10.367553981213925
2024,inh1,GEMS-0219_PHB47_0003/PHP02,10.367553981213925
2024,inh1,GEMS-0219_PHB47_0004/PHP02,10.367553981213925
2024,inh1,GEMS-0219_PHB47_0005/PHP02,10.367553981213925
2024,inh1,GEMS-0219_PHB47_0006/PHP02,10.367553981213925
2024,inh1,GEMS-0219_PHB47_0014/PHP02,10.367553981213925
2024,inh1,GEMS-0219_PHBW8_0001/PHP02,10.367553981213925
2024,inh1,GEMS-0219_PHBW8_0002/PHP02,10.367553981213925
2024,inh1,GEMS-0219_PHBW8_0004/PHP02,10.367553981213925
2024,inh1,GEMS-0219_PHBW8_0006/PHP02,10.367553981213925
2024,inh1,GEMS-0219_PHBW8_0008/PHP02,10.367553981213925
2024,inh1,GEMS-0219_PHBW8_0009/PHP02,10.367553981213925
2024,inh1,GEMS-0227_3AZA1_0001/PHP02,10.367553981213925
2024,inh1,GEMS-0227_3AZA1_0002/PHP02,10.367553981213925
2024,inh1,GEMS-0227_3AZA1_0003/PHP02,10.367553981213925
2024,inh1,GEMS-0227_3AZA1_0004/PHP02,10.367553981213925
2024,inh1,GEMS-0227_3AZA1_0006/PHP02,10.367553981213925
2024,inh1,GEMS-0227_3AZA1_0010/PHP02,10.367553981213925
2024,inh1,GEMS-0227_3AZA1_0011/PHP02,10.367553981213925
2024,inh1,GEMS-0227_3AZA1_0012/PHP02,10.367553981213925
2024,inh1,GEMS-0227_3AZA1_0013/PHP02,10.367553981213925
2024,inh1,GEMS-0227_3AZA1_0014/PHP02,10.367553981213925
2024,inh1,GEMS-0227_3AZA1_0015/PHP02,10.367553981213925
2024,inh1,GEMS-0227_3AZA1_0016/PHP02,10.367553981213925
2024,inh1,GEMS-0227_3AZA1_0018/PHP02,10.367553981213925
2024,inh1,GEMS-0227_3AZA1_0019/PHP02,10.367553981213925
2024,inh1,GEMS-0227_3AZA1_0021/PHP02,10.367553981213925
2024,inh1,GEMS-0227_3AZA1_0022/PHP02,10.367553981213925
2024,inh1,GEMS-0227_3AZA1_0023/PHP02,10.367553981213925
2024,inh1,GEMS-0227_3AZA1_0024/PHP02,10.367553981213925
2024,inh1,GEMS-0227_3AZA1_0029/PHP02,10.367553981213925
2024,inh1,GEMS-0227_3AZA1_0032/PHP02,10.367553981213925
2024,inh1,GEMS-0227_3AZA1_0034/PHP02,10.367553981213925
2024,inh1,GEMS-0227_3AZA1_0035/PHP02,10.367553981213925
2024,inh1,GEMS-0227_3AZA1_0036/PHP02,10.367553981213925
2024,inh1,GEMS-0227_3AZA1_0040/PHP02,10.367553981213925
2024,inh1,GEMS-0227_3AZA1_0041/PHP02,10.367553981213925
2024,inh1,GEMS-0227_3AZA1_0043/PHP02,10.367553981213925
2024,inh1,GEMS-0227_3AZA1_0045/PHP02,10.367553981213925
2024,inh1,GEMS-0227_3AZA1_0046/PHP02,10.367553981213925
2024,inh1,GEMS-0227_3AZA1_0048/PHP02,10.367553981213925
2024,inh1,GEMS-0227_3AZA1_0049/PHP02,10.367553981213925
2024,inh1,GEMS-0227_FBLL_0001/PHP02,10.367553981213925
2024,inh1,GEMS-0227_FBLL_0002/PHP02,10.367553981213925
2024,inh1,GEMS-0227_FBLL_0004/PHP02,10.367553981213925
2024,inh1,GEMS-0227_FBLL_0005/PHP02,10.367553981213925
2024,inh1,GEMS-0227_FBLL_0007/PHP02,10.367553981213925
2024,inh1,GEMS-0227_FBLL_0008/PHP02,10.367553981213925
2024,inh1,GEMS-0227_FBLL_0009/PHP02,10.367553981213925
2024,inh1,GEMS-0227_FBLL_0010/PHP02,10.367553981213925
2024,inh1,GEMS-0227_FBLL_0012/PHP02,10.367553981213925
2024,inh1,GEMS-0227_FBLL_0013/PHP02,10.367553981213925
2024,inh1,GEMS-0227_FBLL_0016/PHP02,10.367553981213925
2024,inh1,GEMS-0227_FBLL_0018/PHP02,10.367553981213925
2024,inh1,GEMS-0227_FBLL_0020/PHP02,10.367553981213925
2024,inh1,GEMS-0227_FBLL_0021/PHP02,10.367553981213925
2024,inh1,GEMS-0227_FBLL_0022/PHP02,10.367553981213925
2024,inh1,GEMS-0227_FBLL_0023/PHP02,10.367553981213925
2024,inh1,GEMS-0227_FBLL_0024/PHP02,10.367553981213925
2024,inh1,GEMS-0227_FBLL_0025/PHP02,10.367553981213925
2024,inh1,GEMS-0227_FBLL_0026/PHP02,10.367553981213925
2024,inh1,GEMS-0227_FBLL_0027/PHP02,10.367553981213925
2024,inh1,GEMS-0227_FBLL_0028/PHP02,10.367553981213925
2024,inh1,GEMS-0227_FBLL_0031/PHP02,10.367553981213925
2024,inh1,GEMS-0227_FBLL_0033/PHP02,10.367553981213925
2024,inh1,GEMS-0227_FBLL_0034/PHP02,10.367553981213925
2024,inh1,GEMS-0227_FBLL_0035/PHP02,10.367553981213925
2024,inh1,GEMS-0227_FBLL_0037/PHP02,10.367553981213925
2024,inh1,GEMS-0227_FBLL_0040/PHP02,10.367553981213925
2024,inh1,GEMS-0227_FBLL_0041/PHP02,10.367553981213925
2024,inh1,GEMS-0227_FBLL_0042/PHP02,10.367553981213925
2024,inh1,GEMS-0227_FBLL_0043/PHP02,10.367553981213925
2024,inh1,GEMS-0227_FBLL_0044/PHP02,10.367553981213925
2024,inh1,GEMS-0227_FBLL_0045/PHP02,10.367553981213925
2024,inh1,GEMS-0227_FBLL_0047/PHP02,10.367553981213925
2024,inh1,GEMS-0227_FBLL_0048/PHP02,10.367553981213925
2024,inh1,GEMS-0227_FBLL_0049/PHP02,10.367553981213925
2024,inh1,GEMS-0227_FBLL_0051/PHP02,10.367553981213925
2024,inh1,GEMS-0227_FBLL_0053/PHP02,10.367553981213925
2024,inh1,GEMS-0227_FBLL_0054/PHP02,10.367553981213925
2024,inh1,GEMS-0227_FBLL_0055/PHP02,10.367553981213925
2024,inh1,GEMS-0227_FBLL_0056/PHP02,10.367553981213925
2024,inh1,GEMS-0227_FBLL_0057/PHP02,10.367553981213925
2024,inh1,GEMS-0227_FBLL_0058/PHP02,10.367553981213925
2024,inh1,GEMS-0227_FBLL_0059/PHP02,10.367553981213925
2024,inh1,GEMS-0227_FBLL_0060/PHP02,10.367553981213925
2024,inh1,GEMS-0227_FBLL_0062/PHP02,10.367553981213925
2024,inh1,GEMS-0227_FBLL_0063/PHP02,10.367553981213925
2024,inh1,GEMS-0227_FBLL_0067/PHP02,10.367553981213925
2024,inh1,GEMS-0227_FBLL_0068/PHP02,10.367553981213925
2024,inh1,GEMS-0227_FBLL_0069/PHP02,10.367553981213925
2024,inh1,GEMS-0227_FBLL_0070/PHP02,10.367553981213925
2024,inh1,GEMS-0227_FBLL_0071/PHP02,10.367553981213925
2024,inh1,GEMS-0227_FBLL_0072/PHP02,10.367553981213925
2024,inh1,GEMS-0227_FBLL_0073/PHP02,10.367553981213925
2024,inh1,GEMS-0227_FBLL_0074/PHP02,10.367553981213925
2024,inh1,GEMS-0227_FBLL_0075/PHP02,10.367553981213925
2024,inh1,GEMS-0227_FBLL_0077/PHP02,10.367553981213925
2024,inh1,GEMS-0227_FBLL_0078/PHP02,10.367553981213925
2024,inh1,GEMS-0227_FBLL_0079/PHP02,10.367553981213925
2024,inh1,GEMS-0227_FBLL_0080/PHP02,10.367553981213925
2024,inh1,GEMS-0227_FBLL_0082/PHP02,10.367553981213925
2024,inh1,GEMS-0227_FBLL_0084/PHP02,10.367553981213925
2024,inh1,GEMS-0227_FBLL_0086/PHP02,10.367553981213925
2024,inh1,GEMS-0227_FBLL_0088/PHP02,10.367553981213925
2024,inh1,GEMS-0227_FBLL_0089/PHP02,10.367553981213925
2024,inh1,GEMS-0227_FBLL_0090/PHP02,10.367553981213925
2024,inh1,GEMS-0227_FBLL_0093/PHP02,10.367553981213925
2024,inh1,GEMS-0227_FBLL_0094/PHP02,10.367553981213925
2024,inh1,GEMS-0227_FBLL_0095/PHP02,10.367553981213925
2024,inh1,GEMS-0227_FBLL_0096/PHP02,10.367553981213925
2024,inh1,GEMS-0227_FBLL_0097/PHP02,10.367553981213925
2024,inh1,GEMS-0227_FBLL_0098/PHP02,10.367553981213925
2024,inh1,GEMS-0227_FBLL_0101/PHP02,10.367553981213925
2024,inh1,GEMS-0227_FBLL_0102/PHP02,10.367553981213925
2024,inh1,GEMS-0227_FBLL_0105/PHP02,10.367553981213925
2024,inh1,GEMS-0227_FBLL_0106/PHP02,10.367553981213925
2024,inh1,GEMS-0227_FBLL_0107/PHP02,10.367553981213925
2024,inh1,GEMS-0227_FBLL_0110/PHP02,10.367553981213925
2024,inh1,GEMS-0227_FBLL_0113/PHP02,10.367553981213925
2024,inh1,GEMS-0227_FBLL_0118/PHP02,10.367553981213925
2024,inh1,GEMS-0227_FBLL_0121/PHP02,10.367553981213925
2024,inh1,GEMS-0227_FBLL_0124/PHP02,10.367553981213925
2024,inh1,GEMS-0227_FBLL_0127/PHP02,10.367553981213925
2024,inh1,GEMS-0227_FBLL_0134/PHP02,10.367553981213925
2024,inh1,GEMS-0227_FBLL_0136/PHP02,10.367553981213925
2024,inh1,GEMS-0227_FBLL_0140/PHP02,10.367553981213925
2024,inh1,GEMS-0227_FBLL_0141/PHP02,10.367553981213925
2024,inh1,GEMS-0227_PHB47_0002/PHP02,10.367553981213925
2024,inh1,GEMS-0227_PHB47_0003/PHP02,10.367553981213925
2024,inh1,GEMS-0227_PHB47_0006/PHP02,10.367553981213925
2024,inh1,GEMS-0227_PHB47_0007/PHP02,10.367553981213925
2024,inh1,GEMS-0227_PHB47_0009/PHP02,10.367553981213925
2024,inh1,GEMS-0227_PHB47_0011/PHP02,10.367553981213925
2024,inh1,GEMS-0227_PHB47_0012/PHP02,10.367553981213925
2024,inh1,GEMS-0227_PHB47_0014/PHP02,10.367553981213925
2024,inh1,GEMS-0227_PHB47_0016/PHP02,10.367553981213925
2024,inh1,GEMS-0227_PHB47_0022/PHP02,10.367553981213925
2024,inh1,GEMS-0227_PHB47_0023/PHP02,10.367553981213925
2024,inh1,GEMS-0227_PHB47_0024/PHP02,10.367553981213925
2024,inh1,GEMS-0227_PHB47_0025/PHP02,10.367553981213925
2024,inh1,GEMS-0227_PHBW8_0001/PHP02,10.367553981213925
2024,inh1,GEMS-0227_PHBW8_0003/PHP02,10.367553981213925
2024,inh1,GEMS-0227_PHBW8_0004/PHP02,10.367553981213925
2024,inh1,GEMS-0227_PHBW8_0005/PHP02,10.367553981213925
2024,inh1,GEMS-0227_PHBW8_0007/PHP02,10.367553981213925
2024,inh1,GEMS-0227_PHBW8_0010/PHP02,10.367553981213925
2024,inh1,GEMS-0227_PHBW8_0011/PHP02,10.367553981213925
2024,inh1,GEMS-0227_PHBW8_0013/PHP02,10.367553981213925
2024,inh1,GEMS-0227_PHBW8_0016/PHP02,10.367553981213925
2024,inh1,GEMS-0227_PHBW8_0017/PHP02,10.367553981213925
2024,inh1,GEMS-0227_PHBW8_0021/PHP02,10.367553981213925
2024,inh1,GEMS-0227_PHBW8_0024/PHP02,10.367553981213925
2024,inh1,LH132/PHP02,10.294304727348996
2024,inh1,LH146HT/PHP02,10.367553981213925
2024,inh1,LH195/PHP02,10.363183542314992
2024,inh1,LH195/PHZ51,10.03636065389931
2024,inh1,LH197/PHP02,10.367553981213925
2024,inh1,LH204/PHP02,10.367553981213925
2024,inh1,LH220HT/PHP02,10.367553981213925
2024,inh1,LH226HT/PHP02,10.367553981213925
2024,inh1,LH228/PHP02,10.367553981213925
2024,inh1,LH236/PHP02,10.367553981213925
2024,inh1,LH238/PHP02,10.367553981213925
2024,inh1,LH244/PHK76,10.149111819169482
2024,inh1,LH244/PHP02,10.367553981213925
2024,inh1,LH287/LH244,13.003511422521614
2024,inh1,LH292/PHP02,10.367553981213925
2024,inh1,LH82/LH244,10.374724162230798
2024,inh1,MM501D/LH244,12.419065798747528
2024,inh1,PH05F/PHP02,10.367553981213925
2024,inh1,PH05G/PHP02,10.367553981213925
2024,inh1,PH06N/PHP02,10.367553981213925
2024,inh1,PH07D/PHP02,10.367553981213925
2024,inh1,PH08A/PHP02,10.367553981213925
2024,inh1,PH0B4/PHP02,10.367553981213925
2024,inh1,PH0CD/PHP02,10.367553981213925
2024,inh1,PH0GP/PHP02,10.367553981213925
2024,inh1,PH12C/PHP02,10.367553981213925
2024,inh1,PH1GC/PHP02,10.367553981213925
2024,inh1,PH1GG/PHP02,10.367553981213925
2024,inh1,PH1TB/PHP02,10.367553981213925
2024,inh1,PH1W2/PHP02,10.367553981213925
2024,inh1,PH24E/LH244,12.589848259172987
2024,inh1,PH32C/PHP02,10.367553981213925
2024,inh1,PH37C/PHP02,10.367553981213925
2024,inh1,PH79A/PHP02,10.367553981213925
2024,inh1,PHB47/PHN82,11.48908593257143
2024,inh1,PHB47/PHP02,10.367553981213925
2024,inh1,PHB47/PHZ51,9.929734959828954
2024,inh1,PHBW8/PHP02,10.367553981213925
2024,inh1,PHDG1/PHP02,10.367553981213925
2024,inh1,PHEW7/PHP02,10.367553981213925
2024,inh1,PHG29/PHG47,8.689963395715544
2024,inh1,PHG39/PHN82,11.650636672550002
2024,inh1,PHHB9/PHP02,10.367553981213925
2024,inh1,PHJ40/PHAJ0,6.02995577206365
2024,inh1,PHJ89/LH244,11.898565444939774
2024,inh1,PHK56/LH244,12.50613299752583
2024,inh1,PHKV0/PHP02,10.367553981213925
2024,inh1,PHN41/PHP02,10.367553981213925
2024,inh1,PHN46/LH244,9.954529820806412
2024,inh1,PHNJ2/PHP02,10.367553981213925
2024,inh1,PHP02/LH244,12.541408392509764
2024,inh1,PHPR5/PHP02,10.367553981213925
2024,inh1,PHR03/LH244,12.73888562856754
2024,inh1,PHRE1/PHTD5,7.03178938460534
2024,inh1,PHT11/PHP02,10.367553981213925
2024,inh1,PHT47/PHP02,10.367553981213925
2024,inh1,PHTP9/PHP02,10.367553981213925
2024,inh1,PHTV7/PHP02,10.367553981213925
2024,inh1,PHV37/PHP02,10.367553981213925
2024,inh1,PHVJ5/PHP02,10.367553981213925
2024,inh1,PHW30/LH244,12.2049714088792
2024,inh1,PHW52/PHM49,10.522059081698442
2024,inh1,PHW52/PHP02,10.367553981213925
2024,inh1,TX777/LH195,8.861065878404895
2024,inh1,W10004_0018/PHP02,10.39383948390064
2024,inh1,W10004_0031/PHP02,12.53271645517461
2024,inh1,W10004_0034/PHP02,11.937911455686288
2024,inh1,W10004_0055/PHP02,12.294074926123228
2024,inh1,W10004_0062/PHP02,10.367553981213925
2024,inh1,W10004_0095/PHP02,9.925959601191176
2024,inh1,W10004_0122/PHP02,11.916371492578794
2024,inh1,W10004_0133/PHP02,11.937911455686288
2024,inh1,W10004_0146/PHP02,12.11420600059545
2024,inh1,W10004_0160/PHP02,12.12214538293354
2024,inh1,W10004_0168/PHP02,11.82382161326242
2024,inh1,W10004_0189/PHP02,12.707506502381818
2024,inh1,W10004_0258/PHP02,12.50613299752583
2024,inh1,W10004_0270/PHP02,11.264046250612111
2024,inh1,W10004_0311/PHP02,10.737465569522225
2024,inh1,W10004_0389/PHP02,11.626775799535709
2024,inh1,W10004_0403/PHP02,11.916677062215493
2024,inh1,W10004_0412/PHP02,11.819021495365584
2024,inh1,W10004_0476/PHP02,10.713449852671614
2024,inh1,W10004_0601/PHP02,11.901244341944608
2024,inh1,W10004_0608/PHP02,10.230663226663664
2024,inh1,W10004_0637/PHP02,12.033703743587557
2024,inh1,W10004_0658/PHP02,12.910181287801182
2024,inh1,W10004_0714/PHP02,11.901244341944608
2024,inh1,W10004_0715/PHP02,11.819021495365584
2024,inh1,W10004_0776/PHP02,11.890840365399294
2024,inh1,W10004_0801/PHP02,12.630517129360186
2024,inh1,W10004_0822/PHP02,11.912269634828734
2024,inh1,W10004_0858/PHP02,11.818034780823309
2024,inh1,W10004_0859/PHP02,11.043551542956255
2024,inh1,W10004_0949/PHP02,12.910181287801182
2024,inh1,W10004_0969/PHP02,10.820744168036775
2024,inh1,W10004_1018/PHP02,11.043551542956255
2024,inh1,W10004_1032/PHP02,10.820744168036775
2024,inh1,ZS01459/PHP02,10.367553981213925
2024,inh1,ZS0510/PHP02,10.367553981213925
2024,mih1,2369/LH123HT,10.726139895461063
2024,mih1,6F629/PHP02,9.580619706790134
2024,mih1,B14A/OH43,9.393232403284065
2024,mih1,B37/H95,9.522816465376454
2024,mih1,B73/MO17,10.53262121172658
2024,mih1,B73/PHN82,10.702565274108357
2024,mih1,B73/TX779,7.568674921043633
2024,mih1,CG119/CG108,6.32353122731075
2024,mih1,CG44/CGR01,8.73186118936312
2024,mih1,DK3IIH6/LH244,10.653507047476037
2024,mih1,DKFBHJ/PHP02,9.580619706790134
2024,mih1,FBLA/PHP02,9.580619706790134
2024,mih1,FBLL/PHP02,9.580619706790134
2024,mih1,GEMS-0061_3AZA1_0004/PHP02,9.580619706790134
2024,mih1,GEMS-0061_3AZA1_0006/PHP02,9.580619706790134
2024,mih1,GEMS-0061_3AZA1_0007/PHP02,9.580619706790134
2024,mih1,GEMS-0061_3AZA1_0009/PHP02,9.580619706790134
2024,mih1,GEMS-0061_3AZA1_0010/PHP02,9.580619706790134
2024,mih1,GEMS-0061_3AZA1_0011/PHP02,9.580619706790134
2024,mih1,GEMS-0061_3AZA1_0012/PHP02,9.580619706790134
2024,mih1,GEMS-0061_3AZA1_0013/PHP02,9.580619706790134
2024,mih1,GEMS-0061_3AZA1_0015/PHP02,9.580619706790134
2024,mih1,GEMS-0061_3AZA1_0016/PHP02,9.580619706790134
2024,mih1,GEMS-0061_3AZA1_0017/PHP02,9.580619706790134
2024,mih1,GEMS-0061_FBLL_0002/PHP02,9.580619706790134
2024,mih1,GEMS-0061_FBLL_0004/PHP02,9.580619706790134
2024,mih1,GEMS-0061_FBLL_0008/PHP02,9.580619706790134
2024,mih1,GEMS-0061_FBLL_0009/PHP02,9.580619706790134
2024,mih1,GEMS-0061_FBLL_0010/PHP02,9.580619706790134
2024,mih1,GEMS-0061_FBLL_0011/PHP02,9.580619706790134
2024,mih1,GEMS-0061_FBLL_0015/PHP02,9.580619706790134
2024,mih1,GEMS-0061_FBLL_0016/PHP02,9.580619706790134
2024,mih1,GEMS-0061_FBLL_0017/PHP02,9.580619706790134
2024,mih1,GEMS-0061_FBLL_0018/PHP02,9.580619706790134
2024,mih1,GEMS-0061_FBLL_0019/PHP02,9.580619706790134
2024,mih1,GEMS-0061_FBLL_0022/PHP02,9.580619706790134
2024,mih1,GEMS-0061_FBLL_0023/PHP02,9.580619706790134
2024,mih1,GEMS-0061_FBLL_0024/PHP02,9.580619706790134
2024,mih1,GEMS-0061_FBLL_0026/PHP02,9.580619706790134
2024,mih1,GEMS-0061_FBLL_0029/PHP02,9.580619706790134
2024,mih1,GEMS-0061_FBLL_0032/PHP02,9.580619706790134
2024,mih1,GEMS-0061_FBLL_0034/PHP02,9.580619706790134
2024,mih1,GEMS-0061_FBLL_0035/PHP02,9.580619706790134
2024,mih1,GEMS-0061_FBLL_0037/PHP02,9.580619706790134
2024,mih1,GEMS-0061_FBLL_0039/PHP02,9.580619706790134
2024,mih1,GEMS-0061_FBLL_0040/PHP02,9.580619706790134
2024,mih1,GEMS-0061_FBLL_0044/PHP02,9.580619706790134
2024,mih1,GEMS-0061_FBLL_0047/PHP02,9.580619706790134
2024,mih1,GEMS-0061_FBLL_0050/PHP02,9.580619706790134
2024,mih1,GEMS-0061_PHB47_0001/PHP02,9.580619706790134
2024,mih1,GEMS-0061_PHB47_0003/PHP02,9.580619706790134
2024,mih1,GEMS-0061_PHB47_0004/PHP02,9.580619706790134
2024,mih1,GEMS-0061_PHBW8_0001/PHP02,9.580619706790134
2024,mih1,GEMS-0061_PHBW8_0002/PHP02,9.580619706790134
2024,mih1,GEMS-0113_3AZA1_0001/PHP02,9.580619706790134
2024,mih1,GEMS-0113_3AZA1_0002/PHP02,9.580619706790134
2024,mih1,GEMS-0113_3AZA1_0003/PHP02,9.580619706790134
2024,mih1,GEMS-0113_3AZA1_0004/PHP02,9.580619706790134
2024,mih1,GEMS-0113_3AZA1_0005/PHP02,9.580619706790134
2024,mih1,GEMS-0113_3AZA1_0006/PHP02,9.580619706790134
2024,mih1,GEMS-0113_3AZA1_0007/PHP02,9.580619706790134
2024,mih1,GEMS-0113_3AZA1_0010/PHP02,9.580619706790134
2024,mih1,GEMS-0113_3AZA1_0011/PHP02,9.580619706790134
2024,mih1,GEMS-0113_3AZA1_0013/PHP02,9.580619706790134
2024,mih1,GEMS-0113_3AZA1_0014/PHP02,9.580619706790134
2024,mih1,GEMS-0113_3AZA1_0015/PHP02,9.580619706790134
2024,mih1,GEMS-0113_3AZA1_0016/PHP02,9.580619706790134
2024,mih1,GEMS-0113_3AZA1_0018/PHP02,9.580619706790134
2024,mih1,GEMS-0113_3AZA1_0019/PHP02,9.580619706790134
2024,mih1,GEMS-0113_3AZA1_0021/PHP02,9.580619706790134
2024,mih1,GEMS-0113_3AZA1_0022/PHP02,9.580619706790134
2024,mih1,GEMS-0113_3AZA1_0024/PHP02,9.580619706790134
2024,mih1,GEMS-0113_3AZA1_0026/PHP02,9.580619706790134
2024,mih1,GEMS-0113_3AZA1_0027/PHP02,9.580619706790134
2024,mih1,GEMS-0113_3AZA1_0028/PHP02,9.580619706790134
2024,mih1,GEMS-0113_3AZA1_0029/PHP02,9.580619706790134
2024,mih1,GEMS-0113_3AZA1_0031/PHP02,9.580619706790134
2024,mih1,GEMS-0113_FBLL_0003/PHP02,9.580619706790134
2024,mih1,GEMS-0113_FBLL_0004/PHP02,9.580619706790134
2024,mih1,GEMS-0113_FBLL_0006/PHP02,9.580619706790134
2024,mih1,GEMS-0113_FBLL_0007/PHP02,9.580619706790134
2024,mih1,GEMS-0113_FBLL_0008/PHP02,9.580619706790134
2024,mih1,GEMS-0113_FBLL_0010/PHP02,9.580619706790134
2024,mih1,GEMS-0113_FBLL_0011/PHP02,9.580619706790134
2024,mih1,GEMS-0113_FBLL_0013/PHP02,9.580619706790134
2024,mih1,GEMS-0113_FBLL_0015/PHP02,9.580619706790134
2024,mih1,GEMS-0113_PHB47_0001/PHP02,9.580619706790134
2024,mih1,GEMS-0113_PHB47_0003/PHP02,9.580619706790134
2024,mih1,GEMS-0113_PHB47_0005/PHP02,9.580619706790134
2024,mih1,GEMS-0113_PHB47_0006/PHP02,9.580619706790134
2024,mih1,GEMS-0113_PHB47_0008/PHP02,9.580619706790134
2024,mih1,GEMS-0113_PHB47_0012/PHP02,9.580619706790134
2024,mih1,GEMS-0113_PHB47_0014/PHP02,9.580619706790134
2024,mih1,GEMS-0113_PHB47_0015/PHP02,9.580619706790134
2024,mih1,GEMS-0113_PHB47_0019/PHP02,9.580619706790134
2024,mih1,GEMS-0113_PHB47_0020/PHP02,9.580619706790134
2024,mih1,GEMS-0113_PHB47_0021/PHP02,9.580619706790134
2024,mih1,GEMS-0113_PHBW8_0001/PHP02,9.580619706790134
2024,mih1,GEMS-0113_PHBW8_0002/PHP02,9.580619706790134
2024,mih1,GEMS-0113_PHBW8_0004/PHP02,9.580619706790134
2024,mih1,GEMS-0113_PHBW8_0006/PHP02,9.580619706790134
2024,mih1,GEMS-0113_PHBW8_0009/PHP02,9.580619706790134
2024,mih1,GEMS-0113_PHBW8_0010/PHP02,9.580619706790134
2024,mih1,GEMS-0113_PHBW8_0011/PHP02,9.580619706790134
2024,mih1,GEMS-0113_PHBW8_0012/PHP02,9.580619706790134
2024,mih1,GEMS-0113_PHBW8_0014/PHP02,9.580619706790134
2024,mih1,GEMS-0113_PHBW8_0017/PHP02,9.580619706790134
2024,mih1,GEMS-0219_3AZA1_0001/PHP02,9.580619706790134
2024,mih1,GEMS-0219_3AZA1_0002/PHP02,9.580619706790134
2024,mih1,GEMS-0219_3AZA1_0003/PHP02,9.580619706790134
2024,mih1,GEMS-0219_3AZA1_0004/PHP02,9.580619706790134
2024,mih1,GEMS-0219_3AZA1_0005/PHP02,9.580619706790134
2024,mih1,GEMS-0219_3AZA1_0007/PHP02,9.580619706790134
2024,mih1,GEMS-0219_3AZA1_0008/PHP02,9.580619706790134
2024,mih1,GEMS-0219_3AZA1_0009/PHP02,9.580619706790134
2024,mih1,GEMS-0219_3AZA1_0010/PHP02,9.580619706790134
2024,mih1,GEMS-0219_3AZA1_0012/PHP02,9.580619706790134
2024,mih1,GEMS-0219_3AZA1_0014/PHP02,9.580619706790134
2024,mih1,GEMS-0219_FBLL_0002/PHP02,9.580619706790134
2024,mih1,GEMS-0219_FBLL_0003/PHP02,9.580619706790134
2024,mih1,GEMS-0219_FBLL_0004/PHP02,9.580619706790134
2024,mih1,GEMS-0219_FBLL_0006/PHP02,9.580619706790134
2024,mih1,GEMS-0219_FBLL_0007/PHP02,9.580619706790134
2024,mih1,GEMS-0219_FBLL_0010/PHP02,9.580619706790134
2024,mih1,GEMS-0219_FBLL_0014/PHP02,9.580619706790134
2024,mih1,GEMS-0219_FBLL_0015/PHP02,9.580619706790134
2024,mih1,GEMS-0219_FBLL_0017/PHP02,9.580619706790134
2024,mih1,GEMS-0219_FBLL_0018/PHP02,9.580619706790134
2024,mih1,GEMS-0219_FBLL_0020/PHP02,9.580619706790134
2024,mih1,GEMS-0219_FBLL_0021/PHP02,9.580619706790134
2024,mih1,GEMS-0219_FBLL_0022/PHP02,9.580619706790134
2024,mih1,GEMS-0219_FBLL_0023/PHP02,9.580619706790134
2024,mih1,GEMS-0219_FBLL_0025/PHP02,9.580619706790134
2024,mih1,GEMS-0219_FBLL_0027/PHP02,9.580619706790134
2024,mih1,GEMS-0219_FBLL_0028/PHP02,9.580619706790134
2024,mih1,GEMS-0219_FBLL_0030/PHP02,9.580619706790134
2024,mih1,GEMS-0219_PHB47_0001/PHP02,9.580619706790134
2024,mih1,GEMS-0219_PHB47_0003/PHP02,9.580619706790134
2024,mih1,GEMS-0219_PHB47_0005/PHP02,9.580619706790134
2024,mih1,GEMS-0219_PHB47_0006/PHP02,9.580619706790134
2024,mih1,GEMS-0219_PHB47_0011/PHP02,9.580619706790134
2024,mih1,GEMS-0219_PHB47_0014/PHP02,9.580619706790134
2024,mih1,GEMS-0219_PHB47_0017/PHP02,9.580619706790134
2024,mih1,GEMS-0219_PHBW8_0001/PHP02,9.580619706790134
2024,mih1,GEMS-0219_PHBW8_0002/PHP02,9.580619706790134
2024,mih1,GEMS-0219_PHBW8_0003/PHP02,9.580619706790134
2024,mih1,GEMS-0219_PHBW8_0004/PHP02,9.580619706790134
2024,mih1,GEMS-0219_PHBW8_0006/PHP02,9.580619706790134
2024,mih1,GEMS-0219_PHBW8_0008/PHP02,9.580619706790134
2024,mih1,GEMS-0219_PHBW8_0009/PHP02,9.580619706790134
2024,mih1,GEMS-0219_PHBW8_0011/PHP02,9.580619706790134
2024,mih1,GEMS-0227_3AZA1_0001/PHP02,9.580619706790134
2024,mih1,GEMS-0227_3AZA1_0002/PHP02,9.580619706790134
2024,mih1,GEMS-0227_3AZA1_0003/PHP02,9.580619706790134
2024,mih1,GEMS-0227_3AZA1_0004/PHP02,9.580619706790134
2024,mih1,GEMS-0227_3AZA1_0005/PHP02,9.580619706790134
2024,mih1,GEMS-0227_3AZA1_0006/PHP02,9.580619706790134
2024,mih1,GEMS-0227_3AZA1_0007/PHP02,9.580619706790134
2024,mih1,GEMS-0227_3AZA1_0008/PHP02,9.580619706790134
2024,mih1,GEMS-0227_3AZA1_0009/PHP02,9.580619706790134
2024,mih1,GEMS-0227_3AZA1_0010/PHP02,9.580619706790134
2024,mih1,GEMS-0227_3AZA1_0012/PHP02,9.580619706790134
2024,mih1,GEMS-0227_3AZA1_0013/PHP02,9.580619706790134
2024,mih1,GEMS-0227_3AZA1_0016/PHP02,9.580619706790134
2024,mih1,GEMS-0227_3AZA1_0017/PHP02,9.580619706790134
2024,mih1,GEMS-0227_3AZA1_0019/PHP02,9.580619706790134
2024,mih1,GEMS-0227_3AZA1_0022/PHP02,9.580619706790134
2024,mih1,GEMS-0227_3AZA1_0023/PHP02,9.580619706790134
2024,mih1,GEMS-0227_3AZA1_0024/PHP02,9.580619706790134
2024,mih1,GEMS-0227_3AZA1_0025/PHP02,9.580619706790134
2024,mih1,GEMS-0227_3AZA1_0028/PHP02,9.580619706790134
2024,mih1,GEMS-0227_3AZA1_0029/PHP02,9.580619706790134
2024,mih1,GEMS-0227_3AZA1_0030/PHP02,9.580619706790134
2024,mih1,GEMS-0227_3AZA1_0031/PHP02,9.580619706790134
2024,mih1,GEMS-0227_3AZA1_0032/PHP02,9.580619706790134
2024,mih1,GEMS-0227_3AZA1_0035/PHP02,9.580619706790134
2024,mih1,GEMS-0227_3AZA1_0036/PHP02,9.580619706790134
2024,mih1,GEMS-0227_3AZA1_0040/PHP02,9.580619706790134
2024,mih1,GEMS-0227_3AZA1_0041/PHP02,9.580619706790134
2024,mih1,GEMS-0227_3AZA1_0043/PHP02,9.580619706790134
2024,mih1,GEMS-0227_3AZA1_0045/PHP02,9.580619706790134
2024,mih1,GEMS-0227_3AZA1_0048/PHP02,9.580619706790134
2024,mih1,GEMS-0227_3AZA1_0049/PHP02,9.580619706790134
2024,mih1,GEMS-0227_FBLL_0001/PHP02,9.580619706790134
2024,mih1,GEMS-0227_FBLL_0002/PHP02,9.580619706790134
2024,mih1,GEMS-0227_FBLL_0003/PHP02,9.580619706790134
2024,mih1,GEMS-0227_FBLL_0004/PHP02,9.580619706790134
2024,mih1,GEMS-0227_FBLL_0005/PHP02,9.580619706790134
2024,mih1,GEMS-0227_FBLL_0007/PHP02,9.580619706790134
2024,mih1,GEMS-0227_FBLL_0008/PHP02,9.580619706790134
2024,mih1,GEMS-0227_FBLL_0009/PHP02,9.580619706790134
2024,mih1,GEMS-0227_FBLL_0012/PHP02,9.580619706790134
2024,mih1,GEMS-0227_FBLL_0013/PHP02,9.580619706790134
2024,mih1,GEMS-0227_FBLL_0014/PHP02,9.580619706790134
2024,mih1,GEMS-0227_FBLL_0016/PHP02,9.580619706790134
2024,mih1,GEMS-0227_FBLL_0020/PHP02,9.580619706790134
2024,mih1,GEMS-0227_FBLL_0021/PHP02,9.580619706790134
2024,mih1,GEMS-0227_FBLL_0023/PHP02,9.580619706790134
2024,mih1,GEMS-0227_FBLL_0024/PHP02,9.580619706790134
2024,mih1,GEMS-0227_FBLL_0026/PHP02,9.580619706790134
2024,mih1,GEMS-0227_FBLL_0027/PHP02,9.580619706790134
2024,mih1,GEMS-0227_FBLL_0029/PHP02,9.580619706790134
2024,mih1,GEMS-0227_FBLL_0030/PHP02,9.580619706790134
2024,mih1,GEMS-0227_FBLL_0031/PHP02,9.580619706790134
2024,mih1,GEMS-0227_FBLL_0032/PHP02,9.580619706790134
2024,mih1,GEMS-0227_FBLL_0034/PHP02,9.580619706790134
2024,mih1,GEMS-0227_FBLL_0036/PHP02,9.580619706790134
2024,mih1,GEMS-0227_FBLL_0037/PHP02,9.580619706790134
2024,mih1,GEMS-0227_FBLL_0039/PHP02,9.580619706790134
2024,mih1,GEMS-0227_FBLL_0040/PHP02,9.580619706790134
2024,mih1,GEMS-0227_FBLL_0042/PHP02,9.580619706790134
2024,mih1,GEMS-0227_FBLL_0043/PHP02,9.580619706790134
2024,mih1,GEMS-0227_FBLL_0045/PHP02,9.580619706790134
2024,mih1,GEMS-0227_FBLL_0046/PHP02,9.580619706790134
2024,mih1,GEMS-0227_FBLL_0047/PHP02,9.580619706790134
2024,mih1,GEMS-0227_FBLL_0048/PHP02,9.580619706790134
2024,mih1,GEMS-0227_FBLL_0050/PHP02,9.580619706790134
2024,mih1,GEMS-0227_FBLL_0051/PHP02,9.580619706790134
2024,mih1,GEMS-0227_FBLL_0052/PHP02,9.580619706790134
2024,mih1,GEMS-0227_FBLL_0053/PHP02,9.580619706790134
2024,mih1,GEMS-0227_FBLL_0054/PHP02,9.580619706790134
2024,mih1,GEMS-0227_FBLL_0055/PHP02,9.580619706790134
2024,mih1,GEMS-0227_FBLL_0056/PHP02,9.580619706790134
2024,mih1,GEMS-0227_FBLL_0059/PHP02,9.580619706790134
2024,mih1,GEMS-0227_FBLL_0060/PHP02,9.580619706790134
2024,mih1,GEMS-0227_FBLL_0062/PHP02,9.580619706790134
2024,mih1,GEMS-0227_FBLL_0063/PHP02,9.580619706790134
2024,mih1,GEMS-0227_FBLL_0064/PHP02,9.580619706790134
2024,mih1,GEMS-0227_FBLL_0066/PHP02,9.580619706790134
2024,mih1,GEMS-0227_FBLL_0068/PHP02,9.580619706790134
2024,mih1,GEMS-0227_FBLL_0069/PHP02,9.580619706790134
2024,mih1,GEMS-0227_FBLL_0072/PHP02,9.580619706790134
2024,mih1,GEMS-0227_FBLL_0073/PHP02,9.580619706790134
2024,mih1,GEMS-0227_FBLL_0075/PHP02,9.580619706790134
2024,mih1,GEMS-0227_FBLL_0077/PHP02,9.580619706790134
2024,mih1,GEMS-0227_FBLL_0078/PHP02,9.580619706790134
2024,mih1,GEMS-0227_FBLL_0079/PHP02,9.580619706790134
2024,mih1,GEMS-0227_FBLL_0080/PHP02,9.580619706790134
2024,mih1,GEMS-0227_FBLL_0082/PHP02,9.580619706790134
2024,mih1,GEMS-0227_FBLL_0085/PHP02,9.580619706790134
2024,mih1,GEMS-0227_FBLL_0086/PHP02,9.580619706790134
2024,mih1,GEMS-0227_FBLL_0087/PHP02,9.580619706790134
2024,mih1,GEMS-0227_FBLL_0088/PHP02,9.580619706790134
2024,mih1,GEMS-0227_FBLL_0090/PHP02,9.580619706790134
2024,mih1,GEMS-0227_FBLL_0094/PHP02,9.580619706790134
2024,mih1,GEMS-0227_FBLL_0095/PHP02,9.580619706790134
2024,mih1,GEMS-0227_FBLL_0096/PHP02,9.580619706790134
2024,mih1,GEMS-0227_FBLL_0098/PHP02,9.580619706790134
2024,mih1,GEMS-0227_FBLL_0104/PHP02,9.580619706790134
2024,mih1,GEMS-0227_FBLL_0105/PHP02,9.580619706790134
2024,mih1,GEMS-0227_FBLL_0106/PHP02,9.580619706790134
2024,mih1,GEMS-0227_FBLL_0110/PHP02,9.580619706790134
2024,mih1,GEMS-0227_FBLL_0111/PHP02,9.580619706790134
2024,mih1,GEMS-0227_FBLL_0113/PHP02,9.580619706790134
2024,mih1,GEMS-0227_FBLL_0114/PHP02,9.580619706790134
2024,mih1,GEMS-0227_FBLL_0115/PHP02,9.580619706790134
2024,mih1,GEMS-0227_FBLL_0116/PHP02,9.580619706790134
2024,mih1,GEMS-0227_FBLL_0117/PHP02,9.580619706790134
2024,mih1,GEMS-0227_FBLL_0121/PHP02,9.580619706790134
2024,mih1,GEMS-0227_FBLL_0124/PHP02,9.580619706790134
2024,mih1,GEMS-0227_FBLL_0125/PHP02,9.580619706790134
2024,mih1,GEMS-0227_FBLL_0127/PHP02,9.580619706790134
2024,mih1,GEMS-0227_FBLL_0133/PHP02,9.580619706790134
2024,mih1,GEMS-0227_FBLL_0136/PHP02,9.580619706790134
2024,mih1,GEMS-0227_FBLL_0141/PHP02,9.580619706790134
2024,mih1,GEMS-0227_PHB47_0001/PHP02,9.580619706790134
2024,mih1,GEMS-0227_PHB47_0002/PHP02,9.580619706790134
2024,mih1,GEMS-0227_PHB47_0003/PHP02,9.580619706790134
2024,mih1,GEMS-0227_PHB47_0004/PHP02,9.580619706790134
2024,mih1,GEMS-0227_PHB47_0007/PHP02,9.580619706790134
2024,mih1,GEMS-0227_PHB47_0009/PHP02,9.580619706790134
2024,mih1,GEMS-0227_PHB47_0010/PHP02,9.580619706790134
2024,mih1,GEMS-0227_PHB47_0011/PHP02,9.580619706790134
2024,mih1,GEMS-0227_PHB47_0012/PHP02,9.580619706790134
2024,mih1,GEMS-0227_PHB47_0014/PHP02,9.580619706790134
2024,mih1,GEMS-0227_PHB47_0016/PHP02,9.580619706790134
2024,mih1,GEMS-0227_PHB47_0024/PHP02,9.580619706790134
2024,mih1,GEMS-0227_PHB47_0025/PHP02,9.580619706790134
2024,mih1,GEMS-0227_PHB47_0026/PHP02,9.580619706790134
2024,mih1,GEMS-0227_PHBW8_0001/PHP02,9.580619706790134
2024,mih1,GEMS-0227_PHBW8_0002/PHP02,9.580619706790134
2024,mih1,GEMS-0227_PHBW8_0003/PHP02,9.580619706790134
2024,mih1,GEMS-0227_PHBW8_0004/PHP02,9.580619706790134
2024,mih1,GEMS-0227_PHBW8_0005/PHP02,9.580619706790134
2024,mih1,GEMS-0227_PHBW8_0006/PHP02,9.580619706790134
2024,mih1,GEMS-0227_PHBW8_0007/PHP02,9.580619706790134
2024,mih1,GEMS-0227_PHBW8_0009/PHP02,9.580619706790134
2024,mih1,GEMS-0227_PHBW8_0011/PHP02,9.580619706790134
2024,mih1,GEMS-0227_PHBW8_0012/PHP02,9.580619706790134
2024,mih1,GEMS-0227_PHBW8_0013/PHP02,9.580619706790134
2024,mih1,GEMS-0227_PHBW8_0015/PHP02,9.580619706790134
2024,mih1,GEMS-0227_PHBW8_0016/PHP02,9.580619706790134
2024,mih1,GEMS-0227_PHBW8_0018/PHP02,9.580619706790134
2024,mih1,GEMS-0227_PHBW8_0019/PHP02,9.580619706790134
2024,mih1,GEMS-0227_PHBW8_0020/PHP02,9.580619706790134
2024,mih1,GEMS-0227_PHBW8_0021/PHP02,9.580619706790134
2024,mih1,GEMS-0227_PHBW8_0022/PHP02,9.580619706790134
2024,mih1,LH132/PHP02,9.675130007062075
2024,mih1,LH192/PHP02,9.580619706790134
2024,mih1,LH193/PHP02,9.580619706790134
2024,mih1,LH194/PHP02,9.580619706790134
2024,mih1,LH195/PHZ51,9.317609257111748
2024,mih1,LH197/PHP02,9.580619706790134
2024,mih1,LH198/PHP02,9.580619706790134
2024,mih1,LH200/PHP02,9.580619706790134
2024,mih1,LH204/PHP02,9.580619706790134
2024,mih1,LH224/PHP02,9.580619706790134
2024,mih1,LH225/PHP02,9.580619706790134
2024,mih1,LH226HT/PHP02,9.580619706790134
2024,mih1,LH228/PHP02,9.580619706790134
2024,mih1,LH231/PHP02,9.580619706790134
2024,mih1,LH234/PHP02,9.580619706790134
2024,mih1,LH235/PHP02,9.580619706790134
2024,mih1,LH236/PHP02,9.580619706790134
2024,mih1,LH237/PHP02,9.580619706790134
2024,mih1,LH244/PHK76,9.603572912710224
2024,mih1,LH264/PHP02,9.580619706790134
2024,mih1,LH273/PHP02,9.580619706790134
2024,mih1,LH286/PHP02,9.580619706790134
2024,mih1,LH287/LH244,11.267274436843561
2024,mih1,LH82/LH244,9.461763869293035
2024,mih1,MM501D/LH244,10.653507047476037
2024,mih1,NKH8431/PHP02,9.580619706790134
2024,mih1,PH05G/PHP02,9.580619706790134
2024,mih1,PH05W/PHP02,9.580619706790134
2024,mih1,PH06N/PHP02,9.580619706790134
2024,mih1,PH07D/PHP02,9.580619706790134
2024,mih1,PH080/PHP02,9.580619706790134
2024,mih1,PH09B/PHP02,9.580619706790134
2024,mih1,PH09E/PHP02,9.580619706790134
2024,mih1,PH0CD/PHP02,9.580619706790134
2024,mih1,PH12C/PHP02,9.580619706790134
2024,mih1,PH19V/PHP02,9.580619706790134
2024,mih1,PH1CA/PHP02,9.580619706790134
2024,mih1,PH1GC/PHP02,9.580619706790134
2024,mih1,PH1GG/PHP02,9.580619706790134
2024,mih1,PH1TB/PHP02,9.580619706790134
2024,mih1,PH24E/LH244,10.692209074220528
2024,mih1,PH24M/PHP02,9.580619706790134
2024,mih1,PH37C/PHP02,9.580619706790134
2024,mih1,PH38D/PHP02,9.580619706790134
2024,mih1,PH42B/PHP02,9.580619706790134
2024,mih1,PH44A/PHP02,9.580619706790134
2024,mih1,PH63A/PHP02,9.580619706790134
2024,mih1,PH79A/PHP02,9.580619706790134
2024,mih1,PHB47/PHN82,10.009712307408716
2024,mih1,PHB47/PHP02,9.580619706790134
2024,mih1,PHB47/PHZ51,9.3883798944567
2024,mih1,PHBW8/PHP02,9.580619706790134
2024,mih1,PHDG1/PHP02,9.580619706790134
2024,mih1,PHG29/PHG47,8.829440149684839
2024,mih1,PHG39/PHN82,10.145375071406388
2024,mih1,PHHB9/PHP02,9.580619706790134
2024,mih1,PHJ40/PHAJ0,6.32353122731075
2024,mih1,PHJ89/LH244,10.352856724279246
2024,mih1,PHJR5/PHP02,9.580619706790134
2024,mih1,PHK56/LH244,10.672762348613563
2024,mih1,PHKV0/PHP02,9.580619706790134
2024,mih1,PHN41/PHP02,9.580619706790134
2024,mih1,PHN46/LH244,9.386630846550796
2024,mih1,PHN66/PHP02,9.580619706790134
2024,mih1,PHNJ2/PHP02,9.580619706790134
2024,mih1,PHP02/LH244,10.67242526076323
2024,mih1,PHP38/PHP02,9.580619706790134
2024,mih1,PHPR5/PHP02,9.580619706790134
2024,mih1,PHR03/LH244,10.63497579301504
2024,mih1,PHR61/PHP02,9.580619706790134
2024,mih1,PHRE1/PHTD5,6.898561328178317
2024,mih1,PHT10/PHP02,9.580619706790134
2024,mih1,PHT11/PHP02,9.580619706790134
2024,mih1,PHTP9/PHP02,9.580619706790134
2024,mih1,PHTV7/PHP02,9.580619706790134
2024,mih1,PHV37/PHP02,9.580619706790134
2024,mih1,PHVA9/PHP02,9.580619706790134
2024,mih1,PHVJ5/PHP02,9.580619706790134
2024,mih1,PHW30/LH244,10.425704271093881
2024,mih1,PHW52/PHM49,9.62303485460295
2024,mih1,PHW52/PHP02,9.580619706790134
2024,mih1,TX777/LH195,8.785377157933128
2024,mih1,W10004_0031/PHP02,10.667999238683995
2024,mih1,W10004_0034/PHP02,10.45965073019614
2024,mih1,W10004_0055/PHP02,10.643379154776643
2024,mih1,W10004_0062/PHP02,9.540942874072272
2024,mih1,W10004_0095/PHP02,9.380741194605289
2024,mih1,W10004_0103/PHP02,10.481161140440298
2024,mih1,W10004_0122/PHP02,10.384906135835756
2024,mih1,W10004_0133/PHP02,10.45965073019614
2024,mih1,W10004_0138/PHP02,10.01380583184825
2024,mih1,W10004_0146/PHP02,10.463841237256998
2024,mih1,W10004_0167/PHP02,9.961991493921222
2024,mih1,W10004_0168/PHP02,10.353348572006038
2024,mih1,W10004_0189/PHP02,10.63497579301504
2024,mih1,W10004_0236/PHP02,10.34521535692778
2024,mih1,W10004_0238/PHP02,10.466854299159525
2024,mih1,W10004_0270/PHP02,9.977383914413515
2024,mih1,W10004_0346/PHP02,10.627263401800707
2024,mih1,W10004_0389/PHP02,10.148222263056663
2024,mih1,W10004_0412/PHP02,10.390825265273271
2024,mih1,W10004_0608/PHP02,9.601111903036594
2024,mih1,W10004_0688/PHP02,9.967215828645172
2024,mih1,W10004_0691/PHP02,9.268862775288815
2024,mih1,W10004_0714/PHP02,10.353348572006038
2024,mih1,W10004_0747/PHP02,10.606606303002891
2024,mih1,W10004_0754/PHP02,10.404727733082595
2024,mih1,W10004_0771/PHP02,10.42623357107121
2024,mih1,W10004_0776/PHP02,10.404727733082595
2024,mih1,W10004_0822/PHP02,10.457932670629127
2024,mih1,W10004_0858/PHP02,10.369378707990053
2024,mih1,W10004_0859/PHP02,10.013180216897311
2024,mih1,W10004_0866/PHP02,10.692209074220528
2024,mih1,W10004_0949/PHP02,11.222140113997053
2024,mih1,W10004_1014/PHP02,10.352856724279246
2024,mih1,W10004_1018/PHP02,10.013180216897311
2024,mih1,W10004_1032/PHP02,9.804998726250215
2024,mih1,W10004_1080/PHP02,10.618366717541512
2024,mih1,WQCD10/PHP02,9.580619706790134
2024,mih1,ZS01459/PHP02,9.580619706790134
2024,mih1,ZS0510/PHP02,9.580619706790134
2024,mnh1,01DIB2/PHP02,9.84440035878759
2024,mnh1,2369/LH123HT,10.876598983539411
2024,mnh1,2FACC/PHP02,9.84440035878759
2024,mnh1,B14A/OH43,9.374819461501056
2024,mnh1,B37/H95,9.40447733689458
2024,mnh1,B73/MO17,10.756991639902301
2024,mnh1,B73/PHN82,10.945759198300525
2024,mnh1,B73/TX779,7.2911184971020315
2024,mnh1,CG119/CG108,6.697816319351378
2024,mnh1,CG44/CGR01,8.980575148336827
2024,mnh1,DK3IIH6/LH244,10.816197651862293
2024,mnh1,FBLA/PHP02,9.84440035878759
2024,mnh1,FBLL/PHP02,9.84440035878759
2024,mnh1,GEMS-0061_3AZA1_0004/PHP02,9.84440035878759
2024,mnh1,GEMS-0061_3AZA1_0005/PHP02,9.84440035878759
2024,mnh1,GEMS-0061_3AZA1_0007/PHP02,9.84440035878759
2024,mnh1,GEMS-0061_3AZA1_0009/PHP02,9.84440035878759
2024,mnh1,GEMS-0061_3AZA1_0010/PHP02,9.84440035878759
2024,mnh1,GEMS-0061_3AZA1_0012/PHP02,9.84440035878759
2024,mnh1,GEMS-0061_3AZA1_0013/PHP02,9.84440035878759
2024,mnh1,GEMS-0061_3AZA1_0015/PHP02,9.84440035878759
2024,mnh1,GEMS-0061_3AZA1_0016/PHP02,9.84440035878759
2024,mnh1,GEMS-0061_3AZA1_0017/PHP02,9.84440035878759
2024,mnh1,GEMS-0061_3AZA1_0023/PHP02,9.84440035878759
2024,mnh1,GEMS-0061_FBLL_0002/PHP02,9.84440035878759
2024,mnh1,GEMS-0061_FBLL_0005/PHP02,9.84440035878759
2024,mnh1,GEMS-0061_FBLL_0007/PHP02,9.84440035878759
2024,mnh1,GEMS-0061_FBLL_0009/PHP02,9.84440035878759
2024,mnh1,GEMS-0061_FBLL_0010/PHP02,9.84440035878759
2024,mnh1,GEMS-0061_FBLL_0014/PHP02,9.84440035878759
2024,mnh1,GEMS-0061_FBLL_0016/PHP02,9.84440035878759
2024,mnh1,GEMS-0061_FBLL_0018/PHP02,9.84440035878759
2024,mnh1,GEMS-0061_FBLL_0023/PHP02,9.84440035878759
2024,mnh1,GEMS-0061_FBLL_0032/PHP02,9.84440035878759
2024,mnh1,GEMS-0061_FBLL_0034/PHP02,9.84440035878759
2024,mnh1,GEMS-0061_FBLL_0037/PHP02,9.84440035878759
2024,mnh1,GEMS-0061_FBLL_0038/PHP02,9.84440035878759
2024,mnh1,GEMS-0061_FBLL_0042/PHP02,9.84440035878759
2024,mnh1,GEMS-0061_FBLL_0044/PHP02,9.84440035878759
2024,mnh1,GEMS-0061_FBLL_0047/PHP02,9.84440035878759
2024,mnh1,GEMS-0061_FBLL_0050/PHP02,9.84440035878759
2024,mnh1,GEMS-0061_PHB47_0001/PHP02,9.84440035878759
2024,mnh1,GEMS-0061_PHB47_0003/PHP02,9.84440035878759
2024,mnh1,GEMS-0061_PHB47_0004/PHP02,9.84440035878759
2024,mnh1,GEMS-0061_PHBW8_0001/PHP02,9.84440035878759
2024,mnh1,GEMS-0061_PHBW8_0002/PHP02,9.84440035878759
2024,mnh1,GEMS-0113_3AZA1_0001/PHP02,9.84440035878759
2024,mnh1,GEMS-0113_3AZA1_0002/PHP02,9.84440035878759
2024,mnh1,GEMS-0113_3AZA1_0003/PHP02,9.84440035878759
2024,mnh1,GEMS-0113_3AZA1_0004/PHP02,9.84440035878759
2024,mnh1,GEMS-0113_3AZA1_0006/PHP02,9.84440035878759
2024,mnh1,GEMS-0113_3AZA1_0008/PHP02,9.84440035878759
2024,mnh1,GEMS-0113_3AZA1_0011/PHP02,9.84440035878759
2024,mnh1,GEMS-0113_3AZA1_0013/PHP02,9.84440035878759
2024,mnh1,GEMS-0113_3AZA1_0014/PHP02,9.84440035878759
2024,mnh1,GEMS-0113_3AZA1_0015/PHP02,9.84440035878759
2024,mnh1,GEMS-0113_3AZA1_0016/PHP02,9.84440035878759
2024,mnh1,GEMS-0113_3AZA1_0017/PHP02,9.84440035878759
2024,mnh1,GEMS-0113_3AZA1_0018/PHP02,9.84440035878759
2024,mnh1,GEMS-0113_3AZA1_0021/PHP02,9.84440035878759
2024,mnh1,GEMS-0113_3AZA1_0022/PHP02,9.84440035878759
2024,mnh1,GEMS-0113_3AZA1_0025/PHP02,9.84440035878759
2024,mnh1,GEMS-0113_3AZA1_0026/PHP02,9.84440035878759
2024,mnh1,GEMS-0113_3AZA1_0029/PHP02,9.84440035878759
2024,mnh1,GEMS-0113_3AZA1_0031/PHP02,9.84440035878759
2024,mnh1,GEMS-0113_3AZA1_0038/PHP02,9.84440035878759
2024,mnh1,GEMS-0113_FBLL_0002/PHP02,9.84440035878759
2024,mnh1,GEMS-0113_FBLL_0003/PHP02,9.84440035878759
2024,mnh1,GEMS-0113_FBLL_0004/PHP02,9.84440035878759
2024,mnh1,GEMS-0113_FBLL_0005/PHP02,9.84440035878759
2024,mnh1,GEMS-0113_FBLL_0006/PHP02,9.84440035878759
2024,mnh1,GEMS-0113_FBLL_0007/PHP02,9.84440035878759
2024,mnh1,GEMS-0113_FBLL_0008/PHP02,9.84440035878759
2024,mnh1,GEMS-0113_FBLL_0010/PHP02,9.84440035878759
2024,mnh1,GEMS-0113_FBLL_0011/PHP02,9.84440035878759
2024,mnh1,GEMS-0113_FBLL_0013/PHP02,9.84440035878759
2024,mnh1,GEMS-0113_PHB47_0001/PHP02,9.84440035878759
2024,mnh1,GEMS-0113_PHB47_0003/PHP02,9.84440035878759
2024,mnh1,GEMS-0113_PHB47_0004/PHP02,9.84440035878759
2024,mnh1,GEMS-0113_PHB47_0005/PHP02,9.84440035878759
2024,mnh1,GEMS-0113_PHB47_0006/PHP02,9.84440035878759
2024,mnh1,GEMS-0113_PHB47_0007/PHP02,9.84440035878759
2024,mnh1,GEMS-0113_PHB47_0008/PHP02,9.84440035878759
2024,mnh1,GEMS-0113_PHB47_0009/PHP02,9.84440035878759
2024,mnh1,GEMS-0113_PHB47_0012/PHP02,9.84440035878759
2024,mnh1,GEMS-0113_PHB47_0013/PHP02,9.84440035878759
2024,mnh1,GEMS-0113_PHB47_0014/PHP02,9.84440035878759
2024,mnh1,GEMS-0113_PHB47_0015/PHP02,9.84440035878759
2024,mnh1,GEMS-0113_PHB47_0017/PHP02,9.84440035878759
2024,mnh1,GEMS-0113_PHB47_0020/PHP02,9.84440035878759
2024,mnh1,GEMS-0113_PHB47_0021/PHP02,9.84440035878759
2024,mnh1,GEMS-0113_PHBW8_0001/PHP02,9.84440035878759
2024,mnh1,GEMS-0113_PHBW8_0002/PHP02,9.84440035878759
2024,mnh1,GEMS-0113_PHBW8_0006/PHP02,9.84440035878759
2024,mnh1,GEMS-0113_PHBW8_0007/PHP02,9.84440035878759
2024,mnh1,GEMS-0113_PHBW8_0008/PHP02,9.84440035878759
2024,mnh1,GEMS-0113_PHBW8_0009/PHP02,9.84440035878759
2024,mnh1,GEMS-0113_PHBW8_0010/PHP02,9.84440035878759
2024,mnh1,GEMS-0113_PHBW8_0012/PHP02,9.84440035878759
2024,mnh1,GEMS-0113_PHBW8_0013/PHP02,9.84440035878759
2024,mnh1,GEMS-0113_PHBW8_0014/PHP02,9.84440035878759
2024,mnh1,GEMS-0113_PHBW8_0017/PHP02,9.84440035878759
2024,mnh1,GEMS-0219_3AZA1_0002/PHP02,9.84440035878759
2024,mnh1,GEMS-0219_3AZA1_0004/PHP02,9.84440035878759
2024,mnh1,GEMS-0219_3AZA1_0006/PHP02,9.84440035878759
2024,mnh1,GEMS-0219_3AZA1_0007/PHP02,9.84440035878759
2024,mnh1,GEMS-0219_3AZA1_0008/PHP02,9.84440035878759
2024,mnh1,GEMS-0219_3AZA1_0010/PHP02,9.84440035878759
2024,mnh1,GEMS-0219_3AZA1_0012/PHP02,9.84440035878759
2024,mnh1,GEMS-0219_3AZA1_0014/PHP02,9.84440035878759
2024,mnh1,GEMS-0219_FBLL_0002/PHP02,9.84440035878759
2024,mnh1,GEMS-0219_FBLL_0003/PHP02,9.84440035878759
2024,mnh1,GEMS-0219_FBLL_0005/PHP02,9.84440035878759
2024,mnh1,GEMS-0219_FBLL_0006/PHP02,9.84440035878759
2024,mnh1,GEMS-0219_FBLL_0007/PHP02,9.84440035878759
2024,mnh1,GEMS-0219_FBLL_0008/PHP02,9.84440035878759
2024,mnh1,GEMS-0219_FBLL_0009/PHP02,9.84440035878759
2024,mnh1,GEMS-0219_FBLL_0010/PHP02,9.84440035878759
2024,mnh1,GEMS-0219_FBLL_0011/PHP02,9.84440035878759
2024,mnh1,GEMS-0219_FBLL_0012/PHP02,9.84440035878759
2024,mnh1,GEMS-0219_FBLL_0013/PHP02,9.84440035878759
2024,mnh1,GEMS-0219_FBLL_0015/PHP02,9.84440035878759
2024,mnh1,GEMS-0219_FBLL_0017/PHP02,9.84440035878759
2024,mnh1,GEMS-0219_FBLL_0018/PHP02,9.84440035878759
2024,mnh1,GEMS-0219_FBLL_0019/PHP02,9.84440035878759
2024,mnh1,GEMS-0219_FBLL_0020/PHP02,9.84440035878759
2024,mnh1,GEMS-0219_FBLL_0021/PHP02,9.84440035878759
2024,mnh1,GEMS-0219_FBLL_0025/PHP02,9.84440035878759
2024,mnh1,GEMS-0219_FBLL_0028/PHP02,9.84440035878759
2024,mnh1,GEMS-0219_FBLL_0030/PHP02,9.84440035878759
2024,mnh1,GEMS-0219_PHB47_0001/PHP02,9.84440035878759
2024,mnh1,GEMS-0219_PHB47_0002/PHP02,9.84440035878759
2024,mnh1,GEMS-0219_PHB47_0003/PHP02,9.84440035878759
2024,mnh1,GEMS-0219_PHB47_0004/PHP02,9.84440035878759
2024,mnh1,GEMS-0219_PHB47_0005/PHP02,9.84440035878759
2024,mnh1,GEMS-0219_PHB47_0006/PHP02,9.84440035878759
2024,mnh1,GEMS-0219_PHB47_0014/PHP02,9.84440035878759
2024,mnh1,GEMS-0219_PHBW8_0001/PHP02,9.84440035878759
2024,mnh1,GEMS-0219_PHBW8_0003/PHP02,9.84440035878759
2024,mnh1,GEMS-0219_PHBW8_0006/PHP02,9.84440035878759
2024,mnh1,GEMS-0219_PHBW8_0008/PHP02,9.84440035878759
2024,mnh1,GEMS-0219_PHBW8_0009/PHP02,9.84440035878759
2024,mnh1,GEMS-0219_PHBW8_0011/PHP02,9.84440035878759
2024,mnh1,GEMS-0227_3AZA1_0002/PHP02,9.84440035878759
2024,mnh1,GEMS-0227_3AZA1_0004/PHP02,9.84440035878759
2024,mnh1,GEMS-0227_3AZA1_0005/PHP02,9.84440035878759
2024,mnh1,GEMS-0227_3AZA1_0006/PHP02,9.84440035878759
2024,mnh1,GEMS-0227_3AZA1_0007/PHP02,9.84440035878759
2024,mnh1,GEMS-0227_3AZA1_0008/PHP02,9.84440035878759
2024,mnh1,GEMS-0227_3AZA1_0009/PHP02,9.84440035878759
2024,mnh1,GEMS-0227_3AZA1_0010/PHP02,9.84440035878759
2024,mnh1,GEMS-0227_3AZA1_0012/PHP02,9.84440035878759
2024,mnh1,GEMS-0227_3AZA1_0013/PHP02,9.84440035878759
2024,mnh1,GEMS-0227_3AZA1_0014/PHP02,9.84440035878759
2024,mnh1,GEMS-0227_3AZA1_0015/PHP02,9.84440035878759
2024,mnh1,GEMS-0227_3AZA1_0016/PHP02,9.84440035878759
2024,mnh1,GEMS-0227_3AZA1_0017/PHP02,9.84440035878759
2024,mnh1,GEMS-0227_3AZA1_0019/PHP02,9.84440035878759
2024,mnh1,GEMS-0227_3AZA1_0021/PHP02,9.84440035878759
2024,mnh1,GEMS-0227_3AZA1_0022/PHP02,9.84440035878759
2024,mnh1,GEMS-0227_3AZA1_0024/PHP02,9.84440035878759
2024,mnh1,GEMS-0227_3AZA1_0025/PHP02,9.84440035878759
2024,mnh1,GEMS-0227_3AZA1_0028/PHP02,9.84440035878759
2024,mnh1,GEMS-0227_3AZA1_0031/PHP02,9.84440035878759
2024,mnh1,GEMS-0227_3AZA1_0032/PHP02,9.84440035878759
2024,mnh1,GEMS-0227_3AZA1_0034/PHP02,9.84440035878759
2024,mnh1,GEMS-0227_3AZA1_0035/PHP02,9.84440035878759
2024,mnh1,GEMS-0227_3AZA1_0036/PHP02,9.84440035878759
2024,mnh1,GEMS-0227_3AZA1_0041/PHP02,9.84440035878759
2024,mnh1,GEMS-0227_3AZA1_0043/PHP02,9.84440035878759
2024,mnh1,GEMS-0227_3AZA1_0045/PHP02,9.84440035878759
2024,mnh1,GEMS-0227_3AZA1_0046/PHP02,9.84440035878759
2024,mnh1,GEMS-0227_3AZA1_0048/PHP02,9.84440035878759
2024,mnh1,GEMS-0227_3AZA1_0049/PHP02,9.84440035878759
2024,mnh1,GEMS-0227_FBLL_0002/PHP02,9.84440035878759
2024,mnh1,GEMS-0227_FBLL_0003/PHP02,9.84440035878759
2024,mnh1,GEMS-0227_FBLL_0004/PHP02,9.84440035878759
2024,mnh1,GEMS-0227_FBLL_0005/PHP02,9.84440035878759
2024,mnh1,GEMS-0227_FBLL_0007/PHP02,9.84440035878759
2024,mnh1,GEMS-0227_FBLL_0008/PHP02,9.84440035878759
2024,mnh1,GEMS-0227_FBLL_0009/PHP02,9.84440035878759
2024,mnh1,GEMS-0227_FBLL_0010/PHP02,9.84440035878759
2024,mnh1,GEMS-0227_FBLL_0013/PHP02,9.84440035878759
2024,mnh1,GEMS-0227_FBLL_0015/PHP02,9.84440035878759
2024,mnh1,GEMS-0227_FBLL_0017/PHP02,9.84440035878759
2024,mnh1,GEMS-0227_FBLL_0018/PHP02,9.84440035878759
2024,mnh1,GEMS-0227_FBLL_0019/PHP02,9.84440035878759
2024,mnh1,GEMS-0227_FBLL_0021/PHP02,9.84440035878759
2024,mnh1,GEMS-0227_FBLL_0022/PHP02,9.84440035878759
2024,mnh1,GEMS-0227_FBLL_0023/PHP02,9.84440035878759
2024,mnh1,GEMS-0227_FBLL_0025/PHP02,9.84440035878759
2024,mnh1,GEMS-0227_FBLL_0029/PHP02,9.84440035878759
2024,mnh1,GEMS-0227_FBLL_0030/PHP02,9.84440035878759
2024,mnh1,GEMS-0227_FBLL_0031/PHP02,9.84440035878759
2024,mnh1,GEMS-0227_FBLL_0032/PHP02,9.84440035878759
2024,mnh1,GEMS-0227_FBLL_0033/PHP02,9.84440035878759
2024,mnh1,GEMS-0227_FBLL_0034/PHP02,9.84440035878759
2024,mnh1,GEMS-0227_FBLL_0035/PHP02,9.84440035878759
2024,mnh1,GEMS-0227_FBLL_0036/PHP02,9.84440035878759
2024,mnh1,GEMS-0227_FBLL_0037/PHP02,9.84440035878759
2024,mnh1,GEMS-0227_FBLL_0038/PHP02,9.84440035878759
2024,mnh1,GEMS-0227_FBLL_0042/PHP02,9.84440035878759
2024,mnh1,GEMS-0227_FBLL_0043/PHP02,9.84440035878759
2024,mnh1,GEMS-0227_FBLL_0045/PHP02,9.84440035878759
2024,mnh1,GEMS-0227_FBLL_0046/PHP02,9.84440035878759
2024,mnh1,GEMS-0227_FBLL_0047/PHP02,9.84440035878759
2024,mnh1,GEMS-0227_FBLL_0048/PHP02,9.84440035878759
2024,mnh1,GEMS-0227_FBLL_0049/PHP02,9.84440035878759
2024,mnh1,GEMS-0227_FBLL_0050/PHP02,9.84440035878759
2024,mnh1,GEMS-0227_FBLL_0051/PHP02,9.84440035878759
2024,mnh1,GEMS-0227_FBLL_0054/PHP02,9.84440035878759
2024,mnh1,GEMS-0227_FBLL_0057/PHP02,9.84440035878759
2024,mnh1,GEMS-0227_FBLL_0058/PHP02,9.84440035878759
2024,mnh1,GEMS-0227_FBLL_0060/PHP02,9.84440035878759
2024,mnh1,GEMS-0227_FBLL_0062/PHP02,9.84440035878759
2024,mnh1,GEMS-0227_FBLL_0063/PHP02,9.84440035878759
2024,mnh1,GEMS-0227_FBLL_0064/PHP02,9.84440035878759
2024,mnh1,GEMS-0227_FBLL_0066/PHP02,9.84440035878759
2024,mnh1,GEMS-0227_FBLL_0067/PHP02,9.84440035878759
2024,mnh1,GEMS-0227_FBLL_0068/PHP02,9.84440035878759
2024,mnh1,GEMS-0227_FBLL_0071/PHP02,9.84440035878759
2024,mnh1,GEMS-0227_FBLL_0073/PHP02,9.84440035878759
2024,mnh1,GEMS-0227_FBLL_0074/PHP02,9.84440035878759
2024,mnh1,GEMS-0227_FBLL_0075/PHP02,9.84440035878759
2024,mnh1,GEMS-0227_FBLL_0077/PHP02,9.84440035878759
2024,mnh1,GEMS-0227_FBLL_0078/PHP02,9.84440035878759
2024,mnh1,GEMS-0227_FBLL_0079/PHP02,9.84440035878759
2024,mnh1,GEMS-0227_FBLL_0080/PHP02,9.84440035878759
2024,mnh1,GEMS-0227_FBLL_0082/PHP02,9.84440035878759
2024,mnh1,GEMS-0227_FBLL_0085/PHP02,9.84440035878759
2024,mnh1,GEMS-0227_FBLL_0086/PHP02,9.84440035878759
2024,mnh1,GEMS-0227_FBLL_0087/PHP02,9.84440035878759
2024,mnh1,GEMS-0227_FBLL_0088/PHP02,9.84440035878759
2024,mnh1,GEMS-0227_FBLL_0089/PHP02,9.84440035878759
2024,mnh1,GEMS-0227_FBLL_0093/PHP02,9.84440035878759
2024,mnh1,GEMS-0227_FBLL_0096/PHP02,9.84440035878759
2024,mnh1,GEMS-0227_FBLL_0097/PHP02,9.84440035878759
2024,mnh1,GEMS-0227_FBLL_0102/PHP02,9.84440035878759
2024,mnh1,GEMS-0227_FBLL_0104/PHP02,9.84440035878759
2024,mnh1,GEMS-0227_FBLL_0105/PHP02,9.84440035878759
2024,mnh1,GEMS-0227_FBLL_0107/PHP02,9.84440035878759
2024,mnh1,GEMS-0227_FBLL_0110/PHP02,9.84440035878759
2024,mnh1,GEMS-0227_FBLL_0111/PHP02,9.84440035878759
2024,mnh1,GEMS-0227_FBLL_0113/PHP02,9.84440035878759
2024,mnh1,GEMS-0227_FBLL_0115/PHP02,9.84440035878759
2024,mnh1,GEMS-0227_FBLL_0116/PHP02,9.84440035878759
2024,mnh1,GEMS-0227_FBLL_0118/PHP02,9.84440035878759
2024,mnh1,GEMS-0227_FBLL_0121/PHP02,9.84440035878759
2024,mnh1,GEMS-0227_FBLL_0124/PHP02,9.84440035878759
2024,mnh1,GEMS-0227_FBLL_0125/PHP02,9.84440035878759
2024,mnh1,GEMS-0227_FBLL_0127/PHP02,9.84440035878759
2024,mnh1,GEMS-0227_FBLL_0133/PHP02,9.84440035878759
2024,mnh1,GEMS-0227_FBLL_0136/PHP02,9.84440035878759
2024,mnh1,GEMS-0227_FBLL_0140/PHP02,9.84440035878759
2024,mnh1,GEMS-0227_FBLL_0141/PHP02,9.84440035878759
2024,mnh1,GEMS-0227_PHB47_0002/PHP02,9.84440035878759
2024,mnh1,GEMS-0227_PHB47_0003/PHP02,9.84440035878759
2024,mnh1,GEMS-0227_PHB47_0004/PHP02,9.84440035878759
2024,mnh1,GEMS-0227_PHB47_0006/PHP02,9.84440035878759
2024,mnh1,GEMS-0227_PHB47_0007/PHP02,9.84440035878759
2024,mnh1,GEMS-0227_PHB47_0009/PHP02,9.84440035878759
2024,mnh1,GEMS-0227_PHB47_0010/PHP02,9.84440035878759
2024,mnh1,GEMS-0227_PHB47_0012/PHP02,9.84440035878759
2024,mnh1,GEMS-0227_PHB47_0014/PHP02,9.84440035878759
2024,mnh1,GEMS-0227_PHB47_0016/PHP02,9.84440035878759
2024,mnh1,GEMS-0227_PHB47_0022/PHP02,9.84440035878759
2024,mnh1,GEMS-0227_PHB47_0023/PHP02,9.84440035878759
2024,mnh1,GEMS-0227_PHB47_0024/PHP02,9.84440035878759
2024,mnh1,GEMS-0227_PHBW8_0001/PHP02,9.84440035878759
2024,mnh1,GEMS-0227_PHBW8_0002/PHP02,9.84440035878759
2024,mnh1,GEMS-0227_PHBW8_0003/PHP02,9.84440035878759
2024,mnh1,GEMS-0227_PHBW8_0004/PHP02,9.84440035878759
2024,mnh1,GEMS-0227_PHBW8_0005/PHP02,9.84440035878759
2024,mnh1,GEMS-0227_PHBW8_0006/PHP02,9.84440035878759
2024,mnh1,GEMS-0227_PHBW8_0007/PHP02,9.84440035878759
2024,mnh1,GEMS-0227_PHBW8_0009/PHP02,9.84440035878759
2024,mnh1,GEMS-0227_PHBW8_0010/PHP02,9.84440035878759
2024,mnh1,GEMS-0227_PHBW8_0012/PHP02,9.84440035878759
2024,mnh1,GEMS-0227_PHBW8_0013/PHP02,9.84440035878759
2024,mnh1,GEMS-0227_PHBW8_0015/PHP02,9.84440035878759
2024,mnh1,GEMS-0227_PHBW8_0017/PHP02,9.84440035878759
2024,mnh1,GEMS-0227_PHBW8_0018/PHP02,9.84440035878759
2024,mnh1,GEMS-0227_PHBW8_0019/PHP02,9.84440035878759
2024,mnh1,GEMS-0227_PHBW8_0021/PHP02,9.84440035878759
2024,mnh1,GEMS-0227_PHBW8_0024/PHP02,9.84440035878759
2024,mnh1,LH132/PHP02,9.783303844326246
2024,mnh1,LH146HT/PHP02,9.84440035878759
2024,mnh1,LH192/PHP02,9.84440035878759
2024,mnh1,LH194/PHP02,9.84440035878759
2024,mnh1,LH195/PHP02,9.767331518052881
2024,mnh1,LH195/PHZ51,9.32042721531757
2024,mnh1,LH197/PHP02,9.84440035878759
2024,mnh1,LH200/PHP02,9.84440035878759
2024,mnh1,LH204/PHP02,9.84440035878759
2024,mnh1,LH220HT/PHP02,9.84440035878759
2024,mnh1,LH226HT/PHP02,9.84440035878759
2024,mnh1,LH236/PHP02,9.84440035878759
2024,mnh1,LH237/PHP02,9.84440035878759
2024,mnh1,LH238/PHP02,9.84440035878759
2024,mnh1,LH244/PHK76,9.614931117753287
2024,mnh1,LH264/PHP02,9.84440035878759
2024,mnh1,LH273/PHP02,9.84440035878759
2024,mnh1,LH286/PHP02,9.84440035878759
2024,mnh1,LH287/LH244,11.179953663125096
2024,mnh1,LH292/PHP02,9.84440035878759
2024,mnh1,LH82/LH244,9.728989572113258
2024,mnh1,MM501D/LH244,10.816197651862293
2024,mnh1,NKH8431/PHP02,9.84440035878759
2024,mnh1,PH05F/PHP02,9.84440035878759
2024,mnh1,PH05W/PHP02,9.84440035878759
2024,mnh1,PH06N/PHP02,9.84440035878759
2024,mnh1,PH080/PHP02,9.84440035878759
2024,mnh1,PH08A/PHP02,9.84440035878759
2024,mnh1,PH09B/PHP02,9.84440035878759
2024,mnh1,PH0B4/PHP02,9.84440035878759
2024,mnh1,PH0CD/PHP02,9.84440035878759
2024,mnh1,PH0GP/PHP02,9.84440035878759
2024,mnh1,PH19V/PHP02,9.84440035878759
2024,mnh1,PH1CA/PHP02,9.84440035878759
2024,mnh1,PH1GC/PHP02,9.84440035878759
2024,mnh1,PH1W2/PHP02,9.84440035878759
2024,mnh1,PH24E/LH244,10.904545878545454
2024,mnh1,PH32C/PHP02,9.84440035878759
2024,mnh1,PH38D/PHP02,9.84440035878759
2024,mnh1,PH42B/PHP02,9.84440035878759
2024,mnh1,PH55C/PHP02,9.84440035878759
2024,mnh1,PH79A/PHP02,9.84440035878759
2024,mnh1,PHB47/PHN82,10.14907417013075
2024,mnh1,PHB47/PHP02,9.84440035878759
2024,mnh1,PHB47/PHZ51,9.456323527928824
2024,mnh1,PHBW8/PHP02,9.84440035878759
2024,mnh1,PHDG1/PHP02,9.84440035878759
2024,mnh1,PHEW7/PHP02,9.84440035878759
2024,mnh1,PHG29/PHG47,9.197674744529055
2024,mnh1,PHG39/PHN82,10.374754290898206
2024,mnh1,PHHB9/PHP02,9.84440035878759
2024,mnh1,PHJ40/PHAJ0,6.697816319351378
2024,mnh1,PHJ89/LH244,10.468593193002679
2024,mnh1,PHJR5/PHP02,9.84440035878759
2024,mnh1,PHK56/LH244,10.908605119300791
2024,mnh1,PHN46/LH244,9.407634590614784
2024,mnh1,PHNJ2/PHP02,9.84440035878759
2024,mnh1,PHP02/LH244,10.867367339856617
2024,mnh1,PHP38/PHP02,9.84440035878759
2024,mnh1,PHPR5/PHP02,9.84440035878759
2024,mnh1,PHR03/LH244,10.88771305896987
2024,mnh1,PHR61/PHP02,9.84440035878759
2024,mnh1,PHRE1/PHTD5,6.691289733323228
2024,mnh1,PHT11/PHP02,9.84440035878759
2024,mnh1,PHT47/PHP02,9.84440035878759
2024,mnh1,PHTP9/PHP02,9.84440035878759
2024,mnh1,PHTV7/PHP02,9.84440035878759
2024,mnh1,PHV37/PHP02,9.84440035878759
2024,mnh1,PHVA9/PHP02,9.84440035878759
2024,mnh1,PHVJ5/PHP02,9.84440035878759
2024,mnh1,PHW30/LH244,10.67181811881082
2024,mnh1,PHW52/PHM49,9.8757781064146
2024,mnh1,TX777/LH195,9.047295608674457
2024,mnh1,W10004_0018/PHP02,9.755931094468568
2024,mnh1,W10004_0031/PHP02,10.864677430250467
2024,mnh1,W10004_0034/PHP02,10.609839743271095
2024,mnh1,W10004_0055/PHP02,10.783944008405038
2024,mnh1,W10004_0095/PHP02,9.503170815600605
2024,mnh1,W10004_0122/PHP02,10.475613759085693
2024,mnh1,W10004_0133/PHP02,10.609839743271095
2024,mnh1,W10004_0138/PHP02,10.216387508492563
2024,mnh1,W10004_0146/PHP02,10.693010499456635
2024,mnh1,W10004_0160/PHP02,10.693010499456635
2024,mnh1,W10004_0168/PHP02,10.462002488377191
2024,mnh1,W10004_0189/PHP02,10.88771305896987
2024,mnh1,W10004_0236/PHP02,10.475084199891503
2024,mnh1,W10004_0238/PHP02,10.621371637053869
2024,mnh1,W10004_0270/PHP02,10.2118876983669
2024,mnh1,W10004_0311/PHP02,9.953003023582284
2024,mnh1,W10004_0389/PHP02,10.379354146491192
2024,mnh1,W10004_0403/PHP02,10.61685743591023
2024,mnh1,W10004_0409/PHP02,10.730130232853622
2024,mnh1,W10004_0412/PHP02,10.476191528158303
2024,mnh1,W10004_0476/PHP02,9.934133434060334
2024,mnh1,W10004_0608/PHP02,9.75979265315927
2024,mnh1,W10004_0637/PHP02,10.651114624231118
2024,mnh1,W10004_0658/PHP02,11.080574294073488
2024,mnh1,W10004_0688/PHP02,10.119295239969519
2024,mnh1,W10004_0691/PHP02,9.309949185497823
2024,mnh1,W10004_0715/PHP02,10.476191528158303
2024,mnh1,W10004_0747/PHP02,10.945045597431047
2024,mnh1,W10004_0754/PHP02,10.547599724547865
2024,mnh1,W10004_0771/PHP02,10.586779028949318
2024,mnh1,W10004_0776/PHP02,10.547599724547865
2024,mnh1,W10004_0801/PHP02,10.924206435997542
2024,mnh1,W10004_0822/PHP02,10.621371637053869
2024,mnh1,W10004_0858/PHP02,10.386478303303035
2024,mnh1,W10004_0866/PHP02,10.904545878545454
2024,mnh1,W10004_0949/PHP02,11.080574294073488
2024,mnh1,W10004_0969/PHP02,10.071291781423987
2024,mnh1,W10004_1014/PHP02,10.468593193002679
2024,mnh1,W10004_1018/PHP02,10.195140149268841
2024,mnh1,W10004_1032/PHP02,10.071291781423987
2024,mnh1,W10004_1080/PHP02,10.977042787259165
2024,mnh1,WQCD10/PHP02,9.84440035878759
2024,mnh1,ZS01459/PHP02,9.84440035878759
2024,mnh1,ZS0510/PHP02,9.84440035878759
2024,moh1,01CSI6/LH287,7.342484945279361
2024,moh1,01DIB2/LH287,7.342484945279361
2024,moh1,2369/LH123HT,8.541011914905841
2024,moh1,2FACC/PHP02,7.342484945279361
2024,moh1,6F629/PHP02,7.342484945279361
2024,moh1,B14A/H95,7.25933561768788
2024,moh1,B14A/MO17,6.793133830381406
2024,moh1,B14A/OH43,7.349152284280864
2024,moh1,B37/H95,7.300843306253011
2024,moh1,B37/MO17,7.221880308456654
2024,moh1,B37/OH43,7.341915941541955
2024,moh1,B73/MO17,8.298407757120863
2024,moh1,B73/PHK76,7.318652604459698
2024,moh1,B73/PHM49,8.201833999392472
2024,moh1,B73/PHN82,8.295542851808152
2024,moh1,B73/PHZ51,7.247409970884948
2024,moh1,B73/TX779,6.406411411499007
2024,moh1,CG119/CG108,4.891063233020129
2024,moh1,CG44/CGR01,6.993607027701388
2024,moh1,DK3IIH6/LH244,8.172606327373229
2024,moh1,DKFBHJ/PHP02,7.342484945279361
2024,moh1,F42/H95,7.295303793067518
2024,moh1,F42/MO17,7.901353984209114
2024,moh1,F42/OH43,7.272424228398245
2024,moh1,FBLL/LH287,7.342484945279361
2024,moh1,GEMS-0061_3AZA1_0001/PHP02,7.342484945279361
2024,moh1,GEMS-0061_3AZA1_0003/LH287,7.342484945279361
2024,moh1,GEMS-0061_3AZA1_0005/LH287,7.342484945279361
2024,moh1,GEMS-0061_3AZA1_0006/PHP02,7.342484945279361
2024,moh1,GEMS-0061_3AZA1_0009/LH287,7.342484945279361
2024,moh1,GEMS-0061_3AZA1_0009/PHP02,7.342484945279361
2024,moh1,GEMS-0061_3AZA1_0010/LH287,7.342484945279361
2024,moh1,GEMS-0061_3AZA1_0011/PHP02,7.342484945279361
2024,moh1,GEMS-0061_3AZA1_0012/PHP02,7.342484945279361
2024,moh1,GEMS-0061_3AZA1_0013/LH287,7.342484945279361
2024,moh1,GEMS-0061_3AZA1_0014/LH287,7.342484945279361
2024,moh1,GEMS-0061_3AZA1_0014/PHP02,7.342484945279361
2024,moh1,GEMS-0061_3AZA1_0015/LH287,7.342484945279361
2024,moh1,GEMS-0061_3AZA1_0017/LH287,7.342484945279361
2024,moh1,GEMS-0061_3AZA1_0021/LH287,7.342484945279361
2024,moh1,GEMS-0061_3AZA1_0021/PHP02,7.342484945279361
2024,moh1,GEMS-0061_3AZA1_0023/LH287,7.342484945279361
2024,moh1,GEMS-0061_3AZA1_0023/PHP02,7.342484945279361
2024,moh1,GEMS-0061_FBLL_0002/LH287,7.342484945279361
2024,moh1,GEMS-0061_FBLL_0004/PHP02,7.342484945279361
2024,moh1,GEMS-0061_FBLL_0005/LH287,7.342484945279361
2024,moh1,GEMS-0061_FBLL_0005/PHP02,7.342484945279361
2024,moh1,GEMS-0061_FBLL_0007/LH287,7.342484945279361
2024,moh1,GEMS-0061_FBLL_0008/PHP02,7.342484945279361
2024,moh1,GEMS-0061_FBLL_0009/LH287,7.342484945279361
2024,moh1,GEMS-0061_FBLL_0009/PHP02,7.342484945279361
2024,moh1,GEMS-0061_FBLL_0010/PHP02,7.342484945279361
2024,moh1,GEMS-0061_FBLL_0011/LH287,7.342484945279361
2024,moh1,GEMS-0061_FBLL_0011/PHP02,7.342484945279361
2024,moh1,GEMS-0061_FBLL_0014/LH287,7.342484945279361
2024,moh1,GEMS-0061_FBLL_0015/PHP02,7.342484945279361
2024,moh1,GEMS-0061_FBLL_0016/LH287,7.342484945279361
2024,moh1,GEMS-0061_FBLL_0017/LH287,7.342484945279361
2024,moh1,GEMS-0061_FBLL_0017/PHP02,7.342484945279361
2024,moh1,GEMS-0061_FBLL_0018/LH287,7.342484945279361
2024,moh1,GEMS-0061_FBLL_0019/PHP02,7.342484945279361
2024,moh1,GEMS-0061_FBLL_0022/LH287,7.342484945279361
2024,moh1,GEMS-0061_FBLL_0022/PHP02,7.342484945279361
2024,moh1,GEMS-0061_FBLL_0024/LH287,7.342484945279361
2024,moh1,GEMS-0061_FBLL_0024/PHP02,7.342484945279361
2024,moh1,GEMS-0061_FBLL_0025/LH287,7.342484945279361
2024,moh1,GEMS-0061_FBLL_0025/PHP02,7.342484945279361
2024,moh1,GEMS-0061_FBLL_0026/LH287,7.342484945279361
2024,moh1,GEMS-0061_FBLL_0026/PHP02,7.342484945279361
2024,moh1,GEMS-0061_FBLL_0029/LH287,7.342484945279361
2024,moh1,GEMS-0061_FBLL_0029/PHP02,7.342484945279361
2024,moh1,GEMS-0061_FBLL_0031/PHP02,7.342484945279361
2024,moh1,GEMS-0061_FBLL_0032/LH287,7.342484945279361
2024,moh1,GEMS-0061_FBLL_0032/PHP02,7.342484945279361
2024,moh1,GEMS-0061_FBLL_0033/PHP02,7.342484945279361
2024,moh1,GEMS-0061_FBLL_0034/LH287,7.342484945279361
2024,moh1,GEMS-0061_FBLL_0034/PHP02,7.342484945279361
2024,moh1,GEMS-0061_FBLL_0035/LH287,7.342484945279361
2024,moh1,GEMS-0061_FBLL_0035/PHP02,7.342484945279361
2024,moh1,GEMS-0061_FBLL_0037/PHP02,7.342484945279361
2024,moh1,GEMS-0061_FBLL_0038/LH287,7.342484945279361
2024,moh1,GEMS-0061_FBLL_0038/PHP02,7.342484945279361
2024,moh1,GEMS-0061_FBLL_0039/LH287,7.342484945279361
2024,moh1,GEMS-0061_FBLL_0039/PHP02,7.342484945279361
2024,moh1,GEMS-0061_FBLL_0040/LH287,7.342484945279361
2024,moh1,GEMS-0061_FBLL_0040/PHP02,7.342484945279361
2024,moh1,GEMS-0061_FBLL_0050/LH287,7.342484945279361
2024,moh1,GEMS-0061_PHB47_0001/PHP02,7.342484945279361
2024,moh1,GEMS-0061_PHB47_0003/LH287,7.342484945279361
2024,moh1,GEMS-0061_PHB47_0003/PHP02,7.342484945279361
2024,moh1,GEMS-0061_PHB47_0004/LH287,7.342484945279361
2024,moh1,GEMS-0061_PHB47_0004/PHP02,7.342484945279361
2024,moh1,GEMS-0061_PHBW8_0002/LH287,7.342484945279361
2024,moh1,GEMS-0113_3AZA1_0002/LH287,7.342484945279361
2024,moh1,GEMS-0113_3AZA1_0002/PHP02,7.342484945279361
2024,moh1,GEMS-0113_3AZA1_0003/LH287,7.342484945279361
2024,moh1,GEMS-0113_3AZA1_0003/PHP02,7.342484945279361
2024,moh1,GEMS-0113_3AZA1_0004/LH287,7.342484945279361
2024,moh1,GEMS-0113_3AZA1_0005/PHP02,7.342484945279361
2024,moh1,GEMS-0113_3AZA1_0006/LH287,7.342484945279361
2024,moh1,GEMS-0113_3AZA1_0007/LH287,7.342484945279361
2024,moh1,GEMS-0113_3AZA1_0007/PHP02,7.342484945279361
2024,moh1,GEMS-0113_3AZA1_0008/LH287,7.342484945279361
2024,moh1,GEMS-0113_3AZA1_0008/PHP02,7.342484945279361
2024,moh1,GEMS-0113_3AZA1_0010/LH287,7.342484945279361
2024,moh1,GEMS-0113_3AZA1_0010/PHP02,7.342484945279361
2024,moh1,GEMS-0113_3AZA1_0013/PHP02,7.342484945279361
2024,moh1,GEMS-0113_3AZA1_0014/PHP02,7.342484945279361
2024,moh1,GEMS-0113_3AZA1_0015/LH287,7.342484945279361
2024,moh1,GEMS-0113_3AZA1_0016/LH287,7.342484945279361
2024,moh1,GEMS-0113_3AZA1_0017/LH287,7.342484945279361
2024,moh1,GEMS-0113_3AZA1_0019/LH287,7.342484945279361
2024,moh1,GEMS-0113_3AZA1_0019/PHP02,7.342484945279361
2024,moh1,GEMS-0113_3AZA1_0023/LH287,7.342484945279361
2024,moh1,GEMS-0113_3AZA1_0024/PHP02,7.342484945279361
2024,moh1,GEMS-0113_3AZA1_0025/PHP02,7.342484945279361
2024,moh1,GEMS-0113_3AZA1_0027/PHP02,7.342484945279361
2024,moh1,GEMS-0113_3AZA1_0028/PHP02,7.342484945279361
2024,moh1,GEMS-0113_3AZA1_0029/LH287,7.342484945279361
2024,moh1,GEMS-0113_3AZA1_0031/LH287,7.342484945279361
2024,moh1,GEMS-0113_3AZA1_0038/PHP02,7.342484945279361
2024,moh1,GEMS-0113_FBLL_0002/LH287,7.342484945279361
2024,moh1,GEMS-0113_FBLL_0002/PHP02,7.342484945279361
2024,moh1,GEMS-0113_FBLL_0004/PHP02,7.342484945279361
2024,moh1,GEMS-0113_FBLL_0005/LH287,7.342484945279361
2024,moh1,GEMS-0113_FBLL_0006/LH287,7.342484945279361
2024,moh1,GEMS-0113_FBLL_0006/PHP02,7.342484945279361
2024,moh1,GEMS-0113_FBLL_0007/PHP02,7.342484945279361
2024,moh1,GEMS-0113_FBLL_0008/PHP02,7.342484945279361
2024,moh1,GEMS-0113_FBLL_0010/LH287,7.342484945279361
2024,moh1,GEMS-0113_FBLL_0013/LH287,7.342484945279361
2024,moh1,GEMS-0113_FBLL_0015/LH287,7.342484945279361
2024,moh1,GEMS-0113_FBLL_0015/PHP02,7.342484945279361
2024,moh1,GEMS-0113_PHB47_0003/LH287,7.342484945279361
2024,moh1,GEMS-0113_PHB47_0004/LH287,7.342484945279361
2024,moh1,GEMS-0113_PHB47_0004/PHP02,7.342484945279361
2024,moh1,GEMS-0113_PHB47_0005/PHP02,7.342484945279361
2024,moh1,GEMS-0113_PHB47_0007/LH287,7.342484945279361
2024,moh1,GEMS-0113_PHB47_0008/LH287,7.342484945279361
2024,moh1,GEMS-0113_PHB47_0009/LH287,7.342484945279361
2024,moh1,GEMS-0113_PHB47_0011/PHP02,7.342484945279361
2024,moh1,GEMS-0113_PHB47_0012/PHP02,7.342484945279361
2024,moh1,GEMS-0113_PHB47_0013/PHP02,7.342484945279361
2024,moh1,GEMS-0113_PHB47_0014/PHP02,7.342484945279361
2024,moh1,GEMS-0113_PHB47_0015/LH287,7.342484945279361
2024,moh1,GEMS-0113_PHB47_0017/LH287,7.342484945279361
2024,moh1,GEMS-0113_PHB47_0017/PHP02,7.342484945279361
2024,moh1,GEMS-0113_PHB47_0019/LH287,7.342484945279361
2024,moh1,GEMS-0113_PHB47_0019/PHP02,7.342484945279361
2024,moh1,GEMS-0113_PHBW8_0004/PHP02,7.342484945279361
2024,moh1,GEMS-0113_PHBW8_0005/PHP02,7.342484945279361
2024,moh1,GEMS-0113_PHBW8_0006/LH287,7.342484945279361
2024,moh1,GEMS-0113_PHBW8_0007/PHP02,7.342484945279361
2024,moh1,GEMS-0113_PHBW8_0008/PHP02,7.342484945279361
2024,moh1,GEMS-0113_PHBW8_0011/LH287,7.342484945279361
2024,moh1,GEMS-0113_PHBW8_0011/PHP02,7.342484945279361
2024,moh1,GEMS-0113_PHBW8_0012/PHP02,7.342484945279361
2024,moh1,GEMS-0113_PHBW8_0014/LH287,7.342484945279361
2024,moh1,GEMS-0113_PHBW8_0017/LH287,7.342484945279361
2024,moh1,GEMS-0113_PHBW8_0017/PHP02,7.342484945279361
2024,moh1,GEMS-0219_3AZA1_0001/LH287,7.342484945279361
2024,moh1,GEMS-0219_3AZA1_0001/PHP02,7.342484945279361
2024,moh1,GEMS-0219_3AZA1_0002/LH287,7.342484945279361
2024,moh1,GEMS-0219_3AZA1_0003/LH287,7.342484945279361
2024,moh1,GEMS-0219_3AZA1_0003/PHP02,7.342484945279361
2024,moh1,GEMS-0219_3AZA1_0004/LH287,7.342484945279361
2024,moh1,GEMS-0219_3AZA1_0005/LH287,7.342484945279361
2024,moh1,GEMS-0219_3AZA1_0005/PHP02,7.342484945279361
2024,moh1,GEMS-0219_3AZA1_0006/LH287,7.342484945279361
2024,moh1,GEMS-0219_3AZA1_0006/PHP02,7.342484945279361
2024,moh1,GEMS-0219_3AZA1_0007/LH287,7.342484945279361
2024,moh1,GEMS-0219_3AZA1_0007/PHP02,7.342484945279361
2024,moh1,GEMS-0219_3AZA1_0008/PHP02,7.342484945279361
2024,moh1,GEMS-0219_3AZA1_0009/LH287,7.342484945279361
2024,moh1,GEMS-0219_3AZA1_0009/PHP02,7.342484945279361
2024,moh1,GEMS-0219_3AZA1_0010/PHP02,7.342484945279361
2024,moh1,GEMS-0219_3AZA1_0012/LH287,7.342484945279361
2024,moh1,GEMS-0219_FBLL_0002/LH287,7.342484945279361
2024,moh1,GEMS-0219_FBLL_0003/LH287,7.342484945279361
2024,moh1,GEMS-0219_FBLL_0004/PHP02,7.342484945279361
2024,moh1,GEMS-0219_FBLL_0005/LH287,7.342484945279361
2024,moh1,GEMS-0219_FBLL_0006/LH287,7.342484945279361
2024,moh1,GEMS-0219_FBLL_0006/PHP02,7.342484945279361
2024,moh1,GEMS-0219_FBLL_0007/LH287,7.342484945279361
2024,moh1,GEMS-0219_FBLL_0008/LH287,7.342484945279361
2024,moh1,GEMS-0219_FBLL_0012/LH287,7.342484945279361
2024,moh1,GEMS-0219_FBLL_0013/LH287,7.342484945279361
2024,moh1,GEMS-0219_FBLL_0014/PHP02,7.342484945279361
2024,moh1,GEMS-0219_FBLL_0017/LH287,7.342484945279361
2024,moh1,GEMS-0219_FBLL_0018/PHP02,7.342484945279361
2024,moh1,GEMS-0219_FBLL_0019/PHP02,7.342484945279361
2024,moh1,GEMS-0219_FBLL_0020/PHP02,7.342484945279361
2024,moh1,GEMS-0219_FBLL_0021/LH287,7.342484945279361
2024,moh1,GEMS-0219_FBLL_0022/PHP02,7.342484945279361
2024,moh1,GEMS-0219_FBLL_0023/PHP02,7.342484945279361
2024,moh1,GEMS-0219_FBLL_0025/LH287,7.342484945279361
2024,moh1,GEMS-0219_FBLL_0027/LH287,7.342484945279361
2024,moh1,GEMS-0219_FBLL_0027/PHP02,7.342484945279361
2024,moh1,GEMS-0219_FBLL_0028/LH287,7.342484945279361
2024,moh1,GEMS-0219_FBLL_0030/PHP02,7.342484945279361
2024,moh1,GEMS-0219_PHB47_0001/LH287,7.342484945279361
2024,moh1,GEMS-0219_PHB47_0002/LH287,7.342484945279361
2024,moh1,GEMS-0219_PHB47_0003/LH287,7.342484945279361
2024,moh1,GEMS-0219_PHB47_0011/LH287,7.342484945279361
2024,moh1,GEMS-0219_PHB47_0011/PHP02,7.342484945279361
2024,moh1,GEMS-0219_PHB47_0014/PHP02,7.342484945279361
2024,moh1,GEMS-0219_PHB47_0017/PHP02,7.342484945279361
2024,moh1,GEMS-0219_PHBW8_0001/LH287,7.342484945279361
2024,moh1,GEMS-0219_PHBW8_0002/PHP02,7.342484945279361
2024,moh1,GEMS-0219_PHBW8_0004/PHP02,7.342484945279361
2024,moh1,GEMS-0219_PHBW8_0006/LH287,7.342484945279361
2024,moh1,GEMS-0219_PHBW8_0011/PHP02,7.342484945279361
2024,moh1,GEMS-0227_3AZA1_0001/LH287,7.342484945279361
2024,moh1,GEMS-0227_3AZA1_0001/PHP02,7.342484945279361
2024,moh1,GEMS-0227_3AZA1_0003/LH287,7.342484945279361
2024,moh1,GEMS-0227_3AZA1_0003/PHP02,7.342484945279361
2024,moh1,GEMS-0227_3AZA1_0004/LH287,7.342484945279361
2024,moh1,GEMS-0227_3AZA1_0006/LH287,7.342484945279361
2024,moh1,GEMS-0227_3AZA1_0009/LH287,7.342484945279361
2024,moh1,GEMS-0227_3AZA1_0011/LH287,7.342484945279361
2024,moh1,GEMS-0227_3AZA1_0011/PHP02,7.342484945279361
2024,moh1,GEMS-0227_3AZA1_0013/LH287,7.342484945279361
2024,moh1,GEMS-0227_3AZA1_0014/PHP02,7.342484945279361
2024,moh1,GEMS-0227_3AZA1_0015/PHP02,7.342484945279361
2024,moh1,GEMS-0227_3AZA1_0017/LH287,7.342484945279361
2024,moh1,GEMS-0227_3AZA1_0018/LH287,7.342484945279361
2024,moh1,GEMS-0227_3AZA1_0018/PHP02,7.342484945279361
2024,moh1,GEMS-0227_3AZA1_0021/LH287,7.342484945279361
2024,moh1,GEMS-0227_3AZA1_0022/PHP02,7.342484945279361
2024,moh1,GEMS-0227_3AZA1_0023/PHP02,7.342484945279361
2024,moh1,GEMS-0227_3AZA1_0024/PHP02,7.342484945279361
2024,moh1,GEMS-0227_3AZA1_0028/LH287,7.342484945279361
2024,moh1,GEMS-0227_3AZA1_0029/LH287,7.342484945279361
2024,moh1,GEMS-0227_3AZA1_0029/PHP02,7.342484945279361
2024,moh1,GEMS-0227_3AZA1_0030/PHP02,7.342484945279361
2024,moh1,GEMS-0227_3AZA1_0031/PHP02,7.342484945279361
2024,moh1,GEMS-0227_3AZA1_0032/LH287,7.342484945279361
2024,moh1,GEMS-0227_3AZA1_0034/LH287,7.342484945279361
2024,moh1,GEMS-0227_3AZA1_0034/PHP02,7.342484945279361
2024,moh1,GEMS-0227_3AZA1_0036/LH287,7.342484945279361
2024,moh1,GEMS-0227_3AZA1_0036/PHP02,7.342484945279361
2024,moh1,GEMS-0227_3AZA1_0040/LH287,7.342484945279361
2024,moh1,GEMS-0227_3AZA1_0040/PHP02,7.342484945279361
2024,moh1,GEMS-0227_3AZA1_0043/LH287,7.342484945279361
2024,moh1,GEMS-0227_3AZA1_0045/LH287,7.342484945279361
2024,moh1,GEMS-0227_3AZA1_0046/LH287,7.342484945279361
2024,moh1,GEMS-0227_3AZA1_0046/PHP02,7.342484945279361
2024,moh1,GEMS-0227_3AZA1_0048/LH287,7.342484945279361
2024,moh1,GEMS-0227_3AZA1_0048/PHP02,7.342484945279361
2024,moh1,GEMS-0227_FBLL_0001/PHP02,7.342484945279361
2024,moh1,GEMS-0227_FBLL_0002/LH287,7.342484945279361
2024,moh1,GEMS-0227_FBLL_0004/LH287,7.342484945279361
2024,moh1,GEMS-0227_FBLL_0004/PHP02,7.342484945279361
2024,moh1,GEMS-0227_FBLL_0005/LH287,7.342484945279361
2024,moh1,GEMS-0227_FBLL_0007/PHP02,7.342484945279361
2024,moh1,GEMS-0227_FBLL_0008/LH287,7.342484945279361
2024,moh1,GEMS-0227_FBLL_0009/LH287,7.342484945279361
2024,moh1,GEMS-0227_FBLL_0009/PHP02,7.342484945279361
2024,moh1,GEMS-0227_FBLL_0010/LH287,7.342484945279361
2024,moh1,GEMS-0227_FBLL_0012/PHP02,7.342484945279361
2024,moh1,GEMS-0227_FBLL_0013/LH287,7.342484945279361
2024,moh1,GEMS-0227_FBLL_0013/PHP02,7.342484945279361
2024,moh1,GEMS-0227_FBLL_0014/PHP02,7.342484945279361
2024,moh1,GEMS-0227_FBLL_0016/PHP02,7.342484945279361
2024,moh1,GEMS-0227_FBLL_0017/LH287,7.342484945279361
2024,moh1,GEMS-0227_FBLL_0018/LH287,7.342484945279361
2024,moh1,GEMS-0227_FBLL_0019/LH287,7.342484945279361
2024,moh1,GEMS-0227_FBLL_0019/PHP02,7.342484945279361
2024,moh1,GEMS-0227_FBLL_0020/LH287,7.342484945279361
2024,moh1,GEMS-0227_FBLL_0020/PHP02,7.342484945279361
2024,moh1,GEMS-0227_FBLL_0021/LH287,7.342484945279361
2024,moh1,GEMS-0227_FBLL_0021/PHP02,7.342484945279361
2024,moh1,GEMS-0227_FBLL_0022/LH287,7.342484945279361
2024,moh1,GEMS-0227_FBLL_0022/PHP02,7.342484945279361
2024,moh1,GEMS-0227_FBLL_0023/LH287,7.342484945279361
2024,moh1,GEMS-0227_FBLL_0023/PHP02,7.342484945279361
2024,moh1,GEMS-0227_FBLL_0024/PHP02,7.342484945279361
2024,moh1,GEMS-0227_FBLL_0025/LH287,7.342484945279361
2024,moh1,GEMS-0227_FBLL_0026/LH287,7.342484945279361
2024,moh1,GEMS-0227_FBLL_0026/PHP02,7.342484945279361
2024,moh1,GEMS-0227_FBLL_0027/PHP02,7.342484945279361
2024,moh1,GEMS-0227_FBLL_0028/LH287,7.342484945279361
2024,moh1,GEMS-0227_FBLL_0028/PHP02,7.342484945279361
2024,moh1,GEMS-0227_FBLL_0030/LH287,7.342484945279361
2024,moh1,GEMS-0227_FBLL_0030/PHP02,7.342484945279361
2024,moh1,GEMS-0227_FBLL_0031/LH287,7.342484945279361
2024,moh1,GEMS-0227_FBLL_0031/PHP02,7.342484945279361
2024,moh1,GEMS-0227_FBLL_0033/LH287,7.342484945279361
2024,moh1,GEMS-0227_FBLL_0035/LH287,7.342484945279361
2024,moh1,GEMS-0227_FBLL_0036/LH287,7.342484945279361
2024,moh1,GEMS-0227_FBLL_0038/PHP02,7.342484945279361
2024,moh1,GEMS-0227_FBLL_0039/PHP02,7.342484945279361
2024,moh1,GEMS-0227_FBLL_0040/LH287,7.342484945279361
2024,moh1,GEMS-0227_FBLL_0040/PHP02,7.342484945279361
2024,moh1,GEMS-0227_FBLL_0041/PHP02,7.342484945279361
2024,moh1,GEMS-0227_FBLL_0043/PHP02,7.342484945279361
2024,moh1,GEMS-0227_FBLL_0044/PHP02,7.342484945279361
2024,moh1,GEMS-0227_FBLL_0046/LH287,7.342484945279361
2024,moh1,GEMS-0227_FBLL_0046/PHP02,7.342484945279361
2024,moh1,GEMS-0227_FBLL_0047/PHP02,7.342484945279361
2024,moh1,GEMS-0227_FBLL_0048/LH287,7.342484945279361
2024,moh1,GEMS-0227_FBLL_0050/PHP02,7.342484945279361
2024,moh1,GEMS-0227_FBLL_0051/LH287,7.342484945279361
2024,moh1,GEMS-0227_FBLL_0052/PHP02,7.342484945279361
2024,moh1,GEMS-0227_FBLL_0053/LH287,7.342484945279361
2024,moh1,GEMS-0227_FBLL_0053/PHP02,7.342484945279361
2024,moh1,GEMS-0227_FBLL_0054/LH287,7.342484945279361
2024,moh1,GEMS-0227_FBLL_0054/PHP02,7.342484945279361
2024,moh1,GEMS-0227_FBLL_0055/LH287,7.342484945279361
2024,moh1,GEMS-0227_FBLL_0055/PHP02,7.342484945279361
2024,moh1,GEMS-0227_FBLL_0056/LH287,7.342484945279361
2024,moh1,GEMS-0227_FBLL_0056/PHP02,7.342484945279361
2024,moh1,GEMS-0227_FBLL_0057/LH287,7.342484945279361
2024,moh1,GEMS-0227_FBLL_0057/PHP02,7.342484945279361
2024,moh1,GEMS-0227_FBLL_0059/LH287,7.342484945279361
2024,moh1,GEMS-0227_FBLL_0059/PHP02,7.342484945279361
2024,moh1,GEMS-0227_FBLL_0060/LH287,7.342484945279361
2024,moh1,GEMS-0227_FBLL_0062/LH287,7.342484945279361
2024,moh1,GEMS-0227_FBLL_0062/PHP02,7.342484945279361
2024,moh1,GEMS-0227_FBLL_0063/PHP02,7.342484945279361
2024,moh1,GEMS-0227_FBLL_0064/LH287,7.342484945279361
2024,moh1,GEMS-0227_FBLL_0067/PHP02,7.342484945279361
2024,moh1,GEMS-0227_FBLL_0069/LH287,7.342484945279361
2024,moh1,GEMS-0227_FBLL_0069/PHP02,7.342484945279361
2024,moh1,GEMS-0227_FBLL_0070/LH287,7.342484945279361
2024,moh1,GEMS-0227_FBLL_0070/PHP02,7.342484945279361
2024,moh1,GEMS-0227_FBLL_0071/LH287,7.342484945279361
2024,moh1,GEMS-0227_FBLL_0071/PHP02,7.342484945279361
2024,moh1,GEMS-0227_FBLL_0072/PHP02,7.342484945279361
2024,moh1,GEMS-0227_FBLL_0073/LH287,7.342484945279361
2024,moh1,GEMS-0227_FBLL_0074/PHP02,7.342484945279361
2024,moh1,GEMS-0227_FBLL_0077/LH287,7.342484945279361
2024,moh1,GEMS-0227_FBLL_0078/LH287,7.342484945279361
2024,moh1,GEMS-0227_FBLL_0079/PHP02,7.342484945279361
2024,moh1,GEMS-0227_FBLL_0082/PHP02,7.342484945279361
2024,moh1,GEMS-0227_FBLL_0084/LH287,7.342484945279361
2024,moh1,GEMS-0227_FBLL_0084/PHP02,7.342484945279361
2024,moh1,GEMS-0227_FBLL_0087/LH287,7.342484945279361
2024,moh1,GEMS-0227_FBLL_0088/LH287,7.342484945279361
2024,moh1,GEMS-0227_FBLL_0088/PHP02,7.342484945279361
2024,moh1,GEMS-0227_FBLL_0089/LH287,7.342484945279361
2024,moh1,GEMS-0227_FBLL_0089/PHP02,7.342484945279361
2024,moh1,GEMS-0227_FBLL_0090/PHP02,7.342484945279361
2024,moh1,GEMS-0227_FBLL_0093/LH287,7.342484945279361
2024,moh1,GEMS-0227_FBLL_0093/PHP02,7.342484945279361
2024,moh1,GEMS-0227_FBLL_0094/PHP02,7.342484945279361
2024,moh1,GEMS-0227_FBLL_0095/LH287,7.342484945279361
2024,moh1,GEMS-0227_FBLL_0095/PHP02,7.342484945279361
2024,moh1,GEMS-0227_FBLL_0097/PHP02,7.342484945279361
2024,moh1,GEMS-0227_FBLL_0098/PHP02,7.342484945279361
2024,moh1,GEMS-0227_FBLL_0101/LH287,7.342484945279361
2024,moh1,GEMS-0227_FBLL_0101/PHP02,7.342484945279361
2024,moh1,GEMS-0227_FBLL_0104/PHP02,7.342484945279361
2024,moh1,GEMS-0227_FBLL_0106/PHP02,7.342484945279361
2024,moh1,GEMS-0227_FBLL_0107/LH287,7.342484945279361
2024,moh1,GEMS-0227_FBLL_0111/LH287,7.342484945279361
2024,moh1,GEMS-0227_FBLL_0111/PHP02,7.342484945279361
2024,moh1,GEMS-0227_FBLL_0114/PHP02,7.342484945279361
2024,moh1,GEMS-0227_FBLL_0115/LH287,7.342484945279361
2024,moh1,GEMS-0227_FBLL_0116/LH287,7.342484945279361
2024,moh1,GEMS-0227_FBLL_0117/PHP02,7.342484945279361
2024,moh1,GEMS-0227_FBLL_0118/LH287,7.342484945279361
2024,moh1,GEMS-0227_FBLL_0121/LH287,7.342484945279361
2024,moh1,GEMS-0227_FBLL_0121/PHP02,7.342484945279361
2024,moh1,GEMS-0227_FBLL_0124/LH287,7.342484945279361
2024,moh1,GEMS-0227_FBLL_0127/PHP02,7.342484945279361
2024,moh1,GEMS-0227_FBLL_0134/LH287,7.342484945279361
2024,moh1,GEMS-0227_FBLL_0134/PHP02,7.342484945279361
2024,moh1,GEMS-0227_FBLL_0136/PHP02,7.342484945279361
2024,moh1,GEMS-0227_FBLL_0140/LH287,7.342484945279361
2024,moh1,GEMS-0227_FBLL_0140/PHP02,7.342484945279361
2024,moh1,GEMS-0227_FBLL_0141/LH287,7.342484945279361
2024,moh1,GEMS-0227_FBLL_0141/PHP02,7.342484945279361
2024,moh1,GEMS-0227_PHB47_0001/PHP02,7.342484945279361
2024,moh1,GEMS-0227_PHB47_0002/LH287,7.342484945279361
2024,moh1,GEMS-0227_PHB47_0003/LH287,7.342484945279361
2024,moh1,GEMS-0227_PHB47_0003/PHP02,7.342484945279361
2024,moh1,GEMS-0227_PHB47_0007/LH287,7.342484945279361
2024,moh1,GEMS-0227_PHB47_0009/LH287,7.342484945279361
2024,moh1,GEMS-0227_PHB47_0009/PHP02,7.342484945279361
2024,moh1,GEMS-0227_PHB47_0010/PHP02,7.342484945279361
2024,moh1,GEMS-0227_PHB47_0011/LH287,7.342484945279361
2024,moh1,GEMS-0227_PHB47_0011/PHP02,7.342484945279361
2024,moh1,GEMS-0227_PHB47_0012/LH287,7.342484945279361
2024,moh1,GEMS-0227_PHB47_0014/LH287,7.342484945279361
2024,moh1,GEMS-0227_PHB47_0016/LH287,7.342484945279361
2024,moh1,GEMS-0227_PHB47_0022/LH287,7.342484945279361
2024,moh1,GEMS-0227_PHB47_0025/LH287,7.342484945279361
2024,moh1,GEMS-0227_PHB47_0025/PHP02,7.342484945279361
2024,moh1,GEMS-0227_PHB47_0026/PHP02,7.342484945279361
2024,moh1,GEMS-0227_PHBW8_0001/LH287,7.342484945279361
2024,moh1,GEMS-0227_PHBW8_0002/LH287,7.342484945279361
2024,moh1,GEMS-0227_PHBW8_0002/PHP02,7.342484945279361
2024,moh1,GEMS-0227_PHBW8_0003/LH287,7.342484945279361
2024,moh1,GEMS-0227_PHBW8_0004/LH287,7.342484945279361
2024,moh1,GEMS-0227_PHBW8_0005/PHP02,7.342484945279361
2024,moh1,GEMS-0227_PHBW8_0006/PHP02,7.342484945279361
2024,moh1,GEMS-0227_PHBW8_0007/LH287,7.342484945279361
2024,moh1,GEMS-0227_PHBW8_0009/LH287,7.342484945279361
2024,moh1,GEMS-0227_PHBW8_0011/LH287,7.342484945279361
2024,moh1,GEMS-0227_PHBW8_0011/PHP02,7.342484945279361
2024,moh1,GEMS-0227_PHBW8_0013/LH287,7.342484945279361
2024,moh1,GEMS-0227_PHBW8_0015/LH287,7.342484945279361
2024,moh1,GEMS-0227_PHBW8_0015/PHP02,7.342484945279361
2024,moh1,GEMS-0227_PHBW8_0016/LH287,7.342484945279361
2024,moh1,GEMS-0227_PHBW8_0016/PHP02,7.342484945279361
2024,moh1,GEMS-0227_PHBW8_0017/LH287,7.342484945279361
2024,moh1,GEMS-0227_PHBW8_0017/PHP02,7.342484945279361
2024,moh1,GEMS-0227_PHBW8_0019/LH287,7.342484945279361
2024,moh1,GEMS-0227_PHBW8_0020/PHP02,7.342484945279361
2024,moh1,GEMS-0227_PHBW8_0021/LH287,7.342484945279361
2024,moh1,GEMS-0227_PHBW8_0021/PHP02,7.342484945279361
2024,moh1,GEMS-0227_PHBW8_0022/LH287,7.342484945279361
2024,moh1,GEMS-0227_PHBW8_0022/PHP02,7.342484945279361
2024,moh1,GEMS-0227_PHBW8_0024/LH287,7.342484945279361
2024,moh1,LH145/LH82,7.004644002291284
2024,moh1,LH192/LH287,7.342484945279361
2024,moh1,LH193/PHP02,7.342484945279361
2024,moh1,LH194/LH287,7.342484945279361
2024,moh1,LH195/LH287,7.342484945279361
2024,moh1,LH195/MO17,7.6770628738536315
2024,moh1,LH195/PHK76,7.129077670070411
2024,moh1,LH195/PHN82,7.31914222941914
2024,moh1,LH195/PHZ51,7.256583374095257
2024,moh1,LH197/LH287,7.342484945279361
2024,moh1,LH197/PHP02,7.342484945279361
2024,moh1,LH198/LH287,7.342484945279361
2024,moh1,LH198/PHP02,7.342484945279361
2024,moh1,LH200/LH287,7.342484945279361
2024,moh1,LH220HT/LH287,7.342484945279361
2024,moh1,LH224/LH287,7.342484945279361
2024,moh1,LH224/PHP02,7.342484945279361
2024,moh1,LH225/PHP02,7.342484945279361
2024,moh1,LH226HT/LH287,7.342484945279361
2024,moh1,LH228/PHP02,7.342484945279361
2024,moh1,LH231/PHP02,7.342484945279361
2024,moh1,LH234/LH287,7.342484945279361
2024,moh1,LH234/PHP02,7.342484945279361
2024,moh1,LH235/PHP02,7.342484945279361
2024,moh1,LH236/LH287,7.342484945279361
2024,moh1,LH236/PHP02,7.342484945279361
2024,moh1,LH237/LH287,7.342484945279361
2024,moh1,LH237/PHP02,7.342484945279361
2024,moh1,LH238/LH287,7.342484945279361
2024,moh1,LH244/MO17,7.9962853870318105
2024,moh1,LH244/PHK76,7.31914222941914
2024,moh1,LH244/PHN82,7.618330828659217
2024,moh1,LH244/PHP02,7.342484945279361
2024,moh1,LH244/PHZ51,7.054464104604249
2024,moh1,LH264/LH287,7.342484945279361
2024,moh1,LH273/LH287,7.342484945279361
2024,moh1,LH273/PHP02,7.342484945279361
2024,moh1,LH286/LH287,7.342484945279361
2024,moh1,LH287/LH244,8.720348868528927
2024,moh1,LH292/LH287,7.342484945279361
2024,moh1,LH292/PHP02,7.342484945279361
2024,moh1,LH74/PHN82,7.2354493059736
2024,moh1,LH82/LH244,7.275614253416588
2024,moh1,MM501D/LH244,8.172606327373229
2024,moh1,NKH8431/PHP02,7.342484945279361
2024,moh1,PH05F/LH287,7.342484945279361
2024,moh1,PH05G/PHP02,7.342484945279361
2024,moh1,PH05W/LH287,7.342484945279361
2024,moh1,PH07D/LH287,7.342484945279361
2024,moh1,PH07D/PHP02,7.342484945279361
2024,moh1,PH080/LH287,7.342484945279361
2024,moh1,PH09B/LH287,7.342484945279361
2024,moh1,PH09E/LH287,7.342484945279361
2024,moh1,PH09E/PHP02,7.342484945279361
2024,moh1,PH12C/LH287,7.342484945279361
2024,moh1,PH12C/PHP02,7.342484945279361
2024,moh1,PH1CA/LH287,7.342484945279361
2024,moh1,PH1GC/PHP02,7.342484945279361
2024,moh1,PH1GG/PHP02,7.342484945279361
2024,moh1,PH1TB/LH287,7.342484945279361
2024,moh1,PH1TB/PHP02,7.342484945279361
2024,moh1,PH1W2/PHP02,7.342484945279361
2024,moh1,PH24E/LH244,8.280704938838335
2024,moh1,PH24M/LH287,7.342484945279361
2024,moh1,PH24M/PHP02,7.342484945279361
2024,moh1,PH32C/LH287,7.342484945279361
2024,moh1,PH37C/PHP02,7.342484945279361
2024,moh1,PH38D/LH287,7.342484945279361
2024,moh1,PH38D/PHP02,7.342484945279361
2024,moh1,PH42B/LH287,7.342484945279361
2024,moh1,PH42B/PHP02,7.342484945279361
2024,moh1,PH44A/LH287,7.342484945279361
2024,moh1,PH44A/PHP02,7.342484945279361
2024,moh1,PH55C/LH287,7.342484945279361
2024,moh1,PH55C/PHP02,7.342484945279361
2024,moh1,PH63A/PHP02,7.342484945279361
2024,moh1,PH79A/PHP02,7.342484945279361
2024,moh1,PHB47/LH287,7.342484945279361
2024,moh1,PHB47/MO17,7.106274234145551
2024,moh1,PHB47/PHK76,7.147871386759599
2024,moh1,PHB47/PHN82,7.6224997702679715
2024,moh1,PHB47/PHP02,7.342484945279361
2024,moh1,PHB47/PHZ51,7.23308371516336
2024,moh1,PHBW8/PHP02,7.342484945279361
2024,moh1,PHDG1/PHP02,7.342484945279361
2024,moh1,PHG29/PHG47,6.757397172954647
2024,moh1,PHG39/PHN82,7.831411495189193
2024,moh1,PHJ40/PHAJ0,4.891063233020129
2024,moh1,PHJ89/LH244,7.975767968842061
2024,moh1,PHJ89/PH207,7.275792226727971
2024,moh1,PHJR5/LH287,7.342484945279361
2024,moh1,PHK56/LH244,8.214118113781955
2024,moh1,PHKV0/PHP02,7.342484945279361
2024,moh1,PHN41/LH287,7.342484945279361
2024,moh1,PHN41/PHP02,7.342484945279361
2024,moh1,PHN46/LH244,7.3800911995650065
2024,moh1,PHN66/PHP02,7.342484945279361
2024,moh1,PHNJ2/LH287,7.342484945279361
2024,moh1,PHP02/LH244,8.214118113781955
2024,moh1,PHP38/LH287,7.342484945279361
2024,moh1,PHPR5/LH287,7.342484945279361
2024,moh1,PHR03/LH244,8.248320622344956
2024,moh1,PHR61/LH287,7.342484945279361
2024,moh1,PHRE1/PHTD5,5.834907649036727
2024,moh1,PHT10/LH287,7.342484945279361
2024,moh1,PHT10/PHP02,7.342484945279361
2024,moh1,PHT11/LH287,7.342484945279361
2024,moh1,PHT11/PHP02,7.342484945279361
2024,moh1,PHT47/LH287,7.342484945279361
2024,moh1,PHTP9/LH287,7.342484945279361
2024,moh1,PHTV7/LH287,7.342484945279361
2024,moh1,PHTV7/PHP02,7.342484945279361
2024,moh1,PHV37/LH287,7.342484945279361
2024,moh1,PHV37/PHP02,7.342484945279361
2024,moh1,PHVA9/LH287,7.342484945279361
2024,moh1,PHVA9/PHP02,7.342484945279361
2024,moh1,PHVJ5/LH287,7.342484945279361
2024,moh1,PHW30/LH244,8.078033656412298
2024,moh1,PHW52/PHM49,7.436097279971388
2024,moh1,PHW52/PHN82,8.198274123627261
2024,moh1,PHW52/PHP02,7.342484945279361
2024,moh1,TX714/PHZ51,7.01548867068331
2024,moh1,TX714/TX779,6.803710504751166
2024,moh1,TX777/LH195,6.555215055496963
2024,moh1,W10004_0018/PHP02,7.3726745101334785
2024,moh1,W10004_0034/PHP02,8.147092049452286
2024,moh1,W10004_0055/LH287,7.342484945279361
2024,moh1,W10004_0062/PHP02,7.342484945279361
2024,moh1,W10004_0095/LH287,7.342484945279361
2024,moh1,W10004_0095/PHP02,7.162171755584806
2024,moh1,W10004_0103/LH287,7.342484945279361
2024,moh1,W10004_0103/PHP02,8.035270140804627
2024,moh1,W10004_0122/LH287,7.342484945279361
2024,moh1,W10004_0133/LH287,7.342484945279361
2024,moh1,W10004_0146/LH287,7.342484945279361
2024,moh1,W10004_0167/PHP02,7.631703228725002
2024,moh1,W10004_0189/LH287,7.342484945279361
2024,moh1,W10004_0236/LH287,7.342484945279361
2024,moh1,W10004_0258/PHP02,8.214118113781955
2024,moh1,W10004_0270/LH287,7.342484945279361
2024,moh1,W10004_0270/PHP02,7.626696662810881
2024,moh1,W10004_0311/LH287,7.342484945279361
2024,moh1,W10004_0346/PHP02,8.229736107988623
2024,moh1,W10004_0389/LH287,7.342484945279361
2024,moh1,W10004_0403/LH287,7.342484945279361
2024,moh1,W10004_0403/PHP02,7.9962853870318105
2024,moh1,W10004_0412/LH287,7.342484945279361
2024,moh1,W10004_0412/PHP02,7.89901822522941
2024,moh1,W10004_0476/LH287,7.342484945279361
2024,moh1,W10004_0476/PHP02,7.42608183564805
2024,moh1,W10004_0601/LH287,7.342484945279361
2024,moh1,W10004_0601/PHP02,7.95458227676444
2024,moh1,W10004_0658/LH287,7.342484945279361
2024,moh1,W10004_0658/PHP02,8.761866347938435
2024,moh1,W10004_0688/LH287,7.342484945279361
2024,moh1,W10004_0714/PHP02,7.95458227676444
2024,moh1,W10004_0747/LH287,7.342484945279361
2024,moh1,W10004_0747/PHP02,8.625330157048742
2024,moh1,W10004_0771/LH287,7.342484945279361
2024,moh1,W10004_0776/LH287,7.342484945279361
2024,moh1,W10004_0801/LH287,7.342484945279361
2024,moh1,W10004_0858/LH287,7.342484945279361
2024,moh1,W10004_0858/PHP02,7.909924490051568
2024,moh1,W10004_0859/LH287,7.342484945279361
2024,moh1,W10004_0859/PHP02,7.551487220599498
2024,moh1,W10004_0866/LH287,7.342484945279361
2024,moh1,W10004_0866/PHP02,8.280704938838335
2024,moh1,W10004_0949/LH287,7.342484945279361
2024,moh1,W10004_0969/LH287,7.342484945279361
2024,moh1,W10004_0969/PHP02,7.545041029276214
2024,moh1,W10004_1014/LH287,7.342484945279361
2024,moh1,W10004_1014/PHP02,7.975767968842061
2024,moh1,WQCD10/PHP02,7.342484945279361
2024,moh1,ZS01459/LH287,7.342484945279361
2024,moh1,ZS0510/LH287,7.342484945279361
2024,nch1,01CSI6/LH287,8.511041892235987
2024,nch1,01DIB2/LH287,8.511041892235987
2024,nch1,01DIB2/PHP02,8.511041892235987
2024,nch1,2369/LH123HT,9.172141541030783
2024,nch1,6F629/LH287,8.511041892235987
2024,nch1,B14A/OH43,8.169040778781063
2024,nch1,B37/H95,7.916786727611246
2024,nch1,B73/MO17,8.657385169078912
2024,nch1,B73/PHN82,9.102825838813553
2024,nch1,B73/TX779,7.341639530044207
2024,nch1,CG119/CG108,5.432487868276766
2024,nch1,CG44/CGR01,7.558715319326415
2024,nch1,DK3IIH6/LH244,8.78420634490579
2024,nch1,DKFBHJ/LH287,8.511041892235987
2024,nch1,DKFBHJ/PHP02,8.511041892235987
2024,nch1,FBLA/LH287,8.511041892235987
2024,nch1,FBLA/PHP02,8.511041892235987
2024,nch1,FBLL/LH287,8.511041892235987
2024,nch1,FBLL/PHP02,8.511041892235987
2024,nch1,GEMS-0061_3AZA1_0001/LH287,8.511041892235987
2024,nch1,GEMS-0061_3AZA1_0001/PHP02,8.511041892235987
2024,nch1,GEMS-0061_3AZA1_0003/LH287,8.511041892235987
2024,nch1,GEMS-0061_3AZA1_0004/PHP02,8.511041892235987
2024,nch1,GEMS-0061_3AZA1_0005/LH287,8.511041892235987
2024,nch1,GEMS-0061_3AZA1_0005/PHP02,8.511041892235987
2024,nch1,GEMS-0061_3AZA1_0006/LH287,8.511041892235987
2024,nch1,GEMS-0061_3AZA1_0006/PHP02,8.511041892235987
2024,nch1,GEMS-0061_3AZA1_0007/LH287,8.511041892235987
2024,nch1,GEMS-0061_3AZA1_0007/PHP02,8.511041892235987
2024,nch1,GEMS-0061_3AZA1_0009/LH287,8.511041892235987
2024,nch1,GEMS-0061_3AZA1_0009/PHP02,8.511041892235987
2024,nch1,GEMS-0061_3AZA1_0010/PHP02,8.511041892235987
2024,nch1,GEMS-0061_3AZA1_0013/LH287,8.511041892235987
2024,nch1,GEMS-0061_3AZA1_0013/PHP02,8.511041892235987
2024,nch1,GEMS-0061_3AZA1_0014/LH287,8.511041892235987
2024,nch1,GEMS-0061_3AZA1_0014/PHP02,8.511041892235987
2024,nch1,GEMS-0061_3AZA1_0015/LH287,8.511041892235987
2024,nch1,GEMS-0061_3AZA1_0015/PHP02,8.511041892235987
2024,nch1,GEMS-0061_3AZA1_0016/PHP02,8.511041892235987
2024,nch1,GEMS-0061_3AZA1_0017/LH287,8.511041892235987
2024,nch1,GEMS-0061_3AZA1_0017/PHP02,8.511041892235987
2024,nch1,GEMS-0061_3AZA1_0021/LH287,8.511041892235987
2024,nch1,GEMS-0061_3AZA1_0023/LH287,8.511041892235987
2024,nch1,GEMS-0061_FBLL_0002/PHP02,8.511041892235987
2024,nch1,GEMS-0061_FBLL_0004/LH287,8.511041892235987
2024,nch1,GEMS-0061_FBLL_0004/PHP02,8.511041892235987
2024,nch1,GEMS-0061_FBLL_0005/LH287,8.511041892235987
2024,nch1,GEMS-0061_FBLL_0007/PHP02,8.511041892235987
2024,nch1,GEMS-0061_FBLL_0008/LH287,8.511041892235987
2024,nch1,GEMS-0061_FBLL_0008/PHP02,8.511041892235987
2024,nch1,GEMS-0061_FBLL_0009/LH287,8.511041892235987
2024,nch1,GEMS-0061_FBLL_0010/LH287,8.511041892235987
2024,nch1,GEMS-0061_FBLL_0011/LH287,8.511041892235987
2024,nch1,GEMS-0061_FBLL_0014/LH287,8.511041892235987
2024,nch1,GEMS-0061_FBLL_0014/PHP02,8.511041892235987
2024,nch1,GEMS-0061_FBLL_0015/LH287,8.511041892235987
2024,nch1,GEMS-0061_FBLL_0016/LH287,8.511041892235987
2024,nch1,GEMS-0061_FBLL_0016/PHP02,8.511041892235987
2024,nch1,GEMS-0061_FBLL_0017/LH287,8.511041892235987
2024,nch1,GEMS-0061_FBLL_0017/PHP02,8.511041892235987
2024,nch1,GEMS-0061_FBLL_0018/LH287,8.511041892235987
2024,nch1,GEMS-0061_FBLL_0018/PHP02,8.511041892235987
2024,nch1,GEMS-0061_FBLL_0019/LH287,8.511041892235987
2024,nch1,GEMS-0061_FBLL_0019/PHP02,8.511041892235987
2024,nch1,GEMS-0061_FBLL_0022/PHP02,8.511041892235987
2024,nch1,GEMS-0061_FBLL_0023/LH287,8.511041892235987
2024,nch1,GEMS-0061_FBLL_0023/PHP02,8.511041892235987
2024,nch1,GEMS-0061_FBLL_0024/LH287,8.511041892235987
2024,nch1,GEMS-0061_FBLL_0024/PHP02,8.511041892235987
2024,nch1,GEMS-0061_FBLL_0025/LH287,8.511041892235987
2024,nch1,GEMS-0061_FBLL_0025/PHP02,8.511041892235987
2024,nch1,GEMS-0061_FBLL_0026/LH287,8.511041892235987
2024,nch1,GEMS-0061_FBLL_0026/PHP02,8.511041892235987
2024,nch1,GEMS-0061_FBLL_0029/LH287,8.511041892235987
2024,nch1,GEMS-0061_FBLL_0031/LH287,8.511041892235987
2024,nch1,GEMS-0061_FBLL_0031/PHP02,8.511041892235987
2024,nch1,GEMS-0061_FBLL_0032/LH287,8.511041892235987
2024,nch1,GEMS-0061_FBLL_0033/LH287,8.511041892235987
2024,nch1,GEMS-0061_FBLL_0033/PHP02,8.511041892235987
2024,nch1,GEMS-0061_FBLL_0034/PHP02,8.511041892235987
2024,nch1,GEMS-0061_FBLL_0035/LH287,8.511041892235987
2024,nch1,GEMS-0061_FBLL_0035/PHP02,8.511041892235987
2024,nch1,GEMS-0061_FBLL_0037/LH287,8.511041892235987
2024,nch1,GEMS-0061_FBLL_0037/PHP02,8.511041892235987
2024,nch1,GEMS-0061_FBLL_0038/LH287,8.511041892235987
2024,nch1,GEMS-0061_FBLL_0039/LH287,8.511041892235987
2024,nch1,GEMS-0061_FBLL_0039/PHP02,8.511041892235987
2024,nch1,GEMS-0061_FBLL_0040/LH287,8.511041892235987
2024,nch1,GEMS-0061_FBLL_0040/PHP02,8.511041892235987
2024,nch1,GEMS-0061_FBLL_0042/PHP02,8.511041892235987
2024,nch1,GEMS-0061_FBLL_0044/LH287,8.511041892235987
2024,nch1,GEMS-0061_FBLL_0044/PHP02,8.511041892235987
2024,nch1,GEMS-0061_FBLL_0047/LH287,8.511041892235987
2024,nch1,GEMS-0061_FBLL_0047/PHP02,8.511041892235987
2024,nch1,GEMS-0061_FBLL_0050/LH287,8.511041892235987
2024,nch1,GEMS-0061_FBLL_0050/PHP02,8.511041892235987
2024,nch1,GEMS-0061_PHB47_0001/LH287,8.511041892235987
2024,nch1,GEMS-0061_PHB47_0001/PHP02,8.511041892235987
2024,nch1,GEMS-0061_PHB47_0003/LH287,8.511041892235987
2024,nch1,GEMS-0061_PHB47_0004/LH287,8.511041892235987
2024,nch1,GEMS-0061_PHBW8_0001/LH287,8.511041892235987
2024,nch1,GEMS-0061_PHBW8_0001/PHP02,8.511041892235987
2024,nch1,GEMS-0061_PHBW8_0002/PHP02,8.511041892235987
2024,nch1,GEMS-0113_3AZA1_0001/PHP02,8.511041892235987
2024,nch1,GEMS-0113_3AZA1_0003/LH287,8.511041892235987
2024,nch1,GEMS-0113_3AZA1_0004/LH287,8.511041892235987
2024,nch1,GEMS-0113_3AZA1_0004/PHP02,8.511041892235987
2024,nch1,GEMS-0113_3AZA1_0005/PHP02,8.511041892235987
2024,nch1,GEMS-0113_3AZA1_0006/LH287,8.511041892235987
2024,nch1,GEMS-0113_3AZA1_0006/PHP02,8.511041892235987
2024,nch1,GEMS-0113_3AZA1_0007/LH287,8.511041892235987
2024,nch1,GEMS-0113_3AZA1_0007/PHP02,8.511041892235987
2024,nch1,GEMS-0113_3AZA1_0008/LH287,8.511041892235987
2024,nch1,GEMS-0113_3AZA1_0008/PHP02,8.511041892235987
2024,nch1,GEMS-0113_3AZA1_0010/LH287,8.511041892235987
2024,nch1,GEMS-0113_3AZA1_0010/PHP02,8.511041892235987
2024,nch1,GEMS-0113_3AZA1_0011/PHP02,8.511041892235987
2024,nch1,GEMS-0113_3AZA1_0014/PHP02,8.511041892235987
2024,nch1,GEMS-0113_3AZA1_0015/LH287,8.511041892235987
2024,nch1,GEMS-0113_3AZA1_0015/PHP02,8.511041892235987
2024,nch1,GEMS-0113_3AZA1_0016/LH287,8.511041892235987
2024,nch1,GEMS-0113_3AZA1_0016/PHP02,8.511041892235987
2024,nch1,GEMS-0113_3AZA1_0017/LH287,8.511041892235987
2024,nch1,GEMS-0113_3AZA1_0017/PHP02,8.511041892235987
2024,nch1,GEMS-0113_3AZA1_0018/LH287,8.511041892235987
2024,nch1,GEMS-0113_3AZA1_0018/PHP02,8.511041892235987
2024,nch1,GEMS-0113_3AZA1_0019/LH287,8.511041892235987
2024,nch1,GEMS-0113_3AZA1_0021/LH287,8.511041892235987
2024,nch1,GEMS-0113_3AZA1_0021/PHP02,8.511041892235987
2024,nch1,GEMS-0113_3AZA1_0022/PHP02,8.511041892235987
2024,nch1,GEMS-0113_3AZA1_0023/LH287,8.511041892235987
2024,nch1,GEMS-0113_3AZA1_0024/LH287,8.511041892235987
2024,nch1,GEMS-0113_3AZA1_0024/PHP02,8.511041892235987
2024,nch1,GEMS-0113_3AZA1_0026/LH287,8.511041892235987
2024,nch1,GEMS-0113_3AZA1_0026/PHP02,8.511041892235987
2024,nch1,GEMS-0113_3AZA1_0027/PHP02,8.511041892235987
2024,nch1,GEMS-0113_3AZA1_0028/LH287,8.511041892235987
2024,nch1,GEMS-0113_3AZA1_0028/PHP02,8.511041892235987
2024,nch1,GEMS-0113_3AZA1_0029/LH287,8.511041892235987
2024,nch1,GEMS-0113_3AZA1_0029/PHP02,8.511041892235987
2024,nch1,GEMS-0113_3AZA1_0031/PHP02,8.511041892235987
2024,nch1,GEMS-0113_3AZA1_0038/LH287,8.511041892235987
2024,nch1,GEMS-0113_3AZA1_0038/PHP02,8.511041892235987
2024,nch1,GEMS-0113_FBLL_0002/LH287,8.511041892235987
2024,nch1,GEMS-0113_FBLL_0003/LH287,8.511041892235987
2024,nch1,GEMS-0113_FBLL_0003/PHP02,8.511041892235987
2024,nch1,GEMS-0113_FBLL_0004/LH287,8.511041892235987
2024,nch1,GEMS-0113_FBLL_0005/LH287,8.511041892235987
2024,nch1,GEMS-0113_FBLL_0005/PHP02,8.511041892235987
2024,nch1,GEMS-0113_FBLL_0006/LH287,8.511041892235987
2024,nch1,GEMS-0113_FBLL_0007/LH287,8.511041892235987
2024,nch1,GEMS-0113_FBLL_0010/LH287,8.511041892235987
2024,nch1,GEMS-0113_FBLL_0010/PHP02,8.511041892235987
2024,nch1,GEMS-0113_FBLL_0011/LH287,8.511041892235987
2024,nch1,GEMS-0113_FBLL_0011/PHP02,8.511041892235987
2024,nch1,GEMS-0113_FBLL_0013/PHP02,8.511041892235987
2024,nch1,GEMS-0113_FBLL_0015/LH287,8.511041892235987
2024,nch1,GEMS-0113_FBLL_0015/PHP02,8.511041892235987
2024,nch1,GEMS-0113_PHB47_0001/PHP02,8.511041892235987
2024,nch1,GEMS-0113_PHB47_0003/LH287,8.511041892235987
2024,nch1,GEMS-0113_PHB47_0003/PHP02,8.511041892235987
2024,nch1,GEMS-0113_PHB47_0004/LH287,8.511041892235987
2024,nch1,GEMS-0113_PHB47_0005/LH287,8.511041892235987
2024,nch1,GEMS-0113_PHB47_0005/PHP02,8.511041892235987
2024,nch1,GEMS-0113_PHB47_0006/LH287,8.511041892235987
2024,nch1,GEMS-0113_PHB47_0006/PHP02,8.511041892235987
2024,nch1,GEMS-0113_PHB47_0007/LH287,8.511041892235987
2024,nch1,GEMS-0113_PHB47_0007/PHP02,8.511041892235987
2024,nch1,GEMS-0113_PHB47_0008/LH287,8.511041892235987
2024,nch1,GEMS-0113_PHB47_0008/PHP02,8.511041892235987
2024,nch1,GEMS-0113_PHB47_0009/PHP02,8.511041892235987
2024,nch1,GEMS-0113_PHB47_0011/LH287,8.511041892235987
2024,nch1,GEMS-0113_PHB47_0011/PHP02,8.511041892235987
2024,nch1,GEMS-0113_PHB47_0012/LH287,8.511041892235987
2024,nch1,GEMS-0113_PHB47_0013/LH287,8.511041892235987
2024,nch1,GEMS-0113_PHB47_0014/LH287,8.511041892235987
2024,nch1,GEMS-0113_PHB47_0015/LH287,8.511041892235987
2024,nch1,GEMS-0113_PHB47_0015/PHP02,8.511041892235987
2024,nch1,GEMS-0113_PHB47_0017/LH287,8.511041892235987
2024,nch1,GEMS-0113_PHB47_0017/PHP02,8.511041892235987
2024,nch1,GEMS-0113_PHB47_0019/LH287,8.511041892235987
2024,nch1,GEMS-0113_PHB47_0019/PHP02,8.511041892235987
2024,nch1,GEMS-0113_PHB47_0020/LH287,8.511041892235987
2024,nch1,GEMS-0113_PHB47_0020/PHP02,8.511041892235987
2024,nch1,GEMS-0113_PHB47_0021/LH287,8.511041892235987
2024,nch1,GEMS-0113_PHB47_0021/PHP02,8.511041892235987
2024,nch1,GEMS-0113_PHBW8_0001/LH287,8.511041892235987
2024,nch1,GEMS-0113_PHBW8_0001/PHP02,8.511041892235987
2024,nch1,GEMS-0113_PHBW8_0002/LH287,8.511041892235987
2024,nch1,GEMS-0113_PHBW8_0002/PHP02,8.511041892235987
2024,nch1,GEMS-0113_PHBW8_0004/PHP02,8.511041892235987
2024,nch1,GEMS-0113_PHBW8_0005/LH287,8.511041892235987
2024,nch1,GEMS-0113_PHBW8_0005/PHP02,8.511041892235987
2024,nch1,GEMS-0113_PHBW8_0006/LH287,8.511041892235987
2024,nch1,GEMS-0113_PHBW8_0006/PHP02,8.511041892235987
2024,nch1,GEMS-0113_PHBW8_0007/LH287,8.511041892235987
2024,nch1,GEMS-0113_PHBW8_0007/PHP02,8.511041892235987
2024,nch1,GEMS-0113_PHBW8_0008/PHP02,8.511041892235987
2024,nch1,GEMS-0113_PHBW8_0009/LH287,8.511041892235987
2024,nch1,GEMS-0113_PHBW8_0009/PHP02,8.511041892235987
2024,nch1,GEMS-0113_PHBW8_0010/LH287,8.511041892235987
2024,nch1,GEMS-0113_PHBW8_0010/PHP02,8.511041892235987
2024,nch1,GEMS-0113_PHBW8_0011/LH287,8.511041892235987
2024,nch1,GEMS-0113_PHBW8_0011/PHP02,8.511041892235987
2024,nch1,GEMS-0113_PHBW8_0012/LH287,8.511041892235987
2024,nch1,GEMS-0113_PHBW8_0013/LH287,8.511041892235987
2024,nch1,GEMS-0113_PHBW8_0013/PHP02,8.511041892235987
2024,nch1,GEMS-0113_PHBW8_0014/LH287,8.511041892235987
2024,nch1,GEMS-0113_PHBW8_0014/PHP02,8.511041892235987
2024,nch1,GEMS-0113_PHBW8_0017/LH287,8.511041892235987
2024,nch1,GEMS-0219_3AZA1_0001/LH287,8.511041892235987
2024,nch1,GEMS-0219_3AZA1_0001/PHP02,8.511041892235987
2024,nch1,GEMS-0219_3AZA1_0002/LH287,8.511041892235987
2024,nch1,GEMS-0219_3AZA1_0002/PHP02,8.511041892235987
2024,nch1,GEMS-0219_3AZA1_0003/LH287,8.511041892235987
2024,nch1,GEMS-0219_3AZA1_0004/LH287,8.511041892235987
2024,nch1,GEMS-0219_3AZA1_0004/PHP02,8.511041892235987
2024,nch1,GEMS-0219_3AZA1_0005/LH287,8.511041892235987
2024,nch1,GEMS-0219_3AZA1_0005/PHP02,8.511041892235987
2024,nch1,GEMS-0219_3AZA1_0007/LH287,8.511041892235987
2024,nch1,GEMS-0219_3AZA1_0007/PHP02,8.511041892235987
2024,nch1,GEMS-0219_3AZA1_0009/LH287,8.511041892235987
2024,nch1,GEMS-0219_3AZA1_0009/PHP02,8.511041892235987
2024,nch1,GEMS-0219_3AZA1_0010/LH287,8.511041892235987
2024,nch1,GEMS-0219_3AZA1_0010/PHP02,8.511041892235987
2024,nch1,GEMS-0219_3AZA1_0012/LH287,8.511041892235987
2024,nch1,GEMS-0219_3AZA1_0012/PHP02,8.511041892235987
2024,nch1,GEMS-0219_3AZA1_0014/PHP02,8.511041892235987
2024,nch1,GEMS-0219_FBLL_0002/LH287,8.511041892235987
2024,nch1,GEMS-0219_FBLL_0002/PHP02,8.511041892235987
2024,nch1,GEMS-0219_FBLL_0003/LH287,8.511041892235987
2024,nch1,GEMS-0219_FBLL_0003/PHP02,8.511041892235987
2024,nch1,GEMS-0219_FBLL_0004/LH287,8.511041892235987
2024,nch1,GEMS-0219_FBLL_0004/PHP02,8.511041892235987
2024,nch1,GEMS-0219_FBLL_0005/LH287,8.511041892235987
2024,nch1,GEMS-0219_FBLL_0005/PHP02,8.511041892235987
2024,nch1,GEMS-0219_FBLL_0006/LH287,8.511041892235987
2024,nch1,GEMS-0219_FBLL_0006/PHP02,8.511041892235987
2024,nch1,GEMS-0219_FBLL_0007/LH287,8.511041892235987
2024,nch1,GEMS-0219_FBLL_0007/PHP02,8.511041892235987
2024,nch1,GEMS-0219_FBLL_0008/LH287,8.511041892235987
2024,nch1,GEMS-0219_FBLL_0008/PHP02,8.511041892235987
2024,nch1,GEMS-0219_FBLL_0009/PHP02,8.511041892235987
2024,nch1,GEMS-0219_FBLL_0010/LH287,8.511041892235987
2024,nch1,GEMS-0219_FBLL_0010/PHP02,8.511041892235987
2024,nch1,GEMS-0219_FBLL_0011/PHP02,8.511041892235987
2024,nch1,GEMS-0219_FBLL_0012/PHP02,8.511041892235987
2024,nch1,GEMS-0219_FBLL_0013/PHP02,8.511041892235987
2024,nch1,GEMS-0219_FBLL_0014/LH287,8.511041892235987
2024,nch1,GEMS-0219_FBLL_0014/PHP02,8.511041892235987
2024,nch1,GEMS-0219_FBLL_0015/PHP02,8.511041892235987
2024,nch1,GEMS-0219_FBLL_0017/LH287,8.511041892235987
2024,nch1,GEMS-0219_FBLL_0017/PHP02,8.511041892235987
2024,nch1,GEMS-0219_FBLL_0018/LH287,8.511041892235987
2024,nch1,GEMS-0219_FBLL_0018/PHP02,8.511041892235987
2024,nch1,GEMS-0219_FBLL_0019/LH287,8.511041892235987
2024,nch1,GEMS-0219_FBLL_0020/LH287,8.511041892235987
2024,nch1,GEMS-0219_FBLL_0021/LH287,8.511041892235987
2024,nch1,GEMS-0219_FBLL_0021/PHP02,8.511041892235987
2024,nch1,GEMS-0219_FBLL_0022/PHP02,8.511041892235987
2024,nch1,GEMS-0219_FBLL_0023/LH287,8.511041892235987
2024,nch1,GEMS-0219_FBLL_0023/PHP02,8.511041892235987
2024,nch1,GEMS-0219_FBLL_0025/LH287,8.511041892235987
2024,nch1,GEMS-0219_FBLL_0025/PHP02,8.511041892235987
2024,nch1,GEMS-0219_FBLL_0027/LH287,8.511041892235987
2024,nch1,GEMS-0219_FBLL_0027/PHP02,8.511041892235987
2024,nch1,GEMS-0219_FBLL_0028/LH287,8.511041892235987
2024,nch1,GEMS-0219_FBLL_0028/PHP02,8.511041892235987
2024,nch1,GEMS-0219_FBLL_0030/LH287,8.511041892235987
2024,nch1,GEMS-0219_PHB47_0001/LH287,8.511041892235987
2024,nch1,GEMS-0219_PHB47_0001/PHP02,8.511041892235987
2024,nch1,GEMS-0219_PHB47_0002/LH287,8.511041892235987
2024,nch1,GEMS-0219_PHB47_0002/PHP02,8.511041892235987
2024,nch1,GEMS-0219_PHB47_0003/LH287,8.511041892235987
2024,nch1,GEMS-0219_PHB47_0003/PHP02,8.511041892235987
2024,nch1,GEMS-0219_PHB47_0004/PHP02,8.511041892235987
2024,nch1,GEMS-0219_PHB47_0005/LH287,8.511041892235987
2024,nch1,GEMS-0219_PHB47_0005/PHP02,8.511041892235987
2024,nch1,GEMS-0219_PHB47_0006/LH287,8.511041892235987
2024,nch1,GEMS-0219_PHB47_0006/PHP02,8.511041892235987
2024,nch1,GEMS-0219_PHB47_0011/LH287,8.511041892235987
2024,nch1,GEMS-0219_PHB47_0011/PHP02,8.511041892235987
2024,nch1,GEMS-0219_PHB47_0014/LH287,8.511041892235987
2024,nch1,GEMS-0219_PHB47_0014/PHP02,8.511041892235987
2024,nch1,GEMS-0219_PHB47_0017/LH287,8.511041892235987
2024,nch1,GEMS-0219_PHB47_0017/PHP02,8.511041892235987
2024,nch1,GEMS-0219_PHBW8_0001/LH287,8.511041892235987
2024,nch1,GEMS-0219_PHBW8_0001/PHP02,8.511041892235987
2024,nch1,GEMS-0219_PHBW8_0002/LH287,8.511041892235987
2024,nch1,GEMS-0219_PHBW8_0002/PHP02,8.511041892235987
2024,nch1,GEMS-0219_PHBW8_0003/LH287,8.511041892235987
2024,nch1,GEMS-0219_PHBW8_0003/PHP02,8.511041892235987
2024,nch1,GEMS-0219_PHBW8_0004/LH287,8.511041892235987
2024,nch1,GEMS-0219_PHBW8_0004/PHP02,8.511041892235987
2024,nch1,GEMS-0219_PHBW8_0006/LH287,8.511041892235987
2024,nch1,GEMS-0219_PHBW8_0006/PHP02,8.511041892235987
2024,nch1,GEMS-0219_PHBW8_0008/LH287,8.511041892235987
2024,nch1,GEMS-0219_PHBW8_0008/PHP02,8.511041892235987
2024,nch1,GEMS-0219_PHBW8_0009/LH287,8.511041892235987
2024,nch1,GEMS-0219_PHBW8_0009/PHP02,8.511041892235987
2024,nch1,GEMS-0227_3AZA1_0001/LH287,8.511041892235987
2024,nch1,GEMS-0227_3AZA1_0001/PHP02,8.511041892235987
2024,nch1,GEMS-0227_3AZA1_0002/LH287,8.511041892235987
2024,nch1,GEMS-0227_3AZA1_0002/PHP02,8.511041892235987
2024,nch1,GEMS-0227_3AZA1_0003/LH287,8.511041892235987
2024,nch1,GEMS-0227_3AZA1_0004/PHP02,8.511041892235987
2024,nch1,GEMS-0227_3AZA1_0005/LH287,8.511041892235987
2024,nch1,GEMS-0227_3AZA1_0005/PHP02,8.511041892235987
2024,nch1,GEMS-0227_3AZA1_0006/LH287,8.511041892235987
2024,nch1,GEMS-0227_3AZA1_0006/PHP02,8.511041892235987
2024,nch1,GEMS-0227_3AZA1_0007/LH287,8.511041892235987
2024,nch1,GEMS-0227_3AZA1_0007/PHP02,8.511041892235987
2024,nch1,GEMS-0227_3AZA1_0008/PHP02,8.511041892235987
2024,nch1,GEMS-0227_3AZA1_0009/LH287,8.511041892235987
2024,nch1,GEMS-0227_3AZA1_0009/PHP02,8.511041892235987
2024,nch1,GEMS-0227_3AZA1_0010/LH287,8.511041892235987
2024,nch1,GEMS-0227_3AZA1_0010/PHP02,8.511041892235987
2024,nch1,GEMS-0227_3AZA1_0011/LH287,8.511041892235987
2024,nch1,GEMS-0227_3AZA1_0011/PHP02,8.511041892235987
2024,nch1,GEMS-0227_3AZA1_0012/PHP02,8.511041892235987
2024,nch1,GEMS-0227_3AZA1_0013/LH287,8.511041892235987
2024,nch1,GEMS-0227_3AZA1_0013/PHP02,8.511041892235987
2024,nch1,GEMS-0227_3AZA1_0014/LH287,8.511041892235987
2024,nch1,GEMS-0227_3AZA1_0016/LH287,8.511041892235987
2024,nch1,GEMS-0227_3AZA1_0016/PHP02,8.511041892235987
2024,nch1,GEMS-0227_3AZA1_0017/LH287,8.511041892235987
2024,nch1,GEMS-0227_3AZA1_0017/PHP02,8.511041892235987
2024,nch1,GEMS-0227_3AZA1_0018/LH287,8.511041892235987
2024,nch1,GEMS-0227_3AZA1_0018/PHP02,8.511041892235987
2024,nch1,GEMS-0227_3AZA1_0019/LH287,8.511041892235987
2024,nch1,GEMS-0227_3AZA1_0019/PHP02,8.511041892235987
2024,nch1,GEMS-0227_3AZA1_0021/LH287,8.511041892235987
2024,nch1,GEMS-0227_3AZA1_0021/PHP02,8.511041892235987
2024,nch1,GEMS-0227_3AZA1_0022/LH287,8.511041892235987
2024,nch1,GEMS-0227_3AZA1_0023/PHP02,8.511041892235987
2024,nch1,GEMS-0227_3AZA1_0024/LH287,8.511041892235987
2024,nch1,GEMS-0227_3AZA1_0024/PHP02,8.511041892235987
2024,nch1,GEMS-0227_3AZA1_0025/LH287,8.511041892235987
2024,nch1,GEMS-0227_3AZA1_0025/PHP02,8.511041892235987
2024,nch1,GEMS-0227_3AZA1_0028/LH287,8.511041892235987
2024,nch1,GEMS-0227_3AZA1_0028/PHP02,8.511041892235987
2024,nch1,GEMS-0227_3AZA1_0029/LH287,8.511041892235987
2024,nch1,GEMS-0227_3AZA1_0029/PHP02,8.511041892235987
2024,nch1,GEMS-0227_3AZA1_0030/LH287,8.511041892235987
2024,nch1,GEMS-0227_3AZA1_0030/PHP02,8.511041892235987
2024,nch1,GEMS-0227_3AZA1_0032/LH287,8.511041892235987
2024,nch1,GEMS-0227_3AZA1_0032/PHP02,8.511041892235987
2024,nch1,GEMS-0227_3AZA1_0034/PHP02,8.511041892235987
2024,nch1,GEMS-0227_3AZA1_0035/PHP02,8.511041892235987
2024,nch1,GEMS-0227_3AZA1_0036/LH287,8.511041892235987
2024,nch1,GEMS-0227_3AZA1_0036/PHP02,8.511041892235987
2024,nch1,GEMS-0227_3AZA1_0040/LH287,8.511041892235987
2024,nch1,GEMS-0227_3AZA1_0041/LH287,8.511041892235987
2024,nch1,GEMS-0227_3AZA1_0041/PHP02,8.511041892235987
2024,nch1,GEMS-0227_3AZA1_0043/LH287,8.511041892235987
2024,nch1,GEMS-0227_3AZA1_0043/PHP02,8.511041892235987
2024,nch1,GEMS-0227_3AZA1_0045/LH287,8.511041892235987
2024,nch1,GEMS-0227_3AZA1_0045/PHP02,8.511041892235987
2024,nch1,GEMS-0227_3AZA1_0048/LH287,8.511041892235987
2024,nch1,GEMS-0227_3AZA1_0048/PHP02,8.511041892235987
2024,nch1,GEMS-0227_3AZA1_0049/PHP02,8.511041892235987
2024,nch1,GEMS-0227_FBLL_0001/LH287,8.511041892235987
2024,nch1,GEMS-0227_FBLL_0001/PHP02,8.511041892235987
2024,nch1,GEMS-0227_FBLL_0002/LH287,8.511041892235987
2024,nch1,GEMS-0227_FBLL_0002/PHP02,8.511041892235987
2024,nch1,GEMS-0227_FBLL_0003/PHP02,8.511041892235987
2024,nch1,GEMS-0227_FBLL_0004/LH287,8.511041892235987
2024,nch1,GEMS-0227_FBLL_0005/LH287,8.511041892235987
2024,nch1,GEMS-0227_FBLL_0005/PHP02,8.511041892235987
2024,nch1,GEMS-0227_FBLL_0007/LH287,8.511041892235987
2024,nch1,GEMS-0227_FBLL_0008/LH287,8.511041892235987
2024,nch1,GEMS-0227_FBLL_0008/PHP02,8.511041892235987
2024,nch1,GEMS-0227_FBLL_0009/LH287,8.511041892235987
2024,nch1,GEMS-0227_FBLL_0010/LH287,8.511041892235987
2024,nch1,GEMS-0227_FBLL_0010/PHP02,8.511041892235987
2024,nch1,GEMS-0227_FBLL_0012/LH287,8.511041892235987
2024,nch1,GEMS-0227_FBLL_0012/PHP02,8.511041892235987
2024,nch1,GEMS-0227_FBLL_0013/LH287,8.511041892235987
2024,nch1,GEMS-0227_FBLL_0014/LH287,8.511041892235987
2024,nch1,GEMS-0227_FBLL_0015/LH287,8.511041892235987
2024,nch1,GEMS-0227_FBLL_0015/PHP02,8.511041892235987
2024,nch1,GEMS-0227_FBLL_0016/LH287,8.511041892235987
2024,nch1,GEMS-0227_FBLL_0017/LH287,8.511041892235987
2024,nch1,GEMS-0227_FBLL_0017/PHP02,8.511041892235987
2024,nch1,GEMS-0227_FBLL_0018/LH287,8.511041892235987
2024,nch1,GEMS-0227_FBLL_0018/PHP02,8.511041892235987
2024,nch1,GEMS-0227_FBLL_0019/PHP02,8.511041892235987
2024,nch1,GEMS-0227_FBLL_0020/LH287,8.511041892235987
2024,nch1,GEMS-0227_FBLL_0020/PHP02,8.511041892235987
2024,nch1,GEMS-0227_FBLL_0021/LH287,8.511041892235987
2024,nch1,GEMS-0227_FBLL_0021/PHP02,8.511041892235987
2024,nch1,GEMS-0227_FBLL_0022/LH287,8.511041892235987
2024,nch1,GEMS-0227_FBLL_0023/LH287,8.511041892235987
2024,nch1,GEMS-0227_FBLL_0024/LH287,8.511041892235987
2024,nch1,GEMS-0227_FBLL_0024/PHP02,8.511041892235987
2024,nch1,GEMS-0227_FBLL_0025/LH287,8.511041892235987
2024,nch1,GEMS-0227_FBLL_0025/PHP02,8.511041892235987
2024,nch1,GEMS-0227_FBLL_0026/LH287,8.511041892235987
2024,nch1,GEMS-0227_FBLL_0026/PHP02,8.511041892235987
2024,nch1,GEMS-0227_FBLL_0027/LH287,8.511041892235987
2024,nch1,GEMS-0227_FBLL_0027/PHP02,8.511041892235987
2024,nch1,GEMS-0227_FBLL_0028/LH287,8.511041892235987
2024,nch1,GEMS-0227_FBLL_0028/PHP02,8.511041892235987
2024,nch1,GEMS-0227_FBLL_0029/LH287,8.511041892235987
2024,nch1,GEMS-0227_FBLL_0029/PHP02,8.511041892235987
2024,nch1,GEMS-0227_FBLL_0030/PHP02,8.511041892235987
2024,nch1,GEMS-0227_FBLL_0031/LH287,8.511041892235987
2024,nch1,GEMS-0227_FBLL_0031/PHP02,8.511041892235987
2024,nch1,GEMS-0227_FBLL_0032/PHP02,8.511041892235987
2024,nch1,GEMS-0227_FBLL_0033/LH287,8.511041892235987
2024,nch1,GEMS-0227_FBLL_0033/PHP02,8.511041892235987
2024,nch1,GEMS-0227_FBLL_0034/PHP02,8.511041892235987
2024,nch1,GEMS-0227_FBLL_0035/LH287,8.511041892235987
2024,nch1,GEMS-0227_FBLL_0035/PHP02,8.511041892235987
2024,nch1,GEMS-0227_FBLL_0036/LH287,8.511041892235987
2024,nch1,GEMS-0227_FBLL_0036/PHP02,8.511041892235987
2024,nch1,GEMS-0227_FBLL_0037/PHP02,8.511041892235987
2024,nch1,GEMS-0227_FBLL_0038/LH287,8.511041892235987
2024,nch1,GEMS-0227_FBLL_0038/PHP02,8.511041892235987
2024,nch1,GEMS-0227_FBLL_0039/LH287,8.511041892235987
2024,nch1,GEMS-0227_FBLL_0040/PHP02,8.511041892235987
2024,nch1,GEMS-0227_FBLL_0041/PHP02,8.511041892235987
2024,nch1,GEMS-0227_FBLL_0042/LH287,8.511041892235987
2024,nch1,GEMS-0227_FBLL_0042/PHP02,8.511041892235987
2024,nch1,GEMS-0227_FBLL_0043/LH287,8.511041892235987
2024,nch1,GEMS-0227_FBLL_0044/LH287,8.511041892235987
2024,nch1,GEMS-0227_FBLL_0044/PHP02,8.511041892235987
2024,nch1,GEMS-0227_FBLL_0045/LH287,8.511041892235987
2024,nch1,GEMS-0227_FBLL_0045/PHP02,8.511041892235987
2024,nch1,GEMS-0227_FBLL_0046/LH287,8.511041892235987
2024,nch1,GEMS-0227_FBLL_0047/LH287,8.511041892235987
2024,nch1,GEMS-0227_FBLL_0048/LH287,8.511041892235987
2024,nch1,GEMS-0227_FBLL_0048/PHP02,8.511041892235987
2024,nch1,GEMS-0227_FBLL_0049/LH287,8.511041892235987
2024,nch1,GEMS-0227_FBLL_0049/PHP02,8.511041892235987
2024,nch1,GEMS-0227_FBLL_0050/LH287,8.511041892235987
2024,nch1,GEMS-0227_FBLL_0051/PHP02,8.511041892235987
2024,nch1,GEMS-0227_FBLL_0052/LH287,8.511041892235987
2024,nch1,GEMS-0227_FBLL_0052/PHP02,8.511041892235987
2024,nch1,GEMS-0227_FBLL_0053/LH287,8.511041892235987
2024,nch1,GEMS-0227_FBLL_0054/LH287,8.511041892235987
2024,nch1,GEMS-0227_FBLL_0055/LH287,8.511041892235987
2024,nch1,GEMS-0227_FBLL_0055/PHP02,8.511041892235987
2024,nch1,GEMS-0227_FBLL_0057/LH287,8.511041892235987
2024,nch1,GEMS-0227_FBLL_0058/LH287,8.511041892235987
2024,nch1,GEMS-0227_FBLL_0058/PHP02,8.511041892235987
2024,nch1,GEMS-0227_FBLL_0059/LH287,8.511041892235987
2024,nch1,GEMS-0227_FBLL_0059/PHP02,8.511041892235987
2024,nch1,GEMS-0227_FBLL_0060/LH287,8.511041892235987
2024,nch1,GEMS-0227_FBLL_0060/PHP02,8.511041892235987
2024,nch1,GEMS-0227_FBLL_0064/LH287,8.511041892235987
2024,nch1,GEMS-0227_FBLL_0064/PHP02,8.511041892235987
2024,nch1,GEMS-0227_FBLL_0066/LH287,8.511041892235987
2024,nch1,GEMS-0227_FBLL_0066/PHP02,8.511041892235987
2024,nch1,GEMS-0227_FBLL_0067/LH287,8.511041892235987
2024,nch1,GEMS-0227_FBLL_0067/PHP02,8.511041892235987
2024,nch1,GEMS-0227_FBLL_0068/LH287,8.511041892235987
2024,nch1,GEMS-0227_FBLL_0068/PHP02,8.511041892235987
2024,nch1,GEMS-0227_FBLL_0069/LH287,8.511041892235987
2024,nch1,GEMS-0227_FBLL_0069/PHP02,8.511041892235987
2024,nch1,GEMS-0227_FBLL_0070/LH287,8.511041892235987
2024,nch1,GEMS-0227_FBLL_0070/PHP02,8.511041892235987
2024,nch1,GEMS-0227_FBLL_0071/LH287,8.511041892235987
2024,nch1,GEMS-0227_FBLL_0071/PHP02,8.511041892235987
2024,nch1,GEMS-0227_FBLL_0072/PHP02,8.511041892235987
2024,nch1,GEMS-0227_FBLL_0073/LH287,8.511041892235987
2024,nch1,GEMS-0227_FBLL_0073/PHP02,8.511041892235987
2024,nch1,GEMS-0227_FBLL_0075/LH287,8.511041892235987
2024,nch1,GEMS-0227_FBLL_0075/PHP02,8.511041892235987
2024,nch1,GEMS-0227_FBLL_0077/LH287,8.511041892235987
2024,nch1,GEMS-0227_FBLL_0077/PHP02,8.511041892235987
2024,nch1,GEMS-0227_FBLL_0078/LH287,8.511041892235987
2024,nch1,GEMS-0227_FBLL_0078/PHP02,8.511041892235987
2024,nch1,GEMS-0227_FBLL_0079/LH287,8.511041892235987
2024,nch1,GEMS-0227_FBLL_0079/PHP02,8.511041892235987
2024,nch1,GEMS-0227_FBLL_0080/LH287,8.511041892235987
2024,nch1,GEMS-0227_FBLL_0080/PHP02,8.511041892235987
2024,nch1,GEMS-0227_FBLL_0082/LH287,8.511041892235987
2024,nch1,GEMS-0227_FBLL_0082/PHP02,8.511041892235987
2024,nch1,GEMS-0227_FBLL_0084/LH287,8.511041892235987
2024,nch1,GEMS-0227_FBLL_0085/PHP02,8.511041892235987
2024,nch1,GEMS-0227_FBLL_0086/LH287,8.511041892235987
2024,nch1,GEMS-0227_FBLL_0086/PHP02,8.511041892235987
2024,nch1,GEMS-0227_FBLL_0087/LH287,8.511041892235987
2024,nch1,GEMS-0227_FBLL_0087/PHP02,8.511041892235987
2024,nch1,GEMS-0227_FBLL_0088/LH287,8.511041892235987
2024,nch1,GEMS-0227_FBLL_0089/LH287,8.511041892235987
2024,nch1,GEMS-0227_FBLL_0090/LH287,8.511041892235987
2024,nch1,GEMS-0227_FBLL_0090/PHP02,8.511041892235987
2024,nch1,GEMS-0227_FBLL_0093/LH287,8.511041892235987
2024,nch1,GEMS-0227_FBLL_0093/PHP02,8.511041892235987
2024,nch1,GEMS-0227_FBLL_0094/LH287,8.511041892235987
2024,nch1,GEMS-0227_FBLL_0094/PHP02,8.511041892235987
2024,nch1,GEMS-0227_FBLL_0095/LH287,8.511041892235987
2024,nch1,GEMS-0227_FBLL_0095/PHP02,8.511041892235987
2024,nch1,GEMS-0227_FBLL_0096/LH287,8.511041892235987
2024,nch1,GEMS-0227_FBLL_0096/PHP02,8.511041892235987
2024,nch1,GEMS-0227_FBLL_0097/PHP02,8.511041892235987
2024,nch1,GEMS-0227_FBLL_0098/LH287,8.511041892235987
2024,nch1,GEMS-0227_FBLL_0098/PHP02,8.511041892235987
2024,nch1,GEMS-0227_FBLL_0101/LH287,8.511041892235987
2024,nch1,GEMS-0227_FBLL_0102/LH287,8.511041892235987
2024,nch1,GEMS-0227_FBLL_0102/PHP02,8.511041892235987
2024,nch1,GEMS-0227_FBLL_0105/LH287,8.511041892235987
2024,nch1,GEMS-0227_FBLL_0105/PHP02,8.511041892235987
2024,nch1,GEMS-0227_FBLL_0106/LH287,8.511041892235987
2024,nch1,GEMS-0227_FBLL_0107/LH287,8.511041892235987
2024,nch1,GEMS-0227_FBLL_0107/PHP02,8.511041892235987
2024,nch1,GEMS-0227_FBLL_0110/LH287,8.511041892235987
2024,nch1,GEMS-0227_FBLL_0110/PHP02,8.511041892235987
2024,nch1,GEMS-0227_FBLL_0111/LH287,8.511041892235987
2024,nch1,GEMS-0227_FBLL_0111/PHP02,8.511041892235987
2024,nch1,GEMS-0227_FBLL_0113/LH287,8.511041892235987
2024,nch1,GEMS-0227_FBLL_0113/PHP02,8.511041892235987
2024,nch1,GEMS-0227_FBLL_0114/PHP02,8.511041892235987
2024,nch1,GEMS-0227_FBLL_0115/LH287,8.511041892235987
2024,nch1,GEMS-0227_FBLL_0115/PHP02,8.511041892235987
2024,nch1,GEMS-0227_FBLL_0116/LH287,8.511041892235987
2024,nch1,GEMS-0227_FBLL_0116/PHP02,8.511041892235987
2024,nch1,GEMS-0227_FBLL_0117/LH287,8.511041892235987
2024,nch1,GEMS-0227_FBLL_0117/PHP02,8.511041892235987
2024,nch1,GEMS-0227_FBLL_0118/LH287,8.511041892235987
2024,nch1,GEMS-0227_FBLL_0118/PHP02,8.511041892235987
2024,nch1,GEMS-0227_FBLL_0121/LH287,8.511041892235987
2024,nch1,GEMS-0227_FBLL_0124/LH287,8.511041892235987
2024,nch1,GEMS-0227_FBLL_0124/PHP02,8.511041892235987
2024,nch1,GEMS-0227_FBLL_0125/PHP02,8.511041892235987
2024,nch1,GEMS-0227_FBLL_0133/LH287,8.511041892235987
2024,nch1,GEMS-0227_FBLL_0133/PHP02,8.511041892235987
2024,nch1,GEMS-0227_FBLL_0134/LH287,8.511041892235987
2024,nch1,GEMS-0227_FBLL_0134/PHP02,8.511041892235987
2024,nch1,GEMS-0227_FBLL_0136/LH287,8.511041892235987
2024,nch1,GEMS-0227_FBLL_0140/PHP02,8.511041892235987
2024,nch1,GEMS-0227_PHB47_0001/LH287,8.511041892235987
2024,nch1,GEMS-0227_PHB47_0001/PHP02,8.511041892235987
2024,nch1,GEMS-0227_PHB47_0002/LH287,8.511041892235987
2024,nch1,GEMS-0227_PHB47_0002/PHP02,8.511041892235987
2024,nch1,GEMS-0227_PHB47_0003/LH287,8.511041892235987
2024,nch1,GEMS-0227_PHB47_0004/LH287,8.511041892235987
2024,nch1,GEMS-0227_PHB47_0004/PHP02,8.511041892235987
2024,nch1,GEMS-0227_PHB47_0006/LH287,8.511041892235987
2024,nch1,GEMS-0227_PHB47_0006/PHP02,8.511041892235987
2024,nch1,GEMS-0227_PHB47_0007/LH287,8.511041892235987
2024,nch1,GEMS-0227_PHB47_0007/PHP02,8.511041892235987
2024,nch1,GEMS-0227_PHB47_0009/LH287,8.511041892235987
2024,nch1,GEMS-0227_PHB47_0009/PHP02,8.511041892235987
2024,nch1,GEMS-0227_PHB47_0010/LH287,8.511041892235987
2024,nch1,GEMS-0227_PHB47_0011/LH287,8.511041892235987
2024,nch1,GEMS-0227_PHB47_0011/PHP02,8.511041892235987
2024,nch1,GEMS-0227_PHB47_0012/PHP02,8.511041892235987
2024,nch1,GEMS-0227_PHB47_0014/PHP02,8.511041892235987
2024,nch1,GEMS-0227_PHB47_0016/LH287,8.511041892235987
2024,nch1,GEMS-0227_PHB47_0016/PHP02,8.511041892235987
2024,nch1,GEMS-0227_PHB47_0022/LH287,8.511041892235987
2024,nch1,GEMS-0227_PHB47_0022/PHP02,8.511041892235987
2024,nch1,GEMS-0227_PHB47_0023/PHP02,8.511041892235987
2024,nch1,GEMS-0227_PHB47_0024/LH287,8.511041892235987
2024,nch1,GEMS-0227_PHB47_0024/PHP02,8.511041892235987
2024,nch1,GEMS-0227_PHB47_0025/LH287,8.511041892235987
2024,nch1,GEMS-0227_PHB47_0025/PHP02,8.511041892235987
2024,nch1,GEMS-0227_PHB47_0026/LH287,8.511041892235987
2024,nch1,GEMS-0227_PHB47_0026/PHP02,8.511041892235987
2024,nch1,GEMS-0227_PHBW8_0001/PHP02,8.511041892235987
2024,nch1,GEMS-0227_PHBW8_0003/PHP02,8.511041892235987
2024,nch1,GEMS-0227_PHBW8_0004/LH287,8.511041892235987
2024,nch1,GEMS-0227_PHBW8_0004/PHP02,8.511041892235987
2024,nch1,GEMS-0227_PHBW8_0005/LH287,8.511041892235987
2024,nch1,GEMS-0227_PHBW8_0006/LH287,8.511041892235987
2024,nch1,GEMS-0227_PHBW8_0006/PHP02,8.511041892235987
2024,nch1,GEMS-0227_PHBW8_0007/LH287,8.511041892235987
2024,nch1,GEMS-0227_PHBW8_0007/PHP02,8.511041892235987
2024,nch1,GEMS-0227_PHBW8_0009/PHP02,8.511041892235987
2024,nch1,GEMS-0227_PHBW8_0010/LH287,8.511041892235987
2024,nch1,GEMS-0227_PHBW8_0010/PHP02,8.511041892235987
2024,nch1,GEMS-0227_PHBW8_0011/LH287,8.511041892235987
2024,nch1,GEMS-0227_PHBW8_0012/LH287,8.511041892235987
2024,nch1,GEMS-0227_PHBW8_0012/PHP02,8.511041892235987
2024,nch1,GEMS-0227_PHBW8_0013/LH287,8.511041892235987
2024,nch1,GEMS-0227_PHBW8_0013/PHP02,8.511041892235987
2024,nch1,GEMS-0227_PHBW8_0015/LH287,8.511041892235987
2024,nch1,GEMS-0227_PHBW8_0015/PHP02,8.511041892235987
2024,nch1,GEMS-0227_PHBW8_0016/PHP02,8.511041892235987
2024,nch1,GEMS-0227_PHBW8_0018/LH287,8.511041892235987
2024,nch1,GEMS-0227_PHBW8_0018/PHP02,8.511041892235987
2024,nch1,GEMS-0227_PHBW8_0019/LH287,8.511041892235987
2024,nch1,GEMS-0227_PHBW8_0019/PHP02,8.511041892235987
2024,nch1,GEMS-0227_PHBW8_0020/LH287,8.511041892235987
2024,nch1,GEMS-0227_PHBW8_0020/PHP02,8.511041892235987
2024,nch1,GEMS-0227_PHBW8_0021/LH287,8.511041892235987
2024,nch1,GEMS-0227_PHBW8_0021/PHP02,8.511041892235987
2024,nch1,GEMS-0227_PHBW8_0022/LH287,8.511041892235987
2024,nch1,GEMS-0227_PHBW8_0022/PHP02,8.511041892235987
2024,nch1,GEMS-0227_PHBW8_0024/LH287,8.511041892235987
2024,nch1,GEMS-0227_PHBW8_0024/PHP02,8.511041892235987
2024,nch1,LH132/PHP02,8.206111390033893
2024,nch1,LH146HT/LH287,8.511041892235987
2024,nch1,LH146HT/PHP02,8.511041892235987
2024,nch1,LH192/LH287,8.511041892235987
2024,nch1,LH192/PHP02,8.511041892235987
2024,nch1,LH193/LH287,8.511041892235987
2024,nch1,LH193/PHP02,8.511041892235987
2024,nch1,LH194/LH287,8.511041892235987
2024,nch1,LH194/PHP02,8.511041892235987
2024,nch1,LH195/LH287,8.511041892235987
2024,nch1,LH195/PHP02,8.514383633436674
2024,nch1,LH195/PHZ51,8.276217533875752
2024,nch1,LH197/PHP02,8.511041892235987
2024,nch1,LH198/LH287,8.511041892235987
2024,nch1,LH198/PHP02,8.511041892235987
2024,nch1,LH200/LH287,8.511041892235987
2024,nch1,LH200/PHP02,8.511041892235987
2024,nch1,LH204/LH287,8.511041892235987
2024,nch1,LH204/PHP02,8.511041892235987
2024,nch1,LH220HT/LH287,8.511041892235987
2024,nch1,LH220HT/PHP02,8.511041892235987
2024,nch1,LH224/LH287,8.511041892235987
2024,nch1,LH224/PHP02,8.511041892235987
2024,nch1,LH225/LH287,8.511041892235987
2024,nch1,LH225/PHP02,8.511041892235987
2024,nch1,LH226HT/LH287,8.511041892235987
2024,nch1,LH226HT/PHP02,8.511041892235987
2024,nch1,LH228/LH287,8.511041892235987
2024,nch1,LH228/PHP02,8.511041892235987
2024,nch1,LH231/LH287,8.511041892235987
2024,nch1,LH231/PHP02,8.511041892235987
2024,nch1,LH234/LH287,8.511041892235987
2024,nch1,LH234/PHP02,8.511041892235987
2024,nch1,LH235/LH287,8.511041892235987
2024,nch1,LH235/PHP02,8.511041892235987
2024,nch1,LH237/LH287,8.511041892235987
2024,nch1,LH238/LH287,8.511041892235987
2024,nch1,LH238/PHP02,8.511041892235987
2024,nch1,LH244/PHK76,8.170621377419618
2024,nch1,LH244/PHP02,8.511041892235987
2024,nch1,LH264/LH287,8.511041892235987
2024,nch1,LH264/PHP02,8.511041892235987
2024,nch1,LH273/LH287,8.511041892235987
2024,nch1,LH286/LH287,8.511041892235987
2024,nch1,LH286/PHP02,8.511041892235987
2024,nch1,LH287/LH244,9.735947178128589
2024,nch1,LH292/LH287,8.511041892235987
2024,nch1,LH82/LH244,8.515535271431036
2024,nch1,MM501D/LH244,8.78420634490579
2024,nch1,PH05F/PHP02,8.511041892235987
2024,nch1,PH05G/LH287,8.511041892235987
2024,nch1,PH05G/PHP02,8.511041892235987
2024,nch1,PH05W/LH287,8.511041892235987
2024,nch1,PH05W/PHP02,8.511041892235987
2024,nch1,PH06N/LH287,8.511041892235987
2024,nch1,PH06N/PHP02,8.511041892235987
2024,nch1,PH07D/PHP02,8.511041892235987
2024,nch1,PH080/LH287,8.511041892235987
2024,nch1,PH080/PHP02,8.511041892235987
2024,nch1,PH08A/LH287,8.511041892235987
2024,nch1,PH08A/PHP02,8.511041892235987
2024,nch1,PH09B/LH287,8.511041892235987
2024,nch1,PH09B/PHP02,8.511041892235987
2024,nch1,PH09E/LH287,8.511041892235987
2024,nch1,PH09E/PHP02,8.511041892235987
2024,nch1,PH0B4/LH287,8.511041892235987
2024,nch1,PH0B4/PHP02,8.511041892235987
2024,nch1,PH0CD/LH287,8.511041892235987
2024,nch1,PH0CD/PHP02,8.511041892235987
2024,nch1,PH0GP/LH287,8.511041892235987
2024,nch1,PH0GP/PHP02,8.511041892235987
2024,nch1,PH12C/PHP02,8.511041892235987
2024,nch1,PH19V/LH287,8.511041892235987
2024,nch1,PH19V/PHP02,8.511041892235987
2024,nch1,PH1CA/LH287,8.511041892235987
2024,nch1,PH1CA/PHP02,8.511041892235987
2024,nch1,PH1GG/LH287,8.511041892235987
2024,nch1,PH1GG/PHP02,8.511041892235987
2024,nch1,PH1TB/LH287,8.511041892235987
2024,nch1,PH1TB/PHP02,8.511041892235987
2024,nch1,PH24E/LH244,8.91307491956034
2024,nch1,PH24M/LH287,8.511041892235987
2024,nch1,PH24M/PHP02,8.511041892235987
2024,nch1,PH32C/LH287,8.511041892235987
2024,nch1,PH37C/LH287,8.511041892235987
2024,nch1,PH37C/PHP02,8.511041892235987
2024,nch1,PH38D/LH287,8.511041892235987
2024,nch1,PH42B/LH287,8.511041892235987
2024,nch1,PH44A/LH287,8.511041892235987
2024,nch1,PH44A/PHP02,8.511041892235987
2024,nch1,PH55C/LH287,8.511041892235987
2024,nch1,PH63A/LH287,8.511041892235987
2024,nch1,PH63A/PHP02,8.511041892235987
2024,nch1,PH79A/LH287,8.511041892235987
2024,nch1,PHB47/PHN82,8.480238193617687
2024,nch1,PHB47/PHZ51,8.202040748254447
2024,nch1,PHBW8/LH287,8.511041892235987
2024,nch1,PHEW7/LH287,8.511041892235987
2024,nch1,PHEW7/PHP02,8.511041892235987
2024,nch1,PHG29/PHG47,7.176207327191747
2024,nch1,PHG39/PHN82,8.482473817689161
2024,nch1,PHHB9/LH287,8.511041892235987
2024,nch1,PHHB9/PHP02,8.511041892235987
2024,nch1,PHJ40/PHAJ0,5.432487868276766
2024,nch1,PHJ89/LH244,8.557655730402159
2024,nch1,PHJR5/PHP02,8.511041892235987
2024,nch1,PHK56/LH244,8.826450346964101
2024,nch1,PHKV0/LH287,8.511041892235987
2024,nch1,PHKV0/PHP02,8.511041892235987
2024,nch1,PHN41/LH287,8.511041892235987
2024,nch1,PHN41/PHP02,8.511041892235987
2024,nch1,PHN46/LH244,8.194881024428408
2024,nch1,PHN66/LH287,8.511041892235987
2024,nch1,PHN66/PHP02,8.511041892235987
2024,nch1,PHNJ2/LH287,8.511041892235987
2024,nch1,PHNJ2/PHP02,8.511041892235987
2024,nch1,PHP02/LH244,8.819367082236141
2024,nch1,PHP38/LH287,8.511041892235987
2024,nch1,PHP38/PHP02,8.511041892235987
2024,nch1,PHPR5/PHP02,8.511041892235987
2024,nch1,PHR03/LH244,8.975449345309384
2024,nch1,PHR61/LH287,8.511041892235987
2024,nch1,PHR61/PHP02,8.511041892235987
2024,nch1,PHRE1/PHTD5,6.332026208270005
2024,nch1,PHT10/LH287,8.511041892235987
2024,nch1,PHT10/PHP02,8.511041892235987
2024,nch1,PHT11/LH287,8.511041892235987
2024,nch1,PHT11/PHP02,8.511041892235987
2024,nch1,PHT47/LH287,8.511041892235987
2024,nch1,PHT47/PHP02,8.511041892235987
2024,nch1,PHTP9/LH287,8.511041892235987
2024,nch1,PHTP9/PHP02,8.511041892235987
2024,nch1,PHTV7/LH287,8.511041892235987
2024,nch1,PHV37/LH287,8.511041892235987
2024,nch1,PHVA9/LH287,8.511041892235987
2024,nch1,PHVJ5/LH287,8.511041892235987
2024,nch1,PHVJ5/PHP02,8.511041892235987
2024,nch1,PHW30/LH244,8.646224892109105
2024,nch1,PHW52/LH287,8.511041892235987
2024,nch1,PHW52/PHM49,8.624993882102615
2024,nch1,PHW52/PHP02,8.511041892235987
2024,nch1,TX777/LH195,7.652359779389719
2024,nch1,W10004_0018/LH287,8.511041892235987
2024,nch1,W10004_0031/LH287,8.511041892235987
2024,nch1,W10004_0031/PHP02,8.824570065269928
2024,nch1,W10004_0034/PHP02,8.571995010774389
2024,nch1,W10004_0055/LH287,8.511041892235987
2024,nch1,W10004_0055/PHP02,8.626459292859419
2024,nch1,W10004_0062/PHP02,8.5102027361494
2024,nch1,W10004_0095/LH287,8.511041892235987
2024,nch1,W10004_0095/PHP02,8.152280771833961
2024,nch1,W10004_0103/PHP02,8.632569397573386
2024,nch1,W10004_0122/LH287,8.511041892235987
2024,nch1,W10004_0122/PHP02,8.558872569741068
2024,nch1,W10004_0133/LH287,8.511041892235987
2024,nch1,W10004_0133/PHP02,8.571995010774389
2024,nch1,W10004_0138/LH287,8.511041892235987
2024,nch1,W10004_0138/PHP02,8.507264862991667
2024,nch1,W10004_0146/LH287,8.511041892235987
2024,nch1,W10004_0146/PHP02,8.626259745731753
2024,nch1,W10004_0160/LH287,8.511041892235987
2024,nch1,W10004_0160/PHP02,8.635210607580666
2024,nch1,W10004_0167/PHP02,8.54107697852212
2024,nch1,W10004_0168/PHP02,8.585162223930944
2024,nch1,W10004_0189/LH287,8.511041892235987
2024,nch1,W10004_0189/PHP02,8.975449345309384
2024,nch1,W10004_0236/LH287,8.511041892235987
2024,nch1,W10004_0236/PHP02,8.618810882355831
2024,nch1,W10004_0238/LH287,8.511041892235987
2024,nch1,W10004_0238/PHP02,8.570429134330821
2024,nch1,W10004_0258/LH287,8.511041892235987
2024,nch1,W10004_0258/PHP02,8.826450346964101
2024,nch1,W10004_0270/PHP02,8.54107697852212
2024,nch1,W10004_0311/LH287,8.511041892235987
2024,nch1,W10004_0311/PHP02,8.856635420453387
2024,nch1,W10004_0346/LH287,8.511041892235987
2024,nch1,W10004_0346/PHP02,8.934010658121183
2024,nch1,W10004_0389/PHP02,8.482644246831075
2024,nch1,W10004_0403/LH287,8.511041892235987
2024,nch1,W10004_0409/LH287,8.511041892235987
2024,nch1,W10004_0409/PHP02,9.643128404867518
2024,nch1,W10004_0412/LH287,8.511041892235987
2024,nch1,W10004_0412/PHP02,8.585092730313178
2024,nch1,W10004_0476/LH287,8.511041892235987
2024,nch1,W10004_0476/PHP02,8.530191124370614
2024,nch1,W10004_0601/LH287,8.511041892235987
2024,nch1,W10004_0601/PHP02,8.618810882355831
2024,nch1,W10004_0608/LH287,8.511041892235987
2024,nch1,W10004_0608/PHP02,8.16620139129029
2024,nch1,W10004_0637/LH287,8.511041892235987
2024,nch1,W10004_0637/PHP02,8.632569397573386
2024,nch1,W10004_0658/LH287,8.511041892235987
2024,nch1,W10004_0688/PHP02,8.529350295837665
2024,nch1,W10004_0691/PHP02,8.158696778857001
2024,nch1,W10004_0714/PHP02,8.618810882355831
2024,nch1,W10004_0715/LH287,8.511041892235987
2024,nch1,W10004_0715/PHP02,8.585092730313178
2024,nch1,W10004_0747/LH287,8.511041892235987
2024,nch1,W10004_0754/PHP02,8.565842185663449
2024,nch1,W10004_0771/PHP02,8.570274170066112
2024,nch1,W10004_0776/PHP02,8.565842185663449
2024,nch1,W10004_0801/LH287,8.511041892235987
2024,nch1,W10004_0801/PHP02,9.078031519659488
2024,nch1,W10004_0822/PHP02,8.565974370226284
2024,nch1,W10004_0858/LH287,8.511041892235987
2024,nch1,W10004_0858/PHP02,8.607176517408496
2024,nch1,W10004_0859/LH287,8.511041892235987
2024,nch1,W10004_0859/PHP02,8.621959669189536
2024,nch1,W10004_0949/PHP02,9.678368216633613
2024,nch1,W10004_0969/LH287,8.511041892235987
2024,nch1,W10004_1014/LH287,8.511041892235987
2024,nch1,W10004_1014/PHP02,8.557655730402159
2024,nch1,W10004_1018/PHP02,8.621959669189536
2024,nch1,W10004_1032/PHP02,8.603155731788458
2024,nch1,W10004_1080/LH287,8.511041892235987
2024,nch1,W10004_1080/PHP02,9.16622590034441
2024,nch1,WQCD10/LH287,8.511041892235987
2024,nch1,ZS01459/PHP02,8.511041892235987
2024,nch1,ZS0510/LH287,8.511041892235987
2024,nch1,ZS0510/PHP02,8.511041892235987
2024,neh1,01CSI6/LH287,8.113375660350236
2024,neh1,01DIB2/LH287,8.113375660350236
2024,neh1,2369/LH123HT,8.566994763976663
2024,neh1,B14A/OH43,7.891363678728885
2024,neh1,B37/H95,7.251177969395141
2024,neh1,B73/MO17,8.631737109696944
2024,neh1,B73/PHN82,9.170446931006294
2024,neh1,CG119/CG108,4.8280502260678455
2024,neh1,CG44/CGR01,6.119881266158219
2024,neh1,DK3IIH6/LH244,8.511517847928353
2024,neh1,GEMS-0061_3AZA1_0004/LH287,8.113375660350236
2024,neh1,GEMS-0061_3AZA1_0010/LH287,8.113375660350236
2024,neh1,GEMS-0061_3AZA1_0014/LH287,8.113375660350236
2024,neh1,GEMS-0061_3AZA1_0016/LH287,8.113375660350236
2024,neh1,GEMS-0061_3AZA1_0017/LH287,8.113375660350236
2024,neh1,GEMS-0061_FBLL_0002/LH287,8.113375660350236
2024,neh1,GEMS-0061_FBLL_0014/LH287,8.113375660350236
2024,neh1,GEMS-0061_FBLL_0015/LH287,8.113375660350236
2024,neh1,GEMS-0061_FBLL_0017/LH287,8.113375660350236
2024,neh1,GEMS-0061_FBLL_0019/LH287,8.113375660350236
2024,neh1,GEMS-0061_FBLL_0023/LH287,8.113375660350236
2024,neh1,GEMS-0061_FBLL_0026/LH287,8.113375660350236
2024,neh1,GEMS-0061_FBLL_0029/LH287,8.113375660350236
2024,neh1,GEMS-0061_FBLL_0032/LH287,8.113375660350236
2024,neh1,GEMS-0061_FBLL_0035/LH287,8.113375660350236
2024,neh1,GEMS-0061_FBLL_0037/LH287,8.113375660350236
2024,neh1,GEMS-0061_FBLL_0040/LH287,8.113375660350236
2024,neh1,GEMS-0061_FBLL_0042/LH287,8.113375660350236
2024,neh1,GEMS-0061_FBLL_0050/LH287,8.113375660350236
2024,neh1,GEMS-0061_PHB47_0003/LH287,8.113375660350236
2024,neh1,GEMS-0061_PHBW8_0002/LH287,8.113375660350236
2024,neh1,GEMS-0113_3AZA1_0005/LH287,8.113375660350236
2024,neh1,GEMS-0113_3AZA1_0011/LH287,8.113375660350236
2024,neh1,GEMS-0113_3AZA1_0013/LH287,8.113375660350236
2024,neh1,GEMS-0113_3AZA1_0014/LH287,8.113375660350236
2024,neh1,GEMS-0113_3AZA1_0015/LH287,8.113375660350236
2024,neh1,GEMS-0113_3AZA1_0019/LH287,8.113375660350236
2024,neh1,GEMS-0113_3AZA1_0024/LH287,8.113375660350236
2024,neh1,GEMS-0113_3AZA1_0025/LH287,8.113375660350236
2024,neh1,GEMS-0113_3AZA1_0028/LH287,8.113375660350236
2024,neh1,GEMS-0113_FBLL_0002/LH287,8.113375660350236
2024,neh1,GEMS-0113_FBLL_0004/LH287,8.113375660350236
2024,neh1,GEMS-0113_FBLL_0005/LH287,8.113375660350236
2024,neh1,GEMS-0113_FBLL_0008/LH287,8.113375660350236
2024,neh1,GEMS-0113_FBLL_0010/LH287,8.113375660350236
2024,neh1,GEMS-0113_FBLL_0013/LH287,8.113375660350236
2024,neh1,GEMS-0113_PHB47_0001/LH287,8.113375660350236
2024,neh1,GEMS-0113_PHB47_0003/LH287,8.113375660350236
2024,neh1,GEMS-0113_PHB47_0004/LH287,8.113375660350236
2024,neh1,GEMS-0113_PHB47_0005/LH287,8.113375660350236
2024,neh1,GEMS-0113_PHB47_0006/LH287,8.113375660350236
2024,neh1,GEMS-0113_PHB47_0012/LH287,8.113375660350236
2024,neh1,GEMS-0113_PHB47_0013/LH287,8.113375660350236
2024,neh1,GEMS-0113_PHB47_0015/LH287,8.113375660350236
2024,neh1,GEMS-0113_PHB47_0017/LH287,8.113375660350236
2024,neh1,GEMS-0113_PHBW8_0002/LH287,8.113375660350236
2024,neh1,GEMS-0113_PHBW8_0005/LH287,8.113375660350236
2024,neh1,GEMS-0113_PHBW8_0006/LH287,8.113375660350236
2024,neh1,GEMS-0113_PHBW8_0007/LH287,8.113375660350236
2024,neh1,GEMS-0113_PHBW8_0008/LH287,8.113375660350236
2024,neh1,GEMS-0113_PHBW8_0010/LH287,8.113375660350236
2024,neh1,GEMS-0113_PHBW8_0011/LH287,8.113375660350236
2024,neh1,GEMS-0113_PHBW8_0012/LH287,8.113375660350236
2024,neh1,GEMS-0219_3AZA1_0005/LH287,8.113375660350236
2024,neh1,GEMS-0219_3AZA1_0006/LH287,8.113375660350236
2024,neh1,GEMS-0219_3AZA1_0008/LH287,8.113375660350236
2024,neh1,GEMS-0219_3AZA1_0009/LH287,8.113375660350236
2024,neh1,GEMS-0219_3AZA1_0014/LH287,8.113375660350236
2024,neh1,GEMS-0219_FBLL_0004/LH287,8.113375660350236
2024,neh1,GEMS-0219_FBLL_0005/LH287,8.113375660350236
2024,neh1,GEMS-0219_FBLL_0007/LH287,8.113375660350236
2024,neh1,GEMS-0219_FBLL_0008/LH287,8.113375660350236
2024,neh1,GEMS-0219_FBLL_0010/LH287,8.113375660350236
2024,neh1,GEMS-0219_FBLL_0014/LH287,8.113375660350236
2024,neh1,GEMS-0219_FBLL_0018/LH287,8.113375660350236
2024,neh1,GEMS-0219_FBLL_0019/LH287,8.113375660350236
2024,neh1,GEMS-0219_FBLL_0020/LH287,8.113375660350236
2024,neh1,GEMS-0219_PHB47_0001/LH287,8.113375660350236
2024,neh1,GEMS-0219_PHB47_0002/LH287,8.113375660350236
2024,neh1,GEMS-0219_PHB47_0003/LH287,8.113375660350236
2024,neh1,GEMS-0219_PHB47_0004/LH287,8.113375660350236
2024,neh1,GEMS-0219_PHB47_0006/LH287,8.113375660350236
2024,neh1,GEMS-0219_PHBW8_0002/LH287,8.113375660350236
2024,neh1,GEMS-0219_PHBW8_0009/LH287,8.113375660350236
2024,neh1,GEMS-0219_PHBW8_0011/LH287,8.113375660350236
2024,neh1,GEMS-0227_3AZA1_0003/LH287,8.113375660350236
2024,neh1,GEMS-0227_3AZA1_0004/LH287,8.113375660350236
2024,neh1,GEMS-0227_3AZA1_0005/LH287,8.113375660350236
2024,neh1,GEMS-0227_3AZA1_0011/LH287,8.113375660350236
2024,neh1,GEMS-0227_3AZA1_0014/LH287,8.113375660350236
2024,neh1,GEMS-0227_3AZA1_0019/LH287,8.113375660350236
2024,neh1,GEMS-0227_3AZA1_0023/LH287,8.113375660350236
2024,neh1,GEMS-0227_3AZA1_0025/LH287,8.113375660350236
2024,neh1,GEMS-0227_3AZA1_0030/LH287,8.113375660350236
2024,neh1,GEMS-0227_3AZA1_0036/LH287,8.113375660350236
2024,neh1,GEMS-0227_3AZA1_0041/LH287,8.113375660350236
2024,neh1,GEMS-0227_3AZA1_0045/LH287,8.113375660350236
2024,neh1,GEMS-0227_FBLL_0002/LH287,8.113375660350236
2024,neh1,GEMS-0227_FBLL_0004/LH287,8.113375660350236
2024,neh1,GEMS-0227_FBLL_0007/LH287,8.113375660350236
2024,neh1,GEMS-0227_FBLL_0009/LH287,8.113375660350236
2024,neh1,GEMS-0227_FBLL_0013/LH287,8.113375660350236
2024,neh1,GEMS-0227_FBLL_0014/LH287,8.113375660350236
2024,neh1,GEMS-0227_FBLL_0015/LH287,8.113375660350236
2024,neh1,GEMS-0227_FBLL_0019/LH287,8.113375660350236
2024,neh1,GEMS-0227_FBLL_0020/LH287,8.113375660350236
2024,neh1,GEMS-0227_FBLL_0023/LH287,8.113375660350236
2024,neh1,GEMS-0227_FBLL_0024/LH287,8.113375660350236
2024,neh1,GEMS-0227_FBLL_0027/LH287,8.113375660350236
2024,neh1,GEMS-0227_FBLL_0030/LH287,8.113375660350236
2024,neh1,GEMS-0227_FBLL_0031/LH287,8.113375660350236
2024,neh1,GEMS-0227_FBLL_0032/LH287,8.113375660350236
2024,neh1,GEMS-0227_FBLL_0034/LH287,8.113375660350236
2024,neh1,GEMS-0227_FBLL_0035/LH287,8.113375660350236
2024,neh1,GEMS-0227_FBLL_0036/LH287,8.113375660350236
2024,neh1,GEMS-0227_FBLL_0043/LH287,8.113375660350236
2024,neh1,GEMS-0227_FBLL_0044/LH287,8.113375660350236
2024,neh1,GEMS-0227_FBLL_0047/LH287,8.113375660350236
2024,neh1,GEMS-0227_FBLL_0048/LH287,8.113375660350236
2024,neh1,GEMS-0227_FBLL_0049/LH287,8.113375660350236
2024,neh1,GEMS-0227_FBLL_0052/LH287,8.113375660350236
2024,neh1,GEMS-0227_FBLL_0054/LH287,8.113375660350236
2024,neh1,GEMS-0227_FBLL_0055/LH287,8.113375660350236
2024,neh1,GEMS-0227_FBLL_0059/LH287,8.113375660350236
2024,neh1,GEMS-0227_FBLL_0063/LH287,8.113375660350236
2024,neh1,GEMS-0227_FBLL_0064/LH287,8.113375660350236
2024,neh1,GEMS-0227_FBLL_0069/LH287,8.113375660350236
2024,neh1,GEMS-0227_FBLL_0072/LH287,8.113375660350236
2024,neh1,GEMS-0227_FBLL_0073/LH287,8.113375660350236
2024,neh1,GEMS-0227_FBLL_0075/LH287,8.113375660350236
2024,neh1,GEMS-0227_FBLL_0077/LH287,8.113375660350236
2024,neh1,GEMS-0227_FBLL_0078/LH287,8.113375660350236
2024,neh1,GEMS-0227_FBLL_0085/LH287,8.113375660350236
2024,neh1,GEMS-0227_FBLL_0090/LH287,8.113375660350236
2024,neh1,GEMS-0227_FBLL_0101/LH287,8.113375660350236
2024,neh1,GEMS-0227_FBLL_0104/LH287,8.113375660350236
2024,neh1,GEMS-0227_FBLL_0106/LH287,8.113375660350236
2024,neh1,GEMS-0227_FBLL_0110/LH287,8.113375660350236
2024,neh1,GEMS-0227_FBLL_0111/LH287,8.113375660350236
2024,neh1,GEMS-0227_FBLL_0114/LH287,8.113375660350236
2024,neh1,GEMS-0227_FBLL_0116/LH287,8.113375660350236
2024,neh1,GEMS-0227_FBLL_0118/LH287,8.113375660350236
2024,neh1,GEMS-0227_FBLL_0121/LH287,8.113375660350236
2024,neh1,GEMS-0227_FBLL_0127/LH287,8.113375660350236
2024,neh1,GEMS-0227_FBLL_0134/LH287,8.113375660350236
2024,neh1,GEMS-0227_FBLL_0140/LH287,8.113375660350236
2024,neh1,GEMS-0227_FBLL_0141/LH287,8.113375660350236
2024,neh1,GEMS-0227_PHB47_0003/LH287,8.113375660350236
2024,neh1,GEMS-0227_PHB47_0007/LH287,8.113375660350236
2024,neh1,GEMS-0227_PHB47_0010/LH287,8.113375660350236
2024,neh1,GEMS-0227_PHB47_0012/LH287,8.113375660350236
2024,neh1,GEMS-0227_PHB47_0022/LH287,8.113375660350236
2024,neh1,GEMS-0227_PHB47_0026/LH287,8.113375660350236
2024,neh1,GEMS-0227_PHBW8_0001/LH287,8.113375660350236
2024,neh1,GEMS-0227_PHBW8_0003/LH287,8.113375660350236
2024,neh1,GEMS-0227_PHBW8_0004/LH287,8.113375660350236
2024,neh1,GEMS-0227_PHBW8_0006/LH287,8.113375660350236
2024,neh1,GEMS-0227_PHBW8_0007/LH287,8.113375660350236
2024,neh1,GEMS-0227_PHBW8_0009/LH287,8.113375660350236
2024,neh1,GEMS-0227_PHBW8_0010/LH287,8.113375660350236
2024,neh1,GEMS-0227_PHBW8_0012/LH287,8.113375660350236
2024,neh1,GEMS-0227_PHBW8_0015/LH287,8.113375660350236
2024,neh1,GEMS-0227_PHBW8_0017/LH287,8.113375660350236
2024,neh1,GEMS-0227_PHBW8_0019/LH287,8.113375660350236
2024,neh1,GEMS-0227_PHBW8_0024/LH287,8.113375660350236
2024,neh1,LH146HT/LH287,8.113375660350236
2024,neh1,LH192/LH287,8.113375660350236
2024,neh1,LH193/LH287,8.113375660350236
2024,neh1,LH194/LH287,8.113375660350236
2024,neh1,LH195/LH287,8.113375660350236
2024,neh1,LH195/PHZ51,7.850874183004112
2024,neh1,LH198/LH287,8.113375660350236
2024,neh1,LH224/LH287,8.113375660350236
2024,neh1,LH225/LH287,8.113375660350236
2024,neh1,LH236/LH287,8.113375660350236
2024,neh1,LH244/PHK76,8.078999993697096
2024,neh1,LH264/LH287,8.113375660350236
2024,neh1,LH286/LH287,8.113375660350236
2024,neh1,LH287/LH244,9.442027507900118
2024,neh1,LH292/LH287,8.113375660350236
2024,neh1,LH82/LH244,8.07357089865464
2024,neh1,MM501D/LH244,8.511517847928353
2024,neh1,NKH8431/LH287,8.113375660350236
2024,neh1,PH05F/LH287,8.113375660350236
2024,neh1,PH05G/LH287,8.113375660350236
2024,neh1,PH09E/LH287,8.113375660350236
2024,neh1,PH0B4/LH287,8.113375660350236
2024,neh1,PH0CD/LH287,8.113375660350236
2024,neh1,PH0GP/LH287,8.113375660350236
2024,neh1,PH1CA/LH287,8.113375660350236
2024,neh1,PH1GG/LH287,8.113375660350236
2024,neh1,PH24E/LH244,8.818579643514543
2024,neh1,PH32C/LH287,8.113375660350236
2024,neh1,PH42B/LH287,8.113375660350236
2024,neh1,PH44A/LH287,8.113375660350236
2024,neh1,PH63A/LH287,8.113375660350236
2024,neh1,PHB47/LH287,8.113375660350236
2024,neh1,PHB47/PHN82,8.462550027892014
2024,neh1,PHB47/PHZ51,7.807514230592647
2024,neh1,PHDG1/LH287,8.113375660350236
2024,neh1,PHG29/PHG47,6.07964287574821
2024,neh1,PHG39/PHN82,8.3786469610502
2024,neh1,PHJ40/PHAJ0,4.8280502260678455
2024,neh1,PHJ89/LH244,8.375105205413497
2024,neh1,PHK56/LH244,8.564500953429551
2024,neh1,PHN41/LH287,8.113375660350236
2024,neh1,PHN46/LH244,7.910605471094522
2024,neh1,PHP02/LH244,8.506365948801498
2024,neh1,PHPR5/LH287,8.113375660350236
2024,neh1,PHR03/LH244,9.018480458602868
2024,neh1,PHRE1/PHTD5,4.7456277048107225
2024,neh1,PHT11/LH287,8.113375660350236
2024,neh1,PHTP9/LH287,8.113375660350236
2024,neh1,PHTV7/LH287,8.113375660350236
2024,neh1,PHV37/LH287,8.113375660350236
2024,neh1,PHW30/LH244,8.621107245067074
2024,neh1,PHW52/PHM49,8.154246098016365
2024,neh1,W10004_0055/LH287,8.113375660350236
2024,neh1,W10004_0095/LH287,8.113375660350236
2024,neh1,W10004_0103/LH287,8.113375660350236
2024,neh1,W10004_0122/LH287,8.113375660350236
2024,neh1,W10004_0133/LH287,8.113375660350236
2024,neh1,W10004_0138/LH287,8.113375660350236
2024,neh1,W10004_0167/LH287,8.113375660350236
2024,neh1,W10004_0236/LH287,8.113375660350236
2024,neh1,W10004_0238/LH287,8.113375660350236
2024,neh1,W10004_0346/LH287,8.113375660350236
2024,neh1,W10004_0389/LH287,8.113375660350236
2024,neh1,W10004_0409/LH287,8.113375660350236
2024,neh1,W10004_0608/LH287,8.113375660350236
2024,neh1,W10004_0691/LH287,8.113375660350236
2024,neh1,W10004_0715/LH287,8.113375660350236
2024,neh1,W10004_0771/LH287,8.113375660350236
2024,neh1,W10004_0776/LH287,8.113375660350236
2024,neh1,W10004_0858/LH287,8.113375660350236
2024,neh1,W10004_0969/LH287,8.113375660350236
2024,neh1,W10004_1080/LH287,8.113375660350236
2024,neh1,ZS01459/LH287,8.113375660350236
2024,neh1,ZS0510/LH287,8.113375660350236
2024,neh2,01CSI6/LH287,7.969655430099372
2024,neh2,01DIB2/LH287,7.969655430099372
2024,neh2,2369/LH123HT,8.331886204475525
2024,neh2,2FACC/LH287,7.969655430099372
2024,neh2,6F629/LH287,7.969655430099372
2024,neh2,B14A/OH43,7.868407297411902
2024,neh2,B37/H95,7.974022234542549
2024,neh2,B73/MO17,8.2097707521814
2024,neh2,B73/PHN82,8.508149327301123
2024,neh2,CG119/CG108,3.6629020371836347
2024,neh2,CG44/CGR01,6.6576635562840645
2024,neh2,DK3IIH6/LH244,8.267869341899056
2024,neh2,FBLA/LH287,7.969655430099372
2024,neh2,GEMS-0061_3AZA1_0002/LH287,7.969655430099372
2024,neh2,GEMS-0061_3AZA1_0003/LH287,7.969655430099372
2024,neh2,GEMS-0061_3AZA1_0007/LH287,7.969655430099372
2024,neh2,GEMS-0061_3AZA1_0009/LH287,7.969655430099372
2024,neh2,GEMS-0061_3AZA1_0010/LH287,7.969655430099372
2024,neh2,GEMS-0061_3AZA1_0011/LH287,7.969655430099372
2024,neh2,GEMS-0061_3AZA1_0012/LH287,7.969655430099372
2024,neh2,GEMS-0061_3AZA1_0013/LH287,7.969655430099372
2024,neh2,GEMS-0061_3AZA1_0016/LH287,7.969655430099372
2024,neh2,GEMS-0061_FBLL_0005/LH287,7.969655430099372
2024,neh2,GEMS-0061_FBLL_0007/LH287,7.969655430099372
2024,neh2,GEMS-0061_FBLL_0008/LH287,7.969655430099372
2024,neh2,GEMS-0061_FBLL_0010/LH287,7.969655430099372
2024,neh2,GEMS-0061_FBLL_0011/LH287,7.969655430099372
2024,neh2,GEMS-0061_FBLL_0018/LH287,7.969655430099372
2024,neh2,GEMS-0061_FBLL_0021/LH287,7.969655430099372
2024,neh2,GEMS-0061_FBLL_0022/LH287,7.969655430099372
2024,neh2,GEMS-0061_FBLL_0025/LH287,7.969655430099372
2024,neh2,GEMS-0061_FBLL_0031/LH287,7.969655430099372
2024,neh2,GEMS-0061_FBLL_0033/LH287,7.969655430099372
2024,neh2,GEMS-0061_FBLL_0034/LH287,7.969655430099372
2024,neh2,GEMS-0061_FBLL_0039/LH287,7.969655430099372
2024,neh2,GEMS-0061_PHB47_0004/LH287,7.969655430099372
2024,neh2,GEMS-0061_PHBW8_0002/LH287,7.969655430099372
2024,neh2,GEMS-0113_3AZA1_0003/LH287,7.969655430099372
2024,neh2,GEMS-0113_3AZA1_0006/LH287,7.969655430099372
2024,neh2,GEMS-0113_3AZA1_0008/LH287,7.969655430099372
2024,neh2,GEMS-0113_3AZA1_0016/LH287,7.969655430099372
2024,neh2,GEMS-0113_3AZA1_0017/LH287,7.969655430099372
2024,neh2,GEMS-0113_3AZA1_0018/LH287,7.969655430099372
2024,neh2,GEMS-0113_3AZA1_0019/LH287,7.969655430099372
2024,neh2,GEMS-0113_3AZA1_0021/LH287,7.969655430099372
2024,neh2,GEMS-0113_3AZA1_0022/LH287,7.969655430099372
2024,neh2,GEMS-0113_3AZA1_0024/LH287,7.969655430099372
2024,neh2,GEMS-0113_3AZA1_0026/LH287,7.969655430099372
2024,neh2,GEMS-0113_3AZA1_0027/LH287,7.969655430099372
2024,neh2,GEMS-0113_3AZA1_0029/LH287,7.969655430099372
2024,neh2,GEMS-0113_FBLL_0005/LH287,7.969655430099372
2024,neh2,GEMS-0113_FBLL_0006/LH287,7.969655430099372
2024,neh2,GEMS-0113_FBLL_0011/LH287,7.969655430099372
2024,neh2,GEMS-0113_FBLL_0015/LH287,7.969655430099372
2024,neh2,GEMS-0113_PHB47_0002/LH287,7.969655430099372
2024,neh2,GEMS-0113_PHB47_0004/LH287,7.969655430099372
2024,neh2,GEMS-0113_PHB47_0007/LH287,7.969655430099372
2024,neh2,GEMS-0113_PHB47_0008/LH287,7.969655430099372
2024,neh2,GEMS-0113_PHB47_0009/LH287,7.969655430099372
2024,neh2,GEMS-0113_PHB47_0013/LH287,7.969655430099372
2024,neh2,GEMS-0113_PHB47_0014/LH287,7.969655430099372
2024,neh2,GEMS-0113_PHB47_0020/LH287,7.969655430099372
2024,neh2,GEMS-0113_PHB47_0021/LH287,7.969655430099372
2024,neh2,GEMS-0113_PHBW8_0001/LH287,7.969655430099372
2024,neh2,GEMS-0113_PHBW8_0006/LH287,7.969655430099372
2024,neh2,GEMS-0113_PHBW8_0009/LH287,7.969655430099372
2024,neh2,GEMS-0113_PHBW8_0010/LH287,7.969655430099372
2024,neh2,GEMS-0113_PHBW8_0013/LH287,7.969655430099372
2024,neh2,GEMS-0113_PHBW8_0014/LH287,7.969655430099372
2024,neh2,GEMS-0113_PHBW8_0017/LH287,7.969655430099372
2024,neh2,GEMS-0219_3AZA1_0002/LH287,7.969655430099372
2024,neh2,GEMS-0219_3AZA1_0003/LH287,7.969655430099372
2024,neh2,GEMS-0219_3AZA1_0004/LH287,7.969655430099372
2024,neh2,GEMS-0219_3AZA1_0010/LH287,7.969655430099372
2024,neh2,GEMS-0219_3AZA1_0012/LH287,7.969655430099372
2024,neh2,GEMS-0219_FBLL_0003/LH287,7.969655430099372
2024,neh2,GEMS-0219_FBLL_0004/LH287,7.969655430099372
2024,neh2,GEMS-0219_FBLL_0005/LH287,7.969655430099372
2024,neh2,GEMS-0219_FBLL_0007/LH287,7.969655430099372
2024,neh2,GEMS-0219_FBLL_0009/LH287,7.969655430099372
2024,neh2,GEMS-0219_FBLL_0012/LH287,7.969655430099372
2024,neh2,GEMS-0219_FBLL_0013/LH287,7.969655430099372
2024,neh2,GEMS-0219_FBLL_0015/LH287,7.969655430099372
2024,neh2,GEMS-0219_FBLL_0017/LH287,7.969655430099372
2024,neh2,GEMS-0219_FBLL_0021/LH287,7.969655430099372
2024,neh2,GEMS-0219_FBLL_0022/LH287,7.969655430099372
2024,neh2,GEMS-0219_FBLL_0023/LH287,7.969655430099372
2024,neh2,GEMS-0219_FBLL_0027/LH287,7.969655430099372
2024,neh2,GEMS-0219_FBLL_0028/LH287,7.969655430099372
2024,neh2,GEMS-0219_PHB47_0004/LH287,7.969655430099372
2024,neh2,GEMS-0219_PHB47_0005/LH287,7.969655430099372
2024,neh2,GEMS-0219_PHBW8_0002/LH287,7.969655430099372
2024,neh2,GEMS-0219_PHBW8_0003/LH287,7.969655430099372
2024,neh2,GEMS-0219_PHBW8_0004/LH287,7.969655430099372
2024,neh2,GEMS-0219_PHBW8_0006/LH287,7.969655430099372
2024,neh2,GEMS-0219_PHBW8_0008/LH287,7.969655430099372
2024,neh2,GEMS-0219_PHBW8_0009/LH287,7.969655430099372
2024,neh2,GEMS-0227_3AZA1_0001/LH287,7.969655430099372
2024,neh2,GEMS-0227_3AZA1_0002/LH287,7.969655430099372
2024,neh2,GEMS-0227_3AZA1_0005/LH287,7.969655430099372
2024,neh2,GEMS-0227_3AZA1_0007/LH287,7.969655430099372
2024,neh2,GEMS-0227_3AZA1_0017/LH287,7.969655430099372
2024,neh2,GEMS-0227_3AZA1_0018/LH287,7.969655430099372
2024,neh2,GEMS-0227_3AZA1_0021/LH287,7.969655430099372
2024,neh2,GEMS-0227_3AZA1_0022/LH287,7.969655430099372
2024,neh2,GEMS-0227_3AZA1_0023/LH287,7.969655430099372
2024,neh2,GEMS-0227_3AZA1_0024/LH287,7.969655430099372
2024,neh2,GEMS-0227_3AZA1_0029/LH287,7.969655430099372
2024,neh2,GEMS-0227_3AZA1_0030/LH287,7.969655430099372
2024,neh2,GEMS-0227_3AZA1_0031/LH287,7.969655430099372
2024,neh2,GEMS-0227_3AZA1_0046/LH287,7.969655430099372
2024,neh2,GEMS-0227_FBLL_0001/LH287,7.969655430099372
2024,neh2,GEMS-0227_FBLL_0005/LH287,7.969655430099372
2024,neh2,GEMS-0227_FBLL_0008/LH287,7.969655430099372
2024,neh2,GEMS-0227_FBLL_0010/LH287,7.969655430099372
2024,neh2,GEMS-0227_FBLL_0012/LH287,7.969655430099372
2024,neh2,GEMS-0227_FBLL_0016/LH287,7.969655430099372
2024,neh2,GEMS-0227_FBLL_0018/LH287,7.969655430099372
2024,neh2,GEMS-0227_FBLL_0021/LH287,7.969655430099372
2024,neh2,GEMS-0227_FBLL_0026/LH287,7.969655430099372
2024,neh2,GEMS-0227_FBLL_0030/LH287,7.969655430099372
2024,neh2,GEMS-0227_FBLL_0032/LH287,7.969655430099372
2024,neh2,GEMS-0227_FBLL_0039/LH287,7.969655430099372
2024,neh2,GEMS-0227_FBLL_0040/LH287,7.969655430099372
2024,neh2,GEMS-0227_FBLL_0042/LH287,7.969655430099372
2024,neh2,GEMS-0227_FBLL_0045/LH287,7.969655430099372
2024,neh2,GEMS-0227_FBLL_0046/LH287,7.969655430099372
2024,neh2,GEMS-0227_FBLL_0053/LH287,7.969655430099372
2024,neh2,GEMS-0227_FBLL_0054/LH287,7.969655430099372
2024,neh2,GEMS-0227_FBLL_0055/LH287,7.969655430099372
2024,neh2,GEMS-0227_FBLL_0056/LH287,7.969655430099372
2024,neh2,GEMS-0227_FBLL_0057/LH287,7.969655430099372
2024,neh2,GEMS-0227_FBLL_0059/LH287,7.969655430099372
2024,neh2,GEMS-0227_FBLL_0060/LH287,7.969655430099372
2024,neh2,GEMS-0227_FBLL_0062/LH287,7.969655430099372
2024,neh2,GEMS-0227_FBLL_0063/LH287,7.969655430099372
2024,neh2,GEMS-0227_FBLL_0066/LH287,7.969655430099372
2024,neh2,GEMS-0227_FBLL_0071/LH287,7.969655430099372
2024,neh2,GEMS-0227_FBLL_0074/LH287,7.969655430099372
2024,neh2,GEMS-0227_FBLL_0075/LH287,7.969655430099372
2024,neh2,GEMS-0227_FBLL_0082/LH287,7.969655430099372
2024,neh2,GEMS-0227_FBLL_0084/LH287,7.969655430099372
2024,neh2,GEMS-0227_FBLL_0086/LH287,7.969655430099372
2024,neh2,GEMS-0227_FBLL_0088/LH287,7.969655430099372
2024,neh2,GEMS-0227_FBLL_0094/LH287,7.969655430099372
2024,neh2,GEMS-0227_FBLL_0097/LH287,7.969655430099372
2024,neh2,GEMS-0227_FBLL_0102/LH287,7.969655430099372
2024,neh2,GEMS-0227_FBLL_0107/LH287,7.969655430099372
2024,neh2,GEMS-0227_FBLL_0110/LH287,7.969655430099372
2024,neh2,GEMS-0227_FBLL_0114/LH287,7.969655430099372
2024,neh2,GEMS-0227_FBLL_0115/LH287,7.969655430099372
2024,neh2,GEMS-0227_FBLL_0117/LH287,7.969655430099372
2024,neh2,GEMS-0227_FBLL_0127/LH287,7.969655430099372
2024,neh2,GEMS-0227_FBLL_0133/LH287,7.969655430099372
2024,neh2,GEMS-0227_PHB47_0001/LH287,7.969655430099372
2024,neh2,GEMS-0227_PHB47_0006/LH287,7.969655430099372
2024,neh2,GEMS-0227_PHB47_0009/LH287,7.969655430099372
2024,neh2,GEMS-0227_PHB47_0014/LH287,7.969655430099372
2024,neh2,GEMS-0227_PHB47_0016/LH287,7.969655430099372
2024,neh2,GEMS-0227_PHB47_0024/LH287,7.969655430099372
2024,neh2,GEMS-0227_PHB47_0025/LH287,7.969655430099372
2024,neh2,GEMS-0227_PHBW8_0005/LH287,7.969655430099372
2024,neh2,GEMS-0227_PHBW8_0011/LH287,7.969655430099372
2024,neh2,GEMS-0227_PHBW8_0012/LH287,7.969655430099372
2024,neh2,GEMS-0227_PHBW8_0015/LH287,7.969655430099372
2024,neh2,GEMS-0227_PHBW8_0016/LH287,7.969655430099372
2024,neh2,LH132/LH287,7.969655430099372
2024,neh2,LH192/LH287,7.969655430099372
2024,neh2,LH195/LH287,7.969655430099372
2024,neh2,LH195/PHZ51,7.831535695663162
2024,neh2,LH198/LH287,7.969655430099372
2024,neh2,LH200/LH287,7.969655430099372
2024,neh2,LH204/LH287,7.969655430099372
2024,neh2,LH220HT/LH287,7.969655430099372
2024,neh2,LH226HT/LH287,7.969655430099372
2024,neh2,LH231/LH287,7.969655430099372
2024,neh2,LH234/LH287,7.969655430099372
2024,neh2,LH235/LH287,7.969655430099372
2024,neh2,LH238/LH287,7.969655430099372
2024,neh2,LH244/PHK76,8.054694664385524
2024,neh2,LH273/LH287,7.969655430099372
2024,neh2,LH287/LH244,8.910700396349915
2024,neh2,LH82/LH244,7.952475085937579
2024,neh2,MM501D/LH244,8.267869341899056
2024,neh2,PH05W/LH287,7.969655430099372
2024,neh2,PH09B/LH287,7.969655430099372
2024,neh2,PH12C/LH287,7.969655430099372
2024,neh2,PH1CA/LH287,7.969655430099372
2024,neh2,PH1GC/LH287,7.969655430099372
2024,neh2,PH1TB/LH287,7.969655430099372
2024,neh2,PH24E/LH244,8.499523474996774
2024,neh2,PH24M/LH287,7.969655430099372
2024,neh2,PH44A/LH287,7.969655430099372
2024,neh2,PH55C/LH287,7.969655430099372
2024,neh2,PHB47/PHN82,8.126204139511442
2024,neh2,PHB47/PHZ51,7.847237370511048
2024,neh2,PHBW8/LH287,7.969655430099372
2024,neh2,PHG29/PHG47,6.706541840397383
2024,neh2,PHG39/PHN82,8.199522260373334
2024,neh2,PHHB9/LH287,7.969655430099372
2024,neh2,PHJ40/PHAJ0,3.6629020371836347
2024,neh2,PHJ89/LH244,8.198802550401364
2024,neh2,PHJR5/LH287,7.969655430099372
2024,neh2,PHK56/LH244,8.359997072289753
2024,neh2,PHKV0/LH287,7.969655430099372
2024,neh2,PHN46/LH244,7.858141570459099
2024,neh2,PHN66/LH287,7.969655430099372
2024,neh2,PHNJ2/LH287,7.969655430099372
2024,neh2,PHP02/LH244,8.359997072289753
2024,neh2,PHP38/LH287,7.969655430099372
2024,neh2,PHR03/LH244,8.51287460612602
2024,neh2,PHR61/LH287,7.969655430099372
2024,neh2,PHRE1/PHTD5,4.42858444360457
2024,neh2,PHT47/LH287,7.969655430099372
2024,neh2,PHW30/LH244,8.2097707521814
2024,neh2,PHW52/LH287,7.969655430099372
2024,neh2,PHW52/PHM49,7.94898367836145
2024,neh2,W10004_0031/LH287,7.969655430099372
2024,neh2,W10004_0055/LH287,7.969655430099372
2024,neh2,W10004_0062/LH287,7.969655430099372
2024,neh2,W10004_0160/LH287,7.969655430099372
2024,neh2,W10004_0168/LH287,7.969655430099372
2024,neh2,W10004_0189/LH287,7.969655430099372
2024,neh2,W10004_0236/LH287,7.969655430099372
2024,neh2,W10004_0238/LH287,7.969655430099372
2024,neh2,W10004_0258/LH287,7.969655430099372
2024,neh2,W10004_0311/LH287,7.969655430099372
2024,neh2,W10004_0403/LH287,7.969655430099372
2024,neh2,W10004_0601/LH287,7.969655430099372
2024,neh2,W10004_0608/LH287,7.969655430099372
2024,neh2,W10004_0637/LH287,7.969655430099372
2024,neh2,W10004_0688/LH287,7.969655430099372
2024,neh2,W10004_0691/LH287,7.969655430099372
2024,neh2,W10004_0754/LH287,7.969655430099372
2024,neh2,W10004_0859/LH287,7.969655430099372
2024,neh2,W10004_1080/LH287,7.969655430099372
2024,neh2,WQCD10/LH287,7.969655430099372
2024,neh2,ZS0510/LH287,7.969655430099372
2024,neh3,01CSI6/LH287,9.527394919529392
2024,neh3,01DIB2/LH287,9.527394919529392
2024,neh3,2369/LH123HT,10.01877984765856
2024,neh3,B14A/OH43,9.606730272141814
2024,neh3,B37/H95,9.12977919240494
2024,neh3,B73/MO17,9.804639711900563
2024,neh3,B73/PHN82,10.289963968190316
2024,neh3,CG119/CG108,4.528888000538008
2024,neh3,CG44/CGR01,7.816459215584904
2024,neh3,DK3IIH6/LH244,9.823780415121112
2024,neh3,DKFBHJ/LH287,9.527394919529392
2024,neh3,FBLL/LH287,9.527394919529392
2024,neh3,GEMS-0061_3AZA1_0001/LH287,9.527394919529392
2024,neh3,GEMS-0061_3AZA1_0005/LH287,9.527394919529392
2024,neh3,GEMS-0061_3AZA1_0006/LH287,9.527394919529392
2024,neh3,GEMS-0061_3AZA1_0011/LH287,9.527394919529392
2024,neh3,GEMS-0061_3AZA1_0013/LH287,9.527394919529392
2024,neh3,GEMS-0061_3AZA1_0015/LH287,9.527394919529392
2024,neh3,GEMS-0061_3AZA1_0017/LH287,9.527394919529392
2024,neh3,GEMS-0061_3AZA1_0021/LH287,9.527394919529392
2024,neh3,GEMS-0061_3AZA1_0023/LH287,9.527394919529392
2024,neh3,GEMS-0061_FBLL_0004/LH287,9.527394919529392
2024,neh3,GEMS-0061_FBLL_0009/LH287,9.527394919529392
2024,neh3,GEMS-0061_FBLL_0010/LH287,9.527394919529392
2024,neh3,GEMS-0061_FBLL_0015/LH287,9.527394919529392
2024,neh3,GEMS-0061_FBLL_0016/LH287,9.527394919529392
2024,neh3,GEMS-0061_FBLL_0019/LH287,9.527394919529392
2024,neh3,GEMS-0061_FBLL_0022/LH287,9.527394919529392
2024,neh3,GEMS-0061_FBLL_0024/LH287,9.527394919529392
2024,neh3,GEMS-0061_FBLL_0026/LH287,9.527394919529392
2024,neh3,GEMS-0061_FBLL_0029/LH287,9.527394919529392
2024,neh3,GEMS-0061_FBLL_0033/LH287,9.527394919529392
2024,neh3,GEMS-0061_FBLL_0034/LH287,9.527394919529392
2024,neh3,GEMS-0061_FBLL_0035/LH287,9.527394919529392
2024,neh3,GEMS-0061_FBLL_0038/LH287,9.527394919529392
2024,neh3,GEMS-0061_FBLL_0042/LH287,9.527394919529392
2024,neh3,GEMS-0061_FBLL_0044/LH287,9.527394919529392
2024,neh3,GEMS-0061_FBLL_0047/LH287,9.527394919529392
2024,neh3,GEMS-0061_PHB47_0001/LH287,9.527394919529392
2024,neh3,GEMS-0061_PHB47_0003/LH287,9.527394919529392
2024,neh3,GEMS-0061_PHBW8_0001/LH287,9.527394919529392
2024,neh3,GEMS-0113_3AZA1_0001/LH287,9.527394919529392
2024,neh3,GEMS-0113_3AZA1_0002/LH287,9.527394919529392
2024,neh3,GEMS-0113_3AZA1_0004/LH287,9.527394919529392
2024,neh3,GEMS-0113_3AZA1_0005/LH287,9.527394919529392
2024,neh3,GEMS-0113_3AZA1_0007/LH287,9.527394919529392
2024,neh3,GEMS-0113_3AZA1_0010/LH287,9.527394919529392
2024,neh3,GEMS-0113_3AZA1_0013/LH287,9.527394919529392
2024,neh3,GEMS-0113_3AZA1_0014/LH287,9.527394919529392
2024,neh3,GEMS-0113_3AZA1_0016/LH287,9.527394919529392
2024,neh3,GEMS-0113_3AZA1_0018/LH287,9.527394919529392
2024,neh3,GEMS-0113_3AZA1_0023/LH287,9.527394919529392
2024,neh3,GEMS-0113_3AZA1_0031/LH287,9.527394919529392
2024,neh3,GEMS-0113_3AZA1_0038/LH287,9.527394919529392
2024,neh3,GEMS-0113_FBLL_0003/LH287,9.527394919529392
2024,neh3,GEMS-0113_FBLL_0007/LH287,9.527394919529392
2024,neh3,GEMS-0113_FBLL_0015/LH287,9.527394919529392
2024,neh3,GEMS-0113_PHB47_0006/LH287,9.527394919529392
2024,neh3,GEMS-0113_PHB47_0011/LH287,9.527394919529392
2024,neh3,GEMS-0113_PHB47_0019/LH287,9.527394919529392
2024,neh3,GEMS-0113_PHBW8_0002/LH287,9.527394919529392
2024,neh3,GEMS-0113_PHBW8_0004/LH287,9.527394919529392
2024,neh3,GEMS-0113_PHBW8_0005/LH287,9.527394919529392
2024,neh3,GEMS-0113_PHBW8_0008/LH287,9.527394919529392
2024,neh3,GEMS-0113_PHBW8_0014/LH287,9.527394919529392
2024,neh3,GEMS-0219_3AZA1_0001/LH287,9.527394919529392
2024,neh3,GEMS-0219_3AZA1_0007/LH287,9.527394919529392
2024,neh3,GEMS-0219_3AZA1_0009/LH287,9.527394919529392
2024,neh3,GEMS-0219_FBLL_0002/LH287,9.527394919529392
2024,neh3,GEMS-0219_FBLL_0006/LH287,9.527394919529392
2024,neh3,GEMS-0219_FBLL_0011/LH287,9.527394919529392
2024,neh3,GEMS-0219_FBLL_0013/LH287,9.527394919529392
2024,neh3,GEMS-0219_FBLL_0025/LH287,9.527394919529392
2024,neh3,GEMS-0219_FBLL_0030/LH287,9.527394919529392
2024,neh3,GEMS-0219_PHB47_0005/LH287,9.527394919529392
2024,neh3,GEMS-0219_PHB47_0011/LH287,9.527394919529392
2024,neh3,GEMS-0219_PHB47_0014/LH287,9.527394919529392
2024,neh3,GEMS-0219_PHB47_0017/LH287,9.527394919529392
2024,neh3,GEMS-0219_PHBW8_0001/LH287,9.527394919529392
2024,neh3,GEMS-0227_3AZA1_0003/LH287,9.527394919529392
2024,neh3,GEMS-0227_3AZA1_0006/LH287,9.527394919529392
2024,neh3,GEMS-0227_3AZA1_0007/LH287,9.527394919529392
2024,neh3,GEMS-0227_3AZA1_0008/LH287,9.527394919529392
2024,neh3,GEMS-0227_3AZA1_0009/LH287,9.527394919529392
2024,neh3,GEMS-0227_3AZA1_0010/LH287,9.527394919529392
2024,neh3,GEMS-0227_3AZA1_0011/LH287,9.527394919529392
2024,neh3,GEMS-0227_3AZA1_0012/LH287,9.527394919529392
2024,neh3,GEMS-0227_3AZA1_0013/LH287,9.527394919529392
2024,neh3,GEMS-0227_3AZA1_0015/LH287,9.527394919529392
2024,neh3,GEMS-0227_3AZA1_0016/LH287,9.527394919529392
2024,neh3,GEMS-0227_3AZA1_0022/LH287,9.527394919529392
2024,neh3,GEMS-0227_3AZA1_0028/LH287,9.527394919529392
2024,neh3,GEMS-0227_3AZA1_0031/LH287,9.527394919529392
2024,neh3,GEMS-0227_3AZA1_0032/LH287,9.527394919529392
2024,neh3,GEMS-0227_3AZA1_0034/LH287,9.527394919529392
2024,neh3,GEMS-0227_3AZA1_0035/LH287,9.527394919529392
2024,neh3,GEMS-0227_3AZA1_0040/LH287,9.527394919529392
2024,neh3,GEMS-0227_3AZA1_0043/LH287,9.527394919529392
2024,neh3,GEMS-0227_3AZA1_0048/LH287,9.527394919529392
2024,neh3,GEMS-0227_3AZA1_0049/LH287,9.527394919529392
2024,neh3,GEMS-0227_FBLL_0001/LH287,9.527394919529392
2024,neh3,GEMS-0227_FBLL_0003/LH287,9.527394919529392
2024,neh3,GEMS-0227_FBLL_0009/LH287,9.527394919529392
2024,neh3,GEMS-0227_FBLL_0016/LH287,9.527394919529392
2024,neh3,GEMS-0227_FBLL_0017/LH287,9.527394919529392
2024,neh3,GEMS-0227_FBLL_0021/LH287,9.527394919529392
2024,neh3,GEMS-0227_FBLL_0022/LH287,9.527394919529392
2024,neh3,GEMS-0227_FBLL_0024/LH287,9.527394919529392
2024,neh3,GEMS-0227_FBLL_0025/LH287,9.527394919529392
2024,neh3,GEMS-0227_FBLL_0026/LH287,9.527394919529392
2024,neh3,GEMS-0227_FBLL_0028/LH287,9.527394919529392
2024,neh3,GEMS-0227_FBLL_0029/LH287,9.527394919529392
2024,neh3,GEMS-0227_FBLL_0033/LH287,9.527394919529392
2024,neh3,GEMS-0227_FBLL_0036/LH287,9.527394919529392
2024,neh3,GEMS-0227_FBLL_0037/LH287,9.527394919529392
2024,neh3,GEMS-0227_FBLL_0038/LH287,9.527394919529392
2024,neh3,GEMS-0227_FBLL_0041/LH287,9.527394919529392
2024,neh3,GEMS-0227_FBLL_0044/LH287,9.527394919529392
2024,neh3,GEMS-0227_FBLL_0049/LH287,9.527394919529392
2024,neh3,GEMS-0227_FBLL_0050/LH287,9.527394919529392
2024,neh3,GEMS-0227_FBLL_0051/LH287,9.527394919529392
2024,neh3,GEMS-0227_FBLL_0052/LH287,9.527394919529392
2024,neh3,GEMS-0227_FBLL_0053/LH287,9.527394919529392
2024,neh3,GEMS-0227_FBLL_0056/LH287,9.527394919529392
2024,neh3,GEMS-0227_FBLL_0058/LH287,9.527394919529392
2024,neh3,GEMS-0227_FBLL_0062/LH287,9.527394919529392
2024,neh3,GEMS-0227_FBLL_0066/LH287,9.527394919529392
2024,neh3,GEMS-0227_FBLL_0067/LH287,9.527394919529392
2024,neh3,GEMS-0227_FBLL_0068/LH287,9.527394919529392
2024,neh3,GEMS-0227_FBLL_0070/LH287,9.527394919529392
2024,neh3,GEMS-0227_FBLL_0071/LH287,9.527394919529392
2024,neh3,GEMS-0227_FBLL_0072/LH287,9.527394919529392
2024,neh3,GEMS-0227_FBLL_0079/LH287,9.527394919529392
2024,neh3,GEMS-0227_FBLL_0080/LH287,9.527394919529392
2024,neh3,GEMS-0227_FBLL_0084/LH287,9.527394919529392
2024,neh3,GEMS-0227_FBLL_0086/LH287,9.527394919529392
2024,neh3,GEMS-0227_FBLL_0087/LH287,9.527394919529392
2024,neh3,GEMS-0227_FBLL_0088/LH287,9.527394919529392
2024,neh3,GEMS-0227_FBLL_0089/LH287,9.527394919529392
2024,neh3,GEMS-0227_FBLL_0093/LH287,9.527394919529392
2024,neh3,GEMS-0227_FBLL_0094/LH287,9.527394919529392
2024,neh3,GEMS-0227_FBLL_0095/LH287,9.527394919529392
2024,neh3,GEMS-0227_FBLL_0096/LH287,9.527394919529392
2024,neh3,GEMS-0227_FBLL_0098/LH287,9.527394919529392
2024,neh3,GEMS-0227_FBLL_0105/LH287,9.527394919529392
2024,neh3,GEMS-0227_FBLL_0106/LH287,9.527394919529392
2024,neh3,GEMS-0227_FBLL_0113/LH287,9.527394919529392
2024,neh3,GEMS-0227_FBLL_0124/LH287,9.527394919529392
2024,neh3,GEMS-0227_FBLL_0125/LH287,9.527394919529392
2024,neh3,GEMS-0227_FBLL_0134/LH287,9.527394919529392
2024,neh3,GEMS-0227_FBLL_0136/LH287,9.527394919529392
2024,neh3,GEMS-0227_PHB47_0002/LH287,9.527394919529392
2024,neh3,GEMS-0227_PHB47_0004/LH287,9.527394919529392
2024,neh3,GEMS-0227_PHB47_0010/LH287,9.527394919529392
2024,neh3,GEMS-0227_PHB47_0011/LH287,9.527394919529392
2024,neh3,GEMS-0227_PHB47_0012/LH287,9.527394919529392
2024,neh3,GEMS-0227_PHB47_0014/LH287,9.527394919529392
2024,neh3,GEMS-0227_PHB47_0016/LH287,9.527394919529392
2024,neh3,GEMS-0227_PHB47_0022/LH287,9.527394919529392
2024,neh3,GEMS-0227_PHB47_0026/LH287,9.527394919529392
2024,neh3,GEMS-0227_PHBW8_0002/LH287,9.527394919529392
2024,neh3,GEMS-0227_PHBW8_0013/LH287,9.527394919529392
2024,neh3,GEMS-0227_PHBW8_0018/LH287,9.527394919529392
2024,neh3,GEMS-0227_PHBW8_0020/LH287,9.527394919529392
2024,neh3,GEMS-0227_PHBW8_0021/LH287,9.527394919529392
2024,neh3,GEMS-0227_PHBW8_0022/LH287,9.527394919529392
2024,neh3,LH195/LH287,9.527394919529392
2024,neh3,LH195/PHZ51,9.57725290865008
2024,neh3,LH197/LH287,9.527394919529392
2024,neh3,LH198/LH287,9.527394919529392
2024,neh3,LH228/LH287,9.527394919529392
2024,neh3,LH236/LH287,9.527394919529392
2024,neh3,LH237/LH287,9.527394919529392
2024,neh3,LH244/PHK76,9.726434207525905
2024,neh3,LH287/LH244,10.433858691554997
2024,neh3,LH82/LH244,9.519307883552983
2024,neh3,MM501D/LH244,9.823780415121112
2024,neh3,PH05W/LH287,9.527394919529392
2024,neh3,PH06N/LH287,9.527394919529392
2024,neh3,PH07D/LH287,9.527394919529392
2024,neh3,PH080/LH287,9.527394919529392
2024,neh3,PH08A/LH287,9.527394919529392
2024,neh3,PH0GP/LH287,9.527394919529392
2024,neh3,PH12C/LH287,9.527394919529392
2024,neh3,PH19V/LH287,9.527394919529392
2024,neh3,PH1CA/LH287,9.527394919529392
2024,neh3,PH1TB/LH287,9.527394919529392
2024,neh3,PH1W2/LH287,9.527394919529392
2024,neh3,PH24E/LH244,10.037464416168069
2024,neh3,PH24M/LH287,9.527394919529392
2024,neh3,PH32C/LH287,9.527394919529392
2024,neh3,PH37C/LH287,9.527394919529392
2024,neh3,PH38D/LH287,9.527394919529392
2024,neh3,PH44A/LH287,9.527394919529392
2024,neh3,PH63A/LH287,9.527394919529392
2024,neh3,PH79A/LH287,9.527394919529392
2024,neh3,PHB47/LH287,9.527394919529392
2024,neh3,PHB47/PHN82,9.676004996440406
2024,neh3,PHB47/PHZ51,9.597565124870167
2024,neh3,PHEW7/LH287,9.527394919529392
2024,neh3,PHG29/PHG47,7.936230391994284
2024,neh3,PHG39/PHN82,9.654503716715073
2024,neh3,PHJ40/PHAJ0,4.528888000538008
2024,neh3,PHJ89/LH244,9.761230026131782
2024,neh3,PHK56/LH244,9.902912766450752
2024,neh3,PHN46/LH244,9.614333507855303
2024,neh3,PHP02/LH244,9.858466870745636
2024,neh3,PHP38/LH287,9.527394919529392
2024,neh3,PHR03/LH244,10.10893943233805
2024,neh3,PHR61/LH287,9.527394919529392
2024,neh3,PHRE1/PHTD5,5.682417901947349
2024,neh3,PHT10/LH287,9.527394919529392
2024,neh3,PHT11/LH287,9.527394919529392
2024,neh3,PHVA9/LH287,9.527394919529392
2024,neh3,PHVJ5/LH287,9.527394919529392
2024,neh3,PHW30/LH244,9.804639711900563
2024,neh3,PHW52/PHM49,9.542407373300708
2024,neh3,W10004_0018/LH287,9.527394919529392
2024,neh3,W10004_0034/LH287,9.527394919529392
2024,neh3,W10004_0146/LH287,9.527394919529392
2024,neh3,W10004_0270/LH287,9.527394919529392
2024,neh3,W10004_0403/LH287,9.527394919529392
2024,neh3,W10004_0409/LH287,9.527394919529392
2024,neh3,W10004_0412/LH287,9.527394919529392
2024,neh3,W10004_0476/LH287,9.527394919529392
2024,neh3,W10004_0658/LH287,9.527394919529392
2024,neh3,W10004_0714/LH287,9.527394919529392
2024,neh3,W10004_0747/LH287,9.527394919529392
2024,neh3,W10004_0754/LH287,9.527394919529392
2024,neh3,W10004_0801/LH287,9.527394919529392
2024,neh3,W10004_0822/LH287,9.527394919529392
2024,neh3,W10004_0858/LH287,9.527394919529392
2024,neh3,W10004_0866/LH287,9.527394919529392
2024,neh3,W10004_0949/LH287,9.527394919529392
2024,neh3,W10004_1014/LH287,9.527394919529392
2024,neh3,W10004_1018/LH287,9.527394919529392
2024,neh3,W10004_1032/LH287,9.527394919529392
2024,neh3,ZS01459/LH287,9.527394919529392
2024,nyh2,2369/LH123HT,11.79161309549287
2024,nyh2,6F629/PHP02,11.082387705897311
2024,nyh2,B14A/OH43,10.41157192411298
2024,nyh2,B37/H95,9.71151435523379
2024,nyh2,B73/MO17,11.77528705852707
2024,nyh2,B73/PHN82,11.635000191433873
2024,nyh2,B73/TX779,7.921136469790758
2024,nyh2,CG119/CG108,6.782487953353655
2024,nyh2,CG44/CGR01,8.78172043621804
2024,nyh2,DK3IIH6/LH244,11.7724853628459
2024,nyh2,FBLA/PHP02,11.082387705897311
2024,nyh2,FBLL/PHP02,11.082387705897311
2024,nyh2,GEMS-0061_3AZA1_0006/PHP02,11.082387705897311
2024,nyh2,GEMS-0061_3AZA1_0007/PHP02,11.082387705897311
2024,nyh2,GEMS-0061_3AZA1_0010/PHP02,11.082387705897311
2024,nyh2,GEMS-0061_3AZA1_0011/PHP02,11.082387705897311
2024,nyh2,GEMS-0061_3AZA1_0014/PHP02,11.082387705897311
2024,nyh2,GEMS-0061_3AZA1_0015/PHP02,11.082387705897311
2024,nyh2,GEMS-0061_3AZA1_0017/PHP02,11.082387705897311
2024,nyh2,GEMS-0061_FBLL_0002/PHP02,11.082387705897311
2024,nyh2,GEMS-0061_FBLL_0004/PHP02,11.082387705897311
2024,nyh2,GEMS-0061_FBLL_0007/PHP02,11.082387705897311
2024,nyh2,GEMS-0061_FBLL_0008/PHP02,11.082387705897311
2024,nyh2,GEMS-0061_FBLL_0009/PHP02,11.082387705897311
2024,nyh2,GEMS-0061_FBLL_0010/PHP02,11.082387705897311
2024,nyh2,GEMS-0061_FBLL_0011/PHP02,11.082387705897311
2024,nyh2,GEMS-0061_FBLL_0017/PHP02,11.082387705897311
2024,nyh2,GEMS-0061_FBLL_0019/PHP02,11.082387705897311
2024,nyh2,GEMS-0061_FBLL_0022/PHP02,11.082387705897311
2024,nyh2,GEMS-0061_FBLL_0024/PHP02,11.082387705897311
2024,nyh2,GEMS-0061_FBLL_0026/PHP02,11.082387705897311
2024,nyh2,GEMS-0061_FBLL_0029/PHP02,11.082387705897311
2024,nyh2,GEMS-0061_FBLL_0034/PHP02,11.082387705897311
2024,nyh2,GEMS-0061_FBLL_0035/PHP02,11.082387705897311
2024,nyh2,GEMS-0061_FBLL_0037/PHP02,11.082387705897311
2024,nyh2,GEMS-0061_FBLL_0038/PHP02,11.082387705897311
2024,nyh2,GEMS-0061_FBLL_0040/PHP02,11.082387705897311
2024,nyh2,GEMS-0061_FBLL_0044/PHP02,11.082387705897311
2024,nyh2,GEMS-0061_FBLL_0047/PHP02,11.082387705897311
2024,nyh2,GEMS-0061_FBLL_0050/PHP02,11.082387705897311
2024,nyh2,GEMS-0061_PHB47_0001/PHP02,11.082387705897311
2024,nyh2,GEMS-0061_PHB47_0003/PHP02,11.082387705897311
2024,nyh2,GEMS-0061_PHBW8_0001/PHP02,11.082387705897311
2024,nyh2,GEMS-0113_3AZA1_0002/PHP02,11.082387705897311
2024,nyh2,GEMS-0113_3AZA1_0003/PHP02,11.082387705897311
2024,nyh2,GEMS-0113_3AZA1_0004/PHP02,11.082387705897311
2024,nyh2,GEMS-0113_3AZA1_0005/PHP02,11.082387705897311
2024,nyh2,GEMS-0113_3AZA1_0008/PHP02,11.082387705897311
2024,nyh2,GEMS-0113_3AZA1_0010/PHP02,11.082387705897311
2024,nyh2,GEMS-0113_3AZA1_0011/PHP02,11.082387705897311
2024,nyh2,GEMS-0113_3AZA1_0013/PHP02,11.082387705897311
2024,nyh2,GEMS-0113_3AZA1_0015/PHP02,11.082387705897311
2024,nyh2,GEMS-0113_3AZA1_0016/PHP02,11.082387705897311
2024,nyh2,GEMS-0113_3AZA1_0017/PHP02,11.082387705897311
2024,nyh2,GEMS-0113_3AZA1_0019/PHP02,11.082387705897311
2024,nyh2,GEMS-0113_3AZA1_0021/PHP02,11.082387705897311
2024,nyh2,GEMS-0113_3AZA1_0022/PHP02,11.082387705897311
2024,nyh2,GEMS-0113_3AZA1_0024/PHP02,11.082387705897311
2024,nyh2,GEMS-0113_3AZA1_0028/PHP02,11.082387705897311
2024,nyh2,GEMS-0113_FBLL_0002/PHP02,11.082387705897311
2024,nyh2,GEMS-0113_FBLL_0004/PHP02,11.082387705897311
2024,nyh2,GEMS-0113_FBLL_0006/PHP02,11.082387705897311
2024,nyh2,GEMS-0113_FBLL_0007/PHP02,11.082387705897311
2024,nyh2,GEMS-0113_FBLL_0010/PHP02,11.082387705897311
2024,nyh2,GEMS-0113_FBLL_0011/PHP02,11.082387705897311
2024,nyh2,GEMS-0113_FBLL_0013/PHP02,11.082387705897311
2024,nyh2,GEMS-0113_FBLL_0015/PHP02,11.082387705897311
2024,nyh2,GEMS-0113_PHB47_0001/PHP02,11.082387705897311
2024,nyh2,GEMS-0113_PHB47_0004/PHP02,11.082387705897311
2024,nyh2,GEMS-0113_PHB47_0008/PHP02,11.082387705897311
2024,nyh2,GEMS-0113_PHB47_0009/PHP02,11.082387705897311
2024,nyh2,GEMS-0113_PHB47_0011/PHP02,11.082387705897311
2024,nyh2,GEMS-0113_PHB47_0014/PHP02,11.082387705897311
2024,nyh2,GEMS-0113_PHB47_0019/PHP02,11.082387705897311
2024,nyh2,GEMS-0113_PHB47_0021/PHP02,11.082387705897311
2024,nyh2,GEMS-0113_PHBW8_0001/PHP02,11.082387705897311
2024,nyh2,GEMS-0113_PHBW8_0005/PHP02,11.082387705897311
2024,nyh2,GEMS-0113_PHBW8_0007/PHP02,11.082387705897311
2024,nyh2,GEMS-0113_PHBW8_0009/PHP02,11.082387705897311
2024,nyh2,GEMS-0113_PHBW8_0010/PHP02,11.082387705897311
2024,nyh2,GEMS-0113_PHBW8_0011/PHP02,11.082387705897311
2024,nyh2,GEMS-0113_PHBW8_0013/PHP02,11.082387705897311
2024,nyh2,GEMS-0113_PHBW8_0014/PHP02,11.082387705897311
2024,nyh2,GEMS-0113_PHBW8_0017/PHP02,11.082387705897311
2024,nyh2,GEMS-0219_3AZA1_0001/PHP02,11.082387705897311
2024,nyh2,GEMS-0219_3AZA1_0002/PHP02,11.082387705897311
2024,nyh2,GEMS-0219_3AZA1_0005/PHP02,11.082387705897311
2024,nyh2,GEMS-0219_3AZA1_0006/PHP02,11.082387705897311
2024,nyh2,GEMS-0219_3AZA1_0012/PHP02,11.082387705897311
2024,nyh2,GEMS-0219_3AZA1_0014/PHP02,11.082387705897311
2024,nyh2,GEMS-0219_FBLL_0008/PHP02,11.082387705897311
2024,nyh2,GEMS-0219_FBLL_0009/PHP02,11.082387705897311
2024,nyh2,GEMS-0219_FBLL_0010/PHP02,11.082387705897311
2024,nyh2,GEMS-0219_FBLL_0011/PHP02,11.082387705897311
2024,nyh2,GEMS-0219_FBLL_0012/PHP02,11.082387705897311
2024,nyh2,GEMS-0219_FBLL_0014/PHP02,11.082387705897311
2024,nyh2,GEMS-0219_FBLL_0015/PHP02,11.082387705897311
2024,nyh2,GEMS-0219_FBLL_0018/PHP02,11.082387705897311
2024,nyh2,GEMS-0219_FBLL_0019/PHP02,11.082387705897311
2024,nyh2,GEMS-0219_FBLL_0022/PHP02,11.082387705897311
2024,nyh2,GEMS-0219_FBLL_0023/PHP02,11.082387705897311
2024,nyh2,GEMS-0219_FBLL_0025/PHP02,11.082387705897311
2024,nyh2,GEMS-0219_FBLL_0028/PHP02,11.082387705897311
2024,nyh2,GEMS-0219_FBLL_0030/PHP02,11.082387705897311
2024,nyh2,GEMS-0219_PHB47_0001/PHP02,11.082387705897311
2024,nyh2,GEMS-0219_PHB47_0002/PHP02,11.082387705897311
2024,nyh2,GEMS-0219_PHB47_0003/PHP02,11.082387705897311
2024,nyh2,GEMS-0219_PHB47_0005/PHP02,11.082387705897311
2024,nyh2,GEMS-0219_PHB47_0006/PHP02,11.082387705897311
2024,nyh2,GEMS-0219_PHB47_0014/PHP02,11.082387705897311
2024,nyh2,GEMS-0219_PHBW8_0001/PHP02,11.082387705897311
2024,nyh2,GEMS-0219_PHBW8_0003/PHP02,11.082387705897311
2024,nyh2,GEMS-0219_PHBW8_0004/PHP02,11.082387705897311
2024,nyh2,GEMS-0219_PHBW8_0008/PHP02,11.082387705897311
2024,nyh2,GEMS-0219_PHBW8_0009/PHP02,11.082387705897311
2024,nyh2,GEMS-0219_PHBW8_0011/PHP02,11.082387705897311
2024,nyh2,GEMS-0227_3AZA1_0001/PHP02,11.082387705897311
2024,nyh2,GEMS-0227_3AZA1_0002/PHP02,11.082387705897311
2024,nyh2,GEMS-0227_3AZA1_0003/PHP02,11.082387705897311
2024,nyh2,GEMS-0227_3AZA1_0004/PHP02,11.082387705897311
2024,nyh2,GEMS-0227_3AZA1_0005/PHP02,11.082387705897311
2024,nyh2,GEMS-0227_3AZA1_0007/PHP02,11.082387705897311
2024,nyh2,GEMS-0227_3AZA1_0009/PHP02,11.082387705897311
2024,nyh2,GEMS-0227_3AZA1_0010/PHP02,11.082387705897311
2024,nyh2,GEMS-0227_3AZA1_0012/PHP02,11.082387705897311
2024,nyh2,GEMS-0227_3AZA1_0013/PHP02,11.082387705897311
2024,nyh2,GEMS-0227_3AZA1_0014/PHP02,11.082387705897311
2024,nyh2,GEMS-0227_3AZA1_0015/PHP02,11.082387705897311
2024,nyh2,GEMS-0227_3AZA1_0016/PHP02,11.082387705897311
2024,nyh2,GEMS-0227_3AZA1_0017/PHP02,11.082387705897311
2024,nyh2,GEMS-0227_3AZA1_0019/PHP02,11.082387705897311
2024,nyh2,GEMS-0227_3AZA1_0022/PHP02,11.082387705897311
2024,nyh2,GEMS-0227_3AZA1_0023/PHP02,11.082387705897311
2024,nyh2,GEMS-0227_3AZA1_0024/PHP02,11.082387705897311
2024,nyh2,GEMS-0227_3AZA1_0028/PHP02,11.082387705897311
2024,nyh2,GEMS-0227_3AZA1_0030/PHP02,11.082387705897311
2024,nyh2,GEMS-0227_3AZA1_0031/PHP02,11.082387705897311
2024,nyh2,GEMS-0227_3AZA1_0032/PHP02,11.082387705897311
2024,nyh2,GEMS-0227_3AZA1_0034/PHP02,11.082387705897311
2024,nyh2,GEMS-0227_3AZA1_0035/PHP02,11.082387705897311
2024,nyh2,GEMS-0227_3AZA1_0041/PHP02,11.082387705897311
2024,nyh2,GEMS-0227_3AZA1_0043/PHP02,11.082387705897311
2024,nyh2,GEMS-0227_3AZA1_0045/PHP02,11.082387705897311
2024,nyh2,GEMS-0227_3AZA1_0046/PHP02,11.082387705897311
2024,nyh2,GEMS-0227_3AZA1_0048/PHP02,11.082387705897311
2024,nyh2,GEMS-0227_3AZA1_0049/PHP02,11.082387705897311
2024,nyh2,GEMS-0227_FBLL_0001/PHP02,11.082387705897311
2024,nyh2,GEMS-0227_FBLL_0002/PHP02,11.082387705897311
2024,nyh2,GEMS-0227_FBLL_0003/PHP02,11.082387705897311
2024,nyh2,GEMS-0227_FBLL_0007/PHP02,11.082387705897311
2024,nyh2,GEMS-0227_FBLL_0008/PHP02,11.082387705897311
2024,nyh2,GEMS-0227_FBLL_0009/PHP02,11.082387705897311
2024,nyh2,GEMS-0227_FBLL_0010/PHP02,11.082387705897311
2024,nyh2,GEMS-0227_FBLL_0013/PHP02,11.082387705897311
2024,nyh2,GEMS-0227_FBLL_0014/PHP02,11.082387705897311
2024,nyh2,GEMS-0227_FBLL_0015/PHP02,11.082387705897311
2024,nyh2,GEMS-0227_FBLL_0016/PHP02,11.082387705897311
2024,nyh2,GEMS-0227_FBLL_0017/PHP02,11.082387705897311
2024,nyh2,GEMS-0227_FBLL_0018/PHP02,11.082387705897311
2024,nyh2,GEMS-0227_FBLL_0019/PHP02,11.082387705897311
2024,nyh2,GEMS-0227_FBLL_0022/PHP02,11.082387705897311
2024,nyh2,GEMS-0227_FBLL_0023/PHP02,11.082387705897311
2024,nyh2,GEMS-0227_FBLL_0024/PHP02,11.082387705897311
2024,nyh2,GEMS-0227_FBLL_0025/PHP02,11.082387705897311
2024,nyh2,GEMS-0227_FBLL_0026/PHP02,11.082387705897311
2024,nyh2,GEMS-0227_FBLL_0028/PHP02,11.082387705897311
2024,nyh2,GEMS-0227_FBLL_0029/PHP02,11.082387705897311
2024,nyh2,GEMS-0227_FBLL_0030/PHP02,11.082387705897311
2024,nyh2,GEMS-0227_FBLL_0031/PHP02,11.082387705897311
2024,nyh2,GEMS-0227_FBLL_0032/PHP02,11.082387705897311
2024,nyh2,GEMS-0227_FBLL_0033/PHP02,11.082387705897311
2024,nyh2,GEMS-0227_FBLL_0034/PHP02,11.082387705897311
2024,nyh2,GEMS-0227_FBLL_0035/PHP02,11.082387705897311
2024,nyh2,GEMS-0227_FBLL_0037/PHP02,11.082387705897311
2024,nyh2,GEMS-0227_FBLL_0039/PHP02,11.082387705897311
2024,nyh2,GEMS-0227_FBLL_0041/PHP02,11.082387705897311
2024,nyh2,GEMS-0227_FBLL_0042/PHP02,11.082387705897311
2024,nyh2,GEMS-0227_FBLL_0044/PHP02,11.082387705897311
2024,nyh2,GEMS-0227_FBLL_0045/PHP02,11.082387705897311
2024,nyh2,GEMS-0227_FBLL_0046/PHP02,11.082387705897311
2024,nyh2,GEMS-0227_FBLL_0048/PHP02,11.082387705897311
2024,nyh2,GEMS-0227_FBLL_0050/PHP02,11.082387705897311
2024,nyh2,GEMS-0227_FBLL_0051/PHP02,11.082387705897311
2024,nyh2,GEMS-0227_FBLL_0052/PHP02,11.082387705897311
2024,nyh2,GEMS-0227_FBLL_0053/PHP02,11.082387705897311
2024,nyh2,GEMS-0227_FBLL_0056/PHP02,11.082387705897311
2024,nyh2,GEMS-0227_FBLL_0058/PHP02,11.082387705897311
2024,nyh2,GEMS-0227_FBLL_0059/PHP02,11.082387705897311
2024,nyh2,GEMS-0227_FBLL_0060/PHP02,11.082387705897311
2024,nyh2,GEMS-0227_FBLL_0064/PHP02,11.082387705897311
2024,nyh2,GEMS-0227_FBLL_0066/PHP02,11.082387705897311
2024,nyh2,GEMS-0227_FBLL_0067/PHP02,11.082387705897311
2024,nyh2,GEMS-0227_FBLL_0068/PHP02,11.082387705897311
2024,nyh2,GEMS-0227_FBLL_0069/PHP02,11.082387705897311
2024,nyh2,GEMS-0227_FBLL_0070/PHP02,11.082387705897311
2024,nyh2,GEMS-0227_FBLL_0072/PHP02,11.082387705897311
2024,nyh2,GEMS-0227_FBLL_0074/PHP02,11.082387705897311
2024,nyh2,GEMS-0227_FBLL_0075/PHP02,11.082387705897311
2024,nyh2,GEMS-0227_FBLL_0077/PHP02,11.082387705897311
2024,nyh2,GEMS-0227_FBLL_0078/PHP02,11.082387705897311
2024,nyh2,GEMS-0227_FBLL_0080/PHP02,11.082387705897311
2024,nyh2,GEMS-0227_FBLL_0082/PHP02,11.082387705897311
2024,nyh2,GEMS-0227_FBLL_0084/PHP02,11.082387705897311
2024,nyh2,GEMS-0227_FBLL_0085/PHP02,11.082387705897311
2024,nyh2,GEMS-0227_FBLL_0087/PHP02,11.082387705897311
2024,nyh2,GEMS-0227_FBLL_0088/PHP02,11.082387705897311
2024,nyh2,GEMS-0227_FBLL_0089/PHP02,11.082387705897311
2024,nyh2,GEMS-0227_FBLL_0094/PHP02,11.082387705897311
2024,nyh2,GEMS-0227_FBLL_0096/PHP02,11.082387705897311
2024,nyh2,GEMS-0227_FBLL_0097/PHP02,11.082387705897311
2024,nyh2,GEMS-0227_FBLL_0098/PHP02,11.082387705897311
2024,nyh2,GEMS-0227_FBLL_0102/PHP02,11.082387705897311
2024,nyh2,GEMS-0227_FBLL_0105/PHP02,11.082387705897311
2024,nyh2,GEMS-0227_FBLL_0106/PHP02,11.082387705897311
2024,nyh2,GEMS-0227_FBLL_0110/PHP02,11.082387705897311
2024,nyh2,GEMS-0227_FBLL_0113/PHP02,11.082387705897311
2024,nyh2,GEMS-0227_FBLL_0114/PHP02,11.082387705897311
2024,nyh2,GEMS-0227_FBLL_0116/PHP02,11.082387705897311
2024,nyh2,GEMS-0227_FBLL_0118/PHP02,11.082387705897311
2024,nyh2,GEMS-0227_FBLL_0133/PHP02,11.082387705897311
2024,nyh2,GEMS-0227_FBLL_0134/PHP02,11.082387705897311
2024,nyh2,GEMS-0227_FBLL_0136/PHP02,11.082387705897311
2024,nyh2,GEMS-0227_FBLL_0140/PHP02,11.082387705897311
2024,nyh2,GEMS-0227_FBLL_0141/PHP02,11.082387705897311
2024,nyh2,GEMS-0227_PHB47_0001/PHP02,11.082387705897311
2024,nyh2,GEMS-0227_PHB47_0003/PHP02,11.082387705897311
2024,nyh2,GEMS-0227_PHB47_0006/PHP02,11.082387705897311
2024,nyh2,GEMS-0227_PHB47_0009/PHP02,11.082387705897311
2024,nyh2,GEMS-0227_PHB47_0011/PHP02,11.082387705897311
2024,nyh2,GEMS-0227_PHB47_0012/PHP02,11.082387705897311
2024,nyh2,GEMS-0227_PHB47_0016/PHP02,11.082387705897311
2024,nyh2,GEMS-0227_PHB47_0022/PHP02,11.082387705897311
2024,nyh2,GEMS-0227_PHB47_0026/PHP02,11.082387705897311
2024,nyh2,GEMS-0227_PHBW8_0001/PHP02,11.082387705897311
2024,nyh2,GEMS-0227_PHBW8_0002/PHP02,11.082387705897311
2024,nyh2,GEMS-0227_PHBW8_0003/PHP02,11.082387705897311
2024,nyh2,GEMS-0227_PHBW8_0005/PHP02,11.082387705897311
2024,nyh2,GEMS-0227_PHBW8_0009/PHP02,11.082387705897311
2024,nyh2,GEMS-0227_PHBW8_0011/PHP02,11.082387705897311
2024,nyh2,GEMS-0227_PHBW8_0013/PHP02,11.082387705897311
2024,nyh2,GEMS-0227_PHBW8_0015/PHP02,11.082387705897311
2024,nyh2,GEMS-0227_PHBW8_0017/PHP02,11.082387705897311
2024,nyh2,GEMS-0227_PHBW8_0018/PHP02,11.082387705897311
2024,nyh2,GEMS-0227_PHBW8_0019/PHP02,11.082387705897311
2024,nyh2,GEMS-0227_PHBW8_0020/PHP02,11.082387705897311
2024,nyh2,GEMS-0227_PHBW8_0024/PHP02,11.082387705897311
2024,nyh2,LH132/PHP02,11.067356922063219
2024,nyh2,LH146HT/PHP02,11.082387705897311
2024,nyh2,LH192/PHP02,11.082387705897311
2024,nyh2,LH193/PHP02,11.082387705897311
2024,nyh2,LH194/PHP02,11.082387705897311
2024,nyh2,LH195/PHP02,11.04650300815108
2024,nyh2,LH195/PHZ51,9.955349242424228
2024,nyh2,LH198/PHP02,11.082387705897311
2024,nyh2,LH200/PHP02,11.082387705897311
2024,nyh2,LH225/PHP02,11.082387705897311
2024,nyh2,LH228/PHP02,11.082387705897311
2024,nyh2,LH231/PHP02,11.082387705897311
2024,nyh2,LH234/PHP02,11.082387705897311
2024,nyh2,LH235/PHP02,11.082387705897311
2024,nyh2,LH236/PHP02,11.082387705897311
2024,nyh2,LH238/PHP02,11.082387705897311
2024,nyh2,LH244/PHK76,10.896028646993361
2024,nyh2,LH273/PHP02,11.082387705897311
2024,nyh2,LH286/PHP02,11.082387705897311
2024,nyh2,LH287/LH244,12.170934289019877
2024,nyh2,LH292/PHP02,11.082387705897311
2024,nyh2,LH82/LH244,11.003820312419187
2024,nyh2,MM501D/LH244,11.7724853628459
2024,nyh2,NKH8431/PHP02,11.082387705897311
2024,nyh2,PH05G/PHP02,11.082387705897311
2024,nyh2,PH06N/PHP02,11.082387705897311
2024,nyh2,PH07D/PHP02,11.082387705897311
2024,nyh2,PH08A/PHP02,11.082387705897311
2024,nyh2,PH09E/PHP02,11.082387705897311
2024,nyh2,PH0B4/PHP02,11.082387705897311
2024,nyh2,PH0CD/PHP02,11.082387705897311
2024,nyh2,PH0GP/PHP02,11.082387705897311
2024,nyh2,PH12C/PHP02,11.082387705897311
2024,nyh2,PH19V/PHP02,11.082387705897311
2024,nyh2,PH1GC/PHP02,11.082387705897311
2024,nyh2,PH1W2/PHP02,11.082387705897311
2024,nyh2,PH24E/LH244,11.833394068456899
2024,nyh2,PH24M/PHP02,11.082387705897311
2024,nyh2,PH37C/PHP02,11.082387705897311
2024,nyh2,PH42B/PHP02,11.082387705897311
2024,nyh2,PHB47/PHN82,11.4398389030603
2024,nyh2,PHB47/PHP02,11.082387705897311
2024,nyh2,PHB47/PHZ51,9.967803531563359
2024,nyh2,PHDG1/PHP02,11.082387705897311
2024,nyh2,PHG29/PHG47,8.369913483391926
2024,nyh2,PHG39/PHN82,11.573112749990472
2024,nyh2,PHHB9/PHP02,11.082387705897311
2024,nyh2,PHJ40/PHAJ0,6.782487953353655
2024,nyh2,PHJ89/LH244,11.649767812918594
2024,nyh2,PHJR5/PHP02,11.082387705897311
2024,nyh2,PHK56/LH244,11.828939686293005
2024,nyh2,PHN41/PHP02,11.082387705897311
2024,nyh2,PHN46/LH244,10.400326998985891
2024,nyh2,PHN66/PHP02,11.082387705897311
2024,nyh2,PHP02/LH244,11.845846724901469
2024,nyh2,PHPR5/PHP02,11.082387705897311
2024,nyh2,PHR03/LH244,11.613657467489578
2024,nyh2,PHRE1/PHTD5,7.415079162053142
2024,nyh2,PHT10/PHP02,11.082387705897311
2024,nyh2,PHTP9/PHP02,11.082387705897311
2024,nyh2,PHTV7/PHP02,11.082387705897311
2024,nyh2,PHVA9/PHP02,11.082387705897311
2024,nyh2,PHVJ5/PHP02,11.082387705897311
2024,nyh2,PHW30/LH244,11.682893788236527
2024,nyh2,PHW52/PHM49,11.02654126194352
2024,nyh2,PHW52/PHP02,11.082387705897311
2024,nyh2,TX777/LH195,8.464742198530207
2024,nyh2,W10004_0018/PHP02,11.009285275161837
2024,nyh2,W10004_0034/PHP02,11.700614667800249
2024,nyh2,W10004_0055/PHP02,11.810658843187687
2024,nyh2,W10004_0062/PHP02,11.06843412072487
2024,nyh2,W10004_0095/PHP02,10.500772654747758
2024,nyh2,W10004_0122/PHP02,11.635564318452182
2024,nyh2,W10004_0133/PHP02,11.700614667800249
2024,nyh2,W10004_0138/PHP02,11.4856831866333
2024,nyh2,W10004_0160/PHP02,11.686301576882773
2024,nyh2,W10004_0189/PHP02,11.606939855007132
2024,nyh2,W10004_0236/PHP02,11.640471233341735
2024,nyh2,W10004_0258/PHP02,11.796285618592034
2024,nyh2,W10004_0270/PHP02,11.51133631392914
2024,nyh2,W10004_0346/PHP02,11.679296398184013
2024,nyh2,W10004_0403/PHP02,11.707928249692843
2024,nyh2,W10004_0409/PHP02,12.025921772049792
2024,nyh2,W10004_0412/PHP02,11.56904079064656
2024,nyh2,W10004_0476/PHP02,11.009253030667091
2024,nyh2,W10004_0601/PHP02,11.60296081536079
2024,nyh2,W10004_0608/PHP02,11.056437703175177
2024,nyh2,W10004_0688/PHP02,11.495481090351413
2024,nyh2,W10004_0715/PHP02,11.56904079064656
2024,nyh2,W10004_0747/PHP02,11.8199564986461
2024,nyh2,W10004_0754/PHP02,11.6547985432957
2024,nyh2,W10004_0771/PHP02,11.659232842584812
2024,nyh2,W10004_0858/PHP02,11.56904079064656
2024,nyh2,W10004_0859/PHP02,11.46780462636791
2024,nyh2,W10004_0866/PHP02,11.833394068456899
2024,nyh2,W10004_0949/PHP02,12.079629883069696
2024,nyh2,W10004_0969/PHP02,11.307801235142046
2024,nyh2,W10004_1018/PHP02,11.46780462636791
2024,nyh2,W10004_1032/PHP02,11.307801235142046
2024,nyh2,W10004_1080/PHP02,11.816609183928835
2024,nyh2,WQCD10/PHP02,11.082387705897311
2024,nyh2,ZS01459/PHP02,11.082387705897311
2024,nyh2,ZS0510/PHP02,11.082387705897311
2024,nyh3,01DIB2/PHP02,10.825850174541545
2024,nyh3,2369/LH123HT,11.737425594433141
2024,nyh3,2FACC/PHP02,10.825850174541545
2024,nyh3,B14A/OH43,10.036588478138496
2024,nyh3,B37/H95,9.514055030687558
2024,nyh3,B73/MO17,11.305207878882149
2024,nyh3,B73/PHN82,11.547667308014628
2024,nyh3,B73/TX779,7.543047857683237
2024,nyh3,CG119/CG108,6.597804669588342
2024,nyh3,CG44/CGR01,8.789351479787197
2024,nyh3,DK3IIH6/LH244,11.50267306995315
2024,nyh3,DKFBHJ/PHP02,10.825850174541545
2024,nyh3,FBLL/PHP02,10.825850174541545
2024,nyh3,GEMS-0061_3AZA1_0001/PHP02,10.825850174541545
2024,nyh3,GEMS-0061_3AZA1_0004/PHP02,10.825850174541545
2024,nyh3,GEMS-0061_3AZA1_0005/PHP02,10.825850174541545
2024,nyh3,GEMS-0061_3AZA1_0006/PHP02,10.825850174541545
2024,nyh3,GEMS-0061_3AZA1_0007/PHP02,10.825850174541545
2024,nyh3,GEMS-0061_3AZA1_0009/PHP02,10.825850174541545
2024,nyh3,GEMS-0061_3AZA1_0011/PHP02,10.825850174541545
2024,nyh3,GEMS-0061_3AZA1_0012/PHP02,10.825850174541545
2024,nyh3,GEMS-0061_3AZA1_0013/PHP02,10.825850174541545
2024,nyh3,GEMS-0061_3AZA1_0014/PHP02,10.825850174541545
2024,nyh3,GEMS-0061_3AZA1_0015/PHP02,10.825850174541545
2024,nyh3,GEMS-0061_3AZA1_0016/PHP02,10.825850174541545
2024,nyh3,GEMS-0061_3AZA1_0021/PHP02,10.825850174541545
2024,nyh3,GEMS-0061_3AZA1_0023/PHP02,10.825850174541545
2024,nyh3,GEMS-0061_FBLL_0004/PHP02,10.825850174541545
2024,nyh3,GEMS-0061_FBLL_0005/PHP02,10.825850174541545
2024,nyh3,GEMS-0061_FBLL_0007/PHP02,10.825850174541545
2024,nyh3,GEMS-0061_FBLL_0010/PHP02,10.825850174541545
2024,nyh3,GEMS-0061_FBLL_0014/PHP02,10.825850174541545
2024,nyh3,GEMS-0061_FBLL_0015/PHP02,10.825850174541545
2024,nyh3,GEMS-0061_FBLL_0016/PHP02,10.825850174541545
2024,nyh3,GEMS-0061_FBLL_0019/PHP02,10.825850174541545
2024,nyh3,GEMS-0061_FBLL_0022/PHP02,10.825850174541545
2024,nyh3,GEMS-0061_FBLL_0025/PHP02,10.825850174541545
2024,nyh3,GEMS-0061_FBLL_0029/PHP02,10.825850174541545
2024,nyh3,GEMS-0061_FBLL_0031/PHP02,10.825850174541545
2024,nyh3,GEMS-0061_FBLL_0032/PHP02,10.825850174541545
2024,nyh3,GEMS-0061_FBLL_0033/PHP02,10.825850174541545
2024,nyh3,GEMS-0061_FBLL_0037/PHP02,10.825850174541545
2024,nyh3,GEMS-0061_FBLL_0039/PHP02,10.825850174541545
2024,nyh3,GEMS-0061_FBLL_0042/PHP02,10.825850174541545
2024,nyh3,GEMS-0061_PHB47_0003/PHP02,10.825850174541545
2024,nyh3,GEMS-0061_PHB47_0004/PHP02,10.825850174541545
2024,nyh3,GEMS-0061_PHBW8_0001/PHP02,10.825850174541545
2024,nyh3,GEMS-0061_PHBW8_0002/PHP02,10.825850174541545
2024,nyh3,GEMS-0113_3AZA1_0001/PHP02,10.825850174541545
2024,nyh3,GEMS-0113_3AZA1_0002/PHP02,10.825850174541545
2024,nyh3,GEMS-0113_3AZA1_0005/PHP02,10.825850174541545
2024,nyh3,GEMS-0113_3AZA1_0006/PHP02,10.825850174541545
2024,nyh3,GEMS-0113_3AZA1_0007/PHP02,10.825850174541545
2024,nyh3,GEMS-0113_3AZA1_0008/PHP02,10.825850174541545
2024,nyh3,GEMS-0113_3AZA1_0011/PHP02,10.825850174541545
2024,nyh3,GEMS-0113_3AZA1_0013/PHP02,10.825850174541545
2024,nyh3,GEMS-0113_3AZA1_0014/PHP02,10.825850174541545
2024,nyh3,GEMS-0113_3AZA1_0015/PHP02,10.825850174541545
2024,nyh3,GEMS-0113_3AZA1_0018/PHP02,10.825850174541545
2024,nyh3,GEMS-0113_3AZA1_0019/PHP02,10.825850174541545
2024,nyh3,GEMS-0113_3AZA1_0021/PHP02,10.825850174541545
2024,nyh3,GEMS-0113_3AZA1_0022/PHP02,10.825850174541545
2024,nyh3,GEMS-0113_3AZA1_0025/PHP02,10.825850174541545
2024,nyh3,GEMS-0113_3AZA1_0026/PHP02,10.825850174541545
2024,nyh3,GEMS-0113_3AZA1_0027/PHP02,10.825850174541545
2024,nyh3,GEMS-0113_3AZA1_0029/PHP02,10.825850174541545
2024,nyh3,GEMS-0113_3AZA1_0031/PHP02,10.825850174541545
2024,nyh3,GEMS-0113_3AZA1_0038/PHP02,10.825850174541545
2024,nyh3,GEMS-0113_FBLL_0003/PHP02,10.825850174541545
2024,nyh3,GEMS-0113_FBLL_0004/PHP02,10.825850174541545
2024,nyh3,GEMS-0113_FBLL_0005/PHP02,10.825850174541545
2024,nyh3,GEMS-0113_FBLL_0006/PHP02,10.825850174541545
2024,nyh3,GEMS-0113_FBLL_0008/PHP02,10.825850174541545
2024,nyh3,GEMS-0113_FBLL_0010/PHP02,10.825850174541545
2024,nyh3,GEMS-0113_FBLL_0011/PHP02,10.825850174541545
2024,nyh3,GEMS-0113_FBLL_0013/PHP02,10.825850174541545
2024,nyh3,GEMS-0113_FBLL_0015/PHP02,10.825850174541545
2024,nyh3,GEMS-0113_PHB47_0003/PHP02,10.825850174541545
2024,nyh3,GEMS-0113_PHB47_0004/PHP02,10.825850174541545
2024,nyh3,GEMS-0113_PHB47_0005/PHP02,10.825850174541545
2024,nyh3,GEMS-0113_PHB47_0006/PHP02,10.825850174541545
2024,nyh3,GEMS-0113_PHB47_0007/PHP02,10.825850174541545
2024,nyh3,GEMS-0113_PHB47_0008/PHP02,10.825850174541545
2024,nyh3,GEMS-0113_PHB47_0009/PHP02,10.825850174541545
2024,nyh3,GEMS-0113_PHB47_0011/PHP02,10.825850174541545
2024,nyh3,GEMS-0113_PHB47_0012/PHP02,10.825850174541545
2024,nyh3,GEMS-0113_PHB47_0013/PHP02,10.825850174541545
2024,nyh3,GEMS-0113_PHB47_0015/PHP02,10.825850174541545
2024,nyh3,GEMS-0113_PHB47_0017/PHP02,10.825850174541545
2024,nyh3,GEMS-0113_PHB47_0020/PHP02,10.825850174541545
2024,nyh3,GEMS-0113_PHBW8_0001/PHP02,10.825850174541545
2024,nyh3,GEMS-0113_PHBW8_0002/PHP02,10.825850174541545
2024,nyh3,GEMS-0113_PHBW8_0004/PHP02,10.825850174541545
2024,nyh3,GEMS-0113_PHBW8_0005/PHP02,10.825850174541545
2024,nyh3,GEMS-0113_PHBW8_0006/PHP02,10.825850174541545
2024,nyh3,GEMS-0113_PHBW8_0007/PHP02,10.825850174541545
2024,nyh3,GEMS-0113_PHBW8_0008/PHP02,10.825850174541545
2024,nyh3,GEMS-0113_PHBW8_0009/PHP02,10.825850174541545
2024,nyh3,GEMS-0113_PHBW8_0011/PHP02,10.825850174541545
2024,nyh3,GEMS-0113_PHBW8_0012/PHP02,10.825850174541545
2024,nyh3,GEMS-0113_PHBW8_0014/PHP02,10.825850174541545
2024,nyh3,GEMS-0219_3AZA1_0001/PHP02,10.825850174541545
2024,nyh3,GEMS-0219_3AZA1_0002/PHP02,10.825850174541545
2024,nyh3,GEMS-0219_3AZA1_0003/PHP02,10.825850174541545
2024,nyh3,GEMS-0219_3AZA1_0004/PHP02,10.825850174541545
2024,nyh3,GEMS-0219_3AZA1_0006/PHP02,10.825850174541545
2024,nyh3,GEMS-0219_3AZA1_0007/PHP02,10.825850174541545
2024,nyh3,GEMS-0219_3AZA1_0008/PHP02,10.825850174541545
2024,nyh3,GEMS-0219_3AZA1_0009/PHP02,10.825850174541545
2024,nyh3,GEMS-0219_3AZA1_0010/PHP02,10.825850174541545
2024,nyh3,GEMS-0219_3AZA1_0014/PHP02,10.825850174541545
2024,nyh3,GEMS-0219_FBLL_0002/PHP02,10.825850174541545
2024,nyh3,GEMS-0219_FBLL_0003/PHP02,10.825850174541545
2024,nyh3,GEMS-0219_FBLL_0004/PHP02,10.825850174541545
2024,nyh3,GEMS-0219_FBLL_0005/PHP02,10.825850174541545
2024,nyh3,GEMS-0219_FBLL_0006/PHP02,10.825850174541545
2024,nyh3,GEMS-0219_FBLL_0007/PHP02,10.825850174541545
2024,nyh3,GEMS-0219_FBLL_0008/PHP02,10.825850174541545
2024,nyh3,GEMS-0219_FBLL_0009/PHP02,10.825850174541545
2024,nyh3,GEMS-0219_FBLL_0011/PHP02,10.825850174541545
2024,nyh3,GEMS-0219_FBLL_0012/PHP02,10.825850174541545
2024,nyh3,GEMS-0219_FBLL_0013/PHP02,10.825850174541545
2024,nyh3,GEMS-0219_FBLL_0014/PHP02,10.825850174541545
2024,nyh3,GEMS-0219_FBLL_0015/PHP02,10.825850174541545
2024,nyh3,GEMS-0219_FBLL_0017/PHP02,10.825850174541545
2024,nyh3,GEMS-0219_FBLL_0019/PHP02,10.825850174541545
2024,nyh3,GEMS-0219_FBLL_0020/PHP02,10.825850174541545
2024,nyh3,GEMS-0219_FBLL_0021/PHP02,10.825850174541545
2024,nyh3,GEMS-0219_FBLL_0027/PHP02,10.825850174541545
2024,nyh3,GEMS-0219_PHB47_0002/PHP02,10.825850174541545
2024,nyh3,GEMS-0219_PHB47_0004/PHP02,10.825850174541545
2024,nyh3,GEMS-0219_PHB47_0005/PHP02,10.825850174541545
2024,nyh3,GEMS-0219_PHB47_0006/PHP02,10.825850174541545
2024,nyh3,GEMS-0219_PHB47_0011/PHP02,10.825850174541545
2024,nyh3,GEMS-0219_PHB47_0014/PHP02,10.825850174541545
2024,nyh3,GEMS-0219_PHB47_0017/PHP02,10.825850174541545
2024,nyh3,GEMS-0219_PHBW8_0002/PHP02,10.825850174541545
2024,nyh3,GEMS-0219_PHBW8_0003/PHP02,10.825850174541545
2024,nyh3,GEMS-0219_PHBW8_0004/PHP02,10.825850174541545
2024,nyh3,GEMS-0219_PHBW8_0006/PHP02,10.825850174541545
2024,nyh3,GEMS-0219_PHBW8_0009/PHP02,10.825850174541545
2024,nyh3,GEMS-0219_PHBW8_0011/PHP02,10.825850174541545
2024,nyh3,GEMS-0227_3AZA1_0001/PHP02,10.825850174541545
2024,nyh3,GEMS-0227_3AZA1_0002/PHP02,10.825850174541545
2024,nyh3,GEMS-0227_3AZA1_0005/PHP02,10.825850174541545
2024,nyh3,GEMS-0227_3AZA1_0006/PHP02,10.825850174541545
2024,nyh3,GEMS-0227_3AZA1_0008/PHP02,10.825850174541545
2024,nyh3,GEMS-0227_3AZA1_0011/PHP02,10.825850174541545
2024,nyh3,GEMS-0227_3AZA1_0012/PHP02,10.825850174541545
2024,nyh3,GEMS-0227_3AZA1_0017/PHP02,10.825850174541545
2024,nyh3,GEMS-0227_3AZA1_0018/PHP02,10.825850174541545
2024,nyh3,GEMS-0227_3AZA1_0024/PHP02,10.825850174541545
2024,nyh3,GEMS-0227_3AZA1_0025/PHP02,10.825850174541545
2024,nyh3,GEMS-0227_3AZA1_0028/PHP02,10.825850174541545
2024,nyh3,GEMS-0227_3AZA1_0029/PHP02,10.825850174541545
2024,nyh3,GEMS-0227_3AZA1_0030/PHP02,10.825850174541545
2024,nyh3,GEMS-0227_3AZA1_0031/PHP02,10.825850174541545
2024,nyh3,GEMS-0227_3AZA1_0036/PHP02,10.825850174541545
2024,nyh3,GEMS-0227_3AZA1_0040/PHP02,10.825850174541545
2024,nyh3,GEMS-0227_3AZA1_0041/PHP02,10.825850174541545
2024,nyh3,GEMS-0227_3AZA1_0043/PHP02,10.825850174541545
2024,nyh3,GEMS-0227_3AZA1_0046/PHP02,10.825850174541545
2024,nyh3,GEMS-0227_3AZA1_0048/PHP02,10.825850174541545
2024,nyh3,GEMS-0227_FBLL_0001/PHP02,10.825850174541545
2024,nyh3,GEMS-0227_FBLL_0002/PHP02,10.825850174541545
2024,nyh3,GEMS-0227_FBLL_0004/PHP02,10.825850174541545
2024,nyh3,GEMS-0227_FBLL_0005/PHP02,10.825850174541545
2024,nyh3,GEMS-0227_FBLL_0009/PHP02,10.825850174541545
2024,nyh3,GEMS-0227_FBLL_0010/PHP02,10.825850174541545
2024,nyh3,GEMS-0227_FBLL_0013/PHP02,10.825850174541545
2024,nyh3,GEMS-0227_FBLL_0014/PHP02,10.825850174541545
2024,nyh3,GEMS-0227_FBLL_0015/PHP02,10.825850174541545
2024,nyh3,GEMS-0227_FBLL_0016/PHP02,10.825850174541545
2024,nyh3,GEMS-0227_FBLL_0017/PHP02,10.825850174541545
2024,nyh3,GEMS-0227_FBLL_0018/PHP02,10.825850174541545
2024,nyh3,GEMS-0227_FBLL_0019/PHP02,10.825850174541545
2024,nyh3,GEMS-0227_FBLL_0020/PHP02,10.825850174541545
2024,nyh3,GEMS-0227_FBLL_0021/PHP02,10.825850174541545
2024,nyh3,GEMS-0227_FBLL_0022/PHP02,10.825850174541545
2024,nyh3,GEMS-0227_FBLL_0024/PHP02,10.825850174541545
2024,nyh3,GEMS-0227_FBLL_0025/PHP02,10.825850174541545
2024,nyh3,GEMS-0227_FBLL_0027/PHP02,10.825850174541545
2024,nyh3,GEMS-0227_FBLL_0029/PHP02,10.825850174541545
2024,nyh3,GEMS-0227_FBLL_0031/PHP02,10.825850174541545
2024,nyh3,GEMS-0227_FBLL_0032/PHP02,10.825850174541545
2024,nyh3,GEMS-0227_FBLL_0036/PHP02,10.825850174541545
2024,nyh3,GEMS-0227_FBLL_0038/PHP02,10.825850174541545
2024,nyh3,GEMS-0227_FBLL_0040/PHP02,10.825850174541545
2024,nyh3,GEMS-0227_FBLL_0043/PHP02,10.825850174541545
2024,nyh3,GEMS-0227_FBLL_0046/PHP02,10.825850174541545
2024,nyh3,GEMS-0227_FBLL_0047/PHP02,10.825850174541545
2024,nyh3,GEMS-0227_FBLL_0049/PHP02,10.825850174541545
2024,nyh3,GEMS-0227_FBLL_0050/PHP02,10.825850174541545
2024,nyh3,GEMS-0227_FBLL_0054/PHP02,10.825850174541545
2024,nyh3,GEMS-0227_FBLL_0055/PHP02,10.825850174541545
2024,nyh3,GEMS-0227_FBLL_0057/PHP02,10.825850174541545
2024,nyh3,GEMS-0227_FBLL_0058/PHP02,10.825850174541545
2024,nyh3,GEMS-0227_FBLL_0059/PHP02,10.825850174541545
2024,nyh3,GEMS-0227_FBLL_0060/PHP02,10.825850174541545
2024,nyh3,GEMS-0227_FBLL_0062/PHP02,10.825850174541545
2024,nyh3,GEMS-0227_FBLL_0063/PHP02,10.825850174541545
2024,nyh3,GEMS-0227_FBLL_0064/PHP02,10.825850174541545
2024,nyh3,GEMS-0227_FBLL_0068/PHP02,10.825850174541545
2024,nyh3,GEMS-0227_FBLL_0070/PHP02,10.825850174541545
2024,nyh3,GEMS-0227_FBLL_0071/PHP02,10.825850174541545
2024,nyh3,GEMS-0227_FBLL_0072/PHP02,10.825850174541545
2024,nyh3,GEMS-0227_FBLL_0073/PHP02,10.825850174541545
2024,nyh3,GEMS-0227_FBLL_0077/PHP02,10.825850174541545
2024,nyh3,GEMS-0227_FBLL_0078/PHP02,10.825850174541545
2024,nyh3,GEMS-0227_FBLL_0079/PHP02,10.825850174541545
2024,nyh3,GEMS-0227_FBLL_0080/PHP02,10.825850174541545
2024,nyh3,GEMS-0227_FBLL_0084/PHP02,10.825850174541545
2024,nyh3,GEMS-0227_FBLL_0086/PHP02,10.825850174541545
2024,nyh3,GEMS-0227_FBLL_0088/PHP02,10.825850174541545
2024,nyh3,GEMS-0227_FBLL_0089/PHP02,10.825850174541545
2024,nyh3,GEMS-0227_FBLL_0090/PHP02,10.825850174541545
2024,nyh3,GEMS-0227_FBLL_0093/PHP02,10.825850174541545
2024,nyh3,GEMS-0227_FBLL_0095/PHP02,10.825850174541545
2024,nyh3,GEMS-0227_FBLL_0096/PHP02,10.825850174541545
2024,nyh3,GEMS-0227_FBLL_0101/PHP02,10.825850174541545
2024,nyh3,GEMS-0227_FBLL_0102/PHP02,10.825850174541545
2024,nyh3,GEMS-0227_FBLL_0104/PHP02,10.825850174541545
2024,nyh3,GEMS-0227_FBLL_0105/PHP02,10.825850174541545
2024,nyh3,GEMS-0227_FBLL_0106/PHP02,10.825850174541545
2024,nyh3,GEMS-0227_FBLL_0107/PHP02,10.825850174541545
2024,nyh3,GEMS-0227_FBLL_0110/PHP02,10.825850174541545
2024,nyh3,GEMS-0227_FBLL_0111/PHP02,10.825850174541545
2024,nyh3,GEMS-0227_FBLL_0115/PHP02,10.825850174541545
2024,nyh3,GEMS-0227_FBLL_0117/PHP02,10.825850174541545
2024,nyh3,GEMS-0227_FBLL_0121/PHP02,10.825850174541545
2024,nyh3,GEMS-0227_FBLL_0124/PHP02,10.825850174541545
2024,nyh3,GEMS-0227_FBLL_0125/PHP02,10.825850174541545
2024,nyh3,GEMS-0227_FBLL_0127/PHP02,10.825850174541545
2024,nyh3,GEMS-0227_FBLL_0134/PHP02,10.825850174541545
2024,nyh3,GEMS-0227_FBLL_0136/PHP02,10.825850174541545
2024,nyh3,GEMS-0227_PHB47_0001/PHP02,10.825850174541545
2024,nyh3,GEMS-0227_PHB47_0002/PHP02,10.825850174541545
2024,nyh3,GEMS-0227_PHB47_0003/PHP02,10.825850174541545
2024,nyh3,GEMS-0227_PHB47_0004/PHP02,10.825850174541545
2024,nyh3,GEMS-0227_PHB47_0006/PHP02,10.825850174541545
2024,nyh3,GEMS-0227_PHB47_0007/PHP02,10.825850174541545
2024,nyh3,GEMS-0227_PHB47_0009/PHP02,10.825850174541545
2024,nyh3,GEMS-0227_PHB47_0010/PHP02,10.825850174541545
2024,nyh3,GEMS-0227_PHB47_0012/PHP02,10.825850174541545
2024,nyh3,GEMS-0227_PHB47_0014/PHP02,10.825850174541545
2024,nyh3,GEMS-0227_PHB47_0016/PHP02,10.825850174541545
2024,nyh3,GEMS-0227_PHB47_0023/PHP02,10.825850174541545
2024,nyh3,GEMS-0227_PHB47_0024/PHP02,10.825850174541545
2024,nyh3,GEMS-0227_PHB47_0025/PHP02,10.825850174541545
2024,nyh3,GEMS-0227_PHB47_0026/PHP02,10.825850174541545
2024,nyh3,GEMS-0227_PHBW8_0001/PHP02,10.825850174541545
2024,nyh3,GEMS-0227_PHBW8_0002/PHP02,10.825850174541545
2024,nyh3,GEMS-0227_PHBW8_0003/PHP02,10.825850174541545
2024,nyh3,GEMS-0227_PHBW8_0004/PHP02,10.825850174541545
2024,nyh3,GEMS-0227_PHBW8_0005/PHP02,10.825850174541545
2024,nyh3,GEMS-0227_PHBW8_0006/PHP02,10.825850174541545
2024,nyh3,GEMS-0227_PHBW8_0007/PHP02,10.825850174541545
2024,nyh3,GEMS-0227_PHBW8_0010/PHP02,10.825850174541545
2024,nyh3,GEMS-0227_PHBW8_0012/PHP02,10.825850174541545
2024,nyh3,GEMS-0227_PHBW8_0015/PHP02,10.825850174541545
2024,nyh3,GEMS-0227_PHBW8_0016/PHP02,10.825850174541545
2024,nyh3,GEMS-0227_PHBW8_0017/PHP02,10.825850174541545
2024,nyh3,GEMS-0227_PHBW8_0018/PHP02,10.825850174541545
2024,nyh3,GEMS-0227_PHBW8_0019/PHP02,10.825850174541545
2024,nyh3,GEMS-0227_PHBW8_0021/PHP02,10.825850174541545
2024,nyh3,GEMS-0227_PHBW8_0022/PHP02,10.825850174541545
2024,nyh3,LH132/PHP02,10.673535506132561
2024,nyh3,LH146HT/PHP02,10.825850174541545
2024,nyh3,LH192/PHP02,10.825850174541545
2024,nyh3,LH193/PHP02,10.825850174541545
2024,nyh3,LH194/PHP02,10.825850174541545
2024,nyh3,LH195/PHZ51,9.759067336438573
2024,nyh3,LH197/PHP02,10.825850174541545
2024,nyh3,LH198/PHP02,10.825850174541545
2024,nyh3,LH200/PHP02,10.825850174541545
2024,nyh3,LH204/PHP02,10.825850174541545
2024,nyh3,LH224/PHP02,10.825850174541545
2024,nyh3,LH226HT/PHP02,10.825850174541545
2024,nyh3,LH234/PHP02,10.825850174541545
2024,nyh3,LH235/PHP02,10.825850174541545
2024,nyh3,LH237/PHP02,10.825850174541545
2024,nyh3,LH244/PHK76,10.450648567570896
2024,nyh3,LH244/PHP02,10.825850174541545
2024,nyh3,LH264/PHP02,10.825850174541545
2024,nyh3,LH273/PHP02,10.825850174541545
2024,nyh3,LH287/LH244,12.160607465754069
2024,nyh3,LH82/LH244,10.67375690329804
2024,nyh3,MM501D/LH244,11.50267306995315
2024,nyh3,NKH8431/PHP02,10.825850174541545
2024,nyh3,PH05F/PHP02,10.825850174541545
2024,nyh3,PH05W/PHP02,10.825850174541545
2024,nyh3,PH06N/PHP02,10.825850174541545
2024,nyh3,PH080/PHP02,10.825850174541545
2024,nyh3,PH09B/PHP02,10.825850174541545
2024,nyh3,PH0CD/PHP02,10.825850174541545
2024,nyh3,PH0GP/PHP02,10.825850174541545
2024,nyh3,PH12C/PHP02,10.825850174541545
2024,nyh3,PH1CA/PHP02,10.825850174541545
2024,nyh3,PH1GC/PHP02,10.825850174541545
2024,nyh3,PH1GG/PHP02,10.825850174541545
2024,nyh3,PH1TB/PHP02,10.825850174541545
2024,nyh3,PH24E/LH244,11.72537899101437
2024,nyh3,PH37C/PHP02,10.825850174541545
2024,nyh3,PH38D/PHP02,10.825850174541545
2024,nyh3,PH44A/PHP02,10.825850174541545
2024,nyh3,PH55C/PHP02,10.825850174541545
2024,nyh3,PH63A/PHP02,10.825850174541545
2024,nyh3,PH79A/PHP02,10.825850174541545
2024,nyh3,PHB47/PHN82,11.1268576156725
2024,nyh3,PHB47/PHP02,10.825850174541545
2024,nyh3,PHB47/PHZ51,9.771521625577703
2024,nyh3,PHBW8/PHP02,10.825850174541545
2024,nyh3,PHEW7/PHP02,10.825850174541545
2024,nyh3,PHG29/PHG47,8.322399539378573
2024,nyh3,PHG39/PHN82,11.2474645905547
2024,nyh3,PHJ40/PHAJ0,6.597804669588342
2024,nyh3,PHJ89/LH244,11.30715080481495
2024,nyh3,PHJR5/PHP02,10.825850174541545
2024,nyh3,PHK56/LH244,11.605803953352218
2024,nyh3,PHKV0/PHP02,10.825850174541545
2024,nyh3,PHN46/LH244,10.025343553011407
2024,nyh3,PHN66/PHP02,10.825850174541545
2024,nyh3,PHNJ2/PHP02,10.825850174541545
2024,nyh3,PHP02/LH244,11.655365059661653
2024,nyh3,PHP38/PHP02,10.825850174541545
2024,nyh3,PHPR5/PHP02,10.825850174541545
2024,nyh3,PHR03/LH244,11.526324584070332
2024,nyh3,PHR61/PHP02,10.825850174541545
2024,nyh3,PHRE1/PHTD5,7.1608895472923075
2024,nyh3,PHT11/PHP02,10.825850174541545
2024,nyh3,PHT47/PHP02,10.825850174541545
2024,nyh3,PHV37/PHP02,10.825850174541545
2024,nyh3,PHVJ5/PHP02,10.825850174541545
2024,nyh3,PHW30/LH244,11.279346033873805
2024,nyh3,PHW52/PHM49,10.771447487010548
2024,nyh3,PHW52/PHP02,10.825850174541545
2024,nyh3,TX777/LH195,8.397904679701929
2024,nyh3,W10004_0031/PHP02,11.680606189766662
2024,nyh3,W10004_0055/PHP02,11.517594560348902
2024,nyh3,W10004_0095/PHP02,10.129600262424482
2024,nyh3,W10004_0103/PHP02,11.367896852245108
2024,nyh3,W10004_0122/PHP02,11.29294731034854
2024,nyh3,W10004_0133/PHP02,11.33088731658909
2024,nyh3,W10004_0146/PHP02,11.267411548266615
2024,nyh3,W10004_0167/PHP02,11.235735233897232
2024,nyh3,W10004_0168/PHP02,11.221451396841651
2024,nyh3,W10004_0238/PHP02,11.3653112415892
2024,nyh3,W10004_0258/PHP02,11.605803953352218
2024,nyh3,W10004_0270/PHP02,11.251127654389526
2024,nyh3,W10004_0311/PHP02,10.884130729125308
2024,nyh3,W10004_0346/PHP02,11.564816861985742
2024,nyh3,W10004_0389/PHP02,11.224129908535575
2024,nyh3,W10004_0403/PHP02,11.3653112415892
2024,nyh3,W10004_0601/PHP02,11.258540557904336
2024,nyh3,W10004_0637/PHP02,11.367896852245108
2024,nyh3,W10004_0658/PHP02,12.040989678498011
2024,nyh3,W10004_0691/PHP02,10.140899488943058
2024,nyh3,W10004_0714/PHP02,11.258540557904336
2024,nyh3,W10004_0715/PHP02,11.22700625399218
2024,nyh3,W10004_0754/PHP02,11.312181535192057
2024,nyh3,W10004_0776/PHP02,11.312181535192057
2024,nyh3,W10004_0801/PHP02,11.695874491151121
2024,nyh3,W10004_0822/PHP02,11.352767638193075
2024,nyh3,W10004_0858/PHP02,11.22700625399218
2024,nyh3,W10004_0859/PHP02,11.174974118056484
2024,nyh3,W10004_0949/PHP02,12.040989678498011
2024,nyh3,W10004_0969/PHP02,10.996852777514377
2024,nyh3,W10004_1014/PHP02,11.30715080481495
2024,nyh3,W10004_1032/PHP02,10.996852777514377
2024,nyh3,ZS01459/PHP02,10.825850174541545
2024,ohh1,01CSI6/LH287,11.215903862424819
2024,ohh1,01DIB2/LH287,11.215903862424819
2024,ohh1,2369/LH123HT,12.875984703648902
2024,ohh1,2FACC/LH287,11.215903862424819
2024,ohh1,6F629/LH287,11.215903862424819
2024,ohh1,B14A/OH43,10.685922920231581
2024,ohh1,B37/H95,10.438838118829397
2024,ohh1,B73/MO17,12.47607282464062
2024,ohh1,B73/PHN82,12.936061633593448
2024,ohh1,CG119/CG108,6.361101665096112
2024,ohh1,CG44/CGR01,8.843774165835542
2024,ohh1,DK3IIH6/LH244,12.623143493440068
2024,ohh1,DKFBHJ/LH287,11.215903862424819
2024,ohh1,FBLA/LH287,11.215903862424819
2024,ohh1,FBLL/LH287,11.215903862424819
2024,ohh1,GEMS-0061_3AZA1_0005/LH287,11.215903862424819
2024,ohh1,GEMS-0061_3AZA1_0006/LH287,11.215903862424819
2024,ohh1,GEMS-0061_3AZA1_0007/LH287,11.215903862424819
2024,ohh1,GEMS-0061_3AZA1_0015/LH287,11.215903862424819
2024,ohh1,GEMS-0061_3AZA1_0021/LH287,11.215903862424819
2024,ohh1,GEMS-0061_3AZA1_0023/LH287,11.215903862424819
2024,ohh1,GEMS-0061_FBLL_0002/LH287,11.215903862424819
2024,ohh1,GEMS-0061_FBLL_0007/LH287,11.215903862424819
2024,ohh1,GEMS-0061_FBLL_0008/LH287,11.215903862424819
2024,ohh1,GEMS-0061_FBLL_0009/LH287,11.215903862424819
2024,ohh1,GEMS-0061_FBLL_0015/LH287,11.215903862424819
2024,ohh1,GEMS-0061_FBLL_0016/LH287,11.215903862424819
2024,ohh1,GEMS-0061_FBLL_0017/LH287,11.215903862424819
2024,ohh1,GEMS-0061_FBLL_0018/LH287,11.215903862424819
2024,ohh1,GEMS-0061_FBLL_0019/LH287,11.215903862424819
2024,ohh1,GEMS-0061_FBLL_0022/LH287,11.215903862424819
2024,ohh1,GEMS-0061_FBLL_0024/LH287,11.215903862424819
2024,ohh1,GEMS-0061_FBLL_0025/LH287,11.215903862424819
2024,ohh1,GEMS-0061_FBLL_0026/LH287,11.215903862424819
2024,ohh1,GEMS-0061_FBLL_0029/LH287,11.215903862424819
2024,ohh1,GEMS-0061_FBLL_0032/LH287,11.215903862424819
2024,ohh1,GEMS-0061_FBLL_0033/LH287,11.215903862424819
2024,ohh1,GEMS-0061_FBLL_0034/LH287,11.215903862424819
2024,ohh1,GEMS-0061_FBLL_0035/LH287,11.215903862424819
2024,ohh1,GEMS-0061_FBLL_0039/LH287,11.215903862424819
2024,ohh1,GEMS-0061_FBLL_0044/LH287,11.215903862424819
2024,ohh1,GEMS-0061_FBLL_0050/LH287,11.215903862424819
2024,ohh1,GEMS-0061_PHB47_0001/LH287,11.215903862424819
2024,ohh1,GEMS-0061_PHBW8_0001/LH287,11.215903862424819
2024,ohh1,GEMS-0061_PHBW8_0002/LH287,11.215903862424819
2024,ohh1,GEMS-0113_3AZA1_0001/LH287,11.215903862424819
2024,ohh1,GEMS-0113_3AZA1_0003/LH287,11.215903862424819
2024,ohh1,GEMS-0113_3AZA1_0006/LH287,11.215903862424819
2024,ohh1,GEMS-0113_3AZA1_0007/LH287,11.215903862424819
2024,ohh1,GEMS-0113_3AZA1_0008/LH287,11.215903862424819
2024,ohh1,GEMS-0113_3AZA1_0010/LH287,11.215903862424819
2024,ohh1,GEMS-0113_3AZA1_0011/LH287,11.215903862424819
2024,ohh1,GEMS-0113_3AZA1_0016/LH287,11.215903862424819
2024,ohh1,GEMS-0113_3AZA1_0017/LH287,11.215903862424819
2024,ohh1,GEMS-0113_3AZA1_0018/LH287,11.215903862424819
2024,ohh1,GEMS-0113_3AZA1_0021/LH287,11.215903862424819
2024,ohh1,GEMS-0113_3AZA1_0023/LH287,11.215903862424819
2024,ohh1,GEMS-0113_3AZA1_0025/LH287,11.215903862424819
2024,ohh1,GEMS-0113_3AZA1_0026/LH287,11.215903862424819
2024,ohh1,GEMS-0113_3AZA1_0027/LH287,11.215903862424819
2024,ohh1,GEMS-0113_3AZA1_0028/LH287,11.215903862424819
2024,ohh1,GEMS-0113_3AZA1_0031/LH287,11.215903862424819
2024,ohh1,GEMS-0113_3AZA1_0038/LH287,11.215903862424819
2024,ohh1,GEMS-0113_FBLL_0002/LH287,11.215903862424819
2024,ohh1,GEMS-0113_FBLL_0003/LH287,11.215903862424819
2024,ohh1,GEMS-0113_FBLL_0005/LH287,11.215903862424819
2024,ohh1,GEMS-0113_FBLL_0006/LH287,11.215903862424819
2024,ohh1,GEMS-0113_FBLL_0007/LH287,11.215903862424819
2024,ohh1,GEMS-0113_FBLL_0008/LH287,11.215903862424819
2024,ohh1,GEMS-0113_FBLL_0010/LH287,11.215903862424819
2024,ohh1,GEMS-0113_FBLL_0011/LH287,11.215903862424819
2024,ohh1,GEMS-0113_PHB47_0001/LH287,11.215903862424819
2024,ohh1,GEMS-0113_PHB47_0003/LH287,11.215903862424819
2024,ohh1,GEMS-0113_PHB47_0004/LH287,11.215903862424819
2024,ohh1,GEMS-0113_PHB47_0007/LH287,11.215903862424819
2024,ohh1,GEMS-0113_PHB47_0008/LH287,11.215903862424819
2024,ohh1,GEMS-0113_PHB47_0011/LH287,11.215903862424819
2024,ohh1,GEMS-0113_PHB47_0014/LH287,11.215903862424819
2024,ohh1,GEMS-0113_PHB47_0015/LH287,11.215903862424819
2024,ohh1,GEMS-0113_PHB47_0021/LH287,11.215903862424819
2024,ohh1,GEMS-0113_PHBW8_0002/LH287,11.215903862424819
2024,ohh1,GEMS-0113_PHBW8_0005/LH287,11.215903862424819
2024,ohh1,GEMS-0113_PHBW8_0008/LH287,11.215903862424819
2024,ohh1,GEMS-0113_PHBW8_0011/LH287,11.215903862424819
2024,ohh1,GEMS-0113_PHBW8_0014/LH287,11.215903862424819
2024,ohh1,GEMS-0113_PHBW8_0017/LH287,11.215903862424819
2024,ohh1,GEMS-0219_3AZA1_0001/LH287,11.215903862424819
2024,ohh1,GEMS-0219_3AZA1_0002/LH287,11.215903862424819
2024,ohh1,GEMS-0219_3AZA1_0003/LH287,11.215903862424819
2024,ohh1,GEMS-0219_3AZA1_0004/LH287,11.215903862424819
2024,ohh1,GEMS-0219_3AZA1_0006/LH287,11.215903862424819
2024,ohh1,GEMS-0219_3AZA1_0008/LH287,11.215903862424819
2024,ohh1,GEMS-0219_3AZA1_0009/LH287,11.215903862424819
2024,ohh1,GEMS-0219_3AZA1_0012/LH287,11.215903862424819
2024,ohh1,GEMS-0219_FBLL_0003/LH287,11.215903862424819
2024,ohh1,GEMS-0219_FBLL_0006/LH287,11.215903862424819
2024,ohh1,GEMS-0219_FBLL_0008/LH287,11.215903862424819
2024,ohh1,GEMS-0219_FBLL_0009/LH287,11.215903862424819
2024,ohh1,GEMS-0219_FBLL_0010/LH287,11.215903862424819
2024,ohh1,GEMS-0219_FBLL_0011/LH287,11.215903862424819
2024,ohh1,GEMS-0219_FBLL_0012/LH287,11.215903862424819
2024,ohh1,GEMS-0219_FBLL_0014/LH287,11.215903862424819
2024,ohh1,GEMS-0219_FBLL_0015/LH287,11.215903862424819
2024,ohh1,GEMS-0219_FBLL_0017/LH287,11.215903862424819
2024,ohh1,GEMS-0219_FBLL_0018/LH287,11.215903862424819
2024,ohh1,GEMS-0219_FBLL_0019/LH287,11.215903862424819
2024,ohh1,GEMS-0219_FBLL_0021/LH287,11.215903862424819
2024,ohh1,GEMS-0219_FBLL_0023/LH287,11.215903862424819
2024,ohh1,GEMS-0219_FBLL_0027/LH287,11.215903862424819
2024,ohh1,GEMS-0219_FBLL_0028/LH287,11.215903862424819
2024,ohh1,GEMS-0219_PHB47_0001/LH287,11.215903862424819
2024,ohh1,GEMS-0219_PHB47_0003/LH287,11.215903862424819
2024,ohh1,GEMS-0219_PHB47_0006/LH287,11.215903862424819
2024,ohh1,GEMS-0219_PHB47_0011/LH287,11.215903862424819
2024,ohh1,GEMS-0219_PHB47_0014/LH287,11.215903862424819
2024,ohh1,GEMS-0219_PHB47_0017/LH287,11.215903862424819
2024,ohh1,GEMS-0219_PHBW8_0001/LH287,11.215903862424819
2024,ohh1,GEMS-0219_PHBW8_0003/LH287,11.215903862424819
2024,ohh1,GEMS-0219_PHBW8_0004/LH287,11.215903862424819
2024,ohh1,GEMS-0219_PHBW8_0008/LH287,11.215903862424819
2024,ohh1,GEMS-0219_PHBW8_0011/LH287,11.215903862424819
2024,ohh1,GEMS-0227_3AZA1_0001/LH287,11.215903862424819
2024,ohh1,GEMS-0227_3AZA1_0002/LH287,11.215903862424819
2024,ohh1,GEMS-0227_3AZA1_0003/LH287,11.215903862424819
2024,ohh1,GEMS-0227_3AZA1_0004/LH287,11.215903862424819
2024,ohh1,GEMS-0227_3AZA1_0005/LH287,11.215903862424819
2024,ohh1,GEMS-0227_3AZA1_0006/LH287,11.215903862424819
2024,ohh1,GEMS-0227_3AZA1_0007/LH287,11.215903862424819
2024,ohh1,GEMS-0227_3AZA1_0012/LH287,11.215903862424819
2024,ohh1,GEMS-0227_3AZA1_0014/LH287,11.215903862424819
2024,ohh1,GEMS-0227_3AZA1_0016/LH287,11.215903862424819
2024,ohh1,GEMS-0227_3AZA1_0018/LH287,11.215903862424819
2024,ohh1,GEMS-0227_3AZA1_0023/LH287,11.215903862424819
2024,ohh1,GEMS-0227_3AZA1_0024/LH287,11.215903862424819
2024,ohh1,GEMS-0227_3AZA1_0025/LH287,11.215903862424819
2024,ohh1,GEMS-0227_3AZA1_0028/LH287,11.215903862424819
2024,ohh1,GEMS-0227_3AZA1_0029/LH287,11.215903862424819
2024,ohh1,GEMS-0227_3AZA1_0030/LH287,11.215903862424819
2024,ohh1,GEMS-0227_3AZA1_0031/LH287,11.215903862424819
2024,ohh1,GEMS-0227_3AZA1_0036/LH287,11.215903862424819
2024,ohh1,GEMS-0227_3AZA1_0040/LH287,11.215903862424819
2024,ohh1,GEMS-0227_3AZA1_0041/LH287,11.215903862424819
2024,ohh1,GEMS-0227_3AZA1_0043/LH287,11.215903862424819
2024,ohh1,GEMS-0227_3AZA1_0046/LH287,11.215903862424819
2024,ohh1,GEMS-0227_3AZA1_0048/LH287,11.215903862424819
2024,ohh1,GEMS-0227_3AZA1_0049/LH287,11.215903862424819
2024,ohh1,GEMS-0227_FBLL_0001/LH287,11.215903862424819
2024,ohh1,GEMS-0227_FBLL_0002/LH287,11.215903862424819
2024,ohh1,GEMS-0227_FBLL_0004/LH287,11.215903862424819
2024,ohh1,GEMS-0227_FBLL_0005/LH287,11.215903862424819
2024,ohh1,GEMS-0227_FBLL_0007/LH287,11.215903862424819
2024,ohh1,GEMS-0227_FBLL_0008/LH287,11.215903862424819
2024,ohh1,GEMS-0227_FBLL_0009/LH287,11.215903862424819
2024,ohh1,GEMS-0227_FBLL_0010/LH287,11.215903862424819
2024,ohh1,GEMS-0227_FBLL_0013/LH287,11.215903862424819
2024,ohh1,GEMS-0227_FBLL_0014/LH287,11.215903862424819
2024,ohh1,GEMS-0227_FBLL_0015/LH287,11.215903862424819
2024,ohh1,GEMS-0227_FBLL_0016/LH287,11.215903862424819
2024,ohh1,GEMS-0227_FBLL_0019/LH287,11.215903862424819
2024,ohh1,GEMS-0227_FBLL_0022/LH287,11.215903862424819
2024,ohh1,GEMS-0227_FBLL_0023/LH287,11.215903862424819
2024,ohh1,GEMS-0227_FBLL_0024/LH287,11.215903862424819
2024,ohh1,GEMS-0227_FBLL_0025/LH287,11.215903862424819
2024,ohh1,GEMS-0227_FBLL_0029/LH287,11.215903862424819
2024,ohh1,GEMS-0227_FBLL_0032/LH287,11.215903862424819
2024,ohh1,GEMS-0227_FBLL_0033/LH287,11.215903862424819
2024,ohh1,GEMS-0227_FBLL_0034/LH287,11.215903862424819
2024,ohh1,GEMS-0227_FBLL_0035/LH287,11.215903862424819
2024,ohh1,GEMS-0227_FBLL_0036/LH287,11.215903862424819
2024,ohh1,GEMS-0227_FBLL_0037/LH287,11.215903862424819
2024,ohh1,GEMS-0227_FBLL_0038/LH287,11.215903862424819
2024,ohh1,GEMS-0227_FBLL_0040/LH287,11.215903862424819
2024,ohh1,GEMS-0227_FBLL_0041/LH287,11.215903862424819
2024,ohh1,GEMS-0227_FBLL_0043/LH287,11.215903862424819
2024,ohh1,GEMS-0227_FBLL_0045/LH287,11.215903862424819
2024,ohh1,GEMS-0227_FBLL_0046/LH287,11.215903862424819
2024,ohh1,GEMS-0227_FBLL_0047/LH287,11.215903862424819
2024,ohh1,GEMS-0227_FBLL_0048/LH287,11.215903862424819
2024,ohh1,GEMS-0227_FBLL_0049/LH287,11.215903862424819
2024,ohh1,GEMS-0227_FBLL_0050/LH287,11.215903862424819
2024,ohh1,GEMS-0227_FBLL_0051/LH287,11.215903862424819
2024,ohh1,GEMS-0227_FBLL_0052/LH287,11.215903862424819
2024,ohh1,GEMS-0227_FBLL_0055/LH287,11.215903862424819
2024,ohh1,GEMS-0227_FBLL_0057/LH287,11.215903862424819
2024,ohh1,GEMS-0227_FBLL_0058/LH287,11.215903862424819
2024,ohh1,GEMS-0227_FBLL_0060/LH287,11.215903862424819
2024,ohh1,GEMS-0227_FBLL_0062/LH287,11.215903862424819
2024,ohh1,GEMS-0227_FBLL_0063/LH287,11.215903862424819
2024,ohh1,GEMS-0227_FBLL_0066/LH287,11.215903862424819
2024,ohh1,GEMS-0227_FBLL_0067/LH287,11.215903862424819
2024,ohh1,GEMS-0227_FBLL_0068/LH287,11.215903862424819
2024,ohh1,GEMS-0227_FBLL_0069/LH287,11.215903862424819
2024,ohh1,GEMS-0227_FBLL_0070/LH287,11.215903862424819
2024,ohh1,GEMS-0227_FBLL_0072/LH287,11.215903862424819
2024,ohh1,GEMS-0227_FBLL_0077/LH287,11.215903862424819
2024,ohh1,GEMS-0227_FBLL_0078/LH287,11.215903862424819
2024,ohh1,GEMS-0227_FBLL_0080/LH287,11.215903862424819
2024,ohh1,GEMS-0227_FBLL_0082/LH287,11.215903862424819
2024,ohh1,GEMS-0227_FBLL_0084/LH287,11.215903862424819
2024,ohh1,GEMS-0227_FBLL_0085/LH287,11.215903862424819
2024,ohh1,GEMS-0227_FBLL_0087/LH287,11.215903862424819
2024,ohh1,GEMS-0227_FBLL_0088/LH287,11.215903862424819
2024,ohh1,GEMS-0227_FBLL_0089/LH287,11.215903862424819
2024,ohh1,GEMS-0227_FBLL_0090/LH287,11.215903862424819
2024,ohh1,GEMS-0227_FBLL_0094/LH287,11.215903862424819
2024,ohh1,GEMS-0227_FBLL_0095/LH287,11.215903862424819
2024,ohh1,GEMS-0227_FBLL_0096/LH287,11.215903862424819
2024,ohh1,GEMS-0227_FBLL_0097/LH287,11.215903862424819
2024,ohh1,GEMS-0227_FBLL_0098/LH287,11.215903862424819
2024,ohh1,GEMS-0227_FBLL_0101/LH287,11.215903862424819
2024,ohh1,GEMS-0227_FBLL_0102/LH287,11.215903862424819
2024,ohh1,GEMS-0227_FBLL_0104/LH287,11.215903862424819
2024,ohh1,GEMS-0227_FBLL_0115/LH287,11.215903862424819
2024,ohh1,GEMS-0227_FBLL_0116/LH287,11.215903862424819
2024,ohh1,GEMS-0227_FBLL_0118/LH287,11.215903862424819
2024,ohh1,GEMS-0227_FBLL_0121/LH287,11.215903862424819
2024,ohh1,GEMS-0227_FBLL_0124/LH287,11.215903862424819
2024,ohh1,GEMS-0227_FBLL_0125/LH287,11.215903862424819
2024,ohh1,GEMS-0227_FBLL_0133/LH287,11.215903862424819
2024,ohh1,GEMS-0227_FBLL_0134/LH287,11.215903862424819
2024,ohh1,GEMS-0227_FBLL_0136/LH287,11.215903862424819
2024,ohh1,GEMS-0227_FBLL_0140/LH287,11.215903862424819
2024,ohh1,GEMS-0227_PHB47_0001/LH287,11.215903862424819
2024,ohh1,GEMS-0227_PHB47_0002/LH287,11.215903862424819
2024,ohh1,GEMS-0227_PHB47_0003/LH287,11.215903862424819
2024,ohh1,GEMS-0227_PHB47_0006/LH287,11.215903862424819
2024,ohh1,GEMS-0227_PHB47_0007/LH287,11.215903862424819
2024,ohh1,GEMS-0227_PHB47_0009/LH287,11.215903862424819
2024,ohh1,GEMS-0227_PHB47_0011/LH287,11.215903862424819
2024,ohh1,GEMS-0227_PHB47_0016/LH287,11.215903862424819
2024,ohh1,GEMS-0227_PHB47_0022/LH287,11.215903862424819
2024,ohh1,GEMS-0227_PHBW8_0001/LH287,11.215903862424819
2024,ohh1,GEMS-0227_PHBW8_0002/LH287,11.215903862424819
2024,ohh1,GEMS-0227_PHBW8_0006/LH287,11.215903862424819
2024,ohh1,GEMS-0227_PHBW8_0007/LH287,11.215903862424819
2024,ohh1,GEMS-0227_PHBW8_0009/LH287,11.215903862424819
2024,ohh1,GEMS-0227_PHBW8_0011/LH287,11.215903862424819
2024,ohh1,GEMS-0227_PHBW8_0012/LH287,11.215903862424819
2024,ohh1,GEMS-0227_PHBW8_0013/LH287,11.215903862424819
2024,ohh1,GEMS-0227_PHBW8_0017/LH287,11.215903862424819
2024,ohh1,GEMS-0227_PHBW8_0020/LH287,11.215903862424819
2024,ohh1,GEMS-0227_PHBW8_0022/LH287,11.215903862424819
2024,ohh1,GEMS-0227_PHBW8_0024/LH287,11.215903862424819
2024,ohh1,LH132/LH287,11.215903862424819
2024,ohh1,LH146HT/LH287,11.215903862424819
2024,ohh1,LH192/LH287,11.215903862424819
2024,ohh1,LH194/LH287,11.215903862424819
2024,ohh1,LH195/LH287,11.215903862424819
2024,ohh1,LH195/PHZ51,10.618177301641868
2024,ohh1,LH197/LH287,11.215903862424819
2024,ohh1,LH198/LH287,11.215903862424819
2024,ohh1,LH200/LH287,11.215903862424819
2024,ohh1,LH225/LH287,11.215903862424819
2024,ohh1,LH226HT/LH287,11.215903862424819
2024,ohh1,LH228/LH287,11.215903862424819
2024,ohh1,LH231/LH287,11.215903862424819
2024,ohh1,LH235/LH287,11.215903862424819
2024,ohh1,LH236/LH287,11.215903862424819
2024,ohh1,LH244/PHK76,10.888489574698479
2024,ohh1,LH264/LH287,11.215903862424819
2024,ohh1,LH286/LH287,11.215903862424819
2024,ohh1,LH287/LH244,13.46390678942955
2024,ohh1,LH82/LH244,11.209059319188741
2024,ohh1,MM501D/LH244,12.623143493440068
2024,ohh1,NKH8431/LH287,11.215903862424819
2024,ohh1,PH05F/LH287,11.215903862424819
2024,ohh1,PH05W/LH287,11.215903862424819
2024,ohh1,PH06N/LH287,11.215903862424819
2024,ohh1,PH09B/LH287,11.215903862424819
2024,ohh1,PH09E/LH287,11.215903862424819
2024,ohh1,PH0CD/LH287,11.215903862424819
2024,ohh1,PH12C/LH287,11.215903862424819
2024,ohh1,PH19V/LH287,11.215903862424819
2024,ohh1,PH1CA/LH287,11.215903862424819
2024,ohh1,PH1GC/LH287,11.215903862424819
2024,ohh1,PH1GG/LH287,11.215903862424819
2024,ohh1,PH1TB/LH287,11.215903862424819
2024,ohh1,PH1W2/LH287,11.215903862424819
2024,ohh1,PH24E/LH244,12.89733677645831
2024,ohh1,PH38D/LH287,11.215903862424819
2024,ohh1,PH42B/LH287,11.215903862424819
2024,ohh1,PH44A/LH287,11.215903862424819
2024,ohh1,PH63A/LH287,11.215903862424819
2024,ohh1,PH79A/LH287,11.215903862424819
2024,ohh1,PHB47/LH287,11.215903862424819
2024,ohh1,PHB47/PHN82,12.070796823143189
2024,ohh1,PHB47/PHZ51,10.658699356511914
2024,ohh1,PHBW8/LH287,11.215903862424819
2024,ohh1,PHEW7/LH287,11.215903862424819
2024,ohh1,PHG29/PHG47,8.632536346732422
2024,ohh1,PHG39/PHN82,12.065679041598585
2024,ohh1,PHHB9/LH287,11.215903862424819
2024,ohh1,PHJ40/PHAJ0,6.361101665096112
2024,ohh1,PHJ89/LH244,12.229733306979469
2024,ohh1,PHK56/LH244,12.696745010736574
2024,ohh1,PHKV0/LH287,11.215903862424819
2024,ohh1,PHN41/LH287,11.215903862424819
2024,ohh1,PHN46/LH244,10.635889991111402
2024,ohh1,PHNJ2/LH287,11.215903862424819
2024,ohh1,PHP02/LH244,12.746306117046009
2024,ohh1,PHR03/LH244,12.820665639794889
2024,ohh1,PHRE1/PHTD5,7.2777480931763945
2024,ohh1,PHT10/LH287,11.215903862424819
2024,ohh1,PHT11/LH287,11.215903862424819
2024,ohh1,PHT47/LH287,11.215903862424819
2024,ohh1,PHTP9/LH287,11.215903862424819
2024,ohh1,PHVJ5/LH287,11.215903862424819
2024,ohh1,PHW30/LH244,12.423242836551848
2024,ohh1,PHW52/PHM49,11.317105257331699
2024,ohh1,W10004_0018/LH287,11.215903862424819
2024,ohh1,W10004_0031/LH287,11.215903862424819
2024,ohh1,W10004_0034/LH287,11.215903862424819
2024,ohh1,W10004_0055/LH287,11.215903862424819
2024,ohh1,W10004_0062/LH287,11.215903862424819
2024,ohh1,W10004_0095/LH287,11.215903862424819
2024,ohh1,W10004_0133/LH287,11.215903862424819
2024,ohh1,W10004_0138/LH287,11.215903862424819
2024,ohh1,W10004_0167/LH287,11.215903862424819
2024,ohh1,W10004_0168/LH287,11.215903862424819
2024,ohh1,W10004_0189/LH287,11.215903862424819
2024,ohh1,W10004_0258/LH287,11.215903862424819
2024,ohh1,W10004_0270/LH287,11.215903862424819
2024,ohh1,W10004_0346/LH287,11.215903862424819
2024,ohh1,W10004_0403/LH287,11.215903862424819
2024,ohh1,W10004_0412/LH287,11.215903862424819
2024,ohh1,W10004_0476/LH287,11.215903862424819
2024,ohh1,W10004_0601/LH287,11.215903862424819
2024,ohh1,W10004_0658/LH287,11.215903862424819
2024,ohh1,W10004_0688/LH287,11.215903862424819
2024,ohh1,W10004_0691/LH287,11.215903862424819
2024,ohh1,W10004_0715/LH287,11.215903862424819
2024,ohh1,W10004_0747/LH287,11.215903862424819
2024,ohh1,W10004_0771/LH287,11.215903862424819
2024,ohh1,W10004_0776/LH287,11.215903862424819
2024,ohh1,W10004_0801/LH287,11.215903862424819
2024,ohh1,W10004_0859/LH287,11.215903862424819
2024,ohh1,W10004_1014/LH287,11.215903862424819
2024,ohh1,W10004_1018/LH287,11.215903862424819
2024,ohh1,W10004_1080/LH287,11.215903862424819
2024,ohh1,WQCD10/LH287,11.215903862424819
2024,ohh1,ZS01459/LH287,11.215903862424819
2024,ohh1,ZS0510/LH287,11.215903862424819
2024,onh3,01DIB2/PHP02,9.943299272718999
2024,onh3,2369/LH123HT,11.041137864060868
2024,onh3,6F629/PHP02,9.943299272718999
2024,onh3,B14A/OH43,9.517430020346605
2024,onh3,B37/H95,9.431694550330176
2024,onh3,B73/MO17,10.89869744979095
2024,onh3,B73/PHN82,11.018389285565982
2024,onh3,B73/TX779,7.941397197454921
2024,onh3,CG119/CG108,6.564405731327188
2024,onh3,CG44/CGR01,8.821365541599462
2024,onh3,DK3IIH6/LH244,11.082358083825822
2024,onh3,FBLA/PHP02,9.943299272718999
2024,onh3,FBLL/PHP02,9.943299272718999
2024,onh3,GEMS-0061_3AZA1_0001/PHP02,9.943299272718999
2024,onh3,GEMS-0061_3AZA1_0004/PHP02,9.943299272718999
2024,onh3,GEMS-0061_3AZA1_0005/PHP02,9.943299272718999
2024,onh3,GEMS-0061_3AZA1_0006/PHP02,9.943299272718999
2024,onh3,GEMS-0061_3AZA1_0009/PHP02,9.943299272718999
2024,onh3,GEMS-0061_3AZA1_0010/PHP02,9.943299272718999
2024,onh3,GEMS-0061_3AZA1_0012/PHP02,9.943299272718999
2024,onh3,GEMS-0061_3AZA1_0013/PHP02,9.943299272718999
2024,onh3,GEMS-0061_3AZA1_0015/PHP02,9.943299272718999
2024,onh3,GEMS-0061_3AZA1_0016/PHP02,9.943299272718999
2024,onh3,GEMS-0061_3AZA1_0017/PHP02,9.943299272718999
2024,onh3,GEMS-0061_3AZA1_0021/PHP02,9.943299272718999
2024,onh3,GEMS-0061_FBLL_0002/PHP02,9.943299272718999
2024,onh3,GEMS-0061_FBLL_0005/PHP02,9.943299272718999
2024,onh3,GEMS-0061_FBLL_0007/PHP02,9.943299272718999
2024,onh3,GEMS-0061_FBLL_0008/PHP02,9.943299272718999
2024,onh3,GEMS-0061_FBLL_0009/PHP02,9.943299272718999
2024,onh3,GEMS-0061_FBLL_0010/PHP02,9.943299272718999
2024,onh3,GEMS-0061_FBLL_0011/PHP02,9.943299272718999
2024,onh3,GEMS-0061_FBLL_0015/PHP02,9.943299272718999
2024,onh3,GEMS-0061_FBLL_0016/PHP02,9.943299272718999
2024,onh3,GEMS-0061_FBLL_0017/PHP02,9.943299272718999
2024,onh3,GEMS-0061_FBLL_0019/PHP02,9.943299272718999
2024,onh3,GEMS-0061_FBLL_0022/PHP02,9.943299272718999
2024,onh3,GEMS-0061_FBLL_0024/PHP02,9.943299272718999
2024,onh3,GEMS-0061_FBLL_0025/PHP02,9.943299272718999
2024,onh3,GEMS-0061_FBLL_0026/PHP02,9.943299272718999
2024,onh3,GEMS-0061_FBLL_0029/PHP02,9.943299272718999
2024,onh3,GEMS-0061_FBLL_0031/PHP02,9.943299272718999
2024,onh3,GEMS-0061_FBLL_0033/PHP02,9.943299272718999
2024,onh3,GEMS-0061_FBLL_0034/PHP02,9.943299272718999
2024,onh3,GEMS-0061_FBLL_0035/PHP02,9.943299272718999
2024,onh3,GEMS-0061_FBLL_0037/PHP02,9.943299272718999
2024,onh3,GEMS-0061_FBLL_0038/PHP02,9.943299272718999
2024,onh3,GEMS-0061_FBLL_0039/PHP02,9.943299272718999
2024,onh3,GEMS-0061_FBLL_0040/PHP02,9.943299272718999
2024,onh3,GEMS-0061_FBLL_0042/PHP02,9.943299272718999
2024,onh3,GEMS-0061_FBLL_0044/PHP02,9.943299272718999
2024,onh3,GEMS-0061_FBLL_0050/PHP02,9.943299272718999
2024,onh3,GEMS-0061_PHB47_0001/PHP02,9.943299272718999
2024,onh3,GEMS-0061_PHB47_0003/PHP02,9.943299272718999
2024,onh3,GEMS-0061_PHB47_0004/PHP02,9.943299272718999
2024,onh3,GEMS-0061_PHBW8_0001/PHP02,9.943299272718999
2024,onh3,GEMS-0061_PHBW8_0002/PHP02,9.943299272718999
2024,onh3,GEMS-0113_3AZA1_0001/PHP02,9.943299272718999
2024,onh3,GEMS-0113_3AZA1_0002/PHP02,9.943299272718999
2024,onh3,GEMS-0113_3AZA1_0003/PHP02,9.943299272718999
2024,onh3,GEMS-0113_3AZA1_0004/PHP02,9.943299272718999
2024,onh3,GEMS-0113_3AZA1_0005/PHP02,9.943299272718999
2024,onh3,GEMS-0113_3AZA1_0006/PHP02,9.943299272718999
2024,onh3,GEMS-0113_3AZA1_0007/PHP02,9.943299272718999
2024,onh3,GEMS-0113_3AZA1_0008/PHP02,9.943299272718999
2024,onh3,GEMS-0113_3AZA1_0013/PHP02,9.943299272718999
2024,onh3,GEMS-0113_3AZA1_0014/PHP02,9.943299272718999
2024,onh3,GEMS-0113_3AZA1_0015/PHP02,9.943299272718999
2024,onh3,GEMS-0113_3AZA1_0016/PHP02,9.943299272718999
2024,onh3,GEMS-0113_3AZA1_0017/PHP02,9.943299272718999
2024,onh3,GEMS-0113_3AZA1_0018/PHP02,9.943299272718999
2024,onh3,GEMS-0113_3AZA1_0019/PHP02,9.943299272718999
2024,onh3,GEMS-0113_3AZA1_0021/PHP02,9.943299272718999
2024,onh3,GEMS-0113_3AZA1_0022/PHP02,9.943299272718999
2024,onh3,GEMS-0113_3AZA1_0024/PHP02,9.943299272718999
2024,onh3,GEMS-0113_3AZA1_0025/PHP02,9.943299272718999
2024,onh3,GEMS-0113_3AZA1_0026/PHP02,9.943299272718999
2024,onh3,GEMS-0113_3AZA1_0028/PHP02,9.943299272718999
2024,onh3,GEMS-0113_3AZA1_0031/PHP02,9.943299272718999
2024,onh3,GEMS-0113_3AZA1_0038/PHP02,9.943299272718999
2024,onh3,GEMS-0113_FBLL_0002/PHP02,9.943299272718999
2024,onh3,GEMS-0113_FBLL_0003/PHP02,9.943299272718999
2024,onh3,GEMS-0113_FBLL_0007/PHP02,9.943299272718999
2024,onh3,GEMS-0113_FBLL_0008/PHP02,9.943299272718999
2024,onh3,GEMS-0113_FBLL_0013/PHP02,9.943299272718999
2024,onh3,GEMS-0113_FBLL_0015/PHP02,9.943299272718999
2024,onh3,GEMS-0113_PHB47_0001/PHP02,9.943299272718999
2024,onh3,GEMS-0113_PHB47_0003/PHP02,9.943299272718999
2024,onh3,GEMS-0113_PHB47_0004/PHP02,9.943299272718999
2024,onh3,GEMS-0113_PHB47_0006/PHP02,9.943299272718999
2024,onh3,GEMS-0113_PHB47_0009/PHP02,9.943299272718999
2024,onh3,GEMS-0113_PHB47_0011/PHP02,9.943299272718999
2024,onh3,GEMS-0113_PHB47_0012/PHP02,9.943299272718999
2024,onh3,GEMS-0113_PHB47_0014/PHP02,9.943299272718999
2024,onh3,GEMS-0113_PHB47_0015/PHP02,9.943299272718999
2024,onh3,GEMS-0113_PHB47_0019/PHP02,9.943299272718999
2024,onh3,GEMS-0113_PHB47_0020/PHP02,9.943299272718999
2024,onh3,GEMS-0113_PHB47_0021/PHP02,9.943299272718999
2024,onh3,GEMS-0113_PHBW8_0001/PHP02,9.943299272718999
2024,onh3,GEMS-0113_PHBW8_0002/PHP02,9.943299272718999
2024,onh3,GEMS-0113_PHBW8_0004/PHP02,9.943299272718999
2024,onh3,GEMS-0113_PHBW8_0006/PHP02,9.943299272718999
2024,onh3,GEMS-0113_PHBW8_0007/PHP02,9.943299272718999
2024,onh3,GEMS-0113_PHBW8_0008/PHP02,9.943299272718999
2024,onh3,GEMS-0113_PHBW8_0009/PHP02,9.943299272718999
2024,onh3,GEMS-0113_PHBW8_0010/PHP02,9.943299272718999
2024,onh3,GEMS-0113_PHBW8_0011/PHP02,9.943299272718999
2024,onh3,GEMS-0113_PHBW8_0012/PHP02,9.943299272718999
2024,onh3,GEMS-0113_PHBW8_0013/PHP02,9.943299272718999
2024,onh3,GEMS-0113_PHBW8_0017/PHP02,9.943299272718999
2024,onh3,GEMS-0219_3AZA1_0003/PHP02,9.943299272718999
2024,onh3,GEMS-0219_3AZA1_0004/PHP02,9.943299272718999
2024,onh3,GEMS-0219_3AZA1_0005/PHP02,9.943299272718999
2024,onh3,GEMS-0219_3AZA1_0006/PHP02,9.943299272718999
2024,onh3,GEMS-0219_3AZA1_0007/PHP02,9.943299272718999
2024,onh3,GEMS-0219_3AZA1_0009/PHP02,9.943299272718999
2024,onh3,GEMS-0219_3AZA1_0010/PHP02,9.943299272718999
2024,onh3,GEMS-0219_3AZA1_0012/PHP02,9.943299272718999
2024,onh3,GEMS-0219_3AZA1_0014/PHP02,9.943299272718999
2024,onh3,GEMS-0219_FBLL_0002/PHP02,9.943299272718999
2024,onh3,GEMS-0219_FBLL_0003/PHP02,9.943299272718999
2024,onh3,GEMS-0219_FBLL_0004/PHP02,9.943299272718999
2024,onh3,GEMS-0219_FBLL_0005/PHP02,9.943299272718999
2024,onh3,GEMS-0219_FBLL_0006/PHP02,9.943299272718999
2024,onh3,GEMS-0219_FBLL_0007/PHP02,9.943299272718999
2024,onh3,GEMS-0219_FBLL_0008/PHP02,9.943299272718999
2024,onh3,GEMS-0219_FBLL_0009/PHP02,9.943299272718999
2024,onh3,GEMS-0219_FBLL_0010/PHP02,9.943299272718999
2024,onh3,GEMS-0219_FBLL_0011/PHP02,9.943299272718999
2024,onh3,GEMS-0219_FBLL_0012/PHP02,9.943299272718999
2024,onh3,GEMS-0219_FBLL_0013/PHP02,9.943299272718999
2024,onh3,GEMS-0219_FBLL_0014/PHP02,9.943299272718999
2024,onh3,GEMS-0219_FBLL_0018/PHP02,9.943299272718999
2024,onh3,GEMS-0219_FBLL_0020/PHP02,9.943299272718999
2024,onh3,GEMS-0219_FBLL_0021/PHP02,9.943299272718999
2024,onh3,GEMS-0219_FBLL_0022/PHP02,9.943299272718999
2024,onh3,GEMS-0219_FBLL_0023/PHP02,9.943299272718999
2024,onh3,GEMS-0219_FBLL_0025/PHP02,9.943299272718999
2024,onh3,GEMS-0219_FBLL_0027/PHP02,9.943299272718999
2024,onh3,GEMS-0219_FBLL_0028/PHP02,9.943299272718999
2024,onh3,GEMS-0219_FBLL_0030/PHP02,9.943299272718999
2024,onh3,GEMS-0219_PHB47_0001/PHP02,9.943299272718999
2024,onh3,GEMS-0219_PHB47_0002/PHP02,9.943299272718999
2024,onh3,GEMS-0219_PHB47_0003/PHP02,9.943299272718999
2024,onh3,GEMS-0219_PHB47_0004/PHP02,9.943299272718999
2024,onh3,GEMS-0219_PHB47_0005/PHP02,9.943299272718999
2024,onh3,GEMS-0219_PHB47_0006/PHP02,9.943299272718999
2024,onh3,GEMS-0219_PHB47_0014/PHP02,9.943299272718999
2024,onh3,GEMS-0219_PHBW8_0002/PHP02,9.943299272718999
2024,onh3,GEMS-0219_PHBW8_0004/PHP02,9.943299272718999
2024,onh3,GEMS-0219_PHBW8_0008/PHP02,9.943299272718999
2024,onh3,GEMS-0219_PHBW8_0009/PHP02,9.943299272718999
2024,onh3,GEMS-0227_3AZA1_0001/PHP02,9.943299272718999
2024,onh3,GEMS-0227_3AZA1_0003/PHP02,9.943299272718999
2024,onh3,GEMS-0227_3AZA1_0004/PHP02,9.943299272718999
2024,onh3,GEMS-0227_3AZA1_0005/PHP02,9.943299272718999
2024,onh3,GEMS-0227_3AZA1_0006/PHP02,9.943299272718999
2024,onh3,GEMS-0227_3AZA1_0007/PHP02,9.943299272718999
2024,onh3,GEMS-0227_3AZA1_0008/PHP02,9.943299272718999
2024,onh3,GEMS-0227_3AZA1_0009/PHP02,9.943299272718999
2024,onh3,GEMS-0227_3AZA1_0010/PHP02,9.943299272718999
2024,onh3,GEMS-0227_3AZA1_0011/PHP02,9.943299272718999
2024,onh3,GEMS-0227_3AZA1_0012/PHP02,9.943299272718999
2024,onh3,GEMS-0227_3AZA1_0013/PHP02,9.943299272718999
2024,onh3,GEMS-0227_3AZA1_0014/PHP02,9.943299272718999
2024,onh3,GEMS-0227_3AZA1_0015/PHP02,9.943299272718999
2024,onh3,GEMS-0227_3AZA1_0016/PHP02,9.943299272718999
2024,onh3,GEMS-0227_3AZA1_0017/PHP02,9.943299272718999
2024,onh3,GEMS-0227_3AZA1_0018/PHP02,9.943299272718999
2024,onh3,GEMS-0227_3AZA1_0019/PHP02,9.943299272718999
2024,onh3,GEMS-0227_3AZA1_0022/PHP02,9.943299272718999
2024,onh3,GEMS-0227_3AZA1_0023/PHP02,9.943299272718999
2024,onh3,GEMS-0227_3AZA1_0024/PHP02,9.943299272718999
2024,onh3,GEMS-0227_3AZA1_0025/PHP02,9.943299272718999
2024,onh3,GEMS-0227_3AZA1_0028/PHP02,9.943299272718999
2024,onh3,GEMS-0227_3AZA1_0029/PHP02,9.943299272718999
2024,onh3,GEMS-0227_3AZA1_0031/PHP02,9.943299272718999
2024,onh3,GEMS-0227_3AZA1_0032/PHP02,9.943299272718999
2024,onh3,GEMS-0227_3AZA1_0034/PHP02,9.943299272718999
2024,onh3,GEMS-0227_3AZA1_0035/PHP02,9.943299272718999
2024,onh3,GEMS-0227_3AZA1_0040/PHP02,9.943299272718999
2024,onh3,GEMS-0227_3AZA1_0045/PHP02,9.943299272718999
2024,onh3,GEMS-0227_3AZA1_0046/PHP02,9.943299272718999
2024,onh3,GEMS-0227_3AZA1_0048/PHP02,9.943299272718999
2024,onh3,GEMS-0227_3AZA1_0049/PHP02,9.943299272718999
2024,onh3,GEMS-0227_FBLL_0001/PHP02,9.943299272718999
2024,onh3,GEMS-0227_FBLL_0002/PHP02,9.943299272718999
2024,onh3,GEMS-0227_FBLL_0003/PHP02,9.943299272718999
2024,onh3,GEMS-0227_FBLL_0004/PHP02,9.943299272718999
2024,onh3,GEMS-0227_FBLL_0005/PHP02,9.943299272718999
2024,onh3,GEMS-0227_FBLL_0007/PHP02,9.943299272718999
2024,onh3,GEMS-0227_FBLL_0008/PHP02,9.943299272718999
2024,onh3,GEMS-0227_FBLL_0009/PHP02,9.943299272718999
2024,onh3,GEMS-0227_FBLL_0014/PHP02,9.943299272718999
2024,onh3,GEMS-0227_FBLL_0016/PHP02,9.943299272718999
2024,onh3,GEMS-0227_FBLL_0018/PHP02,9.943299272718999
2024,onh3,GEMS-0227_FBLL_0021/PHP02,9.943299272718999
2024,onh3,GEMS-0227_FBLL_0022/PHP02,9.943299272718999
2024,onh3,GEMS-0227_FBLL_0023/PHP02,9.943299272718999
2024,onh3,GEMS-0227_FBLL_0024/PHP02,9.943299272718999
2024,onh3,GEMS-0227_FBLL_0025/PHP02,9.943299272718999
2024,onh3,GEMS-0227_FBLL_0027/PHP02,9.943299272718999
2024,onh3,GEMS-0227_FBLL_0028/PHP02,9.943299272718999
2024,onh3,GEMS-0227_FBLL_0029/PHP02,9.943299272718999
2024,onh3,GEMS-0227_FBLL_0030/PHP02,9.943299272718999
2024,onh3,GEMS-0227_FBLL_0033/PHP02,9.943299272718999
2024,onh3,GEMS-0227_FBLL_0034/PHP02,9.943299272718999
2024,onh3,GEMS-0227_FBLL_0035/PHP02,9.943299272718999
2024,onh3,GEMS-0227_FBLL_0036/PHP02,9.943299272718999
2024,onh3,GEMS-0227_FBLL_0037/PHP02,9.943299272718999
2024,onh3,GEMS-0227_FBLL_0038/PHP02,9.943299272718999
2024,onh3,GEMS-0227_FBLL_0039/PHP02,9.943299272718999
2024,onh3,GEMS-0227_FBLL_0040/PHP02,9.943299272718999
2024,onh3,GEMS-0227_FBLL_0041/PHP02,9.943299272718999
2024,onh3,GEMS-0227_FBLL_0042/PHP02,9.943299272718999
2024,onh3,GEMS-0227_FBLL_0044/PHP02,9.943299272718999
2024,onh3,GEMS-0227_FBLL_0046/PHP02,9.943299272718999
2024,onh3,GEMS-0227_FBLL_0047/PHP02,9.943299272718999
2024,onh3,GEMS-0227_FBLL_0048/PHP02,9.943299272718999
2024,onh3,GEMS-0227_FBLL_0049/PHP02,9.943299272718999
2024,onh3,GEMS-0227_FBLL_0050/PHP02,9.943299272718999
2024,onh3,GEMS-0227_FBLL_0051/PHP02,9.943299272718999
2024,onh3,GEMS-0227_FBLL_0052/PHP02,9.943299272718999
2024,onh3,GEMS-0227_FBLL_0053/PHP02,9.943299272718999
2024,onh3,GEMS-0227_FBLL_0054/PHP02,9.943299272718999
2024,onh3,GEMS-0227_FBLL_0056/PHP02,9.943299272718999
2024,onh3,GEMS-0227_FBLL_0057/PHP02,9.943299272718999
2024,onh3,GEMS-0227_FBLL_0059/PHP02,9.943299272718999
2024,onh3,GEMS-0227_FBLL_0063/PHP02,9.943299272718999
2024,onh3,GEMS-0227_FBLL_0064/PHP02,9.943299272718999
2024,onh3,GEMS-0227_FBLL_0066/PHP02,9.943299272718999
2024,onh3,GEMS-0227_FBLL_0067/PHP02,9.943299272718999
2024,onh3,GEMS-0227_FBLL_0068/PHP02,9.943299272718999
2024,onh3,GEMS-0227_FBLL_0070/PHP02,9.943299272718999
2024,onh3,GEMS-0227_FBLL_0072/PHP02,9.943299272718999
2024,onh3,GEMS-0227_FBLL_0073/PHP02,9.943299272718999
2024,onh3,GEMS-0227_FBLL_0075/PHP02,9.943299272718999
2024,onh3,GEMS-0227_FBLL_0077/PHP02,9.943299272718999
2024,onh3,GEMS-0227_FBLL_0078/PHP02,9.943299272718999
2024,onh3,GEMS-0227_FBLL_0082/PHP02,9.943299272718999
2024,onh3,GEMS-0227_FBLL_0084/PHP02,9.943299272718999
2024,onh3,GEMS-0227_FBLL_0085/PHP02,9.943299272718999
2024,onh3,GEMS-0227_FBLL_0086/PHP02,9.943299272718999
2024,onh3,GEMS-0227_FBLL_0087/PHP02,9.943299272718999
2024,onh3,GEMS-0227_FBLL_0088/PHP02,9.943299272718999
2024,onh3,GEMS-0227_FBLL_0089/PHP02,9.943299272718999
2024,onh3,GEMS-0227_FBLL_0090/PHP02,9.943299272718999
2024,onh3,GEMS-0227_FBLL_0093/PHP02,9.943299272718999
2024,onh3,GEMS-0227_FBLL_0094/PHP02,9.943299272718999
2024,onh3,GEMS-0227_FBLL_0095/PHP02,9.943299272718999
2024,onh3,GEMS-0227_FBLL_0096/PHP02,9.943299272718999
2024,onh3,GEMS-0227_FBLL_0097/PHP02,9.943299272718999
2024,onh3,GEMS-0227_FBLL_0098/PHP02,9.943299272718999
2024,onh3,GEMS-0227_FBLL_0101/PHP02,9.943299272718999
2024,onh3,GEMS-0227_FBLL_0102/PHP02,9.943299272718999
2024,onh3,GEMS-0227_FBLL_0104/PHP02,9.943299272718999
2024,onh3,GEMS-0227_FBLL_0107/PHP02,9.943299272718999
2024,onh3,GEMS-0227_FBLL_0110/PHP02,9.943299272718999
2024,onh3,GEMS-0227_FBLL_0111/PHP02,9.943299272718999
2024,onh3,GEMS-0227_FBLL_0113/PHP02,9.943299272718999
2024,onh3,GEMS-0227_FBLL_0114/PHP02,9.943299272718999
2024,onh3,GEMS-0227_FBLL_0116/PHP02,9.943299272718999
2024,onh3,GEMS-0227_FBLL_0117/PHP02,9.943299272718999
2024,onh3,GEMS-0227_FBLL_0118/PHP02,9.943299272718999
2024,onh3,GEMS-0227_FBLL_0124/PHP02,9.943299272718999
2024,onh3,GEMS-0227_FBLL_0125/PHP02,9.943299272718999
2024,onh3,GEMS-0227_FBLL_0133/PHP02,9.943299272718999
2024,onh3,GEMS-0227_FBLL_0134/PHP02,9.943299272718999
2024,onh3,GEMS-0227_FBLL_0140/PHP02,9.943299272718999
2024,onh3,GEMS-0227_FBLL_0141/PHP02,9.943299272718999
2024,onh3,GEMS-0227_PHB47_0001/PHP02,9.943299272718999
2024,onh3,GEMS-0227_PHB47_0002/PHP02,9.943299272718999
2024,onh3,GEMS-0227_PHB47_0003/PHP02,9.943299272718999
2024,onh3,GEMS-0227_PHB47_0004/PHP02,9.943299272718999
2024,onh3,GEMS-0227_PHB47_0007/PHP02,9.943299272718999
2024,onh3,GEMS-0227_PHB47_0009/PHP02,9.943299272718999
2024,onh3,GEMS-0227_PHB47_0011/PHP02,9.943299272718999
2024,onh3,GEMS-0227_PHB47_0012/PHP02,9.943299272718999
2024,onh3,GEMS-0227_PHB47_0014/PHP02,9.943299272718999
2024,onh3,GEMS-0227_PHB47_0022/PHP02,9.943299272718999
2024,onh3,GEMS-0227_PHB47_0024/PHP02,9.943299272718999
2024,onh3,GEMS-0227_PHB47_0025/PHP02,9.943299272718999
2024,onh3,GEMS-0227_PHB47_0026/PHP02,9.943299272718999
2024,onh3,GEMS-0227_PHBW8_0001/PHP02,9.943299272718999
2024,onh3,GEMS-0227_PHBW8_0002/PHP02,9.943299272718999
2024,onh3,GEMS-0227_PHBW8_0004/PHP02,9.943299272718999
2024,onh3,GEMS-0227_PHBW8_0007/PHP02,9.943299272718999
2024,onh3,GEMS-0227_PHBW8_0009/PHP02,9.943299272718999
2024,onh3,GEMS-0227_PHBW8_0010/PHP02,9.943299272718999
2024,onh3,GEMS-0227_PHBW8_0011/PHP02,9.943299272718999
2024,onh3,GEMS-0227_PHBW8_0012/PHP02,9.943299272718999
2024,onh3,GEMS-0227_PHBW8_0013/PHP02,9.943299272718999
2024,onh3,GEMS-0227_PHBW8_0015/PHP02,9.943299272718999
2024,onh3,GEMS-0227_PHBW8_0017/PHP02,9.943299272718999
2024,onh3,GEMS-0227_PHBW8_0019/PHP02,9.943299272718999
2024,onh3,GEMS-0227_PHBW8_0020/PHP02,9.943299272718999
2024,onh3,GEMS-0227_PHBW8_0022/PHP02,9.943299272718999
2024,onh3,GEMS-0227_PHBW8_0024/PHP02,9.943299272718999
2024,onh3,LH132/PHP02,9.860299090368175
2024,onh3,LH146HT/PHP02,9.943299272718999
2024,onh3,LH193/PHP02,9.943299272718999
2024,onh3,LH195/PHP02,9.8658366215342
2024,onh3,LH195/PHZ51,9.50390650501845
2024,onh3,LH197/PHP02,9.943299272718999
2024,onh3,LH200/PHP02,9.943299272718999
2024,onh3,LH204/PHP02,9.943299272718999
2024,onh3,LH224/PHP02,9.943299272718999
2024,onh3,LH225/PHP02,9.943299272718999
2024,onh3,LH226HT/PHP02,9.943299272718999
2024,onh3,LH228/PHP02,9.943299272718999
2024,onh3,LH231/PHP02,9.943299272718999
2024,onh3,LH234/PHP02,9.943299272718999
2024,onh3,LH235/PHP02,9.943299272718999
2024,onh3,LH236/PHP02,9.943299272718999
2024,onh3,LH237/PHP02,9.943299272718999
2024,onh3,LH238/PHP02,9.943299272718999
2024,onh3,LH244/PHK76,9.632238573314948
2024,onh3,LH244/PHP02,9.943299272718999
2024,onh3,LH264/PHP02,9.943299272718999
2024,onh3,LH286/PHP02,9.943299272718999
2024,onh3,LH287/LH244,11.60850877068627
2024,onh3,LH292/PHP02,9.943299272718999
2024,onh3,LH82/LH244,9.818350272748605
2024,onh3,MM501D/LH244,11.082358083825822
2024,onh3,NKH8431/PHP02,9.943299272718999
2024,onh3,PH05F/PHP02,9.943299272718999
2024,onh3,PH05G/PHP02,9.943299272718999
2024,onh3,PH05W/PHP02,9.943299272718999
2024,onh3,PH06N/PHP02,9.943299272718999
2024,onh3,PH07D/PHP02,9.943299272718999
2024,onh3,PH080/PHP02,9.943299272718999
2024,onh3,PH08A/PHP02,9.943299272718999
2024,onh3,PH09B/PHP02,9.943299272718999
2024,onh3,PH09E/PHP02,9.943299272718999
2024,onh3,PH0B4/PHP02,9.943299272718999
2024,onh3,PH0GP/PHP02,9.943299272718999
2024,onh3,PH19V/PHP02,9.943299272718999
2024,onh3,PH1GC/PHP02,9.943299272718999
2024,onh3,PH1TB/PHP02,9.943299272718999
2024,onh3,PH1W2/PHP02,9.943299272718999
2024,onh3,PH24E/LH244,10.97976610578671
2024,onh3,PH24M/PHP02,9.943299272718999
2024,onh3,PH37C/PHP02,9.943299272718999
2024,onh3,PH38D/PHP02,9.943299272718999
2024,onh3,PH42B/PHP02,9.943299272718999
2024,onh3,PH44A/PHP02,9.943299272718999
2024,onh3,PH55C/PHP02,9.943299272718999
2024,onh3,PH63A/PHP02,9.943299272718999
2024,onh3,PH79A/PHP02,9.943299272718999
2024,onh3,PHB47/PHN82,10.61351971603056
2024,onh3,PHB47/PHZ51,9.515597713324778
2024,onh3,PHDG1/PHP02,9.943299272718999
2024,onh3,PHEW7/PHP02,9.943299272718999
2024,onh3,PHG29/PHG47,8.95400872410274
2024,onh3,PHG39/PHN82,10.607578591612839
2024,onh3,PHHB9/PHP02,9.943299272718999
2024,onh3,PHJ40/PHAJ0,6.564405731327188
2024,onh3,PHJ89/LH244,10.644280249908867
2024,onh3,PHK56/LH244,11.107903721823766
2024,onh3,PHKV0/PHP02,9.943299272718999
2024,onh3,PHN41/PHP02,9.943299272718999
2024,onh3,PHN46/LH244,9.459089723976685
2024,onh3,PHN66/PHP02,9.943299272718999
2024,onh3,PHP02/LH244,11.050372133267341
2024,onh3,PHP38/PHP02,9.943299272718999
2024,onh3,PHPR5/PHP02,9.943299272718999
2024,onh3,PHR03/LH244,10.909820193429546
2024,onh3,PHR61/PHP02,9.943299272718999
2024,onh3,PHRE1/PHTD5,7.238955547652054
2024,onh3,PHT10/PHP02,9.943299272718999
2024,onh3,PHT11/PHP02,9.943299272718999
2024,onh3,PHT47/PHP02,9.943299272718999
2024,onh3,PHTP9/PHP02,9.943299272718999
2024,onh3,PHTV7/PHP02,9.943299272718999
2024,onh3,PHV37/PHP02,9.943299272718999
2024,onh3,PHW30/LH244,10.880122516141958
2024,onh3,PHW52/PHM49,9.961912358984764
2024,onh3,PHW52/PHP02,9.943299272718999
2024,onh3,TX777/LH195,9.252092121951224
2024,onh3,W10004_0018/PHP02,9.828228825824864
2024,onh3,W10004_0031/PHP02,11.045946111188107
2024,onh3,W10004_0034/PHP02,10.85271391097101
2024,onh3,W10004_0055/PHP02,11.007432147015841
2024,onh3,W10004_0062/PHP02,9.922735209783966
2024,onh3,W10004_0103/PHP02,10.933039953716655
2024,onh3,W10004_0122/PHP02,10.648859490876596
2024,onh3,W10004_0138/PHP02,10.550360684269716
2024,onh3,W10004_0160/PHP02,10.963810054399207
2024,onh3,W10004_0167/PHP02,10.58604199429429
2024,onh3,W10004_0168/PHP02,10.652844741913237
2024,onh3,W10004_0189/PHP02,10.909820193429546
2024,onh3,W10004_0236/PHP02,10.644711526834978
2024,onh3,W10004_0258/PHP02,11.107903721823766
2024,onh3,W10004_0311/PHP02,10.138976869107225
2024,onh3,W10004_0346/PHP02,10.919749398359913
2024,onh3,W10004_0389/PHP02,10.632618100897425
2024,onh3,W10004_0403/PHP02,10.76181838786432
2024,onh3,W10004_0409/PHP02,11.24738335739809
2024,onh3,W10004_0412/PHP02,10.700482556054311
2024,onh3,W10004_0476/PHP02,10.015805210901163
2024,onh3,W10004_0601/PHP02,10.652844741913237
2024,onh3,W10004_0608/PHP02,9.776532927126633
2024,onh3,W10004_0637/PHP02,10.933039953716655
2024,onh3,W10004_0658/PHP02,11.455681256457979
2024,onh3,W10004_0688/PHP02,10.488329758673833
2024,onh3,W10004_0691/PHP02,9.41563790002637
2024,onh3,W10004_0714/PHP02,10.652844741913237
2024,onh3,W10004_0715/PHP02,10.700482556054311
2024,onh3,W10004_0747/PHP02,10.988018937435221
2024,onh3,W10004_0754/PHP02,10.690205469093398
2024,onh3,W10004_0771/PHP02,10.849710283313197
2024,onh3,W10004_0776/PHP02,10.690205469093398
2024,onh3,W10004_0801/PHP02,10.966220881107498
2024,onh3,W10004_0858/PHP02,10.709429686611278
2024,onh3,W10004_0866/PHP02,10.97976610578671
2024,onh3,W10004_0949/PHP02,11.455681256457979
2024,onh3,W10004_1014/PHP02,10.644280249908867
2024,onh3,W10004_1018/PHP02,10.505845523405386
2024,onh3,W10004_1080/PHP02,11.04506160190597
2024,onh3,WQCD10/PHP02,9.943299272718999
2024,onh3,ZS01459/PHP02,9.943299272718999
2024,onh3,ZS0510/PHP02,9.943299272718999
2024,sch1,01CSI6/LH287,4.9812107987869965
2024,sch1,01DIB2/LH287,4.9812107987869965
2024,sch1,2369/LH123HT,5.587044787865402
2024,sch1,2FACC/LH287,4.9812107987869965
2024,sch1,6F629/LH287,4.9812107987869965
2024,sch1,B14A/OH43,5.118677080408366
2024,sch1,B37/H95,5.011444591194886
2024,sch1,B73/MO17,5.346063314930915
2024,sch1,B73/PHN82,5.591044496405765
2024,sch1,CG119/CG108,3.804205183416551
2024,sch1,CG44/CGR01,5.113272595036842
2024,sch1,DK3IIH6/LH244,5.261590248679559
2024,sch1,FBLA/LH287,4.9812107987869965
2024,sch1,GEMS-0061_3AZA1_0001/LH287,4.9812107987869965
2024,sch1,GEMS-0061_3AZA1_0005/LH287,4.9812107987869965
2024,sch1,GEMS-0061_3AZA1_0006/LH287,4.9812107987869965
2024,sch1,GEMS-0061_3AZA1_0009/LH287,4.9812107987869965
2024,sch1,GEMS-0061_3AZA1_0010/LH287,4.9812107987869965
2024,sch1,GEMS-0061_3AZA1_0012/LH287,4.9812107987869965
2024,sch1,GEMS-0061_3AZA1_0014/LH287,4.9812107987869965
2024,sch1,GEMS-0061_3AZA1_0015/LH287,4.9812107987869965
2024,sch1,GEMS-0061_3AZA1_0021/LH287,4.9812107987869965
2024,sch1,GEMS-0061_3AZA1_0023/LH287,4.9812107987869965
2024,sch1,GEMS-0061_FBLL_0002/LH287,4.9812107987869965
2024,sch1,GEMS-0061_FBLL_0004/LH287,4.9812107987869965
2024,sch1,GEMS-0061_FBLL_0005/LH287,4.9812107987869965
2024,sch1,GEMS-0061_FBLL_0007/LH287,4.9812107987869965
2024,sch1,GEMS-0061_FBLL_0008/LH287,4.9812107987869965
2024,sch1,GEMS-0061_FBLL_0010/LH287,4.9812107987869965
2024,sch1,GEMS-0061_FBLL_0011/LH287,4.9812107987869965
2024,sch1,GEMS-0061_FBLL_0015/LH287,4.9812107987869965
2024,sch1,GEMS-0061_FBLL_0016/LH287,4.9812107987869965
2024,sch1,GEMS-0061_FBLL_0017/LH287,4.9812107987869965
2024,sch1,GEMS-0061_FBLL_0018/LH287,4.9812107987869965
2024,sch1,GEMS-0061_FBLL_0022/LH287,4.9812107987869965
2024,sch1,GEMS-0061_FBLL_0024/LH287,4.9812107987869965
2024,sch1,GEMS-0061_FBLL_0025/LH287,4.9812107987869965
2024,sch1,GEMS-0061_FBLL_0026/LH287,4.9812107987869965
2024,sch1,GEMS-0061_FBLL_0029/LH287,4.9812107987869965
2024,sch1,GEMS-0061_FBLL_0031/LH287,4.9812107987869965
2024,sch1,GEMS-0061_FBLL_0032/LH287,4.9812107987869965
2024,sch1,GEMS-0061_FBLL_0033/LH287,4.9812107987869965
2024,sch1,GEMS-0061_FBLL_0034/LH287,4.9812107987869965
2024,sch1,GEMS-0061_FBLL_0037/LH287,4.9812107987869965
2024,sch1,GEMS-0061_FBLL_0038/LH287,4.9812107987869965
2024,sch1,GEMS-0061_FBLL_0039/LH287,4.9812107987869965
2024,sch1,GEMS-0061_FBLL_0040/LH287,4.9812107987869965
2024,sch1,GEMS-0061_FBLL_0047/LH287,4.9812107987869965
2024,sch1,GEMS-0061_FBLL_0050/LH287,4.9812107987869965
2024,sch1,GEMS-0113_3AZA1_0003/LH287,4.9812107987869965
2024,sch1,GEMS-0113_3AZA1_0005/LH287,4.9812107987869965
2024,sch1,GEMS-0113_3AZA1_0008/LH287,4.9812107987869965
2024,sch1,GEMS-0113_3AZA1_0010/LH287,4.9812107987869965
2024,sch1,GEMS-0113_3AZA1_0011/LH287,4.9812107987869965
2024,sch1,GEMS-0113_3AZA1_0013/LH287,4.9812107987869965
2024,sch1,GEMS-0113_3AZA1_0015/LH287,4.9812107987869965
2024,sch1,GEMS-0113_3AZA1_0016/LH287,4.9812107987869965
2024,sch1,GEMS-0113_3AZA1_0017/LH287,4.9812107987869965
2024,sch1,GEMS-0113_3AZA1_0018/LH287,4.9812107987869965
2024,sch1,GEMS-0113_3AZA1_0019/LH287,4.9812107987869965
2024,sch1,GEMS-0113_3AZA1_0021/LH287,4.9812107987869965
2024,sch1,GEMS-0113_3AZA1_0023/LH287,4.9812107987869965
2024,sch1,GEMS-0113_3AZA1_0024/LH287,4.9812107987869965
2024,sch1,GEMS-0113_3AZA1_0026/LH287,4.9812107987869965
2024,sch1,GEMS-0113_3AZA1_0027/LH287,4.9812107987869965
2024,sch1,GEMS-0113_3AZA1_0028/LH287,4.9812107987869965
2024,sch1,GEMS-0113_3AZA1_0029/LH287,4.9812107987869965
2024,sch1,GEMS-0113_3AZA1_0038/LH287,4.9812107987869965
2024,sch1,GEMS-0113_FBLL_0002/LH287,4.9812107987869965
2024,sch1,GEMS-0113_FBLL_0003/LH287,4.9812107987869965
2024,sch1,GEMS-0113_FBLL_0004/LH287,4.9812107987869965
2024,sch1,GEMS-0113_FBLL_0005/LH287,4.9812107987869965
2024,sch1,GEMS-0113_FBLL_0007/LH287,4.9812107987869965
2024,sch1,GEMS-0113_FBLL_0008/LH287,4.9812107987869965
2024,sch1,GEMS-0113_FBLL_0011/LH287,4.9812107987869965
2024,sch1,GEMS-0113_FBLL_0015/LH287,4.9812107987869965
2024,sch1,GEMS-0113_PHB47_0001/LH287,4.9812107987869965
2024,sch1,GEMS-0113_PHB47_0003/LH287,4.9812107987869965
2024,sch1,GEMS-0113_PHB47_0004/LH287,4.9812107987869965
2024,sch1,GEMS-0113_PHB47_0005/LH287,4.9812107987869965
2024,sch1,GEMS-0113_PHB47_0006/LH287,4.9812107987869965
2024,sch1,GEMS-0113_PHB47_0007/LH287,4.9812107987869965
2024,sch1,GEMS-0113_PHB47_0009/LH287,4.9812107987869965
2024,sch1,GEMS-0113_PHB47_0011/LH287,4.9812107987869965
2024,sch1,GEMS-0113_PHB47_0012/LH287,4.9812107987869965
2024,sch1,GEMS-0113_PHB47_0013/LH287,4.9812107987869965
2024,sch1,GEMS-0113_PHB47_0014/LH287,4.9812107987869965
2024,sch1,GEMS-0113_PHB47_0015/LH287,4.9812107987869965
2024,sch1,GEMS-0113_PHB47_0017/LH287,4.9812107987869965
2024,sch1,GEMS-0113_PHB47_0020/LH287,4.9812107987869965
2024,sch1,GEMS-0113_PHB47_0021/LH287,4.9812107987869965
2024,sch1,GEMS-0113_PHBW8_0001/LH287,4.9812107987869965
2024,sch1,GEMS-0113_PHBW8_0005/LH287,4.9812107987869965
2024,sch1,GEMS-0113_PHBW8_0006/LH287,4.9812107987869965
2024,sch1,GEMS-0113_PHBW8_0007/LH287,4.9812107987869965
2024,sch1,GEMS-0113_PHBW8_0008/LH287,4.9812107987869965
2024,sch1,GEMS-0113_PHBW8_0009/LH287,4.9812107987869965
2024,sch1,GEMS-0113_PHBW8_0012/LH287,4.9812107987869965
2024,sch1,GEMS-0113_PHBW8_0013/LH287,4.9812107987869965
2024,sch1,GEMS-0113_PHBW8_0017/LH287,4.9812107987869965
2024,sch1,GEMS-0219_3AZA1_0001/LH287,4.9812107987869965
2024,sch1,GEMS-0219_3AZA1_0003/LH287,4.9812107987869965
2024,sch1,GEMS-0219_3AZA1_0004/LH287,4.9812107987869965
2024,sch1,GEMS-0219_3AZA1_0005/LH287,4.9812107987869965
2024,sch1,GEMS-0219_3AZA1_0007/LH287,4.9812107987869965
2024,sch1,GEMS-0219_3AZA1_0008/LH287,4.9812107987869965
2024,sch1,GEMS-0219_3AZA1_0009/LH287,4.9812107987869965
2024,sch1,GEMS-0219_3AZA1_0010/LH287,4.9812107987869965
2024,sch1,GEMS-0219_3AZA1_0014/LH287,4.9812107987869965
2024,sch1,GEMS-0219_FBLL_0002/LH287,4.9812107987869965
2024,sch1,GEMS-0219_FBLL_0003/LH287,4.9812107987869965
2024,sch1,GEMS-0219_FBLL_0004/LH287,4.9812107987869965
2024,sch1,GEMS-0219_FBLL_0006/LH287,4.9812107987869965
2024,sch1,GEMS-0219_FBLL_0010/LH287,4.9812107987869965
2024,sch1,GEMS-0219_FBLL_0011/LH287,4.9812107987869965
2024,sch1,GEMS-0219_FBLL_0012/LH287,4.9812107987869965
2024,sch1,GEMS-0219_FBLL_0013/LH287,4.9812107987869965
2024,sch1,GEMS-0219_FBLL_0014/LH287,4.9812107987869965
2024,sch1,GEMS-0219_FBLL_0015/LH287,4.9812107987869965
2024,sch1,GEMS-0219_FBLL_0017/LH287,4.9812107987869965
2024,sch1,GEMS-0219_FBLL_0018/LH287,4.9812107987869965
2024,sch1,GEMS-0219_FBLL_0019/LH287,4.9812107987869965
2024,sch1,GEMS-0219_FBLL_0020/LH287,4.9812107987869965
2024,sch1,GEMS-0219_FBLL_0022/LH287,4.9812107987869965
2024,sch1,GEMS-0219_FBLL_0023/LH287,4.9812107987869965
2024,sch1,GEMS-0219_FBLL_0025/LH287,4.9812107987869965
2024,sch1,GEMS-0219_FBLL_0027/LH287,4.9812107987869965
2024,sch1,GEMS-0219_FBLL_0030/LH287,4.9812107987869965
2024,sch1,GEMS-0219_PHB47_0002/LH287,4.9812107987869965
2024,sch1,GEMS-0219_PHB47_0005/LH287,4.9812107987869965
2024,sch1,GEMS-0219_PHB47_0014/LH287,4.9812107987869965
2024,sch1,GEMS-0219_PHB47_0017/LH287,4.9812107987869965
2024,sch1,GEMS-0219_PHBW8_0001/LH287,4.9812107987869965
2024,sch1,GEMS-0219_PHBW8_0006/LH287,4.9812107987869965
2024,sch1,GEMS-0219_PHBW8_0008/LH287,4.9812107987869965
2024,sch1,GEMS-0219_PHBW8_0009/LH287,4.9812107987869965
2024,sch1,GEMS-0219_PHBW8_0011/LH287,4.9812107987869965
2024,sch1,GEMS-0227_3AZA1_0001/LH287,4.9812107987869965
2024,sch1,GEMS-0227_3AZA1_0002/LH287,4.9812107987869965
2024,sch1,GEMS-0227_3AZA1_0005/LH287,4.9812107987869965
2024,sch1,GEMS-0227_3AZA1_0006/LH287,4.9812107987869965
2024,sch1,GEMS-0227_3AZA1_0007/LH287,4.9812107987869965
2024,sch1,GEMS-0227_3AZA1_0009/LH287,4.9812107987869965
2024,sch1,GEMS-0227_3AZA1_0011/LH287,4.9812107987869965
2024,sch1,GEMS-0227_3AZA1_0012/LH287,4.9812107987869965
2024,sch1,GEMS-0227_3AZA1_0013/LH287,4.9812107987869965
2024,sch1,GEMS-0227_3AZA1_0014/LH287,4.9812107987869965
2024,sch1,GEMS-0227_3AZA1_0015/LH287,4.9812107987869965
2024,sch1,GEMS-0227_3AZA1_0016/LH287,4.9812107987869965
2024,sch1,GEMS-0227_3AZA1_0017/LH287,4.9812107987869965
2024,sch1,GEMS-0227_3AZA1_0019/LH287,4.9812107987869965
2024,sch1,GEMS-0227_3AZA1_0021/LH287,4.9812107987869965
2024,sch1,GEMS-0227_3AZA1_0022/LH287,4.9812107987869965
2024,sch1,GEMS-0227_3AZA1_0023/LH287,4.9812107987869965
2024,sch1,GEMS-0227_3AZA1_0024/LH287,4.9812107987869965
2024,sch1,GEMS-0227_3AZA1_0032/LH287,4.9812107987869965
2024,sch1,GEMS-0227_3AZA1_0034/LH287,4.9812107987869965
2024,sch1,GEMS-0227_3AZA1_0035/LH287,4.9812107987869965
2024,sch1,GEMS-0227_3AZA1_0041/LH287,4.9812107987869965
2024,sch1,GEMS-0227_3AZA1_0043/LH287,4.9812107987869965
2024,sch1,GEMS-0227_3AZA1_0045/LH287,4.9812107987869965
2024,sch1,GEMS-0227_3AZA1_0048/LH287,4.9812107987869965
2024,sch1,GEMS-0227_3AZA1_0049/LH287,4.9812107987869965
2024,sch1,GEMS-0227_FBLL_0002/LH287,4.9812107987869965
2024,sch1,GEMS-0227_FBLL_0003/LH287,4.9812107987869965
2024,sch1,GEMS-0227_FBLL_0004/LH287,4.9812107987869965
2024,sch1,GEMS-0227_FBLL_0007/LH287,4.9812107987869965
2024,sch1,GEMS-0227_FBLL_0008/LH287,4.9812107987869965
2024,sch1,GEMS-0227_FBLL_0009/LH287,4.9812107987869965
2024,sch1,GEMS-0227_FBLL_0010/LH287,4.9812107987869965
2024,sch1,GEMS-0227_FBLL_0013/LH287,4.9812107987869965
2024,sch1,GEMS-0227_FBLL_0015/LH287,4.9812107987869965
2024,sch1,GEMS-0227_FBLL_0016/LH287,4.9812107987869965
2024,sch1,GEMS-0227_FBLL_0019/LH287,4.9812107987869965
2024,sch1,GEMS-0227_FBLL_0020/LH287,4.9812107987869965
2024,sch1,GEMS-0227_FBLL_0021/LH287,4.9812107987869965
2024,sch1,GEMS-0227_FBLL_0023/LH287,4.9812107987869965
2024,sch1,GEMS-0227_FBLL_0024/LH287,4.9812107987869965
2024,sch1,GEMS-0227_FBLL_0025/LH287,4.9812107987869965
2024,sch1,GEMS-0227_FBLL_0026/LH287,4.9812107987869965
2024,sch1,GEMS-0227_FBLL_0027/LH287,4.9812107987869965
2024,sch1,GEMS-0227_FBLL_0028/LH287,4.9812107987869965
2024,sch1,GEMS-0227_FBLL_0029/LH287,4.9812107987869965
2024,sch1,GEMS-0227_FBLL_0030/LH287,4.9812107987869965
2024,sch1,GEMS-0227_FBLL_0031/LH287,4.9812107987869965
2024,sch1,GEMS-0227_FBLL_0033/LH287,4.9812107987869965
2024,sch1,GEMS-0227_FBLL_0034/LH287,4.9812107987869965
2024,sch1,GEMS-0227_FBLL_0035/LH287,4.9812107987869965
2024,sch1,GEMS-0227_FBLL_0036/LH287,4.9812107987869965
2024,sch1,GEMS-0227_FBLL_0037/LH287,4.9812107987869965
2024,sch1,GEMS-0227_FBLL_0038/LH287,4.9812107987869965
2024,sch1,GEMS-0227_FBLL_0039/LH287,4.9812107987869965
2024,sch1,GEMS-0227_FBLL_0040/LH287,4.9812107987869965
2024,sch1,GEMS-0227_FBLL_0041/LH287,4.9812107987869965
2024,sch1,GEMS-0227_FBLL_0042/LH287,4.9812107987869965
2024,sch1,GEMS-0227_FBLL_0046/LH287,4.9812107987869965
2024,sch1,GEMS-0227_FBLL_0047/LH287,4.9812107987869965
2024,sch1,GEMS-0227_FBLL_0049/LH287,4.9812107987869965
2024,sch1,GEMS-0227_FBLL_0050/LH287,4.9812107987869965
2024,sch1,GEMS-0227_FBLL_0051/LH287,4.9812107987869965
2024,sch1,GEMS-0227_FBLL_0053/LH287,4.9812107987869965
2024,sch1,GEMS-0227_FBLL_0054/LH287,4.9812107987869965
2024,sch1,GEMS-0227_FBLL_0055/LH287,4.9812107987869965
2024,sch1,GEMS-0227_FBLL_0056/LH287,4.9812107987869965
2024,sch1,GEMS-0227_FBLL_0057/LH287,4.9812107987869965
2024,sch1,GEMS-0227_FBLL_0059/LH287,4.9812107987869965
2024,sch1,GEMS-0227_FBLL_0062/LH287,4.9812107987869965
2024,sch1,GEMS-0227_FBLL_0063/LH287,4.9812107987869965
2024,sch1,GEMS-0227_FBLL_0064/LH287,4.9812107987869965
2024,sch1,GEMS-0227_FBLL_0066/LH287,4.9812107987869965
2024,sch1,GEMS-0227_FBLL_0067/LH287,4.9812107987869965
2024,sch1,GEMS-0227_FBLL_0068/LH287,4.9812107987869965
2024,sch1,GEMS-0227_FBLL_0070/LH287,4.9812107987869965
2024,sch1,GEMS-0227_FBLL_0071/LH287,4.9812107987869965
2024,sch1,GEMS-0227_FBLL_0072/LH287,4.9812107987869965
2024,sch1,GEMS-0227_FBLL_0073/LH287,4.9812107987869965
2024,sch1,GEMS-0227_FBLL_0074/LH287,4.9812107987869965
2024,sch1,GEMS-0227_FBLL_0075/LH287,4.9812107987869965
2024,sch1,GEMS-0227_FBLL_0077/LH287,4.9812107987869965
2024,sch1,GEMS-0227_FBLL_0079/LH287,4.9812107987869965
2024,sch1,GEMS-0227_FBLL_0080/LH287,4.9812107987869965
2024,sch1,GEMS-0227_FBLL_0082/LH287,4.9812107987869965
2024,sch1,GEMS-0227_FBLL_0084/LH287,4.9812107987869965
2024,sch1,GEMS-0227_FBLL_0085/LH287,4.9812107987869965
2024,sch1,GEMS-0227_FBLL_0086/LH287,4.9812107987869965
2024,sch1,GEMS-0227_FBLL_0087/LH287,4.9812107987869965
2024,sch1,GEMS-0227_FBLL_0089/LH287,4.9812107987869965
2024,sch1,GEMS-0227_FBLL_0090/LH287,4.9812107987869965
2024,sch1,GEMS-0227_FBLL_0093/LH287,4.9812107987869965
2024,sch1,GEMS-0227_FBLL_0094/LH287,4.9812107987869965
2024,sch1,GEMS-0227_FBLL_0095/LH287,4.9812107987869965
2024,sch1,GEMS-0227_FBLL_0097/LH287,4.9812107987869965
2024,sch1,GEMS-0227_FBLL_0101/LH287,4.9812107987869965
2024,sch1,GEMS-0227_FBLL_0102/LH287,4.9812107987869965
2024,sch1,GEMS-0227_FBLL_0105/LH287,4.9812107987869965
2024,sch1,GEMS-0227_FBLL_0106/LH287,4.9812107987869965
2024,sch1,GEMS-0227_FBLL_0107/LH287,4.9812107987869965
2024,sch1,GEMS-0227_FBLL_0110/LH287,4.9812107987869965
2024,sch1,GEMS-0227_FBLL_0111/LH287,4.9812107987869965
2024,sch1,GEMS-0227_FBLL_0115/LH287,4.9812107987869965
2024,sch1,GEMS-0227_FBLL_0118/LH287,4.9812107987869965
2024,sch1,GEMS-0227_FBLL_0121/LH287,4.9812107987869965
2024,sch1,GEMS-0227_FBLL_0124/LH287,4.9812107987869965
2024,sch1,GEMS-0227_FBLL_0125/LH287,4.9812107987869965
2024,sch1,GEMS-0227_FBLL_0127/LH287,4.9812107987869965
2024,sch1,GEMS-0227_FBLL_0133/LH287,4.9812107987869965
2024,sch1,GEMS-0227_FBLL_0136/LH287,4.9812107987869965
2024,sch1,GEMS-0227_FBLL_0140/LH287,4.9812107987869965
2024,sch1,GEMS-0227_FBLL_0141/LH287,4.9812107987869965
2024,sch1,GEMS-0227_PHB47_0001/LH287,4.9812107987869965
2024,sch1,GEMS-0227_PHB47_0002/LH287,4.9812107987869965
2024,sch1,GEMS-0227_PHB47_0003/LH287,4.9812107987869965
2024,sch1,GEMS-0227_PHB47_0007/LH287,4.9812107987869965
2024,sch1,GEMS-0227_PHB47_0010/LH287,4.9812107987869965
2024,sch1,GEMS-0227_PHB47_0014/LH287,4.9812107987869965
2024,sch1,GEMS-0227_PHB47_0016/LH287,4.9812107987869965
2024,sch1,GEMS-0227_PHB47_0025/LH287,4.9812107987869965
2024,sch1,GEMS-0227_PHB47_0026/LH287,4.9812107987869965
2024,sch1,GEMS-0227_PHBW8_0001/LH287,4.9812107987869965
2024,sch1,GEMS-0227_PHBW8_0002/LH287,4.9812107987869965
2024,sch1,GEMS-0227_PHBW8_0003/LH287,4.9812107987869965
2024,sch1,GEMS-0227_PHBW8_0005/LH287,4.9812107987869965
2024,sch1,GEMS-0227_PHBW8_0006/LH287,4.9812107987869965
2024,sch1,GEMS-0227_PHBW8_0007/LH287,4.9812107987869965
2024,sch1,GEMS-0227_PHBW8_0009/LH287,4.9812107987869965
2024,sch1,GEMS-0227_PHBW8_0011/LH287,4.9812107987869965
2024,sch1,GEMS-0227_PHBW8_0012/LH287,4.9812107987869965
2024,sch1,GEMS-0227_PHBW8_0015/LH287,4.9812107987869965
2024,sch1,GEMS-0227_PHBW8_0016/LH287,4.9812107987869965
2024,sch1,GEMS-0227_PHBW8_0018/LH287,4.9812107987869965
2024,sch1,GEMS-0227_PHBW8_0019/LH287,4.9812107987869965
2024,sch1,GEMS-0227_PHBW8_0021/LH287,4.9812107987869965
2024,sch1,GEMS-0227_PHBW8_0022/LH287,4.9812107987869965
2024,sch1,GEMS-0227_PHBW8_0024/LH287,4.9812107987869965
2024,sch1,LH192/LH287,4.9812107987869965
2024,sch1,LH193/LH287,4.9812107987869965
2024,sch1,LH194/LH287,4.9812107987869965
2024,sch1,LH195/LH287,4.9812107987869965
2024,sch1,LH195/PHZ51,5.115339201512102
2024,sch1,LH197/LH287,4.9812107987869965
2024,sch1,LH198/LH287,4.9812107987869965
2024,sch1,LH204/LH287,4.9812107987869965
2024,sch1,LH220HT/LH287,4.9812107987869965
2024,sch1,LH225/LH287,4.9812107987869965
2024,sch1,LH226HT/LH287,4.9812107987869965
2024,sch1,LH228/LH287,4.9812107987869965
2024,sch1,LH231/LH287,4.9812107987869965
2024,sch1,LH234/LH287,4.9812107987869965
2024,sch1,LH235/LH287,4.9812107987869965
2024,sch1,LH236/LH287,4.9812107987869965
2024,sch1,LH237/LH287,4.9812107987869965
2024,sch1,LH238/LH287,4.9812107987869965
2024,sch1,LH244/PHK76,5.192939069335415
2024,sch1,LH273/LH287,4.9812107987869965
2024,sch1,LH286/LH287,4.9812107987869965
2024,sch1,LH287/LH244,6.387335309091465
2024,sch1,LH292/LH287,4.9812107987869965
2024,sch1,LH82/LH244,4.983800981643279
2024,sch1,MM501D/LH244,5.261590248679559
2024,sch1,PH05W/LH287,4.9812107987869965
2024,sch1,PH07D/LH287,4.9812107987869965
2024,sch1,PH080/LH287,4.9812107987869965
2024,sch1,PH08A/LH287,4.9812107987869965
2024,sch1,PH09B/LH287,4.9812107987869965
2024,sch1,PH09E/LH287,4.9812107987869965
2024,sch1,PH0B4/LH287,4.9812107987869965
2024,sch1,PH0GP/LH287,4.9812107987869965
2024,sch1,PH12C/LH287,4.9812107987869965
2024,sch1,PH19V/LH287,4.9812107987869965
2024,sch1,PH1CA/LH287,4.9812107987869965
2024,sch1,PH1GC/LH287,4.9812107987869965
2024,sch1,PH1GG/LH287,4.9812107987869965
2024,sch1,PH24E/LH244,5.361605901417506
2024,sch1,PH24M/LH287,4.9812107987869965
2024,sch1,PH37C/LH287,4.9812107987869965
2024,sch1,PH42B/LH287,4.9812107987869965
2024,sch1,PH44A/LH287,4.9812107987869965
2024,sch1,PH55C/LH287,4.9812107987869965
2024,sch1,PH63A/LH287,4.9812107987869965
2024,sch1,PH79A/LH287,4.9812107987869965
2024,sch1,PHB47/PHN82,5.249538147879458
2024,sch1,PHB47/PHZ51,5.022989982909058
2024,sch1,PHEW7/LH287,4.9812107987869965
2024,sch1,PHG29/PHG47,5.129367523968549
2024,sch1,PHG39/PHN82,5.283461988317048
2024,sch1,PHHB9/LH287,4.9812107987869965
2024,sch1,PHJ40/PHAJ0,3.804205183416551
2024,sch1,PHJ89/LH244,5.314709599817581
2024,sch1,PHK56/LH244,5.290377866252866
2024,sch1,PHKV0/LH287,4.9812107987869965
2024,sch1,PHN41/LH287,4.9812107987869965
2024,sch1,PHN46/LH244,5.1085732841399025
2024,sch1,PHN66/LH287,4.9812107987869965
2024,sch1,PHNJ2/LH287,4.9812107987869965
2024,sch1,PHP02/LH244,5.224599514442903
2024,sch1,PHP38/LH287,4.9812107987869965
2024,sch1,PHR03/LH244,5.462952091499938
2024,sch1,PHR61/LH287,4.9812107987869965
2024,sch1,PHRE1/PHTD5,4.557239670395877
2024,sch1,PHT10/LH287,4.9812107987869965
2024,sch1,PHT11/LH287,4.9812107987869965
2024,sch1,PHT47/LH287,4.9812107987869965
2024,sch1,PHTP9/LH287,4.9812107987869965
2024,sch1,PHV37/LH287,4.9812107987869965
2024,sch1,PHVA9/LH287,4.9812107987869965
2024,sch1,PHVJ5/LH287,4.9812107987869965
2024,sch1,PHW30/LH244,5.346063314930915
2024,sch1,PHW52/LH287,4.9812107987869965
2024,sch1,PHW52/PHM49,4.987025172294975
2024,sch1,W10004_0018/LH287,4.9812107987869965
2024,sch1,W10004_0031/LH287,4.9812107987869965
2024,sch1,W10004_0034/LH287,4.9812107987869965
2024,sch1,W10004_0055/LH287,4.9812107987869965
2024,sch1,W10004_0062/LH287,4.9812107987869965
2024,sch1,W10004_0138/LH287,4.9812107987869965
2024,sch1,W10004_0146/LH287,4.9812107987869965
2024,sch1,W10004_0160/LH287,4.9812107987869965
2024,sch1,W10004_0167/LH287,4.9812107987869965
2024,sch1,W10004_0168/LH287,4.9812107987869965
2024,sch1,W10004_0238/LH287,4.9812107987869965
2024,sch1,W10004_0258/LH287,4.9812107987869965
2024,sch1,W10004_0270/LH287,4.9812107987869965
2024,sch1,W10004_0311/LH287,4.9812107987869965
2024,sch1,W10004_0346/LH287,4.9812107987869965
2024,sch1,W10004_0389/LH287,4.9812107987869965
2024,sch1,W10004_0409/LH287,4.9812107987869965
2024,sch1,W10004_0476/LH287,4.9812107987869965
2024,sch1,W10004_0608/LH287,4.9812107987869965
2024,sch1,W10004_0637/LH287,4.9812107987869965
2024,sch1,W10004_0658/LH287,4.9812107987869965
2024,sch1,W10004_0688/LH287,4.9812107987869965
2024,sch1,W10004_0691/LH287,4.9812107987869965
2024,sch1,W10004_0714/LH287,4.9812107987869965
2024,sch1,W10004_0715/LH287,4.9812107987869965
2024,sch1,W10004_0747/LH287,4.9812107987869965
2024,sch1,W10004_0754/LH287,4.9812107987869965
2024,sch1,W10004_0771/LH287,4.9812107987869965
2024,sch1,W10004_0822/LH287,4.9812107987869965
2024,sch1,W10004_0859/LH287,4.9812107987869965
2024,sch1,W10004_0866/LH287,4.9812107987869965
2024,sch1,W10004_1014/LH287,4.9812107987869965
2024,sch1,W10004_1018/LH287,4.9812107987869965
2024,sch1,W10004_1032/LH287,4.9812107987869965
2024,sch1,W10004_1080/LH287,4.9812107987869965
2024,sch1,WQCD10/LH287,4.9812107987869965
2024,txh1,01CSI6/LH287,8.160603340840101
2024,txh1,01DIB2/LH287,8.160603340840101
2024,txh1,2369/LH123HT,9.143279188070403
2024,txh1,B14A/OH43,8.472921074010785
2024,txh1,B37/H95,7.787663758035451
2024,txh1,B73/MO17,8.876876194356528
2024,txh1,B73/PHN82,8.704293037386169
2024,txh1,CG119/CG108,4.173710470102422
2024,txh1,CG44/CGR01,7.493226531511506
2024,txh1,DK3IIH6/LH244,8.7138568644907
2024,txh1,GEMS-0061_3AZA1_0004/LH287,8.160603340840101
2024,txh1,GEMS-0061_3AZA1_0010/LH287,8.160603340840101
2024,txh1,GEMS-0061_3AZA1_0014/LH287,8.160603340840101
2024,txh1,GEMS-0061_3AZA1_0016/LH287,8.160603340840101
2024,txh1,GEMS-0061_3AZA1_0017/LH287,8.160603340840101
2024,txh1,GEMS-0061_FBLL_0002/LH287,8.160603340840101
2024,txh1,GEMS-0061_FBLL_0014/LH287,8.160603340840101
2024,txh1,GEMS-0061_FBLL_0015/LH287,8.160603340840101
2024,txh1,GEMS-0061_FBLL_0017/LH287,8.160603340840101
2024,txh1,GEMS-0061_FBLL_0019/LH287,8.160603340840101
2024,txh1,GEMS-0061_FBLL_0023/LH287,8.160603340840101
2024,txh1,GEMS-0061_FBLL_0026/LH287,8.160603340840101
2024,txh1,GEMS-0061_FBLL_0029/LH287,8.160603340840101
2024,txh1,GEMS-0061_FBLL_0032/LH287,8.160603340840101
2024,txh1,GEMS-0061_FBLL_0035/LH287,8.160603340840101
2024,txh1,GEMS-0061_FBLL_0037/LH287,8.160603340840101
2024,txh1,GEMS-0061_FBLL_0040/LH287,8.160603340840101
2024,txh1,GEMS-0061_FBLL_0042/LH287,8.160603340840101
2024,txh1,GEMS-0061_FBLL_0050/LH287,8.160603340840101
2024,txh1,GEMS-0061_PHB47_0003/LH287,8.160603340840101
2024,txh1,GEMS-0061_PHBW8_0002/LH287,8.160603340840101
2024,txh1,GEMS-0113_3AZA1_0005/LH287,8.160603340840101
2024,txh1,GEMS-0113_3AZA1_0011/LH287,8.160603340840101
2024,txh1,GEMS-0113_3AZA1_0013/LH287,8.160603340840101
2024,txh1,GEMS-0113_3AZA1_0014/LH287,8.160603340840101
2024,txh1,GEMS-0113_3AZA1_0015/LH287,8.160603340840101
2024,txh1,GEMS-0113_3AZA1_0019/LH287,8.160603340840101
2024,txh1,GEMS-0113_3AZA1_0024/LH287,8.160603340840101
2024,txh1,GEMS-0113_3AZA1_0025/LH287,8.160603340840101
2024,txh1,GEMS-0113_3AZA1_0028/LH287,8.160603340840101
2024,txh1,GEMS-0113_FBLL_0002/LH287,8.160603340840101
2024,txh1,GEMS-0113_FBLL_0004/LH287,8.160603340840101
2024,txh1,GEMS-0113_FBLL_0005/LH287,8.160603340840101
2024,txh1,GEMS-0113_FBLL_0008/LH287,8.160603340840101
2024,txh1,GEMS-0113_FBLL_0010/LH287,8.160603340840101
2024,txh1,GEMS-0113_FBLL_0013/LH287,8.160603340840101
2024,txh1,GEMS-0113_PHB47_0001/LH287,8.160603340840101
2024,txh1,GEMS-0113_PHB47_0003/LH287,8.160603340840101
2024,txh1,GEMS-0113_PHB47_0004/LH287,8.160603340840101
2024,txh1,GEMS-0113_PHB47_0005/LH287,8.160603340840101
2024,txh1,GEMS-0113_PHB47_0006/LH287,8.160603340840101
2024,txh1,GEMS-0113_PHB47_0012/LH287,8.160603340840101
2024,txh1,GEMS-0113_PHB47_0013/LH287,8.160603340840101
2024,txh1,GEMS-0113_PHB47_0015/LH287,8.160603340840101
2024,txh1,GEMS-0113_PHB47_0017/LH287,8.160603340840101
2024,txh1,GEMS-0113_PHBW8_0002/LH287,8.160603340840101
2024,txh1,GEMS-0113_PHBW8_0005/LH287,8.160603340840101
2024,txh1,GEMS-0113_PHBW8_0006/LH287,8.160603340840101
2024,txh1,GEMS-0113_PHBW8_0007/LH287,8.160603340840101
2024,txh1,GEMS-0113_PHBW8_0008/LH287,8.160603340840101
2024,txh1,GEMS-0113_PHBW8_0010/LH287,8.160603340840101
2024,txh1,GEMS-0113_PHBW8_0011/LH287,8.160603340840101
2024,txh1,GEMS-0113_PHBW8_0012/LH287,8.160603340840101
2024,txh1,GEMS-0219_3AZA1_0005/LH287,8.160603340840101
2024,txh1,GEMS-0219_3AZA1_0006/LH287,8.160603340840101
2024,txh1,GEMS-0219_3AZA1_0008/LH287,8.160603340840101
2024,txh1,GEMS-0219_3AZA1_0009/LH287,8.160603340840101
2024,txh1,GEMS-0219_3AZA1_0014/LH287,8.160603340840101
2024,txh1,GEMS-0219_FBLL_0004/LH287,8.160603340840101
2024,txh1,GEMS-0219_FBLL_0005/LH287,8.160603340840101
2024,txh1,GEMS-0219_FBLL_0007/LH287,8.160603340840101
2024,txh1,GEMS-0219_FBLL_0008/LH287,8.160603340840101
2024,txh1,GEMS-0219_FBLL_0010/LH287,8.160603340840101
2024,txh1,GEMS-0219_FBLL_0014/LH287,8.160603340840101
2024,txh1,GEMS-0219_FBLL_0018/LH287,8.160603340840101
2024,txh1,GEMS-0219_FBLL_0019/LH287,8.160603340840101
2024,txh1,GEMS-0219_FBLL_0020/LH287,8.160603340840101
2024,txh1,GEMS-0219_PHB47_0001/LH287,8.160603340840101
2024,txh1,GEMS-0219_PHB47_0002/LH287,8.160603340840101
2024,txh1,GEMS-0219_PHB47_0003/LH287,8.160603340840101
2024,txh1,GEMS-0219_PHB47_0004/LH287,8.160603340840101
2024,txh1,GEMS-0219_PHB47_0006/LH287,8.160603340840101
2024,txh1,GEMS-0219_PHBW8_0002/LH287,8.160603340840101
2024,txh1,GEMS-0219_PHBW8_0009/LH287,8.160603340840101
2024,txh1,GEMS-0219_PHBW8_0011/LH287,8.160603340840101
2024,txh1,GEMS-0227_3AZA1_0003/LH287,8.160603340840101
2024,txh1,GEMS-0227_3AZA1_0004/LH287,8.160603340840101
2024,txh1,GEMS-0227_3AZA1_0005/LH287,8.160603340840101
2024,txh1,GEMS-0227_3AZA1_0011/LH287,8.160603340840101
2024,txh1,GEMS-0227_3AZA1_0014/LH287,8.160603340840101
2024,txh1,GEMS-0227_3AZA1_0019/LH287,8.160603340840101
2024,txh1,GEMS-0227_3AZA1_0023/LH287,8.160603340840101
2024,txh1,GEMS-0227_3AZA1_0025/LH287,8.160603340840101
2024,txh1,GEMS-0227_3AZA1_0030/LH287,8.160603340840101
2024,txh1,GEMS-0227_3AZA1_0036/LH287,8.160603340840101
2024,txh1,GEMS-0227_3AZA1_0041/LH287,8.160603340840101
2024,txh1,GEMS-0227_3AZA1_0045/LH287,8.160603340840101
2024,txh1,GEMS-0227_FBLL_0002/LH287,8.160603340840101
2024,txh1,GEMS-0227_FBLL_0004/LH287,8.160603340840101
2024,txh1,GEMS-0227_FBLL_0007/LH287,8.160603340840101
2024,txh1,GEMS-0227_FBLL_0009/LH287,8.160603340840101
2024,txh1,GEMS-0227_FBLL_0013/LH287,8.160603340840101
2024,txh1,GEMS-0227_FBLL_0014/LH287,8.160603340840101
2024,txh1,GEMS-0227_FBLL_0015/LH287,8.160603340840101
2024,txh1,GEMS-0227_FBLL_0019/LH287,8.160603340840101
2024,txh1,GEMS-0227_FBLL_0020/LH287,8.160603340840101
2024,txh1,GEMS-0227_FBLL_0023/LH287,8.160603340840101
2024,txh1,GEMS-0227_FBLL_0024/LH287,8.160603340840101
2024,txh1,GEMS-0227_FBLL_0027/LH287,8.160603340840101
2024,txh1,GEMS-0227_FBLL_0030/LH287,8.160603340840101
2024,txh1,GEMS-0227_FBLL_0031/LH287,8.160603340840101
2024,txh1,GEMS-0227_FBLL_0032/LH287,8.160603340840101
2024,txh1,GEMS-0227_FBLL_0034/LH287,8.160603340840101
2024,txh1,GEMS-0227_FBLL_0035/LH287,8.160603340840101
2024,txh1,GEMS-0227_FBLL_0036/LH287,8.160603340840101
2024,txh1,GEMS-0227_FBLL_0043/LH287,8.160603340840101
2024,txh1,GEMS-0227_FBLL_0044/LH287,8.160603340840101
2024,txh1,GEMS-0227_FBLL_0047/LH287,8.160603340840101
2024,txh1,GEMS-0227_FBLL_0048/LH287,8.160603340840101
2024,txh1,GEMS-0227_FBLL_0049/LH287,8.160603340840101
2024,txh1,GEMS-0227_FBLL_0052/LH287,8.160603340840101
2024,txh1,GEMS-0227_FBLL_0054/LH287,8.160603340840101
2024,txh1,GEMS-0227_FBLL_0055/LH287,8.160603340840101
2024,txh1,GEMS-0227_FBLL_0059/LH287,8.160603340840101
2024,txh1,GEMS-0227_FBLL_0063/LH287,8.160603340840101
2024,txh1,GEMS-0227_FBLL_0064/LH287,8.160603340840101
2024,txh1,GEMS-0227_FBLL_0069/LH287,8.160603340840101
2024,txh1,GEMS-0227_FBLL_0072/LH287,8.160603340840101
2024,txh1,GEMS-0227_FBLL_0073/LH287,8.160603340840101
2024,txh1,GEMS-0227_FBLL_0075/LH287,8.160603340840101
2024,txh1,GEMS-0227_FBLL_0077/LH287,8.160603340840101
2024,txh1,GEMS-0227_FBLL_0078/LH287,8.160603340840101
2024,txh1,GEMS-0227_FBLL_0085/LH287,8.160603340840101
2024,txh1,GEMS-0227_FBLL_0090/LH287,8.160603340840101
2024,txh1,GEMS-0227_FBLL_0101/LH287,8.160603340840101
2024,txh1,GEMS-0227_FBLL_0104/LH287,8.160603340840101
2024,txh1,GEMS-0227_FBLL_0106/LH287,8.160603340840101
2024,txh1,GEMS-0227_FBLL_0110/LH287,8.160603340840101
2024,txh1,GEMS-0227_FBLL_0111/LH287,8.160603340840101
2024,txh1,GEMS-0227_FBLL_0114/LH287,8.160603340840101
2024,txh1,GEMS-0227_FBLL_0116/LH287,8.160603340840101
2024,txh1,GEMS-0227_FBLL_0118/LH287,8.160603340840101
2024,txh1,GEMS-0227_FBLL_0121/LH287,8.160603340840101
2024,txh1,GEMS-0227_FBLL_0127/LH287,8.160603340840101
2024,txh1,GEMS-0227_FBLL_0134/LH287,8.160603340840101
2024,txh1,GEMS-0227_FBLL_0140/LH287,8.160603340840101
2024,txh1,GEMS-0227_FBLL_0141/LH287,8.160603340840101
2024,txh1,GEMS-0227_PHB47_0003/LH287,8.160603340840101
2024,txh1,GEMS-0227_PHB47_0007/LH287,8.160603340840101
2024,txh1,GEMS-0227_PHB47_0010/LH287,8.160603340840101
2024,txh1,GEMS-0227_PHB47_0012/LH287,8.160603340840101
2024,txh1,GEMS-0227_PHB47_0022/LH287,8.160603340840101
2024,txh1,GEMS-0227_PHB47_0026/LH287,8.160603340840101
2024,txh1,GEMS-0227_PHBW8_0001/LH287,8.160603340840101
2024,txh1,GEMS-0227_PHBW8_0003/LH287,8.160603340840101
2024,txh1,GEMS-0227_PHBW8_0004/LH287,8.160603340840101
2024,txh1,GEMS-0227_PHBW8_0006/LH287,8.160603340840101
2024,txh1,GEMS-0227_PHBW8_0007/LH287,8.160603340840101
2024,txh1,GEMS-0227_PHBW8_0009/LH287,8.160603340840101
2024,txh1,GEMS-0227_PHBW8_0010/LH287,8.160603340840101
2024,txh1,GEMS-0227_PHBW8_0012/LH287,8.160603340840101
2024,txh1,GEMS-0227_PHBW8_0015/LH287,8.160603340840101
2024,txh1,GEMS-0227_PHBW8_0017/LH287,8.160603340840101
2024,txh1,GEMS-0227_PHBW8_0019/LH287,8.160603340840101
2024,txh1,GEMS-0227_PHBW8_0024/LH287,8.160603340840101
2024,txh1,LH146HT/LH287,8.160603340840101
2024,txh1,LH192/LH287,8.160603340840101
2024,txh1,LH193/LH287,8.160603340840101
2024,txh1,LH194/LH287,8.160603340840101
2024,txh1,LH195/LH287,8.160603340840101
2024,txh1,LH195/PHZ51,8.23090559600617
2024,txh1,LH198/LH287,8.160603340840101
2024,txh1,LH224/LH287,8.160603340840101
2024,txh1,LH225/LH287,8.160603340840101
2024,txh1,LH236/LH287,8.160603340840101
2024,txh1,LH244/PHK76,8.093230072713919
2024,txh1,LH264/LH287,8.160603340840101
2024,txh1,LH286/LH287,8.160603340840101
2024,txh1,LH287/LH244,9.339110286975094
2024,txh1,LH292/LH287,8.160603340840101
2024,txh1,LH82/LH244,8.036550930571256
2024,txh1,MM501D/LH244,8.7138568644907
2024,txh1,NKH8431/LH287,8.160603340840101
2024,txh1,PH05F/LH287,8.160603340840101
2024,txh1,PH05G/LH287,8.160603340840101
2024,txh1,PH09E/LH287,8.160603340840101
2024,txh1,PH0B4/LH287,8.160603340840101
2024,txh1,PH0CD/LH287,8.160603340840101
2024,txh1,PH0GP/LH287,8.160603340840101
2024,txh1,PH1CA/LH287,8.160603340840101
2024,txh1,PH1GG/LH287,8.160603340840101
2024,txh1,PH24E/LH244,8.390932298768767
2024,txh1,PH32C/LH287,8.160603340840101
2024,txh1,PH42B/LH287,8.160603340840101
2024,txh1,PH44A/LH287,8.160603340840101
2024,txh1,PH63A/LH287,8.160603340840101
2024,txh1,PHB47/LH287,8.160603340840101
2024,txh1,PHB47/PHN82,8.345999407015455
2024,txh1,PHB47/PHZ51,8.220968209231987
2024,txh1,PHDG1/LH287,8.160603340840101
2024,txh1,PHG29/PHG47,8.404947838141897
2024,txh1,PHG39/PHN82,8.492800340155291
2024,txh1,PHJ40/PHAJ0,4.173710470102422
2024,txh1,PHJ89/LH244,8.576655428634627
2024,txh1,PHK56/LH244,8.714020447612436
2024,txh1,PHN41/LH287,8.160603340840101
2024,txh1,PHN46/LH244,8.300245155698367
2024,txh1,PHP02/LH244,8.628965053323876
2024,txh1,PHPR5/LH287,8.160603340840101
2024,txh1,PHR03/LH244,8.610048846587942
2024,txh1,PHRE1/PHTD5,6.68273014409375
2024,txh1,PHT11/LH287,8.160603340840101
2024,txh1,PHTP9/LH287,8.160603340840101
2024,txh1,PHTV7/LH287,8.160603340840101
2024,txh1,PHV37/LH287,8.160603340840101
2024,txh1,PHW30/LH244,8.678175846503018
2024,txh1,PHW52/PHM49,8.067574411909003
2024,txh1,W10004_0055/LH287,8.160603340840101
2024,txh1,W10004_0095/LH287,8.160603340840101
2024,txh1,W10004_0103/LH287,8.160603340840101
2024,txh1,W10004_0122/LH287,8.160603340840101
2024,txh1,W10004_0133/LH287,8.160603340840101
2024,txh1,W10004_0138/LH287,8.160603340840101
2024,txh1,W10004_0167/LH287,8.160603340840101
2024,txh1,W10004_0236/LH287,8.160603340840101
2024,txh1,W10004_0238/LH287,8.160603340840101
2024,txh1,W10004_0346/LH287,8.160603340840101
2024,txh1,W10004_0389/LH287,8.160603340840101
2024,txh1,W10004_0409/LH287,8.160603340840101
2024,txh1,W10004_0608/LH287,8.160603340840101
2024,txh1,W10004_0691/LH287,8.160603340840101
2024,txh1,W10004_0715/LH287,8.160603340840101
2024,txh1,W10004_0771/LH287,8.160603340840101
2024,txh1,W10004_0776/LH287,8.160603340840101
2024,txh1,W10004_0858/LH287,8.160603340840101
2024,txh1,W10004_0969/LH287,8.160603340840101
2024,txh1,W10004_1080/LH287,8.160603340840101
2024,txh1,ZS01459/LH287,8.160603340840101
2024,txh1,ZS0510/LH287,8.160603340840101
2024,wih1,2369/LH123HT,13.816718245198294
2024,wih1,2FACC/PHP02,11.85634844611472
2024,wih1,B14A/OH43,11.459971825343768
2024,wih1,B37/H95,10.938547804504042
2024,wih1,B73/MO17,13.43800202649872
2024,wih1,B73/PHN82,13.633816691949185
2024,wih1,B73/TX779,8.34803079054303
2024,wih1,CG119/CG108,8.200618105620023
2024,wih1,CG44/CGR01,9.654070100861716
2024,wih1,DK3IIH6/LH244,13.579662203710694
2024,wih1,DKFBHJ/PHP02,11.85634844611472
2024,wih1,FBLA/PHP02,11.85634844611472
2024,wih1,GEMS-0061_3AZA1_0001/PHP02,11.85634844611472
2024,wih1,GEMS-0061_3AZA1_0004/PHP02,11.85634844611472
2024,wih1,GEMS-0061_3AZA1_0005/PHP02,11.85634844611472
2024,wih1,GEMS-0061_3AZA1_0009/PHP02,11.85634844611472
2024,wih1,GEMS-0061_3AZA1_0010/PHP02,11.85634844611472
2024,wih1,GEMS-0061_3AZA1_0012/PHP02,11.85634844611472
2024,wih1,GEMS-0061_3AZA1_0016/PHP02,11.85634844611472
2024,wih1,GEMS-0061_3AZA1_0017/PHP02,11.85634844611472
2024,wih1,GEMS-0061_3AZA1_0021/PHP02,11.85634844611472
2024,wih1,GEMS-0061_3AZA1_0023/PHP02,11.85634844611472
2024,wih1,GEMS-0061_FBLL_0002/PHP02,11.85634844611472
2024,wih1,GEMS-0061_FBLL_0004/PHP02,11.85634844611472
2024,wih1,GEMS-0061_FBLL_0005/PHP02,11.85634844611472
2024,wih1,GEMS-0061_FBLL_0008/PHP02,11.85634844611472
2024,wih1,GEMS-0061_FBLL_0010/PHP02,11.85634844611472
2024,wih1,GEMS-0061_FBLL_0011/PHP02,11.85634844611472
2024,wih1,GEMS-0061_FBLL_0015/PHP02,11.85634844611472
2024,wih1,GEMS-0061_FBLL_0016/PHP02,11.85634844611472
2024,wih1,GEMS-0061_FBLL_0017/PHP02,11.85634844611472
2024,wih1,GEMS-0061_FBLL_0023/PHP02,11.85634844611472
2024,wih1,GEMS-0061_FBLL_0029/PHP02,11.85634844611472
2024,wih1,GEMS-0061_FBLL_0031/PHP02,11.85634844611472
2024,wih1,GEMS-0061_FBLL_0033/PHP02,11.85634844611472
2024,wih1,GEMS-0061_FBLL_0034/PHP02,11.85634844611472
2024,wih1,GEMS-0061_FBLL_0035/PHP02,11.85634844611472
2024,wih1,GEMS-0061_FBLL_0037/PHP02,11.85634844611472
2024,wih1,GEMS-0061_FBLL_0038/PHP02,11.85634844611472
2024,wih1,GEMS-0061_FBLL_0039/PHP02,11.85634844611472
2024,wih1,GEMS-0061_FBLL_0040/PHP02,11.85634844611472
2024,wih1,GEMS-0061_FBLL_0050/PHP02,11.85634844611472
2024,wih1,GEMS-0061_PHB47_0001/PHP02,11.85634844611472
2024,wih1,GEMS-0061_PHB47_0003/PHP02,11.85634844611472
2024,wih1,GEMS-0061_PHBW8_0001/PHP02,11.85634844611472
2024,wih1,GEMS-0061_PHBW8_0002/PHP02,11.85634844611472
2024,wih1,GEMS-0113_3AZA1_0001/PHP02,11.85634844611472
2024,wih1,GEMS-0113_3AZA1_0003/PHP02,11.85634844611472
2024,wih1,GEMS-0113_3AZA1_0005/PHP02,11.85634844611472
2024,wih1,GEMS-0113_3AZA1_0006/PHP02,11.85634844611472
2024,wih1,GEMS-0113_3AZA1_0007/PHP02,11.85634844611472
2024,wih1,GEMS-0113_3AZA1_0008/PHP02,11.85634844611472
2024,wih1,GEMS-0113_3AZA1_0010/PHP02,11.85634844611472
2024,wih1,GEMS-0113_3AZA1_0011/PHP02,11.85634844611472
2024,wih1,GEMS-0113_3AZA1_0013/PHP02,11.85634844611472
2024,wih1,GEMS-0113_3AZA1_0014/PHP02,11.85634844611472
2024,wih1,GEMS-0113_3AZA1_0015/PHP02,11.85634844611472
2024,wih1,GEMS-0113_3AZA1_0017/PHP02,11.85634844611472
2024,wih1,GEMS-0113_3AZA1_0019/PHP02,11.85634844611472
2024,wih1,GEMS-0113_3AZA1_0022/PHP02,11.85634844611472
2024,wih1,GEMS-0113_3AZA1_0024/PHP02,11.85634844611472
2024,wih1,GEMS-0113_3AZA1_0025/PHP02,11.85634844611472
2024,wih1,GEMS-0113_3AZA1_0026/PHP02,11.85634844611472
2024,wih1,GEMS-0113_3AZA1_0027/PHP02,11.85634844611472
2024,wih1,GEMS-0113_3AZA1_0028/PHP02,11.85634844611472
2024,wih1,GEMS-0113_3AZA1_0029/PHP02,11.85634844611472
2024,wih1,GEMS-0113_3AZA1_0038/PHP02,11.85634844611472
2024,wih1,GEMS-0113_FBLL_0004/PHP02,11.85634844611472
2024,wih1,GEMS-0113_FBLL_0005/PHP02,11.85634844611472
2024,wih1,GEMS-0113_FBLL_0007/PHP02,11.85634844611472
2024,wih1,GEMS-0113_FBLL_0008/PHP02,11.85634844611472
2024,wih1,GEMS-0113_FBLL_0011/PHP02,11.85634844611472
2024,wih1,GEMS-0113_FBLL_0013/PHP02,11.85634844611472
2024,wih1,GEMS-0113_PHB47_0001/PHP02,11.85634844611472
2024,wih1,GEMS-0113_PHB47_0003/PHP02,11.85634844611472
2024,wih1,GEMS-0113_PHB47_0004/PHP02,11.85634844611472
2024,wih1,GEMS-0113_PHB47_0005/PHP02,11.85634844611472
2024,wih1,GEMS-0113_PHB47_0007/PHP02,11.85634844611472
2024,wih1,GEMS-0113_PHB47_0009/PHP02,11.85634844611472
2024,wih1,GEMS-0113_PHB47_0012/PHP02,11.85634844611472
2024,wih1,GEMS-0113_PHB47_0013/PHP02,11.85634844611472
2024,wih1,GEMS-0113_PHB47_0014/PHP02,11.85634844611472
2024,wih1,GEMS-0113_PHB47_0015/PHP02,11.85634844611472
2024,wih1,GEMS-0113_PHB47_0017/PHP02,11.85634844611472
2024,wih1,GEMS-0113_PHB47_0021/PHP02,11.85634844611472
2024,wih1,GEMS-0113_PHBW8_0002/PHP02,11.85634844611472
2024,wih1,GEMS-0113_PHBW8_0004/PHP02,11.85634844611472
2024,wih1,GEMS-0113_PHBW8_0005/PHP02,11.85634844611472
2024,wih1,GEMS-0113_PHBW8_0006/PHP02,11.85634844611472
2024,wih1,GEMS-0113_PHBW8_0007/PHP02,11.85634844611472
2024,wih1,GEMS-0113_PHBW8_0008/PHP02,11.85634844611472
2024,wih1,GEMS-0113_PHBW8_0009/PHP02,11.85634844611472
2024,wih1,GEMS-0113_PHBW8_0011/PHP02,11.85634844611472
2024,wih1,GEMS-0113_PHBW8_0013/PHP02,11.85634844611472
2024,wih1,GEMS-0113_PHBW8_0014/PHP02,11.85634844611472
2024,wih1,GEMS-0113_PHBW8_0017/PHP02,11.85634844611472
2024,wih1,GEMS-0219_3AZA1_0002/PHP02,11.85634844611472
2024,wih1,GEMS-0219_3AZA1_0003/PHP02,11.85634844611472
2024,wih1,GEMS-0219_3AZA1_0005/PHP02,11.85634844611472
2024,wih1,GEMS-0219_3AZA1_0008/PHP02,11.85634844611472
2024,wih1,GEMS-0219_3AZA1_0010/PHP02,11.85634844611472
2024,wih1,GEMS-0219_3AZA1_0012/PHP02,11.85634844611472
2024,wih1,GEMS-0219_3AZA1_0014/PHP02,11.85634844611472
2024,wih1,GEMS-0219_FBLL_0002/PHP02,11.85634844611472
2024,wih1,GEMS-0219_FBLL_0003/PHP02,11.85634844611472
2024,wih1,GEMS-0219_FBLL_0007/PHP02,11.85634844611472
2024,wih1,GEMS-0219_FBLL_0008/PHP02,11.85634844611472
2024,wih1,GEMS-0219_FBLL_0009/PHP02,11.85634844611472
2024,wih1,GEMS-0219_FBLL_0010/PHP02,11.85634844611472
2024,wih1,GEMS-0219_FBLL_0011/PHP02,11.85634844611472
2024,wih1,GEMS-0219_FBLL_0012/PHP02,11.85634844611472
2024,wih1,GEMS-0219_FBLL_0013/PHP02,11.85634844611472
2024,wih1,GEMS-0219_FBLL_0014/PHP02,11.85634844611472
2024,wih1,GEMS-0219_FBLL_0017/PHP02,11.85634844611472
2024,wih1,GEMS-0219_FBLL_0018/PHP02,11.85634844611472
2024,wih1,GEMS-0219_FBLL_0019/PHP02,11.85634844611472
2024,wih1,GEMS-0219_FBLL_0020/PHP02,11.85634844611472
2024,wih1,GEMS-0219_FBLL_0023/PHP02,11.85634844611472
2024,wih1,GEMS-0219_FBLL_0025/PHP02,11.85634844611472
2024,wih1,GEMS-0219_FBLL_0027/PHP02,11.85634844611472
2024,wih1,GEMS-0219_PHB47_0001/PHP02,11.85634844611472
2024,wih1,GEMS-0219_PHB47_0002/PHP02,11.85634844611472
2024,wih1,GEMS-0219_PHB47_0003/PHP02,11.85634844611472
2024,wih1,GEMS-0219_PHB47_0004/PHP02,11.85634844611472
2024,wih1,GEMS-0219_PHB47_0005/PHP02,11.85634844611472
2024,wih1,GEMS-0219_PHB47_0011/PHP02,11.85634844611472
2024,wih1,GEMS-0219_PHB47_0014/PHP02,11.85634844611472
2024,wih1,GEMS-0219_PHB47_0017/PHP02,11.85634844611472
2024,wih1,GEMS-0219_PHBW8_0001/PHP02,11.85634844611472
2024,wih1,GEMS-0219_PHBW8_0006/PHP02,11.85634844611472
2024,wih1,GEMS-0219_PHBW8_0008/PHP02,11.85634844611472
2024,wih1,GEMS-0219_PHBW8_0009/PHP02,11.85634844611472
2024,wih1,GEMS-0219_PHBW8_0011/PHP02,11.85634844611472
2024,wih1,GEMS-0227_3AZA1_0002/PHP02,11.85634844611472
2024,wih1,GEMS-0227_3AZA1_0003/PHP02,11.85634844611472
2024,wih1,GEMS-0227_3AZA1_0007/PHP02,11.85634844611472
2024,wih1,GEMS-0227_3AZA1_0011/PHP02,11.85634844611472
2024,wih1,GEMS-0227_3AZA1_0013/PHP02,11.85634844611472
2024,wih1,GEMS-0227_3AZA1_0014/PHP02,11.85634844611472
2024,wih1,GEMS-0227_3AZA1_0015/PHP02,11.85634844611472
2024,wih1,GEMS-0227_3AZA1_0016/PHP02,11.85634844611472
2024,wih1,GEMS-0227_3AZA1_0017/PHP02,11.85634844611472
2024,wih1,GEMS-0227_3AZA1_0021/PHP02,11.85634844611472
2024,wih1,GEMS-0227_3AZA1_0022/PHP02,11.85634844611472
2024,wih1,GEMS-0227_3AZA1_0024/PHP02,11.85634844611472
2024,wih1,GEMS-0227_3AZA1_0025/PHP02,11.85634844611472
2024,wih1,GEMS-0227_3AZA1_0028/PHP02,11.85634844611472
2024,wih1,GEMS-0227_3AZA1_0029/PHP02,11.85634844611472
2024,wih1,GEMS-0227_3AZA1_0030/PHP02,11.85634844611472
2024,wih1,GEMS-0227_3AZA1_0031/PHP02,11.85634844611472
2024,wih1,GEMS-0227_3AZA1_0032/PHP02,11.85634844611472
2024,wih1,GEMS-0227_3AZA1_0034/PHP02,11.85634844611472
2024,wih1,GEMS-0227_3AZA1_0048/PHP02,11.85634844611472
2024,wih1,GEMS-0227_3AZA1_0049/PHP02,11.85634844611472
2024,wih1,GEMS-0227_FBLL_0001/PHP02,11.85634844611472
2024,wih1,GEMS-0227_FBLL_0002/PHP02,11.85634844611472
2024,wih1,GEMS-0227_FBLL_0003/PHP02,11.85634844611472
2024,wih1,GEMS-0227_FBLL_0007/PHP02,11.85634844611472
2024,wih1,GEMS-0227_FBLL_0010/PHP02,11.85634844611472
2024,wih1,GEMS-0227_FBLL_0013/PHP02,11.85634844611472
2024,wih1,GEMS-0227_FBLL_0016/PHP02,11.85634844611472
2024,wih1,GEMS-0227_FBLL_0017/PHP02,11.85634844611472
2024,wih1,GEMS-0227_FBLL_0019/PHP02,11.85634844611472
2024,wih1,GEMS-0227_FBLL_0020/PHP02,11.85634844611472
2024,wih1,GEMS-0227_FBLL_0021/PHP02,11.85634844611472
2024,wih1,GEMS-0227_FBLL_0022/PHP02,11.85634844611472
2024,wih1,GEMS-0227_FBLL_0023/PHP02,11.85634844611472
2024,wih1,GEMS-0227_FBLL_0024/PHP02,11.85634844611472
2024,wih1,GEMS-0227_FBLL_0025/PHP02,11.85634844611472
2024,wih1,GEMS-0227_FBLL_0026/PHP02,11.85634844611472
2024,wih1,GEMS-0227_FBLL_0028/PHP02,11.85634844611472
2024,wih1,GEMS-0227_FBLL_0029/PHP02,11.85634844611472
2024,wih1,GEMS-0227_FBLL_0030/PHP02,11.85634844611472
2024,wih1,GEMS-0227_FBLL_0031/PHP02,11.85634844611472
2024,wih1,GEMS-0227_FBLL_0032/PHP02,11.85634844611472
2024,wih1,GEMS-0227_FBLL_0033/PHP02,11.85634844611472
2024,wih1,GEMS-0227_FBLL_0035/PHP02,11.85634844611472
2024,wih1,GEMS-0227_FBLL_0038/PHP02,11.85634844611472
2024,wih1,GEMS-0227_FBLL_0039/PHP02,11.85634844611472
2024,wih1,GEMS-0227_FBLL_0040/PHP02,11.85634844611472
2024,wih1,GEMS-0227_FBLL_0041/PHP02,11.85634844611472
2024,wih1,GEMS-0227_FBLL_0044/PHP02,11.85634844611472
2024,wih1,GEMS-0227_FBLL_0045/PHP02,11.85634844611472
2024,wih1,GEMS-0227_FBLL_0046/PHP02,11.85634844611472
2024,wih1,GEMS-0227_FBLL_0048/PHP02,11.85634844611472
2024,wih1,GEMS-0227_FBLL_0050/PHP02,11.85634844611472
2024,wih1,GEMS-0227_FBLL_0051/PHP02,11.85634844611472
2024,wih1,GEMS-0227_FBLL_0052/PHP02,11.85634844611472
2024,wih1,GEMS-0227_FBLL_0054/PHP02,11.85634844611472
2024,wih1,GEMS-0227_FBLL_0055/PHP02,11.85634844611472
2024,wih1,GEMS-0227_FBLL_0056/PHP02,11.85634844611472
2024,wih1,GEMS-0227_FBLL_0057/PHP02,11.85634844611472
2024,wih1,GEMS-0227_FBLL_0058/PHP02,11.85634844611472
2024,wih1,GEMS-0227_FBLL_0059/PHP02,11.85634844611472
2024,wih1,GEMS-0227_FBLL_0060/PHP02,11.85634844611472
2024,wih1,GEMS-0227_FBLL_0062/PHP02,11.85634844611472
2024,wih1,GEMS-0227_FBLL_0066/PHP02,11.85634844611472
2024,wih1,GEMS-0227_FBLL_0067/PHP02,11.85634844611472
2024,wih1,GEMS-0227_FBLL_0071/PHP02,11.85634844611472
2024,wih1,GEMS-0227_FBLL_0072/PHP02,11.85634844611472
2024,wih1,GEMS-0227_FBLL_0074/PHP02,11.85634844611472
2024,wih1,GEMS-0227_FBLL_0075/PHP02,11.85634844611472
2024,wih1,GEMS-0227_FBLL_0077/PHP02,11.85634844611472
2024,wih1,GEMS-0227_FBLL_0079/PHP02,11.85634844611472
2024,wih1,GEMS-0227_FBLL_0080/PHP02,11.85634844611472
2024,wih1,GEMS-0227_FBLL_0084/PHP02,11.85634844611472
2024,wih1,GEMS-0227_FBLL_0086/PHP02,11.85634844611472
2024,wih1,GEMS-0227_FBLL_0087/PHP02,11.85634844611472
2024,wih1,GEMS-0227_FBLL_0088/PHP02,11.85634844611472
2024,wih1,GEMS-0227_FBLL_0089/PHP02,11.85634844611472
2024,wih1,GEMS-0227_FBLL_0094/PHP02,11.85634844611472
2024,wih1,GEMS-0227_FBLL_0095/PHP02,11.85634844611472
2024,wih1,GEMS-0227_FBLL_0096/PHP02,11.85634844611472
2024,wih1,GEMS-0227_FBLL_0098/PHP02,11.85634844611472
2024,wih1,GEMS-0227_FBLL_0101/PHP02,11.85634844611472
2024,wih1,GEMS-0227_FBLL_0104/PHP02,11.85634844611472
2024,wih1,GEMS-0227_FBLL_0105/PHP02,11.85634844611472
2024,wih1,GEMS-0227_FBLL_0106/PHP02,11.85634844611472
2024,wih1,GEMS-0227_FBLL_0111/PHP02,11.85634844611472
2024,wih1,GEMS-0227_FBLL_0114/PHP02,11.85634844611472
2024,wih1,GEMS-0227_FBLL_0117/PHP02,11.85634844611472
2024,wih1,GEMS-0227_FBLL_0118/PHP02,11.85634844611472
2024,wih1,GEMS-0227_FBLL_0125/PHP02,11.85634844611472
2024,wih1,GEMS-0227_FBLL_0127/PHP02,11.85634844611472
2024,wih1,GEMS-0227_FBLL_0133/PHP02,11.85634844611472
2024,wih1,GEMS-0227_FBLL_0134/PHP02,11.85634844611472
2024,wih1,GEMS-0227_FBLL_0136/PHP02,11.85634844611472
2024,wih1,GEMS-0227_PHB47_0004/PHP02,11.85634844611472
2024,wih1,GEMS-0227_PHB47_0007/PHP02,11.85634844611472
2024,wih1,GEMS-0227_PHB47_0010/PHP02,11.85634844611472
2024,wih1,GEMS-0227_PHB47_0011/PHP02,11.85634844611472
2024,wih1,GEMS-0227_PHB47_0012/PHP02,11.85634844611472
2024,wih1,GEMS-0227_PHB47_0014/PHP02,11.85634844611472
2024,wih1,GEMS-0227_PHB47_0023/PHP02,11.85634844611472
2024,wih1,GEMS-0227_PHB47_0024/PHP02,11.85634844611472
2024,wih1,GEMS-0227_PHB47_0026/PHP02,11.85634844611472
2024,wih1,GEMS-0227_PHBW8_0002/PHP02,11.85634844611472
2024,wih1,GEMS-0227_PHBW8_0003/PHP02,11.85634844611472
2024,wih1,GEMS-0227_PHBW8_0004/PHP02,11.85634844611472
2024,wih1,GEMS-0227_PHBW8_0005/PHP02,11.85634844611472
2024,wih1,GEMS-0227_PHBW8_0006/PHP02,11.85634844611472
2024,wih1,GEMS-0227_PHBW8_0007/PHP02,11.85634844611472
2024,wih1,GEMS-0227_PHBW8_0009/PHP02,11.85634844611472
2024,wih1,GEMS-0227_PHBW8_0010/PHP02,11.85634844611472
2024,wih1,GEMS-0227_PHBW8_0011/PHP02,11.85634844611472
2024,wih1,GEMS-0227_PHBW8_0012/PHP02,11.85634844611472
2024,wih1,GEMS-0227_PHBW8_0015/PHP02,11.85634844611472
2024,wih1,GEMS-0227_PHBW8_0016/PHP02,11.85634844611472
2024,wih1,GEMS-0227_PHBW8_0017/PHP02,11.85634844611472
2024,wih1,GEMS-0227_PHBW8_0018/PHP02,11.85634844611472
2024,wih1,GEMS-0227_PHBW8_0019/PHP02,11.85634844611472
2024,wih1,GEMS-0227_PHBW8_0022/PHP02,11.85634844611472
2024,wih1,LH146HT/PHP02,11.85634844611472
2024,wih1,LH192/PHP02,11.85634844611472
2024,wih1,LH194/PHP02,11.85634844611472
2024,wih1,LH195/PHZ51,11.069676093579755
2024,wih1,LH198/PHP02,11.85634844611472
2024,wih1,LH204/PHP02,11.85634844611472
2024,wih1,LH220HT/PHP02,11.85634844611472
2024,wih1,LH224/PHP02,11.85634844611472
2024,wih1,LH225/PHP02,11.85634844611472
2024,wih1,LH226HT/PHP02,11.85634844611472
2024,wih1,LH231/PHP02,11.85634844611472
2024,wih1,LH237/PHP02,11.85634844611472
2024,wih1,LH244/PHK76,11.550405549111888
2024,wih1,LH264/PHP02,11.85634844611472
2024,wih1,LH273/PHP02,11.85634844611472
2024,wih1,LH286/PHP02,11.85634844611472
2024,wih1,LH287/LH244,14.293741482098936
2024,wih1,LH292/PHP02,11.85634844611472
2024,wih1,LH82/LH244,11.781152200733157
2024,wih1,MM501D/LH244,13.579662203710694
2024,wih1,PH05G/PHP02,11.85634844611472
2024,wih1,PH05W/PHP02,11.85634844611472
2024,wih1,PH06N/PHP02,11.85634844611472
2024,wih1,PH09B/PHP02,11.85634844611472
2024,wih1,PH09E/PHP02,11.85634844611472
2024,wih1,PH0B4/PHP02,11.85634844611472
2024,wih1,PH0CD/PHP02,11.85634844611472
2024,wih1,PH0GP/PHP02,11.85634844611472
2024,wih1,PH12C/PHP02,11.85634844611472
2024,wih1,PH1GG/PHP02,11.85634844611472
2024,wih1,PH1W2/PHP02,11.85634844611472
2024,wih1,PH24E/LH244,13.695510083329214
2024,wih1,PH24M/PHP02,11.85634844611472
2024,wih1,PH37C/PHP02,11.85634844611472
2024,wih1,PH38D/PHP02,11.85634844611472
2024,wih1,PH44A/PHP02,11.85634844611472
2024,wih1,PH63A/PHP02,11.85634844611472
2024,wih1,PHB47/PHN82,12.636982560268933
2024,wih1,PHB47/PHP02,11.85634844611472
2024,wih1,PHB47/PHZ51,11.008191340819252
2024,wih1,PHBW8/PHP02,11.85634844611472
2024,wih1,PHDG1/PHP02,11.85634844611472
2024,wih1,PHG29/PHG47,9.739137323885181
2024,wih1,PHG39/PHN82,12.698345379654912
2024,wih1,PHHB9/PHP02,11.85634844611472
2024,wih1,PHJ40/PHAJ0,8.200618105620023
2024,wih1,PHJ89/LH244,12.89014437366416
2024,wih1,PHJR5/PHP02,11.85634844611472
2024,wih1,PHK56/LH244,13.70180536472005
2024,wih1,PHKV0/PHP02,11.85634844611472
2024,wih1,PHN41/PHP02,11.85634844611472
2024,wih1,PHN46/LH244,11.289780872508164
2024,wih1,PHN66/PHP02,11.85634844611472
2024,wih1,PHNJ2/PHP02,11.85634844611472
2024,wih1,PHP02/LH244,13.680613685263594
2024,wih1,PHP38/PHP02,11.85634844611472
2024,wih1,PHPR5/PHP02,11.85634844611472
2024,wih1,PHR03/LH244,13.71170623502761
2024,wih1,PHR61/PHP02,11.85634844611472
2024,wih1,PHRE1/PHTD5,7.547314755426102
2024,wih1,PHT10/PHP02,11.85634844611472
2024,wih1,PHTV7/PHP02,11.85634844611472
2024,wih1,PHV37/PHP02,11.85634844611472
2024,wih1,PHVA9/PHP02,11.85634844611472
2024,wih1,PHVJ5/PHP02,11.85634844611472
2024,wih1,PHW30/LH244,13.20960247629389
2024,wih1,PHW52/PHM49,11.959176327430278
2024,wih1,PHW52/PHP02,11.85634844611472
2024,wih1,TX777/LH195,9.605604561795616
2024,wih1,W10004_0018/PHP02,11.769005066319165
2024,wih1,W10004_0031/PHP02,13.680613685263594
2024,wih1,W10004_0055/PHP02,13.184643396758242
2024,wih1,W10004_0133/PHP02,12.894976009017565
2024,wih1,W10004_0138/PHP02,12.578913461219324
2024,wih1,W10004_0146/PHP02,13.044725623153901
2024,wih1,W10004_0167/PHP02,12.617236737999036
2024,wih1,W10004_0168/PHP02,12.870561257855124
2024,wih1,W10004_0236/PHP02,12.84416300434467
2024,wih1,W10004_0238/PHP02,12.928695792832483
2024,wih1,W10004_0346/PHP02,13.725810969197923
2024,wih1,W10004_0403/PHP02,12.928695792832483
2024,wih1,W10004_0412/PHP02,12.882148230159533
2024,wih1,W10004_0476/PHP02,12.106424993896004
2024,wih1,W10004_0601/PHP02,12.856620052325638
2024,wih1,W10004_0608/PHP02,11.61357351178009
2024,wih1,W10004_0637/PHP02,13.079936961107812
2024,wih1,W10004_0658/PHP02,14.247188421650794
2024,wih1,W10004_0714/PHP02,12.856620052325638
2024,wih1,W10004_0715/PHP02,12.882148230159533
2024,wih1,W10004_0771/PHP02,12.884322503000892
2024,wih1,W10004_0776/PHP02,12.913296152192745
2024,wih1,W10004_0801/PHP02,13.767885564038236
2024,wih1,W10004_0858/PHP02,12.881161515617258
2024,wih1,W10004_0866/PHP02,13.695510083329214
2024,wih1,W10004_0949/PHP02,14.247188421650794
2024,wih1,W10004_0969/PHP02,12.277420476544483
2024,wih1,W10004_1014/PHP02,12.89014437366416
2024,wih1,W10004_1018/PHP02,12.589204099676582
2024,wih1,W10004_1032/PHP02,12.277420476544483
2024,wih1,WQCD10/PHP02,11.85634844611472
2024,wih1,ZS01459/PHP02,11.85634844611472
2024,wih1,ZS0510/PHP02,11.85634844611472
2024,wih2,01CSI6/LH287,10.608521234332398
2024,wih2,01DIB2/LH287,10.608521234332398
2024,wih2,01DIB2/PHP02,10.608521234332398
2024,wih2,2369/LH123HT,11.908807854965595
2024,wih2,2FACC/LH287,10.608521234332398
2024,wih2,2FACC/PHP02,10.608521234332398
2024,wih2,6F629/PHP02,10.608521234332398
2024,wih2,B14A/OH43,10.120505069424931
2024,wih2,B37/H95,10.062647631397363
2024,wih2,B73/MO17,11.680958946551202
2024,wih2,B73/PHN82,11.934305140529851
2024,wih2,B73/TX779,8.416292213165603
2024,wih2,CG119/CG108,8.315609481081571
2024,wih2,CG44/CGR01,9.452130875070772
2024,wih2,DK3IIH6/LH244,11.822451792865971
2024,wih2,FBLA/PHP02,10.608521234332398
2024,wih2,FBLL/PHP02,10.608521234332398
2024,wih2,GEMS-0061_3AZA1_0001/LH287,10.608521234332398
2024,wih2,GEMS-0061_3AZA1_0001/PHP02,10.608521234332398
2024,wih2,GEMS-0061_3AZA1_0005/LH287,10.608521234332398
2024,wih2,GEMS-0061_3AZA1_0005/PHP02,10.608521234332398
2024,wih2,GEMS-0061_3AZA1_0006/LH287,10.608521234332398
2024,wih2,GEMS-0061_3AZA1_0006/PHP02,10.608521234332398
2024,wih2,GEMS-0061_3AZA1_0007/PHP02,10.608521234332398
2024,wih2,GEMS-0061_3AZA1_0009/LH287,10.608521234332398
2024,wih2,GEMS-0061_3AZA1_0009/PHP02,10.608521234332398
2024,wih2,GEMS-0061_3AZA1_0010/LH287,10.608521234332398
2024,wih2,GEMS-0061_3AZA1_0011/PHP02,10.608521234332398
2024,wih2,GEMS-0061_3AZA1_0012/LH287,10.608521234332398
2024,wih2,GEMS-0061_3AZA1_0012/PHP02,10.608521234332398
2024,wih2,GEMS-0061_3AZA1_0013/LH287,10.608521234332398
2024,wih2,GEMS-0061_3AZA1_0013/PHP02,10.608521234332398
2024,wih2,GEMS-0061_3AZA1_0014/LH287,10.608521234332398
2024,wih2,GEMS-0061_3AZA1_0014/PHP02,10.608521234332398
2024,wih2,GEMS-0061_3AZA1_0015/PHP02,10.608521234332398
2024,wih2,GEMS-0061_3AZA1_0017/LH287,10.608521234332398
2024,wih2,GEMS-0061_3AZA1_0017/PHP02,10.608521234332398
2024,wih2,GEMS-0061_3AZA1_0023/LH287,10.608521234332398
2024,wih2,GEMS-0061_3AZA1_0023/PHP02,10.608521234332398
2024,wih2,GEMS-0061_FBLL_0002/LH287,10.608521234332398
2024,wih2,GEMS-0061_FBLL_0002/PHP02,10.608521234332398
2024,wih2,GEMS-0061_FBLL_0004/LH287,10.608521234332398
2024,wih2,GEMS-0061_FBLL_0004/PHP02,10.608521234332398
2024,wih2,GEMS-0061_FBLL_0005/LH287,10.608521234332398
2024,wih2,GEMS-0061_FBLL_0005/PHP02,10.608521234332398
2024,wih2,GEMS-0061_FBLL_0007/PHP02,10.608521234332398
2024,wih2,GEMS-0061_FBLL_0008/LH287,10.608521234332398
2024,wih2,GEMS-0061_FBLL_0008/PHP02,10.608521234332398
2024,wih2,GEMS-0061_FBLL_0009/LH287,10.608521234332398
2024,wih2,GEMS-0061_FBLL_0009/PHP02,10.608521234332398
2024,wih2,GEMS-0061_FBLL_0010/LH287,10.608521234332398
2024,wih2,GEMS-0061_FBLL_0010/PHP02,10.608521234332398
2024,wih2,GEMS-0061_FBLL_0011/LH287,10.608521234332398
2024,wih2,GEMS-0061_FBLL_0011/PHP02,10.608521234332398
2024,wih2,GEMS-0061_FBLL_0014/PHP02,10.608521234332398
2024,wih2,GEMS-0061_FBLL_0017/PHP02,10.608521234332398
2024,wih2,GEMS-0061_FBLL_0018/LH287,10.608521234332398
2024,wih2,GEMS-0061_FBLL_0018/PHP02,10.608521234332398
2024,wih2,GEMS-0061_FBLL_0019/LH287,10.608521234332398
2024,wih2,GEMS-0061_FBLL_0019/PHP02,10.608521234332398
2024,wih2,GEMS-0061_FBLL_0022/LH287,10.608521234332398
2024,wih2,GEMS-0061_FBLL_0022/PHP02,10.608521234332398
2024,wih2,GEMS-0061_FBLL_0023/LH287,10.608521234332398
2024,wih2,GEMS-0061_FBLL_0024/LH287,10.608521234332398
2024,wih2,GEMS-0061_FBLL_0024/PHP02,10.608521234332398
2024,wih2,GEMS-0061_FBLL_0025/PHP02,10.608521234332398
2024,wih2,GEMS-0061_FBLL_0026/PHP02,10.608521234332398
2024,wih2,GEMS-0061_FBLL_0029/PHP02,10.608521234332398
2024,wih2,GEMS-0061_FBLL_0031/LH287,10.608521234332398
2024,wih2,GEMS-0061_FBLL_0032/PHP02,10.608521234332398
2024,wih2,GEMS-0061_FBLL_0033/LH287,10.608521234332398
2024,wih2,GEMS-0061_FBLL_0034/LH287,10.608521234332398
2024,wih2,GEMS-0061_FBLL_0034/PHP02,10.608521234332398
2024,wih2,GEMS-0061_FBLL_0037/LH287,10.608521234332398
2024,wih2,GEMS-0061_FBLL_0037/PHP02,10.608521234332398
2024,wih2,GEMS-0061_FBLL_0038/LH287,10.608521234332398
2024,wih2,GEMS-0061_FBLL_0038/PHP02,10.608521234332398
2024,wih2,GEMS-0061_FBLL_0039/PHP02,10.608521234332398
2024,wih2,GEMS-0061_FBLL_0040/LH287,10.608521234332398
2024,wih2,GEMS-0061_FBLL_0042/PHP02,10.608521234332398
2024,wih2,GEMS-0061_FBLL_0044/LH287,10.608521234332398
2024,wih2,GEMS-0061_FBLL_0044/PHP02,10.608521234332398
2024,wih2,GEMS-0061_FBLL_0047/PHP02,10.608521234332398
2024,wih2,GEMS-0061_FBLL_0050/PHP02,10.608521234332398
2024,wih2,GEMS-0061_PHB47_0003/LH287,10.608521234332398
2024,wih2,GEMS-0061_PHB47_0003/PHP02,10.608521234332398
2024,wih2,GEMS-0061_PHB47_0004/LH287,10.608521234332398
2024,wih2,GEMS-0061_PHB47_0004/PHP02,10.608521234332398
2024,wih2,GEMS-0061_PHBW8_0001/LH287,10.608521234332398
2024,wih2,GEMS-0061_PHBW8_0002/LH287,10.608521234332398
2024,wih2,GEMS-0061_PHBW8_0002/PHP02,10.608521234332398
2024,wih2,GEMS-0113_3AZA1_0001/LH287,10.608521234332398
2024,wih2,GEMS-0113_3AZA1_0001/PHP02,10.608521234332398
2024,wih2,GEMS-0113_3AZA1_0002/LH287,10.608521234332398
2024,wih2,GEMS-0113_3AZA1_0002/PHP02,10.608521234332398
2024,wih2,GEMS-0113_3AZA1_0003/LH287,10.608521234332398
2024,wih2,GEMS-0113_3AZA1_0004/LH287,10.608521234332398
2024,wih2,GEMS-0113_3AZA1_0004/PHP02,10.608521234332398
2024,wih2,GEMS-0113_3AZA1_0005/LH287,10.608521234332398
2024,wih2,GEMS-0113_3AZA1_0007/LH287,10.608521234332398
2024,wih2,GEMS-0113_3AZA1_0008/LH287,10.608521234332398
2024,wih2,GEMS-0113_3AZA1_0008/PHP02,10.608521234332398
2024,wih2,GEMS-0113_3AZA1_0010/PHP02,10.608521234332398
2024,wih2,GEMS-0113_3AZA1_0011/LH287,10.608521234332398
2024,wih2,GEMS-0113_3AZA1_0013/LH287,10.608521234332398
2024,wih2,GEMS-0113_3AZA1_0013/PHP02,10.608521234332398
2024,wih2,GEMS-0113_3AZA1_0014/PHP02,10.608521234332398
2024,wih2,GEMS-0113_3AZA1_0015/LH287,10.608521234332398
2024,wih2,GEMS-0113_3AZA1_0016/PHP02,10.608521234332398
2024,wih2,GEMS-0113_3AZA1_0017/LH287,10.608521234332398
2024,wih2,GEMS-0113_3AZA1_0017/PHP02,10.608521234332398
2024,wih2,GEMS-0113_3AZA1_0018/PHP02,10.608521234332398
2024,wih2,GEMS-0113_3AZA1_0019/LH287,10.608521234332398
2024,wih2,GEMS-0113_3AZA1_0019/PHP02,10.608521234332398
2024,wih2,GEMS-0113_3AZA1_0021/LH287,10.608521234332398
2024,wih2,GEMS-0113_3AZA1_0021/PHP02,10.608521234332398
2024,wih2,GEMS-0113_3AZA1_0022/LH287,10.608521234332398
2024,wih2,GEMS-0113_3AZA1_0022/PHP02,10.608521234332398
2024,wih2,GEMS-0113_3AZA1_0023/LH287,10.608521234332398
2024,wih2,GEMS-0113_3AZA1_0025/LH287,10.608521234332398
2024,wih2,GEMS-0113_3AZA1_0025/PHP02,10.608521234332398
2024,wih2,GEMS-0113_3AZA1_0026/LH287,10.608521234332398
2024,wih2,GEMS-0113_3AZA1_0026/PHP02,10.608521234332398
2024,wih2,GEMS-0113_3AZA1_0027/LH287,10.608521234332398
2024,wih2,GEMS-0113_3AZA1_0027/PHP02,10.608521234332398
2024,wih2,GEMS-0113_3AZA1_0028/LH287,10.608521234332398
2024,wih2,GEMS-0113_3AZA1_0029/LH287,10.608521234332398
2024,wih2,GEMS-0113_3AZA1_0029/PHP02,10.608521234332398
2024,wih2,GEMS-0113_3AZA1_0031/PHP02,10.608521234332398
2024,wih2,GEMS-0113_3AZA1_0038/LH287,10.608521234332398
2024,wih2,GEMS-0113_FBLL_0002/LH287,10.608521234332398
2024,wih2,GEMS-0113_FBLL_0002/PHP02,10.608521234332398
2024,wih2,GEMS-0113_FBLL_0003/PHP02,10.608521234332398
2024,wih2,GEMS-0113_FBLL_0004/LH287,10.608521234332398
2024,wih2,GEMS-0113_FBLL_0005/LH287,10.608521234332398
2024,wih2,GEMS-0113_FBLL_0005/PHP02,10.608521234332398
2024,wih2,GEMS-0113_FBLL_0006/LH287,10.608521234332398
2024,wih2,GEMS-0113_FBLL_0006/PHP02,10.608521234332398
2024,wih2,GEMS-0113_FBLL_0007/LH287,10.608521234332398
2024,wih2,GEMS-0113_FBLL_0007/PHP02,10.608521234332398
2024,wih2,GEMS-0113_FBLL_0008/PHP02,10.608521234332398
2024,wih2,GEMS-0113_FBLL_0010/LH287,10.608521234332398
2024,wih2,GEMS-0113_FBLL_0010/PHP02,10.608521234332398
2024,wih2,GEMS-0113_FBLL_0011/PHP02,10.608521234332398
2024,wih2,GEMS-0113_FBLL_0013/LH287,10.608521234332398
2024,wih2,GEMS-0113_FBLL_0015/LH287,10.608521234332398
2024,wih2,GEMS-0113_FBLL_0015/PHP02,10.608521234332398
2024,wih2,GEMS-0113_PHB47_0001/LH287,10.608521234332398
2024,wih2,GEMS-0113_PHB47_0003/LH287,10.608521234332398
2024,wih2,GEMS-0113_PHB47_0003/PHP02,10.608521234332398
2024,wih2,GEMS-0113_PHB47_0004/PHP02,10.608521234332398
2024,wih2,GEMS-0113_PHB47_0005/LH287,10.608521234332398
2024,wih2,GEMS-0113_PHB47_0006/LH287,10.608521234332398
2024,wih2,GEMS-0113_PHB47_0006/PHP02,10.608521234332398
2024,wih2,GEMS-0113_PHB47_0007/LH287,10.608521234332398
2024,wih2,GEMS-0113_PHB47_0007/PHP02,10.608521234332398
2024,wih2,GEMS-0113_PHB47_0008/LH287,10.608521234332398
2024,wih2,GEMS-0113_PHB47_0008/PHP02,10.608521234332398
2024,wih2,GEMS-0113_PHB47_0009/LH287,10.608521234332398
2024,wih2,GEMS-0113_PHB47_0009/PHP02,10.608521234332398
2024,wih2,GEMS-0113_PHB47_0011/LH287,10.608521234332398
2024,wih2,GEMS-0113_PHB47_0011/PHP02,10.608521234332398
2024,wih2,GEMS-0113_PHB47_0012/LH287,10.608521234332398
2024,wih2,GEMS-0113_PHB47_0012/PHP02,10.608521234332398
2024,wih2,GEMS-0113_PHB47_0013/LH287,10.608521234332398
2024,wih2,GEMS-0113_PHB47_0014/LH287,10.608521234332398
2024,wih2,GEMS-0113_PHB47_0015/PHP02,10.608521234332398
2024,wih2,GEMS-0113_PHB47_0017/LH287,10.608521234332398
2024,wih2,GEMS-0113_PHB47_0019/LH287,10.608521234332398
2024,wih2,GEMS-0113_PHB47_0019/PHP02,10.608521234332398
2024,wih2,GEMS-0113_PHB47_0020/LH287,10.608521234332398
2024,wih2,GEMS-0113_PHB47_0020/PHP02,10.608521234332398
2024,wih2,GEMS-0113_PHBW8_0001/LH287,10.608521234332398
2024,wih2,GEMS-0113_PHBW8_0001/PHP02,10.608521234332398
2024,wih2,GEMS-0113_PHBW8_0004/LH287,10.608521234332398
2024,wih2,GEMS-0113_PHBW8_0005/LH287,10.608521234332398
2024,wih2,GEMS-0113_PHBW8_0006/LH287,10.608521234332398
2024,wih2,GEMS-0113_PHBW8_0006/PHP02,10.608521234332398
2024,wih2,GEMS-0113_PHBW8_0007/PHP02,10.608521234332398
2024,wih2,GEMS-0113_PHBW8_0008/LH287,10.608521234332398
2024,wih2,GEMS-0113_PHBW8_0009/LH287,10.608521234332398
2024,wih2,GEMS-0113_PHBW8_0010/LH287,10.608521234332398
2024,wih2,GEMS-0113_PHBW8_0010/PHP02,10.608521234332398
2024,wih2,GEMS-0113_PHBW8_0011/LH287,10.608521234332398
2024,wih2,GEMS-0113_PHBW8_0012/LH287,10.608521234332398
2024,wih2,GEMS-0113_PHBW8_0012/PHP02,10.608521234332398
2024,wih2,GEMS-0113_PHBW8_0013/LH287,10.608521234332398
2024,wih2,GEMS-0113_PHBW8_0013/PHP02,10.608521234332398
2024,wih2,GEMS-0113_PHBW8_0014/LH287,10.608521234332398
2024,wih2,GEMS-0113_PHBW8_0014/PHP02,10.608521234332398
2024,wih2,GEMS-0113_PHBW8_0017/PHP02,10.608521234332398
2024,wih2,GEMS-0219_3AZA1_0001/PHP02,10.608521234332398
2024,wih2,GEMS-0219_3AZA1_0002/PHP02,10.608521234332398
2024,wih2,GEMS-0219_3AZA1_0003/PHP02,10.608521234332398
2024,wih2,GEMS-0219_3AZA1_0004/PHP02,10.608521234332398
2024,wih2,GEMS-0219_3AZA1_0005/LH287,10.608521234332398
2024,wih2,GEMS-0219_3AZA1_0005/PHP02,10.608521234332398
2024,wih2,GEMS-0219_3AZA1_0006/LH287,10.608521234332398
2024,wih2,GEMS-0219_3AZA1_0006/PHP02,10.608521234332398
2024,wih2,GEMS-0219_3AZA1_0007/LH287,10.608521234332398
2024,wih2,GEMS-0219_3AZA1_0007/PHP02,10.608521234332398
2024,wih2,GEMS-0219_3AZA1_0009/PHP02,10.608521234332398
2024,wih2,GEMS-0219_3AZA1_0010/LH287,10.608521234332398
2024,wih2,GEMS-0219_3AZA1_0010/PHP02,10.608521234332398
2024,wih2,GEMS-0219_3AZA1_0012/LH287,10.608521234332398
2024,wih2,GEMS-0219_3AZA1_0012/PHP02,10.608521234332398
2024,wih2,GEMS-0219_3AZA1_0014/LH287,10.608521234332398
2024,wih2,GEMS-0219_3AZA1_0014/PHP02,10.608521234332398
2024,wih2,GEMS-0219_FBLL_0002/LH287,10.608521234332398
2024,wih2,GEMS-0219_FBLL_0003/LH287,10.608521234332398
2024,wih2,GEMS-0219_FBLL_0004/LH287,10.608521234332398
2024,wih2,GEMS-0219_FBLL_0004/PHP02,10.608521234332398
2024,wih2,GEMS-0219_FBLL_0005/LH287,10.608521234332398
2024,wih2,GEMS-0219_FBLL_0005/PHP02,10.608521234332398
2024,wih2,GEMS-0219_FBLL_0006/LH287,10.608521234332398
2024,wih2,GEMS-0219_FBLL_0006/PHP02,10.608521234332398
2024,wih2,GEMS-0219_FBLL_0007/LH287,10.608521234332398
2024,wih2,GEMS-0219_FBLL_0008/LH287,10.608521234332398
2024,wih2,GEMS-0219_FBLL_0008/PHP02,10.608521234332398
2024,wih2,GEMS-0219_FBLL_0009/LH287,10.608521234332398
2024,wih2,GEMS-0219_FBLL_0009/PHP02,10.608521234332398
2024,wih2,GEMS-0219_FBLL_0010/LH287,10.608521234332398
2024,wih2,GEMS-0219_FBLL_0010/PHP02,10.608521234332398
2024,wih2,GEMS-0219_FBLL_0011/PHP02,10.608521234332398
2024,wih2,GEMS-0219_FBLL_0012/LH287,10.608521234332398
2024,wih2,GEMS-0219_FBLL_0013/LH287,10.608521234332398
2024,wih2,GEMS-0219_FBLL_0013/PHP02,10.608521234332398
2024,wih2,GEMS-0219_FBLL_0014/LH287,10.608521234332398
2024,wih2,GEMS-0219_FBLL_0014/PHP02,10.608521234332398
2024,wih2,GEMS-0219_FBLL_0015/PHP02,10.608521234332398
2024,wih2,GEMS-0219_FBLL_0017/PHP02,10.608521234332398
2024,wih2,GEMS-0219_FBLL_0018/LH287,10.608521234332398
2024,wih2,GEMS-0219_FBLL_0018/PHP02,10.608521234332398
2024,wih2,GEMS-0219_FBLL_0019/PHP02,10.608521234332398
2024,wih2,GEMS-0219_FBLL_0020/LH287,10.608521234332398
2024,wih2,GEMS-0219_FBLL_0021/PHP02,10.608521234332398
2024,wih2,GEMS-0219_FBLL_0022/LH287,10.608521234332398
2024,wih2,GEMS-0219_FBLL_0022/PHP02,10.608521234332398
2024,wih2,GEMS-0219_FBLL_0023/LH287,10.608521234332398
2024,wih2,GEMS-0219_FBLL_0025/LH287,10.608521234332398
2024,wih2,GEMS-0219_FBLL_0027/LH287,10.608521234332398
2024,wih2,GEMS-0219_FBLL_0027/PHP02,10.608521234332398
2024,wih2,GEMS-0219_FBLL_0028/LH287,10.608521234332398
2024,wih2,GEMS-0219_FBLL_0028/PHP02,10.608521234332398
2024,wih2,GEMS-0219_FBLL_0030/LH287,10.608521234332398
2024,wih2,GEMS-0219_FBLL_0030/PHP02,10.608521234332398
2024,wih2,GEMS-0219_PHB47_0001/LH287,10.608521234332398
2024,wih2,GEMS-0219_PHB47_0002/LH287,10.608521234332398
2024,wih2,GEMS-0219_PHB47_0003/LH287,10.608521234332398
2024,wih2,GEMS-0219_PHB47_0003/PHP02,10.608521234332398
2024,wih2,GEMS-0219_PHB47_0004/PHP02,10.608521234332398
2024,wih2,GEMS-0219_PHB47_0005/LH287,10.608521234332398
2024,wih2,GEMS-0219_PHB47_0006/LH287,10.608521234332398
2024,wih2,GEMS-0219_PHB47_0006/PHP02,10.608521234332398
2024,wih2,GEMS-0219_PHB47_0011/LH287,10.608521234332398
2024,wih2,GEMS-0219_PHB47_0011/PHP02,10.608521234332398
2024,wih2,GEMS-0219_PHB47_0014/PHP02,10.608521234332398
2024,wih2,GEMS-0219_PHBW8_0002/LH287,10.608521234332398
2024,wih2,GEMS-0219_PHBW8_0002/PHP02,10.608521234332398
2024,wih2,GEMS-0219_PHBW8_0003/LH287,10.608521234332398
2024,wih2,GEMS-0219_PHBW8_0003/PHP02,10.608521234332398
2024,wih2,GEMS-0219_PHBW8_0004/LH287,10.608521234332398
2024,wih2,GEMS-0219_PHBW8_0004/PHP02,10.608521234332398
2024,wih2,GEMS-0219_PHBW8_0006/LH287,10.608521234332398
2024,wih2,GEMS-0219_PHBW8_0006/PHP02,10.608521234332398
2024,wih2,GEMS-0219_PHBW8_0008/LH287,10.608521234332398
2024,wih2,GEMS-0219_PHBW8_0008/PHP02,10.608521234332398
2024,wih2,GEMS-0219_PHBW8_0009/LH287,10.608521234332398
2024,wih2,GEMS-0219_PHBW8_0011/LH287,10.608521234332398
2024,wih2,GEMS-0219_PHBW8_0011/PHP02,10.608521234332398
2024,wih2,GEMS-0227_3AZA1_0001/LH287,10.608521234332398
2024,wih2,GEMS-0227_3AZA1_0001/PHP02,10.608521234332398
2024,wih2,GEMS-0227_3AZA1_0002/PHP02,10.608521234332398
2024,wih2,GEMS-0227_3AZA1_0003/LH287,10.608521234332398
2024,wih2,GEMS-0227_3AZA1_0003/PHP02,10.608521234332398
2024,wih2,GEMS-0227_3AZA1_0004/LH287,10.608521234332398
2024,wih2,GEMS-0227_3AZA1_0004/PHP02,10.608521234332398
2024,wih2,GEMS-0227_3AZA1_0005/PHP02,10.608521234332398
2024,wih2,GEMS-0227_3AZA1_0006/PHP02,10.608521234332398
2024,wih2,GEMS-0227_3AZA1_0007/LH287,10.608521234332398
2024,wih2,GEMS-0227_3AZA1_0008/LH287,10.608521234332398
2024,wih2,GEMS-0227_3AZA1_0008/PHP02,10.608521234332398
2024,wih2,GEMS-0227_3AZA1_0009/LH287,10.608521234332398
2024,wih2,GEMS-0227_3AZA1_0009/PHP02,10.608521234332398
2024,wih2,GEMS-0227_3AZA1_0010/LH287,10.608521234332398
2024,wih2,GEMS-0227_3AZA1_0010/PHP02,10.608521234332398
2024,wih2,GEMS-0227_3AZA1_0011/LH287,10.608521234332398
2024,wih2,GEMS-0227_3AZA1_0011/PHP02,10.608521234332398
2024,wih2,GEMS-0227_3AZA1_0012/LH287,10.608521234332398
2024,wih2,GEMS-0227_3AZA1_0012/PHP02,10.608521234332398
2024,wih2,GEMS-0227_3AZA1_0013/LH287,10.608521234332398
2024,wih2,GEMS-0227_3AZA1_0013/PHP02,10.608521234332398
2024,wih2,GEMS-0227_3AZA1_0015/LH287,10.608521234332398
2024,wih2,GEMS-0227_3AZA1_0016/LH287,10.608521234332398
2024,wih2,GEMS-0227_3AZA1_0016/PHP02,10.608521234332398
2024,wih2,GEMS-0227_3AZA1_0017/LH287,10.608521234332398
2024,wih2,GEMS-0227_3AZA1_0018/PHP02,10.608521234332398
2024,wih2,GEMS-0227_3AZA1_0019/LH287,10.608521234332398
2024,wih2,GEMS-0227_3AZA1_0019/PHP02,10.608521234332398
2024,wih2,GEMS-0227_3AZA1_0022/LH287,10.608521234332398
2024,wih2,GEMS-0227_3AZA1_0023/LH287,10.608521234332398
2024,wih2,GEMS-0227_3AZA1_0023/PHP02,10.608521234332398
2024,wih2,GEMS-0227_3AZA1_0024/LH287,10.608521234332398
2024,wih2,GEMS-0227_3AZA1_0024/PHP02,10.608521234332398
2024,wih2,GEMS-0227_3AZA1_0028/LH287,10.608521234332398
2024,wih2,GEMS-0227_3AZA1_0029/LH287,10.608521234332398
2024,wih2,GEMS-0227_3AZA1_0030/PHP02,10.608521234332398
2024,wih2,GEMS-0227_3AZA1_0031/PHP02,10.608521234332398
2024,wih2,GEMS-0227_3AZA1_0032/LH287,10.608521234332398
2024,wih2,GEMS-0227_3AZA1_0032/PHP02,10.608521234332398
2024,wih2,GEMS-0227_3AZA1_0034/LH287,10.608521234332398
2024,wih2,GEMS-0227_3AZA1_0035/LH287,10.608521234332398
2024,wih2,GEMS-0227_3AZA1_0035/PHP02,10.608521234332398
2024,wih2,GEMS-0227_3AZA1_0036/PHP02,10.608521234332398
2024,wih2,GEMS-0227_3AZA1_0040/PHP02,10.608521234332398
2024,wih2,GEMS-0227_3AZA1_0041/PHP02,10.608521234332398
2024,wih2,GEMS-0227_3AZA1_0043/LH287,10.608521234332398
2024,wih2,GEMS-0227_3AZA1_0043/PHP02,10.608521234332398
2024,wih2,GEMS-0227_3AZA1_0045/LH287,10.608521234332398
2024,wih2,GEMS-0227_3AZA1_0045/PHP02,10.608521234332398
2024,wih2,GEMS-0227_3AZA1_0046/LH287,10.608521234332398
2024,wih2,GEMS-0227_3AZA1_0046/PHP02,10.608521234332398
2024,wih2,GEMS-0227_3AZA1_0048/PHP02,10.608521234332398
2024,wih2,GEMS-0227_FBLL_0001/PHP02,10.608521234332398
2024,wih2,GEMS-0227_FBLL_0002/LH287,10.608521234332398
2024,wih2,GEMS-0227_FBLL_0002/PHP02,10.608521234332398
2024,wih2,GEMS-0227_FBLL_0003/LH287,10.608521234332398
2024,wih2,GEMS-0227_FBLL_0004/PHP02,10.608521234332398
2024,wih2,GEMS-0227_FBLL_0005/LH287,10.608521234332398
2024,wih2,GEMS-0227_FBLL_0005/PHP02,10.608521234332398
2024,wih2,GEMS-0227_FBLL_0007/PHP02,10.608521234332398
2024,wih2,GEMS-0227_FBLL_0008/PHP02,10.608521234332398
2024,wih2,GEMS-0227_FBLL_0009/PHP02,10.608521234332398
2024,wih2,GEMS-0227_FBLL_0010/LH287,10.608521234332398
2024,wih2,GEMS-0227_FBLL_0010/PHP02,10.608521234332398
2024,wih2,GEMS-0227_FBLL_0013/LH287,10.608521234332398
2024,wih2,GEMS-0227_FBLL_0013/PHP02,10.608521234332398
2024,wih2,GEMS-0227_FBLL_0014/LH287,10.608521234332398
2024,wih2,GEMS-0227_FBLL_0014/PHP02,10.608521234332398
2024,wih2,GEMS-0227_FBLL_0015/LH287,10.608521234332398
2024,wih2,GEMS-0227_FBLL_0015/PHP02,10.608521234332398
2024,wih2,GEMS-0227_FBLL_0016/LH287,10.608521234332398
2024,wih2,GEMS-0227_FBLL_0017/LH287,10.608521234332398
2024,wih2,GEMS-0227_FBLL_0017/PHP02,10.608521234332398
2024,wih2,GEMS-0227_FBLL_0018/LH287,10.608521234332398
2024,wih2,GEMS-0227_FBLL_0018/PHP02,10.608521234332398
2024,wih2,GEMS-0227_FBLL_0019/LH287,10.608521234332398
2024,wih2,GEMS-0227_FBLL_0020/LH287,10.608521234332398
2024,wih2,GEMS-0227_FBLL_0020/PHP02,10.608521234332398
2024,wih2,GEMS-0227_FBLL_0021/LH287,10.608521234332398
2024,wih2,GEMS-0227_FBLL_0021/PHP02,10.608521234332398
2024,wih2,GEMS-0227_FBLL_0022/PHP02,10.608521234332398
2024,wih2,GEMS-0227_FBLL_0023/LH287,10.608521234332398
2024,wih2,GEMS-0227_FBLL_0023/PHP02,10.608521234332398
2024,wih2,GEMS-0227_FBLL_0024/LH287,10.608521234332398
2024,wih2,GEMS-0227_FBLL_0025/LH287,10.608521234332398
2024,wih2,GEMS-0227_FBLL_0025/PHP02,10.608521234332398
2024,wih2,GEMS-0227_FBLL_0026/LH287,10.608521234332398
2024,wih2,GEMS-0227_FBLL_0027/LH287,10.608521234332398
2024,wih2,GEMS-0227_FBLL_0027/PHP02,10.608521234332398
2024,wih2,GEMS-0227_FBLL_0028/LH287,10.608521234332398
2024,wih2,GEMS-0227_FBLL_0029/LH287,10.608521234332398
2024,wih2,GEMS-0227_FBLL_0030/LH287,10.608521234332398
2024,wih2,GEMS-0227_FBLL_0030/PHP02,10.608521234332398
2024,wih2,GEMS-0227_FBLL_0031/LH287,10.608521234332398
2024,wih2,GEMS-0227_FBLL_0032/LH287,10.608521234332398
2024,wih2,GEMS-0227_FBLL_0033/PHP02,10.608521234332398
2024,wih2,GEMS-0227_FBLL_0034/LH287,10.608521234332398
2024,wih2,GEMS-0227_FBLL_0034/PHP02,10.608521234332398
2024,wih2,GEMS-0227_FBLL_0035/LH287,10.608521234332398
2024,wih2,GEMS-0227_FBLL_0036/LH287,10.608521234332398
2024,wih2,GEMS-0227_FBLL_0036/PHP02,10.608521234332398
2024,wih2,GEMS-0227_FBLL_0037/LH287,10.608521234332398
2024,wih2,GEMS-0227_FBLL_0037/PHP02,10.608521234332398
2024,wih2,GEMS-0227_FBLL_0038/LH287,10.608521234332398
2024,wih2,GEMS-0227_FBLL_0039/LH287,10.608521234332398
2024,wih2,GEMS-0227_FBLL_0039/PHP02,10.608521234332398
2024,wih2,GEMS-0227_FBLL_0040/LH287,10.608521234332398
2024,wih2,GEMS-0227_FBLL_0040/PHP02,10.608521234332398
2024,wih2,GEMS-0227_FBLL_0042/LH287,10.608521234332398
2024,wih2,GEMS-0227_FBLL_0042/PHP02,10.608521234332398
2024,wih2,GEMS-0227_FBLL_0043/PHP02,10.608521234332398
2024,wih2,GEMS-0227_FBLL_0044/LH287,10.608521234332398
2024,wih2,GEMS-0227_FBLL_0045/LH287,10.608521234332398
2024,wih2,GEMS-0227_FBLL_0045/PHP02,10.608521234332398
2024,wih2,GEMS-0227_FBLL_0046/LH287,10.608521234332398
2024,wih2,GEMS-0227_FBLL_0046/PHP02,10.608521234332398
2024,wih2,GEMS-0227_FBLL_0047/LH287,10.608521234332398
2024,wih2,GEMS-0227_FBLL_0047/PHP02,10.608521234332398
2024,wih2,GEMS-0227_FBLL_0048/LH287,10.608521234332398
2024,wih2,GEMS-0227_FBLL_0048/PHP02,10.608521234332398
2024,wih2,GEMS-0227_FBLL_0049/LH287,10.608521234332398
2024,wih2,GEMS-0227_FBLL_0049/PHP02,10.608521234332398
2024,wih2,GEMS-0227_FBLL_0050/LH287,10.608521234332398
2024,wih2,GEMS-0227_FBLL_0050/PHP02,10.608521234332398
2024,wih2,GEMS-0227_FBLL_0051/PHP02,10.608521234332398
2024,wih2,GEMS-0227_FBLL_0053/LH287,10.608521234332398
2024,wih2,GEMS-0227_FBLL_0053/PHP02,10.608521234332398
2024,wih2,GEMS-0227_FBLL_0054/LH287,10.608521234332398
2024,wih2,GEMS-0227_FBLL_0055/PHP02,10.608521234332398
2024,wih2,GEMS-0227_FBLL_0056/LH287,10.608521234332398
2024,wih2,GEMS-0227_FBLL_0056/PHP02,10.608521234332398
2024,wih2,GEMS-0227_FBLL_0057/PHP02,10.608521234332398
2024,wih2,GEMS-0227_FBLL_0058/LH287,10.608521234332398
2024,wih2,GEMS-0227_FBLL_0058/PHP02,10.608521234332398
2024,wih2,GEMS-0227_FBLL_0059/LH287,10.608521234332398
2024,wih2,GEMS-0227_FBLL_0060/LH287,10.608521234332398
2024,wih2,GEMS-0227_FBLL_0060/PHP02,10.608521234332398
2024,wih2,GEMS-0227_FBLL_0062/LH287,10.608521234332398
2024,wih2,GEMS-0227_FBLL_0063/LH287,10.608521234332398
2024,wih2,GEMS-0227_FBLL_0063/PHP02,10.608521234332398
2024,wih2,GEMS-0227_FBLL_0064/LH287,10.608521234332398
2024,wih2,GEMS-0227_FBLL_0064/PHP02,10.608521234332398
2024,wih2,GEMS-0227_FBLL_0066/LH287,10.608521234332398
2024,wih2,GEMS-0227_FBLL_0066/PHP02,10.608521234332398
2024,wih2,GEMS-0227_FBLL_0067/LH287,10.608521234332398
2024,wih2,GEMS-0227_FBLL_0068/LH287,10.608521234332398
2024,wih2,GEMS-0227_FBLL_0068/PHP02,10.608521234332398
2024,wih2,GEMS-0227_FBLL_0069/PHP02,10.608521234332398
2024,wih2,GEMS-0227_FBLL_0070/PHP02,10.608521234332398
2024,wih2,GEMS-0227_FBLL_0071/LH287,10.608521234332398
2024,wih2,GEMS-0227_FBLL_0072/LH287,10.608521234332398
2024,wih2,GEMS-0227_FBLL_0073/LH287,10.608521234332398
2024,wih2,GEMS-0227_FBLL_0073/PHP02,10.608521234332398
2024,wih2,GEMS-0227_FBLL_0074/LH287,10.608521234332398
2024,wih2,GEMS-0227_FBLL_0074/PHP02,10.608521234332398
2024,wih2,GEMS-0227_FBLL_0075/LH287,10.608521234332398
2024,wih2,GEMS-0227_FBLL_0077/LH287,10.608521234332398
2024,wih2,GEMS-0227_FBLL_0077/PHP02,10.608521234332398
2024,wih2,GEMS-0227_FBLL_0078/LH287,10.608521234332398
2024,wih2,GEMS-0227_FBLL_0078/PHP02,10.608521234332398
2024,wih2,GEMS-0227_FBLL_0079/LH287,10.608521234332398
2024,wih2,GEMS-0227_FBLL_0079/PHP02,10.608521234332398
2024,wih2,GEMS-0227_FBLL_0082/LH287,10.608521234332398
2024,wih2,GEMS-0227_FBLL_0082/PHP02,10.608521234332398
2024,wih2,GEMS-0227_FBLL_0084/PHP02,10.608521234332398
2024,wih2,GEMS-0227_FBLL_0085/PHP02,10.608521234332398
2024,wih2,GEMS-0227_FBLL_0086/LH287,10.608521234332398
2024,wih2,GEMS-0227_FBLL_0087/PHP02,10.608521234332398
2024,wih2,GEMS-0227_FBLL_0088/LH287,10.608521234332398
2024,wih2,GEMS-0227_FBLL_0088/PHP02,10.608521234332398
2024,wih2,GEMS-0227_FBLL_0089/LH287,10.608521234332398
2024,wih2,GEMS-0227_FBLL_0090/LH287,10.608521234332398
2024,wih2,GEMS-0227_FBLL_0090/PHP02,10.608521234332398
2024,wih2,GEMS-0227_FBLL_0093/LH287,10.608521234332398
2024,wih2,GEMS-0227_FBLL_0093/PHP02,10.608521234332398
2024,wih2,GEMS-0227_FBLL_0094/PHP02,10.608521234332398
2024,wih2,GEMS-0227_FBLL_0097/PHP02,10.608521234332398
2024,wih2,GEMS-0227_FBLL_0098/LH287,10.608521234332398
2024,wih2,GEMS-0227_FBLL_0098/PHP02,10.608521234332398
2024,wih2,GEMS-0227_FBLL_0101/LH287,10.608521234332398
2024,wih2,GEMS-0227_FBLL_0101/PHP02,10.608521234332398
2024,wih2,GEMS-0227_FBLL_0102/LH287,10.608521234332398
2024,wih2,GEMS-0227_FBLL_0102/PHP02,10.608521234332398
2024,wih2,GEMS-0227_FBLL_0104/PHP02,10.608521234332398
2024,wih2,GEMS-0227_FBLL_0105/LH287,10.608521234332398
2024,wih2,GEMS-0227_FBLL_0106/LH287,10.608521234332398
2024,wih2,GEMS-0227_FBLL_0106/PHP02,10.608521234332398
2024,wih2,GEMS-0227_FBLL_0107/LH287,10.608521234332398
2024,wih2,GEMS-0227_FBLL_0107/PHP02,10.608521234332398
2024,wih2,GEMS-0227_FBLL_0110/LH287,10.608521234332398
2024,wih2,GEMS-0227_FBLL_0110/PHP02,10.608521234332398
2024,wih2,GEMS-0227_FBLL_0111/LH287,10.608521234332398
2024,wih2,GEMS-0227_FBLL_0113/LH287,10.608521234332398
2024,wih2,GEMS-0227_FBLL_0113/PHP02,10.608521234332398
2024,wih2,GEMS-0227_FBLL_0114/LH287,10.608521234332398
2024,wih2,GEMS-0227_FBLL_0114/PHP02,10.608521234332398
2024,wih2,GEMS-0227_FBLL_0115/PHP02,10.608521234332398
2024,wih2,GEMS-0227_FBLL_0116/LH287,10.608521234332398
2024,wih2,GEMS-0227_FBLL_0116/PHP02,10.608521234332398
2024,wih2,GEMS-0227_FBLL_0117/LH287,10.608521234332398
2024,wih2,GEMS-0227_FBLL_0118/LH287,10.608521234332398
2024,wih2,GEMS-0227_FBLL_0121/PHP02,10.608521234332398
2024,wih2,GEMS-0227_FBLL_0124/LH287,10.608521234332398
2024,wih2,GEMS-0227_FBLL_0124/PHP02,10.608521234332398
2024,wih2,GEMS-0227_FBLL_0125/LH287,10.608521234332398
2024,wih2,GEMS-0227_FBLL_0125/PHP02,10.608521234332398
2024,wih2,GEMS-0227_FBLL_0127/LH287,10.608521234332398
2024,wih2,GEMS-0227_FBLL_0127/PHP02,10.608521234332398
2024,wih2,GEMS-0227_FBLL_0133/PHP02,10.608521234332398
2024,wih2,GEMS-0227_FBLL_0134/LH287,10.608521234332398
2024,wih2,GEMS-0227_FBLL_0134/PHP02,10.608521234332398
2024,wih2,GEMS-0227_FBLL_0136/LH287,10.608521234332398
2024,wih2,GEMS-0227_FBLL_0136/PHP02,10.608521234332398
2024,wih2,GEMS-0227_FBLL_0140/PHP02,10.608521234332398
2024,wih2,GEMS-0227_FBLL_0141/LH287,10.608521234332398
2024,wih2,GEMS-0227_FBLL_0141/PHP02,10.608521234332398
2024,wih2,GEMS-0227_PHB47_0001/PHP02,10.608521234332398
2024,wih2,GEMS-0227_PHB47_0002/PHP02,10.608521234332398
2024,wih2,GEMS-0227_PHB47_0003/PHP02,10.608521234332398
2024,wih2,GEMS-0227_PHB47_0004/LH287,10.608521234332398
2024,wih2,GEMS-0227_PHB47_0004/PHP02,10.608521234332398
2024,wih2,GEMS-0227_PHB47_0006/LH287,10.608521234332398
2024,wih2,GEMS-0227_PHB47_0006/PHP02,10.608521234332398
2024,wih2,GEMS-0227_PHB47_0007/LH287,10.608521234332398
2024,wih2,GEMS-0227_PHB47_0007/PHP02,10.608521234332398
2024,wih2,GEMS-0227_PHB47_0009/PHP02,10.608521234332398
2024,wih2,GEMS-0227_PHB47_0010/LH287,10.608521234332398
2024,wih2,GEMS-0227_PHB47_0011/LH287,10.608521234332398
2024,wih2,GEMS-0227_PHB47_0011/PHP02,10.608521234332398
2024,wih2,GEMS-0227_PHB47_0012/LH287,10.608521234332398
2024,wih2,GEMS-0227_PHB47_0012/PHP02,10.608521234332398
2024,wih2,GEMS-0227_PHB47_0014/LH287,10.608521234332398
2024,wih2,GEMS-0227_PHB47_0016/PHP02,10.608521234332398
2024,wih2,GEMS-0227_PHB47_0022/LH287,10.608521234332398
2024,wih2,GEMS-0227_PHB47_0022/PHP02,10.608521234332398
2024,wih2,GEMS-0227_PHB47_0024/LH287,10.608521234332398
2024,wih2,GEMS-0227_PHB47_0024/PHP02,10.608521234332398
2024,wih2,GEMS-0227_PHB47_0025/LH287,10.608521234332398
2024,wih2,GEMS-0227_PHB47_0025/PHP02,10.608521234332398
2024,wih2,GEMS-0227_PHB47_0026/LH287,10.608521234332398
2024,wih2,GEMS-0227_PHB47_0026/PHP02,10.608521234332398
2024,wih2,GEMS-0227_PHBW8_0001/LH287,10.608521234332398
2024,wih2,GEMS-0227_PHBW8_0001/PHP02,10.608521234332398
2024,wih2,GEMS-0227_PHBW8_0002/LH287,10.608521234332398
2024,wih2,GEMS-0227_PHBW8_0002/PHP02,10.608521234332398
2024,wih2,GEMS-0227_PHBW8_0003/LH287,10.608521234332398
2024,wih2,GEMS-0227_PHBW8_0003/PHP02,10.608521234332398
2024,wih2,GEMS-0227_PHBW8_0004/LH287,10.608521234332398
2024,wih2,GEMS-0227_PHBW8_0004/PHP02,10.608521234332398
2024,wih2,GEMS-0227_PHBW8_0005/LH287,10.608521234332398
2024,wih2,GEMS-0227_PHBW8_0006/LH287,10.608521234332398
2024,wih2,GEMS-0227_PHBW8_0006/PHP02,10.608521234332398
2024,wih2,GEMS-0227_PHBW8_0007/LH287,10.608521234332398
2024,wih2,GEMS-0227_PHBW8_0009/PHP02,10.608521234332398
2024,wih2,GEMS-0227_PHBW8_0010/LH287,10.608521234332398
2024,wih2,GEMS-0227_PHBW8_0010/PHP02,10.608521234332398
2024,wih2,GEMS-0227_PHBW8_0012/LH287,10.608521234332398
2024,wih2,GEMS-0227_PHBW8_0012/PHP02,10.608521234332398
2024,wih2,GEMS-0227_PHBW8_0013/LH287,10.608521234332398
2024,wih2,GEMS-0227_PHBW8_0013/PHP02,10.608521234332398
2024,wih2,GEMS-0227_PHBW8_0015/LH287,10.608521234332398
2024,wih2,GEMS-0227_PHBW8_0016/LH287,10.608521234332398
2024,wih2,GEMS-0227_PHBW8_0018/LH287,10.608521234332398
2024,wih2,GEMS-0227_PHBW8_0018/PHP02,10.608521234332398
2024,wih2,GEMS-0227_PHBW8_0019/LH287,10.608521234332398
2024,wih2,GEMS-0227_PHBW8_0019/PHP02,10.608521234332398
2024,wih2,GEMS-0227_PHBW8_0020/PHP02,10.608521234332398
2024,wih2,GEMS-0227_PHBW8_0021/LH287,10.608521234332398
2024,wih2,GEMS-0227_PHBW8_0021/PHP02,10.608521234332398
2024,wih2,GEMS-0227_PHBW8_0022/LH287,10.608521234332398
2024,wih2,GEMS-0227_PHBW8_0024/LH287,10.608521234332398
2024,wih2,GEMS-0227_PHBW8_0024/PHP02,10.608521234332398
2024,wih2,LH132/PHP02,10.467216497847174
2024,wih2,LH146HT/LH287,10.608521234332398
2024,wih2,LH146HT/PHP02,10.608521234332398
2024,wih2,LH192/PHP02,10.608521234332398
2024,wih2,LH193/LH287,10.608521234332398
2024,wih2,LH193/PHP02,10.608521234332398
2024,wih2,LH195/LH287,10.608521234332398
2024,wih2,LH195/PHP02,10.565165916481803
2024,wih2,LH195/PHZ51,10.12930617365289
2024,wih2,LH197/LH287,10.608521234332398
2024,wih2,LH197/PHP02,10.608521234332398
2024,wih2,LH198/LH287,10.608521234332398
2024,wih2,LH198/PHP02,10.608521234332398
2024,wih2,LH200/PHP02,10.608521234332398
2024,wih2,LH204/LH287,10.608521234332398
2024,wih2,LH204/PHP02,10.608521234332398
2024,wih2,LH220HT/LH287,10.608521234332398
2024,wih2,LH224/LH287,10.608521234332398
2024,wih2,LH224/PHP02,10.608521234332398
2024,wih2,LH225/LH287,10.608521234332398
2024,wih2,LH225/PHP02,10.608521234332398
2024,wih2,LH226HT/PHP02,10.608521234332398
2024,wih2,LH228/LH287,10.608521234332398
2024,wih2,LH228/PHP02,10.608521234332398
2024,wih2,LH231/PHP02,10.608521234332398
2024,wih2,LH234/LH287,10.608521234332398
2024,wih2,LH234/PHP02,10.608521234332398
2024,wih2,LH235/PHP02,10.608521234332398
2024,wih2,LH236/PHP02,10.608521234332398
2024,wih2,LH237/LH287,10.608521234332398
2024,wih2,LH237/PHP02,10.608521234332398
2024,wih2,LH238/LH287,10.608521234332398
2024,wih2,LH238/PHP02,10.608521234332398
2024,wih2,LH244/PHK76,10.357990729648403
2024,wih2,LH244/PHP02,10.608521234332398
2024,wih2,LH273/LH287,10.608521234332398
2024,wih2,LH286/PHP02,10.608521234332398
2024,wih2,LH287/LH244,12.925621015449538
2024,wih2,LH292/PHP02,10.608521234332398
2024,wih2,LH82/LH244,10.509724910280466
2024,wih2,MM501D/LH244,11.822451792865971
2024,wih2,NKH8431/LH287,10.608521234332398
2024,wih2,NKH8431/PHP02,10.608521234332398
2024,wih2,PH05F/PHP02,10.608521234332398
2024,wih2,PH05G/LH287,10.608521234332398
2024,wih2,PH05G/PHP02,10.608521234332398
2024,wih2,PH05W/LH287,10.608521234332398
2024,wih2,PH05W/PHP02,10.608521234332398
2024,wih2,PH06N/LH287,10.608521234332398
2024,wih2,PH07D/LH287,10.608521234332398
2024,wih2,PH07D/PHP02,10.608521234332398
2024,wih2,PH080/LH287,10.608521234332398
2024,wih2,PH080/PHP02,10.608521234332398
2024,wih2,PH08A/LH287,10.608521234332398
2024,wih2,PH08A/PHP02,10.608521234332398
2024,wih2,PH09B/PHP02,10.608521234332398
2024,wih2,PH09E/LH287,10.608521234332398
2024,wih2,PH09E/PHP02,10.608521234332398
2024,wih2,PH0B4/LH287,10.608521234332398
2024,wih2,PH0B4/PHP02,10.608521234332398
2024,wih2,PH0CD/LH287,10.608521234332398
2024,wih2,PH0GP/LH287,10.608521234332398
2024,wih2,PH0GP/PHP02,10.608521234332398
2024,wih2,PH19V/PHP02,10.608521234332398
2024,wih2,PH1CA/LH287,10.608521234332398
2024,wih2,PH1CA/PHP02,10.608521234332398
2024,wih2,PH1GC/LH287,10.608521234332398
2024,wih2,PH1GC/PHP02,10.608521234332398
2024,wih2,PH1TB/LH287,10.608521234332398
2024,wih2,PH1TB/PHP02,10.608521234332398
2024,wih2,PH1W2/LH287,10.608521234332398
2024,wih2,PH1W2/PHP02,10.608521234332398
2024,wih2,PH24E/LH244,11.952129311331179
2024,wih2,PH24M/LH287,10.608521234332398
2024,wih2,PH37C/LH287,10.608521234332398
2024,wih2,PH42B/LH287,10.608521234332398
2024,wih2,PH42B/PHP02,10.608521234332398
2024,wih2,PH44A/LH287,10.608521234332398
2024,wih2,PH44A/PHP02,10.608521234332398
2024,wih2,PH55C/LH287,10.608521234332398
2024,wih2,PH55C/PHP02,10.608521234332398
2024,wih2,PH63A/LH287,10.608521234332398
2024,wih2,PH63A/PHP02,10.608521234332398
2024,wih2,PH79A/LH287,10.608521234332398
2024,wih2,PH79A/PHP02,10.608521234332398
2024,wih2,PHB47/PHN82,11.179963778071116
2024,wih2,PHB47/PHZ51,10.228214132972886
2024,wih2,PHBW8/LH287,10.608521234332398
2024,wih2,PHBW8/PHP02,10.608521234332398
2024,wih2,PHDG1/LH287,10.608521234332398
2024,wih2,PHDG1/PHP02,10.608521234332398
2024,wih2,PHEW7/LH287,10.608521234332398
2024,wih2,PHEW7/PHP02,10.608521234332398
2024,wih2,PHG29/PHG47,9.519925455856917
2024,wih2,PHG39/PHN82,11.215149961584626
2024,wih2,PHHB9/LH287,10.608521234332398
2024,wih2,PHJ40/PHAJ0,8.315609481081571
2024,wih2,PHJ89/LH244,11.287082807138429
2024,wih2,PHJR5/LH287,10.608521234332398
2024,wih2,PHK56/LH244,11.844720859635041
2024,wih2,PHKV0/LH287,10.608521234332398
2024,wih2,PHN46/LH244,10.159564012968795
2024,wih2,PHN66/LH287,10.608521234332398
2024,wih2,PHN66/PHP02,10.608521234332398
2024,wih2,PHNJ2/LH287,10.608521234332398
2024,wih2,PHNJ2/PHP02,10.608521234332398
2024,wih2,PHP02/LH244,11.829282562083128
2024,wih2,PHP38/LH287,10.608521234332398
2024,wih2,PHP38/PHP02,10.608521234332398
2024,wih2,PHPR5/LH287,10.608521234332398
2024,wih2,PHR03/LH244,11.880345563388863
2024,wih2,PHR61/LH287,10.608521234332398
2024,wih2,PHRE1/PHTD5,8.177841335293868
2024,wih2,PHT10/LH287,10.608521234332398
2024,wih2,PHT10/PHP02,10.608521234332398
2024,wih2,PHT11/LH287,10.608521234332398
2024,wih2,PHT11/PHP02,10.608521234332398
2024,wih2,PHT47/PHP02,10.608521234332398
2024,wih2,PHTP9/PHP02,10.608521234332398
2024,wih2,PHTV7/LH287,10.608521234332398
2024,wih2,PHTV7/PHP02,10.608521234332398
2024,wih2,PHV37/LH287,10.608521234332398
2024,wih2,PHVA9/LH287,10.608521234332398
2024,wih2,PHVA9/PHP02,10.608521234332398
2024,wih2,PHVJ5/PHP02,10.608521234332398
2024,wih2,PHW30/LH244,11.570704005768013
2024,wih2,PHW52/LH287,10.608521234332398
2024,wih2,PHW52/PHM49,10.554747978278929
2024,wih2,PHW52/PHP02,10.608521234332398
2024,wih2,TX777/LH195,9.62985725612063
2024,wih2,W10004_0018/LH287,10.608521234332398
2024,wih2,W10004_0031/PHP02,11.734642901079507
2024,wih2,W10004_0034/LH287,10.608521234332398
2024,wih2,W10004_0034/PHP02,11.41681306297166
2024,wih2,W10004_0062/PHP02,10.612795280307948
2024,wih2,W10004_0095/LH287,10.608521234332398
2024,wih2,W10004_0095/PHP02,10.285119129175978
2024,wih2,W10004_0103/LH287,10.608521234332398
2024,wih2,W10004_0103/PHP02,11.497003053088024
2024,wih2,W10004_0122/LH287,10.608521234332398
2024,wih2,W10004_0122/PHP02,11.318508093222512
2024,wih2,W10004_0133/LH287,10.608521234332398
2024,wih2,W10004_0146/LH287,10.608521234332398
2024,wih2,W10004_0146/PHP02,11.609242053788353
2024,wih2,W10004_0160/LH287,10.608521234332398
2024,wih2,W10004_0160/PHP02,11.609242053788353
2024,wih2,W10004_0167/LH287,10.608521234332398
2024,wih2,W10004_0168/LH287,10.608521234332398
2024,wih2,W10004_0168/PHP02,11.224520707732898
2024,wih2,W10004_0189/LH287,10.608521234332398
2024,wih2,W10004_0189/PHP02,11.902260253718998
2024,wih2,W10004_0236/LH287,10.608521234332398
2024,wih2,W10004_0236/PHP02,11.319620599789484
2024,wih2,W10004_0238/LH287,10.608521234332398
2024,wih2,W10004_0238/PHP02,11.419503048178974
2024,wih2,W10004_0258/LH287,10.608521234332398
2024,wih2,W10004_0258/PHP02,11.844720859635041
2024,wih2,W10004_0270/PHP02,11.141101408663507
2024,wih2,W10004_0311/LH287,10.608521234332398
2024,wih2,W10004_0311/PHP02,10.717222020304131
2024,wih2,W10004_0389/LH287,10.608521234332398
2024,wih2,W10004_0389/PHP02,11.192497745342452
2024,wih2,W10004_0403/PHP02,11.419503048178974
2024,wih2,W10004_0409/LH287,10.608521234332398
2024,wih2,W10004_0409/PHP02,12.250296259526397
2024,wih2,W10004_0412/LH287,10.608521234332398
2024,wih2,W10004_0476/PHP02,10.493548238558866
2024,wih2,W10004_0601/PHP02,11.32118669394444
2024,wih2,W10004_0608/LH287,10.608521234332398
2024,wih2,W10004_0608/PHP02,10.431767190894188
2024,wih2,W10004_0637/LH287,10.608521234332398
2024,wih2,W10004_0637/PHP02,11.497003053088024
2024,wih2,W10004_0688/LH287,10.608521234332398
2024,wih2,W10004_0688/PHP02,10.780683025353373
2024,wih2,W10004_0691/LH287,10.608521234332398
2024,wih2,W10004_0691/PHP02,10.057110035313213
2024,wih2,W10004_0714/LH287,10.608521234332398
2024,wih2,W10004_0714/PHP02,11.32118669394444
2024,wih2,W10004_0715/LH287,10.608521234332398
2024,wih2,W10004_0715/PHP02,11.23705117744111
2024,wih2,W10004_0747/PHP02,11.814937489139458
2024,wih2,W10004_0754/LH287,10.608521234332398
2024,wih2,W10004_0754/PHP02,11.38794113496158
2024,wih2,W10004_0776/PHP02,11.38794113496158
2024,wih2,W10004_0801/PHP02,11.897059935268821
2024,wih2,W10004_0822/LH287,10.608521234332398
2024,wih2,W10004_0822/PHP02,11.426704665036993
2024,wih2,W10004_0859/LH287,10.608521234332398
2024,wih2,W10004_0859/PHP02,10.882263556374479
2024,wih2,W10004_0866/LH287,10.608521234332398
2024,wih2,W10004_0866/PHP02,11.952129311331179
2024,wih2,W10004_0949/LH287,10.608521234332398
2024,wih2,W10004_0949/PHP02,12.747095890060308
2024,wih2,W10004_0969/LH287,10.608521234332398
2024,wih2,W10004_0969/PHP02,10.703335181608105
2024,wih2,W10004_1018/PHP02,10.882263556374479
2024,wih2,W10004_1032/LH287,10.608521234332398
2024,wih2,W10004_1080/LH287,10.608521234332398
2024,wih2,W10004_1080/PHP02,11.857247411204234
2024,wih2,WQCD10/PHP02,10.608521234332398
2024,wih3,01DIB2/PHP02,11.028174026088895
2024,wih3,2369/LH123HT,12.777717888543194
2024,wih3,2FACC/PHP02,11.028174026088895
2024,wih3,B14A/OH43,10.436704112677889
2024,wih3,B37/H95,10.157828637411349
2024,wih3,B73/MO17,12.17297008189701
2024,wih3,B73/PHN82,12.458804542356331
2024,wih3,B73/TX779,7.877817451444134
2024,wih3,CG119/CG108,6.867638577300751
2024,wih3,CG44/CGR01,9.252209962104278
2024,wih3,DK3IIH6/LH244,12.428231207695438
2024,wih3,DKFBHJ/PHP02,11.028174026088895
2024,wih3,FBLA/PHP02,11.028174026088895
2024,wih3,FBLL/PHP02,11.028174026088895
2024,wih3,GEMS-0061_3AZA1_0004/PHP02,11.028174026088895
2024,wih3,GEMS-0061_3AZA1_0005/PHP02,11.028174026088895
2024,wih3,GEMS-0061_3AZA1_0006/PHP02,11.028174026088895
2024,wih3,GEMS-0061_3AZA1_0007/PHP02,11.028174026088895
2024,wih3,GEMS-0061_3AZA1_0009/PHP02,11.028174026088895
2024,wih3,GEMS-0061_3AZA1_0010/PHP02,11.028174026088895
2024,wih3,GEMS-0061_3AZA1_0011/PHP02,11.028174026088895
2024,wih3,GEMS-0061_3AZA1_0012/PHP02,11.028174026088895
2024,wih3,GEMS-0061_3AZA1_0013/PHP02,11.028174026088895
2024,wih3,GEMS-0061_3AZA1_0015/PHP02,11.028174026088895
2024,wih3,GEMS-0061_3AZA1_0017/PHP02,11.028174026088895
2024,wih3,GEMS-0061_3AZA1_0023/PHP02,11.028174026088895
2024,wih3,GEMS-0061_FBLL_0002/PHP02,11.028174026088895
2024,wih3,GEMS-0061_FBLL_0004/PHP02,11.028174026088895
2024,wih3,GEMS-0061_FBLL_0005/PHP02,11.028174026088895
2024,wih3,GEMS-0061_FBLL_0007/PHP02,11.028174026088895
2024,wih3,GEMS-0061_FBLL_0009/PHP02,11.028174026088895
2024,wih3,GEMS-0061_FBLL_0010/PHP02,11.028174026088895
2024,wih3,GEMS-0061_FBLL_0011/PHP02,11.028174026088895
2024,wih3,GEMS-0061_FBLL_0014/PHP02,11.028174026088895
2024,wih3,GEMS-0061_FBLL_0016/PHP02,11.028174026088895
2024,wih3,GEMS-0061_FBLL_0017/PHP02,11.028174026088895
2024,wih3,GEMS-0061_FBLL_0018/PHP02,11.028174026088895
2024,wih3,GEMS-0061_FBLL_0022/PHP02,11.028174026088895
2024,wih3,GEMS-0061_FBLL_0024/PHP02,11.028174026088895
2024,wih3,GEMS-0061_FBLL_0026/PHP02,11.028174026088895
2024,wih3,GEMS-0061_FBLL_0029/PHP02,11.028174026088895
2024,wih3,GEMS-0061_FBLL_0032/PHP02,11.028174026088895
2024,wih3,GEMS-0061_FBLL_0033/PHP02,11.028174026088895
2024,wih3,GEMS-0061_FBLL_0034/PHP02,11.028174026088895
2024,wih3,GEMS-0061_FBLL_0035/PHP02,11.028174026088895
2024,wih3,GEMS-0061_FBLL_0037/PHP02,11.028174026088895
2024,wih3,GEMS-0061_FBLL_0038/PHP02,11.028174026088895
2024,wih3,GEMS-0061_FBLL_0039/PHP02,11.028174026088895
2024,wih3,GEMS-0061_FBLL_0040/PHP02,11.028174026088895
2024,wih3,GEMS-0061_FBLL_0042/PHP02,11.028174026088895
2024,wih3,GEMS-0061_FBLL_0044/PHP02,11.028174026088895
2024,wih3,GEMS-0061_FBLL_0047/PHP02,11.028174026088895
2024,wih3,GEMS-0061_FBLL_0050/PHP02,11.028174026088895
2024,wih3,GEMS-0061_PHB47_0001/PHP02,11.028174026088895
2024,wih3,GEMS-0061_PHB47_0003/PHP02,11.028174026088895
2024,wih3,GEMS-0061_PHB47_0004/PHP02,11.028174026088895
2024,wih3,GEMS-0061_PHBW8_0001/PHP02,11.028174026088895
2024,wih3,GEMS-0061_PHBW8_0002/PHP02,11.028174026088895
2024,wih3,GEMS-0113_3AZA1_0001/PHP02,11.028174026088895
2024,wih3,GEMS-0113_3AZA1_0002/PHP02,11.028174026088895
2024,wih3,GEMS-0113_3AZA1_0003/PHP02,11.028174026088895
2024,wih3,GEMS-0113_3AZA1_0005/PHP02,11.028174026088895
2024,wih3,GEMS-0113_3AZA1_0006/PHP02,11.028174026088895
2024,wih3,GEMS-0113_3AZA1_0007/PHP02,11.028174026088895
2024,wih3,GEMS-0113_3AZA1_0008/PHP02,11.028174026088895
2024,wih3,GEMS-0113_3AZA1_0010/PHP02,11.028174026088895
2024,wih3,GEMS-0113_3AZA1_0011/PHP02,11.028174026088895
2024,wih3,GEMS-0113_3AZA1_0013/PHP02,11.028174026088895
2024,wih3,GEMS-0113_3AZA1_0016/PHP02,11.028174026088895
2024,wih3,GEMS-0113_3AZA1_0018/PHP02,11.028174026088895
2024,wih3,GEMS-0113_3AZA1_0019/PHP02,11.028174026088895
2024,wih3,GEMS-0113_3AZA1_0021/PHP02,11.028174026088895
2024,wih3,GEMS-0113_3AZA1_0022/PHP02,11.028174026088895
2024,wih3,GEMS-0113_3AZA1_0024/PHP02,11.028174026088895
2024,wih3,GEMS-0113_3AZA1_0025/PHP02,11.028174026088895
2024,wih3,GEMS-0113_3AZA1_0026/PHP02,11.028174026088895
2024,wih3,GEMS-0113_3AZA1_0027/PHP02,11.028174026088895
2024,wih3,GEMS-0113_3AZA1_0028/PHP02,11.028174026088895
2024,wih3,GEMS-0113_3AZA1_0029/PHP02,11.028174026088895
2024,wih3,GEMS-0113_3AZA1_0031/PHP02,11.028174026088895
2024,wih3,GEMS-0113_3AZA1_0038/PHP02,11.028174026088895
2024,wih3,GEMS-0113_FBLL_0002/PHP02,11.028174026088895
2024,wih3,GEMS-0113_FBLL_0004/PHP02,11.028174026088895
2024,wih3,GEMS-0113_FBLL_0005/PHP02,11.028174026088895
2024,wih3,GEMS-0113_FBLL_0006/PHP02,11.028174026088895
2024,wih3,GEMS-0113_FBLL_0010/PHP02,11.028174026088895
2024,wih3,GEMS-0113_FBLL_0011/PHP02,11.028174026088895
2024,wih3,GEMS-0113_FBLL_0013/PHP02,11.028174026088895
2024,wih3,GEMS-0113_FBLL_0015/PHP02,11.028174026088895
2024,wih3,GEMS-0113_PHB47_0001/PHP02,11.028174026088895
2024,wih3,GEMS-0113_PHB47_0004/PHP02,11.028174026088895
2024,wih3,GEMS-0113_PHB47_0005/PHP02,11.028174026088895
2024,wih3,GEMS-0113_PHB47_0006/PHP02,11.028174026088895
2024,wih3,GEMS-0113_PHB47_0007/PHP02,11.028174026088895
2024,wih3,GEMS-0113_PHB47_0008/PHP02,11.028174026088895
2024,wih3,GEMS-0113_PHB47_0009/PHP02,11.028174026088895
2024,wih3,GEMS-0113_PHB47_0012/PHP02,11.028174026088895
2024,wih3,GEMS-0113_PHB47_0013/PHP02,11.028174026088895
2024,wih3,GEMS-0113_PHB47_0014/PHP02,11.028174026088895
2024,wih3,GEMS-0113_PHB47_0015/PHP02,11.028174026088895
2024,wih3,GEMS-0113_PHB47_0017/PHP02,11.028174026088895
2024,wih3,GEMS-0113_PHB47_0019/PHP02,11.028174026088895
2024,wih3,GEMS-0113_PHB47_0020/PHP02,11.028174026088895
2024,wih3,GEMS-0113_PHB47_0021/PHP02,11.028174026088895
2024,wih3,GEMS-0113_PHBW8_0001/PHP02,11.028174026088895
2024,wih3,GEMS-0113_PHBW8_0006/PHP02,11.028174026088895
2024,wih3,GEMS-0113_PHBW8_0009/PHP02,11.028174026088895
2024,wih3,GEMS-0113_PHBW8_0011/PHP02,11.028174026088895
2024,wih3,GEMS-0113_PHBW8_0012/PHP02,11.028174026088895
2024,wih3,GEMS-0113_PHBW8_0013/PHP02,11.028174026088895
2024,wih3,GEMS-0113_PHBW8_0014/PHP02,11.028174026088895
2024,wih3,GEMS-0219_3AZA1_0001/PHP02,11.028174026088895
2024,wih3,GEMS-0219_3AZA1_0004/PHP02,11.028174026088895
2024,wih3,GEMS-0219_3AZA1_0005/PHP02,11.028174026088895
2024,wih3,GEMS-0219_3AZA1_0006/PHP02,11.028174026088895
2024,wih3,GEMS-0219_3AZA1_0008/PHP02,11.028174026088895
2024,wih3,GEMS-0219_3AZA1_0009/PHP02,11.028174026088895
2024,wih3,GEMS-0219_3AZA1_0012/PHP02,11.028174026088895
2024,wih3,GEMS-0219_FBLL_0002/PHP02,11.028174026088895
2024,wih3,GEMS-0219_FBLL_0003/PHP02,11.028174026088895
2024,wih3,GEMS-0219_FBLL_0004/PHP02,11.028174026088895
2024,wih3,GEMS-0219_FBLL_0007/PHP02,11.028174026088895
2024,wih3,GEMS-0219_FBLL_0010/PHP02,11.028174026088895
2024,wih3,GEMS-0219_FBLL_0011/PHP02,11.028174026088895
2024,wih3,GEMS-0219_FBLL_0012/PHP02,11.028174026088895
2024,wih3,GEMS-0219_FBLL_0014/PHP02,11.028174026088895
2024,wih3,GEMS-0219_FBLL_0015/PHP02,11.028174026088895
2024,wih3,GEMS-0219_FBLL_0017/PHP02,11.028174026088895
2024,wih3,GEMS-0219_FBLL_0018/PHP02,11.028174026088895
2024,wih3,GEMS-0219_FBLL_0019/PHP02,11.028174026088895
2024,wih3,GEMS-0219_FBLL_0020/PHP02,11.028174026088895
2024,wih3,GEMS-0219_FBLL_0022/PHP02,11.028174026088895
2024,wih3,GEMS-0219_FBLL_0023/PHP02,11.028174026088895
2024,wih3,GEMS-0219_FBLL_0025/PHP02,11.028174026088895
2024,wih3,GEMS-0219_FBLL_0027/PHP02,11.028174026088895
2024,wih3,GEMS-0219_FBLL_0028/PHP02,11.028174026088895
2024,wih3,GEMS-0219_FBLL_0030/PHP02,11.028174026088895
2024,wih3,GEMS-0219_PHB47_0001/PHP02,11.028174026088895
2024,wih3,GEMS-0219_PHB47_0002/PHP02,11.028174026088895
2024,wih3,GEMS-0219_PHB47_0003/PHP02,11.028174026088895
2024,wih3,GEMS-0219_PHB47_0004/PHP02,11.028174026088895
2024,wih3,GEMS-0219_PHB47_0005/PHP02,11.028174026088895
2024,wih3,GEMS-0219_PHB47_0011/PHP02,11.028174026088895
2024,wih3,GEMS-0219_PHB47_0014/PHP02,11.028174026088895
2024,wih3,GEMS-0219_PHB47_0017/PHP02,11.028174026088895
2024,wih3,GEMS-0219_PHBW8_0001/PHP02,11.028174026088895
2024,wih3,GEMS-0219_PHBW8_0002/PHP02,11.028174026088895
2024,wih3,GEMS-0219_PHBW8_0003/PHP02,11.028174026088895
2024,wih3,GEMS-0219_PHBW8_0004/PHP02,11.028174026088895
2024,wih3,GEMS-0219_PHBW8_0006/PHP02,11.028174026088895
2024,wih3,GEMS-0219_PHBW8_0008/PHP02,11.028174026088895
2024,wih3,GEMS-0219_PHBW8_0009/PHP02,11.028174026088895
2024,wih3,GEMS-0219_PHBW8_0011/PHP02,11.028174026088895
2024,wih3,GEMS-0227_3AZA1_0001/PHP02,11.028174026088895
2024,wih3,GEMS-0227_3AZA1_0002/PHP02,11.028174026088895
2024,wih3,GEMS-0227_3AZA1_0005/PHP02,11.028174026088895
2024,wih3,GEMS-0227_3AZA1_0008/PHP02,11.028174026088895
2024,wih3,GEMS-0227_3AZA1_0010/PHP02,11.028174026088895
2024,wih3,GEMS-0227_3AZA1_0011/PHP02,11.028174026088895
2024,wih3,GEMS-0227_3AZA1_0013/PHP02,11.028174026088895
2024,wih3,GEMS-0227_3AZA1_0014/PHP02,11.028174026088895
2024,wih3,GEMS-0227_3AZA1_0015/PHP02,11.028174026088895
2024,wih3,GEMS-0227_3AZA1_0016/PHP02,11.028174026088895
2024,wih3,GEMS-0227_3AZA1_0017/PHP02,11.028174026088895
2024,wih3,GEMS-0227_3AZA1_0018/PHP02,11.028174026088895
2024,wih3,GEMS-0227_3AZA1_0022/PHP02,11.028174026088895
2024,wih3,GEMS-0227_3AZA1_0023/PHP02,11.028174026088895
2024,wih3,GEMS-0227_3AZA1_0025/PHP02,11.028174026088895
2024,wih3,GEMS-0227_3AZA1_0028/PHP02,11.028174026088895
2024,wih3,GEMS-0227_3AZA1_0029/PHP02,11.028174026088895
2024,wih3,GEMS-0227_3AZA1_0030/PHP02,11.028174026088895
2024,wih3,GEMS-0227_3AZA1_0031/PHP02,11.028174026088895
2024,wih3,GEMS-0227_3AZA1_0034/PHP02,11.028174026088895
2024,wih3,GEMS-0227_3AZA1_0036/PHP02,11.028174026088895
2024,wih3,GEMS-0227_3AZA1_0040/PHP02,11.028174026088895
2024,wih3,GEMS-0227_3AZA1_0041/PHP02,11.028174026088895
2024,wih3,GEMS-0227_3AZA1_0043/PHP02,11.028174026088895
2024,wih3,GEMS-0227_3AZA1_0045/PHP02,11.028174026088895
2024,wih3,GEMS-0227_3AZA1_0046/PHP02,11.028174026088895
2024,wih3,GEMS-0227_3AZA1_0048/PHP02,11.028174026088895
2024,wih3,GEMS-0227_3AZA1_0049/PHP02,11.028174026088895
2024,wih3,GEMS-0227_FBLL_0001/PHP02,11.028174026088895
2024,wih3,GEMS-0227_FBLL_0003/PHP02,11.028174026088895
2024,wih3,GEMS-0227_FBLL_0004/PHP02,11.028174026088895
2024,wih3,GEMS-0227_FBLL_0005/PHP02,11.028174026088895
2024,wih3,GEMS-0227_FBLL_0007/PHP02,11.028174026088895
2024,wih3,GEMS-0227_FBLL_0008/PHP02,11.028174026088895
2024,wih3,GEMS-0227_FBLL_0009/PHP02,11.028174026088895
2024,wih3,GEMS-0227_FBLL_0010/PHP02,11.028174026088895
2024,wih3,GEMS-0227_FBLL_0013/PHP02,11.028174026088895
2024,wih3,GEMS-0227_FBLL_0014/PHP02,11.028174026088895
2024,wih3,GEMS-0227_FBLL_0015/PHP02,11.028174026088895
2024,wih3,GEMS-0227_FBLL_0016/PHP02,11.028174026088895
2024,wih3,GEMS-0227_FBLL_0017/PHP02,11.028174026088895
2024,wih3,GEMS-0227_FBLL_0018/PHP02,11.028174026088895
2024,wih3,GEMS-0227_FBLL_0019/PHP02,11.028174026088895
2024,wih3,GEMS-0227_FBLL_0020/PHP02,11.028174026088895
2024,wih3,GEMS-0227_FBLL_0022/PHP02,11.028174026088895
2024,wih3,GEMS-0227_FBLL_0023/PHP02,11.028174026088895
2024,wih3,GEMS-0227_FBLL_0024/PHP02,11.028174026088895
2024,wih3,GEMS-0227_FBLL_0025/PHP02,11.028174026088895
2024,wih3,GEMS-0227_FBLL_0026/PHP02,11.028174026088895
2024,wih3,GEMS-0227_FBLL_0028/PHP02,11.028174026088895
2024,wih3,GEMS-0227_FBLL_0029/PHP02,11.028174026088895
2024,wih3,GEMS-0227_FBLL_0030/PHP02,11.028174026088895
2024,wih3,GEMS-0227_FBLL_0031/PHP02,11.028174026088895
2024,wih3,GEMS-0227_FBLL_0032/PHP02,11.028174026088895
2024,wih3,GEMS-0227_FBLL_0033/PHP02,11.028174026088895
2024,wih3,GEMS-0227_FBLL_0034/PHP02,11.028174026088895
2024,wih3,GEMS-0227_FBLL_0035/PHP02,11.028174026088895
2024,wih3,GEMS-0227_FBLL_0036/PHP02,11.028174026088895
2024,wih3,GEMS-0227_FBLL_0038/PHP02,11.028174026088895
2024,wih3,GEMS-0227_FBLL_0041/PHP02,11.028174026088895
2024,wih3,GEMS-0227_FBLL_0042/PHP02,11.028174026088895
2024,wih3,GEMS-0227_FBLL_0043/PHP02,11.028174026088895
2024,wih3,GEMS-0227_FBLL_0044/PHP02,11.028174026088895
2024,wih3,GEMS-0227_FBLL_0045/PHP02,11.028174026088895
2024,wih3,GEMS-0227_FBLL_0046/PHP02,11.028174026088895
2024,wih3,GEMS-0227_FBLL_0047/PHP02,11.028174026088895
2024,wih3,GEMS-0227_FBLL_0048/PHP02,11.028174026088895
2024,wih3,GEMS-0227_FBLL_0049/PHP02,11.028174026088895
2024,wih3,GEMS-0227_FBLL_0052/PHP02,11.028174026088895
2024,wih3,GEMS-0227_FBLL_0053/PHP02,11.028174026088895
2024,wih3,GEMS-0227_FBLL_0055/PHP02,11.028174026088895
2024,wih3,GEMS-0227_FBLL_0057/PHP02,11.028174026088895
2024,wih3,GEMS-0227_FBLL_0058/PHP02,11.028174026088895
2024,wih3,GEMS-0227_FBLL_0059/PHP02,11.028174026088895
2024,wih3,GEMS-0227_FBLL_0060/PHP02,11.028174026088895
2024,wih3,GEMS-0227_FBLL_0062/PHP02,11.028174026088895
2024,wih3,GEMS-0227_FBLL_0064/PHP02,11.028174026088895
2024,wih3,GEMS-0227_FBLL_0066/PHP02,11.028174026088895
2024,wih3,GEMS-0227_FBLL_0067/PHP02,11.028174026088895
2024,wih3,GEMS-0227_FBLL_0068/PHP02,11.028174026088895
2024,wih3,GEMS-0227_FBLL_0069/PHP02,11.028174026088895
2024,wih3,GEMS-0227_FBLL_0070/PHP02,11.028174026088895
2024,wih3,GEMS-0227_FBLL_0071/PHP02,11.028174026088895
2024,wih3,GEMS-0227_FBLL_0072/PHP02,11.028174026088895
2024,wih3,GEMS-0227_FBLL_0073/PHP02,11.028174026088895
2024,wih3,GEMS-0227_FBLL_0075/PHP02,11.028174026088895
2024,wih3,GEMS-0227_FBLL_0077/PHP02,11.028174026088895
2024,wih3,GEMS-0227_FBLL_0078/PHP02,11.028174026088895
2024,wih3,GEMS-0227_FBLL_0080/PHP02,11.028174026088895
2024,wih3,GEMS-0227_FBLL_0082/PHP02,11.028174026088895
2024,wih3,GEMS-0227_FBLL_0085/PHP02,11.028174026088895
2024,wih3,GEMS-0227_FBLL_0086/PHP02,11.028174026088895
2024,wih3,GEMS-0227_FBLL_0087/PHP02,11.028174026088895
2024,wih3,GEMS-0227_FBLL_0088/PHP02,11.028174026088895
2024,wih3,GEMS-0227_FBLL_0089/PHP02,11.028174026088895
2024,wih3,GEMS-0227_FBLL_0090/PHP02,11.028174026088895
2024,wih3,GEMS-0227_FBLL_0093/PHP02,11.028174026088895
2024,wih3,GEMS-0227_FBLL_0094/PHP02,11.028174026088895
2024,wih3,GEMS-0227_FBLL_0095/PHP02,11.028174026088895
2024,wih3,GEMS-0227_FBLL_0096/PHP02,11.028174026088895
2024,wih3,GEMS-0227_FBLL_0097/PHP02,11.028174026088895
2024,wih3,GEMS-0227_FBLL_0098/PHP02,11.028174026088895
2024,wih3,GEMS-0227_FBLL_0101/PHP02,11.028174026088895
2024,wih3,GEMS-0227_FBLL_0102/PHP02,11.028174026088895
2024,wih3,GEMS-0227_FBLL_0105/PHP02,11.028174026088895
2024,wih3,GEMS-0227_FBLL_0106/PHP02,11.028174026088895
2024,wih3,GEMS-0227_FBLL_0110/PHP02,11.028174026088895
2024,wih3,GEMS-0227_FBLL_0111/PHP02,11.028174026088895
2024,wih3,GEMS-0227_FBLL_0113/PHP02,11.028174026088895
2024,wih3,GEMS-0227_FBLL_0114/PHP02,11.028174026088895
2024,wih3,GEMS-0227_FBLL_0116/PHP02,11.028174026088895
2024,wih3,GEMS-0227_FBLL_0117/PHP02,11.028174026088895
2024,wih3,GEMS-0227_FBLL_0118/PHP02,11.028174026088895
2024,wih3,GEMS-0227_FBLL_0121/PHP02,11.028174026088895
2024,wih3,GEMS-0227_FBLL_0124/PHP02,11.028174026088895
2024,wih3,GEMS-0227_FBLL_0125/PHP02,11.028174026088895
2024,wih3,GEMS-0227_FBLL_0133/PHP02,11.028174026088895
2024,wih3,GEMS-0227_FBLL_0141/PHP02,11.028174026088895
2024,wih3,GEMS-0227_PHB47_0001/PHP02,11.028174026088895
2024,wih3,GEMS-0227_PHB47_0002/PHP02,11.028174026088895
2024,wih3,GEMS-0227_PHB47_0003/PHP02,11.028174026088895
2024,wih3,GEMS-0227_PHB47_0004/PHP02,11.028174026088895
2024,wih3,GEMS-0227_PHB47_0006/PHP02,11.028174026088895
2024,wih3,GEMS-0227_PHB47_0009/PHP02,11.028174026088895
2024,wih3,GEMS-0227_PHB47_0010/PHP02,11.028174026088895
2024,wih3,GEMS-0227_PHB47_0012/PHP02,11.028174026088895
2024,wih3,GEMS-0227_PHB47_0014/PHP02,11.028174026088895
2024,wih3,GEMS-0227_PHB47_0016/PHP02,11.028174026088895
2024,wih3,GEMS-0227_PHB47_0022/PHP02,11.028174026088895
2024,wih3,GEMS-0227_PHB47_0023/PHP02,11.028174026088895
2024,wih3,GEMS-0227_PHB47_0024/PHP02,11.028174026088895
2024,wih3,GEMS-0227_PHB47_0025/PHP02,11.028174026088895
2024,wih3,GEMS-0227_PHBW8_0001/PHP02,11.028174026088895
2024,wih3,GEMS-0227_PHBW8_0002/PHP02,11.028174026088895
2024,wih3,GEMS-0227_PHBW8_0003/PHP02,11.028174026088895
2024,wih3,GEMS-0227_PHBW8_0004/PHP02,11.028174026088895
2024,wih3,GEMS-0227_PHBW8_0006/PHP02,11.028174026088895
2024,wih3,GEMS-0227_PHBW8_0007/PHP02,11.028174026088895
2024,wih3,GEMS-0227_PHBW8_0009/PHP02,11.028174026088895
2024,wih3,GEMS-0227_PHBW8_0010/PHP02,11.028174026088895
2024,wih3,GEMS-0227_PHBW8_0011/PHP02,11.028174026088895
2024,wih3,GEMS-0227_PHBW8_0012/PHP02,11.028174026088895
2024,wih3,GEMS-0227_PHBW8_0013/PHP02,11.028174026088895
2024,wih3,GEMS-0227_PHBW8_0015/PHP02,11.028174026088895
2024,wih3,GEMS-0227_PHBW8_0016/PHP02,11.028174026088895
2024,wih3,GEMS-0227_PHBW8_0017/PHP02,11.028174026088895
2024,wih3,GEMS-0227_PHBW8_0018/PHP02,11.028174026088895
2024,wih3,GEMS-0227_PHBW8_0019/PHP02,11.028174026088895
2024,wih3,GEMS-0227_PHBW8_0020/PHP02,11.028174026088895
2024,wih3,GEMS-0227_PHBW8_0021/PHP02,11.028174026088895
2024,wih3,GEMS-0227_PHBW8_0022/PHP02,11.028174026088895
2024,wih3,GEMS-0227_PHBW8_0024/PHP02,11.028174026088895
2024,wih3,LH146HT/PHP02,11.028174026088895
2024,wih3,LH192/PHP02,11.028174026088895
2024,wih3,LH194/PHP02,11.028174026088895
2024,wih3,LH195/PHP02,11.01042418161697
2024,wih3,LH195/PHZ51,10.22314718096041
2024,wih3,LH197/PHP02,11.028174026088895
2024,wih3,LH198/PHP02,11.028174026088895
2024,wih3,LH200/PHP02,11.028174026088895
2024,wih3,LH204/PHP02,11.028174026088895
2024,wih3,LH224/PHP02,11.028174026088895
2024,wih3,LH225/PHP02,11.028174026088895
2024,wih3,LH231/PHP02,11.028174026088895
2024,wih3,LH234/PHP02,11.028174026088895
2024,wih3,LH235/PHP02,11.028174026088895
2024,wih3,LH236/PHP02,11.028174026088895
2024,wih3,LH237/PHP02,11.028174026088895
2024,wih3,LH244/PHK76,10.646865467639893
2024,wih3,LH244/PHP02,11.028174026088895
2024,wih3,LH264/PHP02,11.028174026088895
2024,wih3,LH273/PHP02,11.028174026088895
2024,wih3,LH286/PHP02,11.028174026088895
2024,wih3,LH287/LH244,13.416044791219973
2024,wih3,LH82/LH244,11.04445703693339
2024,wih3,MM501D/LH244,12.428231207695438
2024,wih3,NKH8431/PHP02,11.028174026088895
2024,wih3,PH05F/PHP02,11.028174026088895
2024,wih3,PH06N/PHP02,11.028174026088895
2024,wih3,PH080/PHP02,11.028174026088895
2024,wih3,PH08A/PHP02,11.028174026088895
2024,wih3,PH0CD/PHP02,11.028174026088895
2024,wih3,PH0GP/PHP02,11.028174026088895
2024,wih3,PH12C/PHP02,11.028174026088895
2024,wih3,PH19V/PHP02,11.028174026088895
2024,wih3,PH1CA/PHP02,11.028174026088895
2024,wih3,PH1GC/PHP02,11.028174026088895
2024,wih3,PH1TB/PHP02,11.028174026088895
2024,wih3,PH1W2/PHP02,11.028174026088895
2024,wih3,PH24E/LH244,12.39309594712192
2024,wih3,PH24M/PHP02,11.028174026088895
2024,wih3,PH37C/PHP02,11.028174026088895
2024,wih3,PH38D/PHP02,11.028174026088895
2024,wih3,PH44A/PHP02,11.028174026088895
2024,wih3,PH55C/PHP02,11.028174026088895
2024,wih3,PH79A/PHP02,11.028174026088895
2024,wih3,PHB47/PHN82,11.738354461992994
2024,wih3,PHB47/PHP02,11.028174026088895
2024,wih3,PHB47/PHZ51,10.193379226439202
2024,wih3,PHBW8/PHP02,11.028174026088895
2024,wih3,PHDG1/PHP02,11.028174026088895
2024,wih3,PHG29/PHG47,8.83788367131271
2024,wih3,PHG39/PHN82,11.67500960980057
2024,wih3,PHHB9/PHP02,11.028174026088895
2024,wih3,PHJ40/PHAJ0,6.867638577300751
2024,wih3,PHJ89/LH244,11.833710339191189
2024,wih3,PHK56/LH244,12.583666862169862
2024,wih3,PHKV0/PHP02,11.028174026088895
2024,wih3,PHN41/PHP02,11.028174026088895
2024,wih3,PHN46/LH244,10.451954639826122
2024,wih3,PHNJ2/PHP02,11.028174026088895
2024,wih3,PHP02/LH244,12.564613798669091
2024,wih3,PHP38/PHP02,11.028174026088895
2024,wih3,PHR03/LH244,12.475339482984715
2024,wih3,PHR61/PHP02,11.028174026088895
2024,wih3,PHRE1/PHTD5,7.051657020035983
2024,wih3,PHT10/PHP02,11.028174026088895
2024,wih3,PHT11/PHP02,11.028174026088895
2024,wih3,PHTP9/PHP02,11.028174026088895
2024,wih3,PHV37/PHP02,11.028174026088895
2024,wih3,PHVA9/PHP02,11.028174026088895
2024,wih3,PHVJ5/PHP02,11.028174026088895
2024,wih3,PHW30/LH244,12.013115950763778
2024,wih3,PHW52/PHM49,11.16165277525876
2024,wih3,PHW52/PHP02,11.028174026088895
2024,wih3,TX777/LH195,8.8694329387075
2024,wih3,W10004_0018/PHP02,11.094525365851187
2024,wih3,W10004_0034/PHP02,11.930838379504085
2024,wih3,W10004_0055/PHP02,12.315859769162175
2024,wih3,W10004_0062/PHP02,11.018978842077242
2024,wih3,W10004_0103/PHP02,11.9905984083486
2024,wih3,W10004_0133/PHP02,11.930838379504085
2024,wih3,W10004_0138/PHP02,11.8175623170216
2024,wih3,W10004_0146/PHP02,11.951506510267581
2024,wih3,W10004_0160/PHP02,12.066608808878648
2024,wih3,W10004_0167/PHP02,11.817627132082174
2024,wih3,W10004_0189/PHP02,12.46587504712913
2024,wih3,W10004_0236/PHP02,11.827430355693384
2024,wih3,W10004_0258/PHP02,12.583666862169862
2024,wih3,W10004_0270/PHP02,11.988757706731597
2024,wih3,W10004_0311/PHP02,11.287369548432878
2024,wih3,W10004_0346/PHP02,12.483145554271799
2024,wih3,W10004_0403/PHP02,11.94932149486467
2024,wih3,W10004_0409/PHP02,13.051991595676977
2024,wih3,W10004_0412/PHP02,11.862512365847461
2024,wih3,W10004_0601/PHP02,11.840369562936539
2024,wih3,W10004_0608/PHP02,10.741735877792422
2024,wih3,W10004_0637/PHP02,11.9905984083486
2024,wih3,W10004_0658/PHP02,13.320992577954893
2024,wih3,W10004_0688/PHP02,11.606847184836901
2024,wih3,W10004_0691/PHP02,10.353346714149744
2024,wih3,W10004_0715/PHP02,11.862512365847461
2024,wih3,W10004_0747/PHP02,12.722924541007144
2024,wih3,W10004_0754/PHP02,11.933921854224929
2024,wih3,W10004_0771/PHP02,11.930984734449225
2024,wih3,W10004_0776/PHP02,11.933921854224929
2024,wih3,W10004_0801/PHP02,12.712106280537995
2024,wih3,W10004_0822/PHP02,11.935426538940048
2024,wih3,W10004_0858/PHP02,11.861525651305186
2024,wih3,W10004_0859/PHP02,11.8175623170216
2024,wih3,W10004_0866/PHP02,12.39309594712192
2024,wih3,W10004_0949/PHP02,13.320992577954893
2024,wih3,W10004_0969/PHP02,11.449063850748589
2024,wih3,W10004_1014/PHP02,11.833710339191189
2024,wih3,W10004_1018/PHP02,11.8175623170216
2024,wih3,W10004_1032/PHP02,11.581284177240244
2024,wih3,W10004_1080/PHP02,12.94841958446436
2024,wih3,WQCD10/PHP02,11.028174026088895
2024,wih3,ZS01459/PHP02,11.028174026088895
2024,wih3,ZS0510/PHP02,11.028174026088895
