site,year,gdd_s1,gdd_s2,gdd_s3,gdd_s4,gdd_s5,gdd_s6,gdd_s7,gdd_s8,gdd_s9,gdd_s10,prcp_s1,prcp_s2,prcp_s3,prcp_s4,prcp_s5,prcp_s6,prcp_s7,prcp_s8,prcp_s9,prcp_s10,rad_s1,rad_s2,rad_s3,rad_s4,rad_s5,rad_s6,rad_s7,rad_s8,rad_s9,rad_s10,t2m_s1,t2m_s2,t2m_s3,t2m_s4,t2m_s5,t2m_s6,t2m_s7,t2m_s8,t2m_s9,t2m_s10,t2max_s1,t2max_s2,t2max_s3,t2max_s4,t2max_s5,t2max_s6,t2max_s7,t2max_s8,t2max_s9,t2max_s10,t2min_s1,t2min_s2,t2min_s3,t2min_s4,t2min_s5,t2min_s6,t2min_s7,t2min_s8,t2min_s9,t2min_s10,total_gdd,total_prcp,total_rad,avg_t2m,max_t2max,min_t2min,gdd_early,gdd_mid,gdd_late,prcp_early,prcp_mid,prcp_late,rad_early,rad_mid,rad_late
ARH1,2016,103.14500000000001,146.60999999999996,134.53000000000003,205.385,218.16000000000003,250.015,239.17000000000002,261.24000000000007,239.92499999999998,248.38000000000002,69.78,65.92999999999999,21.259999999999998,66.31,20.839999999999996,12.65,53.669999999999995,85.25000000000001,26.78,59.56,259.06,308.29,292.29,323.21999999999997,367.39000000000004,390.39,336.88,335.29999999999995,291.45000000000005,266.71,16.256,19.688666666666666,19.47714285714286,23.675333333333334,26.728571428571428,29.271333333333335,29.089285714285715,29.762,28.997857142857143,27.272,25.24,28.37,29.53,30.9,34.7,36.96,36.93,40.04,37.07,36.37,5.93,9.22,11.02,13.8,17.68,19.7,20.81,23.17,21.94,20.67,2046.56,482.03000000000003,3170.9800000000005,25.021819047619047,40.04,5.93,384.28499999999997,912.73,749.5450000000001,156.96999999999997,153.47,171.59000000000003,859.6400000000001,1417.88,893.46
ARH1,2017,142.95,153.415,194.78,198.805,229.97,245.815,238.37999999999997,235.185,240.46000000000004,185.07500000000002,107.66,44.49,67.55999999999999,38.95,78.69,54.29,37.26,44.019999999999996,57.65999999999999,79.73000000000002,266.85999999999996,356.7,319.49,332.0199999999999,318.36999999999995,360.06,343.57,302.35,282.78000000000003,269.95000000000005,19.696666666666665,20.064,23.100666666666665,24.559285714285714,25.748,27.764,29.94214285714286,26.949333333333332,27.120666666666665,22.28,29.93,31.16,31.36,33.99,33.26,35.43,38.57,35.06,36.2,30.84,7.75,8.81,10.42,14.89,18.56,20.77,20.78,17.77,17.1,12,2064.835,610.31,3152.1499999999996,24.72247619047619,38.57,7.75,491.145,912.9699999999999,660.72,219.70999999999998,209.19,181.41,943.05,1354.0199999999998,855.0800000000002
ARH1,2018,123.23,186.56,200.625,203.21500000000003,217.87,221.65,223.51,204.41,215.84000000000003,207.83,43.480000000000004,19.900000000000002,58.66999999999999,24.31,49.53,19.140000000000004,40.97,23.21,57.78,30.19,289.14,307.63000000000005,275.89,345.57,317.5,315.65,310.76000000000005,288.88,238.42000000000002,269.3,19.033076923076923,24.563076923076924,25.753846153846155,27.11769230769231,28.175384615384615,28.685384615384613,29.743846153846153,27.45307692307692,28.146923076923077,27.5,29.13,32.06,32.95,35.11,35.78,36.46,39.55,37.55,37.06,36.3,7.24,16.85,20.32,17.01,21.71,22.52,21.18,18.22,21.17,18.45,2004.7400000000002,367.18,2958.7400000000007,26.61723076923077,39.55,7.24,510.415,866.245,628.08,122.05,133.95,111.18,872.66,1289.48,796.5999999999999
ARH2,2016,199.73000000000002,212.32,300.36499999999995,330.895,340.0999999999999,331.32500000000005,319.31000000000006,277.5,230.85999999999999,186.455,92.77000000000002,111.25999999999999,32.40999999999999,43.629999999999995,77.26,88.75,15.29,35.25,28.230000000000004,4.579999999999999,446.02,418.21999999999997,520.4699999999999,465.1400000000001,459.8999999999999,360.39,425.72,375.78999999999996,294.73999999999995,274.04999999999995,19.38,20.6055,25.731,27.4345,28.6665,27.675,27.0235,24.753,21.273,18.302,28.12,29.62,33.73,33.5,36.36,35.64,35.08,36.02,33.07,31.16,8.13,8.71,16.06,19.07,22.46,19.78,16.19,11.41,9.69,6.77,2728.86,529.4300000000001,4040.4399999999996,24.0844,36.36,6.77,712.415,1321.63,694.815,236.44000000000003,224.92999999999998,68.06,1384.71,1711.1499999999999,944.5799999999999
ARH2,2017,122.73499999999999,162.72000000000003,191.79499999999996,204.785,227.63500000000002,226.81000000000003,227.525,229.24,205.05,164.46,101.87000000000002,43.35,79.98000000000002,22.05,108.05,26.54,32.89,59.769999999999996,113.89999999999999,21.09,309.58000000000004,304.92999999999995,320.48999999999995,347.92999999999995,320.03999999999996,388.42,320.86,261.39,260.03000000000003,292.01,18.105333333333334,21.623571428571427,22.844,25.15642857142857,25.493333333333332,28.127142857142857,28,25.769333333333332,25.362142857142857,21.107333333333333,28.44,30.02,30.31,32.91,32.87,36.52,37.89,34.41,35.38,32.05,7.78,12.66,10.13,14.64,17.14,19.91,16.86,16.36,15.76,10.88,1962.755,609.4900000000001,3125.6800000000003,24.158861904761906,37.89,7.78,477.25,886.755,598.75,225.20000000000005,189.52999999999997,194.76,935,1377.25,813.4300000000001
ARH2,2018,105.36500000000001,214.115,235.91000000000003,239.695,266.73499999999996,268.815,230.20000000000002,256.62,258.235,220.45999999999998,94.96999999999998,41.75,65.74,33.05,65.56,30.089999999999996,21.39,87.01,38.220000000000006,117.27,303.84000000000003,379.05,372.38000000000005,387.38999999999993,400.21000000000004,391.97999999999996,343.49999999999994,295.26000000000005,319.41,254.45999999999998,15.5575,23.34375,24.851875,26.781333333333333,27.126875,28.365625,26.276,26.929375,27.32375,24.57125,27.72,31.11,31.63,33.49,33.82,36.29,35.23,36.25,35.61,35.79,2.41,13.07,16.46,19.33,20.02,21,18.45,19.09,16.81,15.05,2296.15,595.05,3447.48,25.112733333333335,36.29,2.41,555.3900000000001,1005.4449999999999,735.315,202.45999999999998,150.08999999999997,242.5,1055.2700000000002,1523.08,869.1300000000001
COH1,2017,178.89,196.44500000000002,224.5,199.83499999999992,193.98,208.00000000000003,99.36000000000003,78.25500000000001,54.51000000000001,31.58999999999999,8.53,8.29,20.54,53.28999999999999,18.470000000000006,5.3199999999999985,38.38000000000001,35.519999999999996,5.21,20.719999999999995,481.38999999999993,478.77,419.2199999999999,372.00999999999993,381.0299999999999,363.96000000000004,257.98,267.79999999999995,201.10000000000002,176.02999999999997,20.302777777777777,22.18777777777778,24.41176470588235,21.313333333333333,21.405882352941177,21.578888888888887,13.42,9.342777777777778,7.596470588235294,4.405,33.47,35.98,36.9,35.44,34.05,35.2,29.72,24.1,26.52,19.18,7.17,8.82,14.24,11.51,10.9,8.44,0.63,-3.62,-5.88,-6.7,1465.3650000000002,214.26999999999998,3399.29,16.59646732026144,36.9,-6.7,599.835,701.175,164.35500000000002,37.36,115.46,61.44999999999999,1379.3799999999997,1374.98,644.93
COH1,2021,133.26000000000002,209.49999999999997,178.085,227.19499999999996,217.43,193.31499999999997,201.245,132.20999999999998,88.62499999999999,55.93000000000001,30.13,9.299999999999999,47.16,15.299999999999997,24.980000000000004,11.660000000000002,10.520000000000001,7.2799999999999985,9.37,12.01,419.4,460.75000000000017,393.52000000000004,425.59,384.2800000000001,368.52,346.75000000000006,313.42999999999995,278.26,190.33,17.25294117647059,24.242941176470588,21.9225,24.647058823529413,23.78764705882353,22.76,22.296470588235294,16.96125,11.849411764705883,8.021764705882353,34.41,37.91,37.83,34.69,37.02,34.97,36.08,33.16,26.99,23.07,3.46,9.53,10.6,13.85,13.95,9.82,10.99,3.92,-3.27,-1.43,1636.7950000000003,177.71,3580.83,19.374198529411764,37.91,-3.27,520.845,839.185,276.765,86.59,62.46000000000001,28.659999999999997,1273.67,1525.14,782.02
COH1,2022,115.32500000000002,208.365,223.64000000000004,240.545,243.81499999999997,221.305,173.4,125.30000000000001,80.21500000000002,32.755,45.31,3.8099999999999996,21.950000000000003,58.97,25.539999999999996,10.01,20.039999999999996,13.15,4.9,9.51,417.56000000000006,484.99999999999994,442.88,439.92,430.03,409.3399999999999,309.23,304.75,262.09,213.04999999999998,13.903157894736843,22.793333333333333,23.67,25.60388888888889,24.610555555555557,22.885555555555555,19.737222222222222,15.129444444444445,9.963888888888889,3.526315789473684,32.71,37.29,38.31,38.21,35.89,35.54,36.94,29.37,25.93,20.88,-0.04,7.42,11.39,14.33,13.01,14.11,5.98,3.19,-2.58,-7.36,1664.6650000000002,213.19,3713.850000000001,18.18233625730994,38.31,-7.36,547.3300000000002,879.0649999999999,238.27000000000004,71.07000000000001,114.55999999999999,27.560000000000002,1345.44,1588.52,779.8899999999999
COH1,2023,118.71000000000002,134.25,184.71499999999997,211.74500000000003,195.395,213.22000000000003,148.515,145.29500000000002,99.71499999999999,61.629999999999995,64.07,59.16,43.92000000000001,27.180000000000003,40.93000000000001,29.44,20.08,5.48,5.97,10.860000000000001,389.8500000000001,411.44,427.29999999999995,387.37999999999994,398.44,382.53,320.7200000000001,326.7900000000001,269.15,194.11999999999998,16.793529411764705,17.85,21.60058823529412,24.6875,21.779411764705884,23.687058823529412,18.79,17.145294117647058,12.634117647058824,7.26,28.59,31.09,35.19,36.83,34.73,37.18,33.4,29.76,27.84,25.13,7.61,7.5,10.11,13.1,9.16,12.88,7.71,5.87,-1.82,-9,1513.19,307.0900000000001,3507.7200000000003,18.22275,37.18,-9,437.675,768.8750000000001,306.64,167.15,117.63000000000001,22.310000000000002,1228.5900000000001,1489.07,790.0600000000001
DEH1,2014,119.29499999999999,133.09999999999997,188.93,198.66,226.26,208.285,188.67499999999998,202.48999999999998,214.14000000000004,145.945,48.46,28.919999999999998,45.410000000000004,13.529999999999998,65.98,43.489999999999995,69.05000000000001,15.579999999999998,46.77,34.59,303.81000000000006,343.51,359.20000000000005,349.43000000000006,343.16,299.15,288.86,307.91999999999996,247.75000000000003,230.15,17.787333333333333,19.158,22.921333333333333,24.487142857142857,25.696666666666665,24.201333333333334,23.527142857142856,23.464,24.55,19.528666666666666,28.64,28.24,31.65,34.03,34.64,33.65,30.2,31.65,34.39,27.67,7.32,10.47,13.06,16.18,16.44,14.9,14.87,14.98,13.12,11.1,1825.78,411.78,3072.9400000000005,22.532161904761903,34.64,7.32,441.32499999999993,821.8799999999999,562.575,122.78999999999999,192.05,96.94,1006.5200000000001,1280.6000000000001,785.8199999999999
DEH1,2015,116.12,117.475,156.72,219.92,190.3,195.57999999999998,218.805,203.35500000000005,204.90500000000003,199.31,8.990000000000002,27.91,77.27999999999999,70.75,84.27000000000002,35.58,38.58,50.89000000000001,20.39,43.91,307.96,339.16,283.5,337.9700000000001,295.39,279.84999999999997,335.65000000000003,289.90999999999997,285.5,245.35999999999999,17.847142857142856,18.415714285714287,20.96785714285714,26.025714285714287,23.707142857142856,25.28923076923077,26.204285714285714,24.707142857142856,24.95357142857143,24.716428571428573,28.71,28.73,29.53,33.47,30.77,34.24,32.98,33.29,32.74,34.59,5.99,8.47,12.49,17.3,16.08,17.33,18.35,17.76,15.13,12.29,1822.49,458.54999999999995,3000.25,23.28342307692308,34.59,5.99,390.315,824.605,607.5700000000002,114.17999999999999,229.18,115.19,930.62,1248.8600000000001,820.77
DEH1,2016,65.41000000000001,71.315,169.12,148.56000000000003,193.455,223.10500000000002,233.26999999999998,229.94500000000002,215.99,215.35499999999996,80.17000000000002,65.67000000000002,54.47,20.84,98.82000000000001,42.15,71.61,13.280000000000001,36.31,22.57,189.4,231.42999999999998,302.01000000000005,361.13,306.41,343.54,323.82,323.54999999999995,321.12,263.61,13.902,14.686428571428571,22.077142857142857,21.06,22.966,26.607857142857142,27.712142857142858,27.58214285714286,26.355,24.941333333333333,26.26,23.3,28.52,31.16,30.67,33.7,35.4,36.24,35.35,35.91,7.55,4.53,12.94,10.54,14.17,18.13,20.32,18.79,16.95,16.69,1765.525,505.89,2966.02,22.789004761904764,36.24,4.53,305.845,798.3900000000001,661.29,200.31000000000003,233.42000000000002,72.16,722.84,1334.8999999999999,908.28
DEH1,2017,99.89000000000001,102.61,130.74999999999997,179.885,195.20499999999998,210.03,216.87,172.37499999999994,191.48499999999999,143.435,46.79999999999999,75.91999999999999,47.199999999999996,26.619999999999997,13.97,66.44,131.67,99.57999999999998,44.029999999999994,97.1,301.21000000000004,261.53999999999996,257.7,331.98999999999995,331.24000000000007,304.76,281.31,265.33000000000004,254.01,241.67,16.963571428571427,17.686923076923076,20.10923076923077,23.14785714285714,25.61230769230769,27.26153846153846,26.18642857142857,23.40230769230769,24.763076923076923,20.265714285714285,29.02,30.29,27.3,32.21,34.01,36.31,35.99,30.24,30.26,27.88,7.17,7.38,13.83,10.46,14.69,19.34,16.62,16.27,17.85,12.61,1642.5349999999996,649.3299999999999,2830.76,22.539895604395603,36.31,7.17,333.25,801.99,507.2949999999999,169.91999999999996,238.7,240.70999999999998,820.45,1249.3,761.01
DEH1,2018,136.41000000000003,157.565,146.70000000000002,190.82,207.99,207.065,220.075,221.77500000000003,216.545,216.16000000000003,68.53,121.47000000000001,85.27000000000001,24.040000000000003,14.110000000000001,126.62,60.34000000000001,48.71,38.529999999999994,102.83999999999999,307.47999999999996,255.67,283.96,326.2900000000001,367.35,302.11999999999995,292.95,271.9200000000001,291.01000000000005,196.53,18.918666666666667,21.29714285714286,20.787142857142857,23.833571428571428,25.771428571428572,24.96,25.838571428571427,25.924285714285716,26.095714285714287,24.281333333333333,28.86,28.31,28.7,30.76,33.75,33.26,31.82,31.66,34.91,33.65,8.22,13.49,11.55,16.01,14.2,17.84,19.55,19.64,16.95,17.9,1921.1050000000005,690.46,2895.28,23.770785714285715,34.91,8.22,440.67500000000007,825.95,654.48,275.27,225.11,190.07999999999998,847.1099999999999,1288.71,759.46
DEH1,2019,106.21499999999999,158.065,134.25000000000003,189.99,201.16999999999996,197.03000000000003,201.14000000000001,188.52500000000003,193.3,183.29500000000002,43.919999999999995,36.230000000000004,49.02,40.45999999999999,72.5,41.58,26.23,28.089999999999996,45.14,28.470000000000002,269.68,316.00000000000006,266.27,331.58000000000004,312.38999999999993,307.84000000000003,303.34999999999997,249.17,240.81,236.87,18.092307692307692,22.288461538461537,21.236666666666665,24.997692307692308,26.548461538461538,28.509166666666665,26.026153846153846,26.4825,25.16769230769231,24.465384615384615,29.21,30.78,29.67,34.3,33.01,36.85,34.23,35.23,36.14,35.27,7.03,10.26,10.07,14.75,18.01,20.27,18.14,18.09,16.77,14.11,1752.9800000000002,411.64,2833.96,24.381448717948718,36.85,7.03,398.53,789.33,565.1200000000001,129.17000000000002,180.76999999999995,101.69999999999999,851.95,1255.16,726.85
DEH1,2020,93.35,155.155,147.95000000000002,201.36000000000004,193.76,218.65000000000003,196.065,189.425,181.89999999999998,160.095,22.550000000000004,11.13,34.49,18.270000000000003,108.69,42.379999999999995,106.77000000000001,75.75999999999999,65.35,51.16,240.99,311.96000000000004,274.24,329.56000000000006,294.05,311.15000000000003,243.09,227.21000000000004,228.85000000000002,214.77,16.90076923076923,21.997692307692308,22.1275,26.817692307692308,26.7075,28.143846153846155,26.67,24.389230769230767,25.39666666666667,22.21923076923077,26.29,32.09,31.78,36.92,33.9,35.17,34.3,31.22,31.96,30.88,7.36,11,14.21,18.49,20.73,20.56,21.15,17.96,17.79,12.13,1737.7100000000003,536.55,2675.87,24.137012820512822,36.92,7.36,396.45500000000004,809.835,531.42,68.17000000000002,276.11,192.26999999999998,827.19,1177.8500000000001,670.83
DEH1,2021,108.88499999999999,126.58999999999999,158.1,185.09500000000003,206.475,237.60500000000002,204.98499999999999,239.17499999999998,214.74,210.23499999999996,21.630000000000003,3.8499999999999996,89.35,47.550000000000004,98.16,40.06,29.16,92.58000000000001,47.529999999999994,34.86,324.79999999999995,351.6,285.74999999999994,343.69,338.00000000000006,359.84000000000003,277.64,267.87,275.87,254.07000000000002,16.852,18.25,21.125714285714285,22.403333333333332,25.455000000000002,26.328666666666667,24.90357142857143,26.36466666666667,25.838571428571427,23.800666666666668,27.74,31.17,31.17,30.83,34.34,33.15,33.69,34.78,34.06,31.69,5.72,7.82,8.08,12.99,14.37,17.56,17.63,19.21,15.49,15.2,1891.8849999999998,504.73,3079.1299999999997,23.13221904761905,34.78,5.72,393.57499999999993,834.1600000000001,664.1499999999999,114.83,214.93,174.97000000000003,962.1499999999999,1319.17,797.8100000000001
DEH1,2022,71.715,135.65999999999997,176.86500000000004,194.865,223.56499999999997,235.01000000000005,251.50000000000006,228.425,234.605,203.11499999999998,45.16,51.82,24.320000000000004,41.37,43.49999999999999,40.78,47.49999999999999,26,46.84,26.51,287.07000000000005,297.58,363.90999999999997,326.37,363.0300000000001,350.50999999999993,318.72,333.58,313.78000000000003,265.03999999999996,13.342,18.954,22.242666666666665,23.188,25.723333333333333,27.017333333333333,28.016666666666666,25.799333333333333,26.449333333333332,23.207333333333334,24.88,31.77,33,34.91,33.93,36.74,36.94,36.81,34.48,31.4,1.9,8.61,12.64,13.06,16.15,15.38,21.64,17.57,18.41,14.35,1955.325,393.79999999999995,3219.59,23.394,36.94,1.9,384.24,904.94,666.145,121.3,173.14999999999998,99.35000000000001,948.5600000000001,1358.63,912.4
DEH1,2023,118.66999999999999,114.025,166.30499999999995,205.335,242.325,226.07,219.99,213.13000000000002,218.34500000000003,149.17,44.29,8.549999999999999,85.29,42.01,102.91,44.61999999999999,40.99,15.619999999999997,56.75,81.10999999999999,337.19,346.43,321.25999999999993,307.12000000000006,316.48,339.98,302.36,273.98,283.49,169.52,17.90266666666667,17.501333333333335,21.129333333333335,24.76857142857143,26.706666666666667,25.393333333333334,26.432142857142857,24.322,24.846,19.494,27.01,29.83,29.7,33.38,33.59,34.69,34.43,33.32,35.77,27.04,7.99,8.83,12.66,17.57,20.03,17.97,19.74,15.27,13.11,14.32,1873.365,522.14,2997.81,22.849604761904764,35.77,7.99,398.99999999999994,893.72,580.645,138.13,230.52999999999997,153.48,1004.8799999999999,1265.94,726.99
GAH1,2014,116.25999999999999,158.37,183.705,225.45999999999998,243.32499999999996,253.35,248.49500000000003,259.7,265.995,260.405,196.94000000000003,54.050000000000004,70.06,49,35.599999999999994,29.57,66.3,34.480000000000004,27.759999999999994,80.19999999999999,275.09999999999997,318.92,382.53999999999996,355.74,391.93,404.25,329.06999999999994,348.69,347.04999999999995,322.33000000000004,16.243529411764705,20.020625,21.761875,24.221875,25.435625,26.590625,26.2675,27.55125,28.06875,27.6325,25.87,28.8,29.44,30.43,31.08,33.75,33.67,36.01,36.69,36.95,2.09,9.35,8.87,17.79,19.64,19.9,17.19,18.29,20.72,20.12,2215.0650000000005,643.96,3475.62,24.37941544117647,36.95,2.09,458.33500000000004,970.63,786.0999999999999,321.05000000000007,180.46999999999997,142.44,976.56,1480.99,1018.07
GAH1,2015,163.79,144.155,174.805,200.445,223.73500000000004,248.36500000000004,223.26,253.92499999999995,253.33000000000004,243.18500000000003,56.36999999999999,82.02000000000001,6.960000000000001,20.39,65.62,61.36999999999999,39.97,66.03,68.88000000000001,41.29,260.84000000000003,247.71,391.2,353.56,337.13,361.26000000000005,317.26000000000005,353.12,316.61,325.7699999999999,20.756,19.594666666666665,21.735333333333333,24.58142857142857,25.468,28.544666666666668,27.339285714285715,28.686666666666667,28.677333333333333,27.592666666666666,28.2,28.21,30.09,31.38,33.33,37.47,37.19,36.68,36.16,35.71,9.55,10.59,9.65,15.26,18.93,22.03,19.58,19.89,21.93,18.19,2128.995,508.90000000000003,3264.46,25.29760476190476,37.47,9.55,482.75,895.8050000000001,750.44,145.35,187.35,176.20000000000002,899.75,1369.21,995.5
GAH1,2016,112.28499999999998,143.985,158.08,194.97,208.36499999999998,203.51000000000002,233.38999999999996,216.45,220.12499999999997,236.32,40.29,24.28,42.26,5.58,93.02000000000001,32.17,22.19,46.870000000000005,59.209999999999994,46.22,270.07,317.33,271.86999999999995,372.43000000000006,296.99,317.85999999999996,363.43,317.19,274.15,314.99,17.794285714285714,21.082307692307694,22.21923076923077,25.172857142857143,26.762307692307694,27.063076923076924,28.785714285714285,29.2,28.786153846153848,28.244285714285713,26.26,29.41,28.81,34.93,34.32,35.5,36.44,36.9,37.31,34.43,7.95,7.28,13.72,12.96,19.01,17.15,21.74,22.47,22.84,22.36,1927.48,412.09000000000003,3116.3100000000004,25.51102197802198,37.31,7.28,414.35,840.235,672.895,106.82999999999998,152.96,152.3,859.27,1350.71,906.3299999999999
GAH1,2017,152.91999999999996,186.275,193.565,230.675,233.21499999999997,234.52499999999998,257.91,236.97500000000002,266.275,249.11500000000004,47.39,43.47,24.830000000000002,102.16,109.13000000000001,52.84,84.64999999999999,75.27000000000001,32.7,58.67,377.49,342.59000000000003,391.79,327.78,291.24,346.09,350.19,307.58000000000004,347.41999999999996,309.55,19.37125,22.04625,23.740000000000002,24.68375,24.625,26.342,26.848125,26.184666666666665,27.9625,26.04625,29.47,33.26,35.05,33.08,31.35,33.65,34.25,33.85,35.88,35.58,5.22,9.22,8.11,13.45,16.64,19.58,21.46,16.16,21.77,14.26,2241.4500000000003,631.11,3391.7200000000003,24.784979166666666,35.88,5.22,532.76,956.325,752.365,115.69,348.78,166.64000000000001,1111.8700000000001,1315.3,964.55
GAH1,2018,106.88999999999996,132.575,205.43999999999997,217.45499999999998,218.05500000000004,244.675,240.14499999999998,244.09000000000003,240.325,237.58,46.150000000000006,47.29,37.55,129.48,72.90999999999998,80.74000000000001,62.7,103.94000000000001,89.48,54.16,283.82,353.92,351.55999999999995,288.28999999999996,339.03,358.61,350.49000000000007,306.4,325.13,315.08,16.42,18.752,24.28333333333333,24.313333333333333,24.696,27.231333333333332,26.816666666666666,26.949333333333332,26.412666666666667,25.981333333333332,29.23,28.8,34.33,32.46,31.28,33.58,34.03,33.3,32.48,32.65,4.01,9.3,13.35,19.21,17.01,21.39,20.77,20.27,21.49,20.23,2087.23,724.4,3272.3300000000004,24.1856,34.33,4.01,444.9049999999999,920.3299999999999,721.995,130.99,345.83,247.58,989.3,1336.42,946.6099999999999
GAH1,2019,122.11500000000001,120.91,172.49,189.63500000000002,226.11499999999998,221.55,231.48,236.13,220.575,236.65500000000006,36.690000000000005,37.959999999999994,26.690000000000005,33.03999999999999,11.49,98.23,47.35,56.389999999999986,52.48,58.309999999999995,269.75,308.51,338.19,337.37999999999994,352.80999999999995,295.8,347.78999999999996,316.01,332.75,309.45,17.582666666666668,18.697142857142858,22.625,24.515,29.16,26.29357142857143,28.310714285714287,28.332142857142856,26.830714285714286,28.692857142857143,27.41,27.59,31.18,34.51,38.27,33.7,36.37,36.61,35.07,36.84,4.82,7.19,9.89,11.46,18.55,17.06,21.51,23,19,21.48,1977.6550000000002,458.63000000000005,3208.4399999999996,25.10398095238095,38.27,4.82,415.515,868.78,693.36,101.34,190.10999999999999,167.17999999999998,916.45,1333.7799999999997,958.21
GAH1,2020,125.21499999999999,117.47,113.105,180.59500000000003,211.01999999999998,207.66000000000003,227.24999999999997,232.765,231.96500000000003,234.505,44.26,120.39000000000001,24.05,52.93,63.04,18.83,85.38,17.900000000000002,41.95,56.27,290.71000000000004,316.68,381.17999999999995,312.06,270.77,350.25999999999993,284.34,358.53,311.5299999999999,303.96000000000004,18.872142857142858,18.492142857142856,18.300714285714285,22.932857142857145,25.127142857142857,25.590714285714284,27.50857142857143,28.887857142857143,28.43857142857143,28.97642857142857,28.67,27.74,28.24,30.32,32.23,35.15,35.92,36.37,36.82,37.19,5.65,7.34,7.37,11.98,19.83,14.61,21.13,20.6,21.99,22.43,1881.5500000000002,525,3180.0199999999995,24.312714285714286,37.19,5.65,355.79,826.5250000000001,699.235,188.70000000000002,220.18,116.12,988.57,1217.4299999999998,974.02
GAH1,2021,117.41000000000001,117.925,153.38,154.61,215.565,222.925,228.34499999999997,222.665,245.975,240.81500000000005,21.81,30.12,94.22,22.64,17.990000000000002,73.1,97.25,78.1,107.53,77.16000000000001,330.38000000000005,275.40999999999997,305.90000000000003,357.4699999999999,377.36999999999995,311.70000000000005,294.06,292.86,310.61,297.82000000000005,16.918666666666667,17.576,20.932857142857145,20.46066666666667,25.636666666666667,27.202142857142857,25.471333333333334,26.112142857142857,27.144,26.598,28.58,28.88,27.98,29.97,34.22,36.56,31.64,32,34.56,33.28,1.57,4.99,10.79,8.48,14.75,20.19,17.7,21.06,20.08,20.21,1919.615,619.92,3153.5800000000004,23.405247619047618,36.56,1.57,388.71500000000003,821.4449999999999,709.455,146.15,210.98,262.79,911.69,1340.6,901.2900000000001
GAH1,2022,129.22500000000002,152.82999999999998,179.41,211.175,241.19499999999996,232.32000000000002,236.43499999999997,229.52499999999998,232.77,239.84499999999997,64.42,5.15,17.45,51.5,26.779999999999998,16.75,106.72,67.84999999999998,52.33,67.41,304.60999999999996,345.40999999999997,347.04,312.22,353.79,373.4800000000001,282.68000000000006,294.81,340.71,278.21999999999997,18.19333333333333,20.79357142857143,23.12,25.930714285714284,28.041333333333334,30.429285714285715,28.042142857142856,27.05142857142857,28.042142857142856,26.374,27.15,31.31,33.38,35.61,38.02,41,36.85,34.01,35.87,34.15,4.12,7.1,11.69,17.71,20.64,21.77,22.27,21.43,21.99,20.83,2084.7299999999996,476.3599999999999,3232.97,25.60179523809524,41,4.12,461.46500000000003,921.125,702.1399999999999,87.02000000000001,201.75,187.58999999999997,997.06,1322.17,913.74
GAH1,2023,124.92500000000001,134.97000000000003,156.495,195.88,181.505,219.58999999999997,225.72499999999997,233.765,232.075,242.02,29.040000000000006,16.700000000000003,37.53999999999999,67.76,4.909999999999999,166.46,38.13999999999999,54.21999999999999,49.73,60.7,246.60999999999999,322.95,300.65999999999997,253.01999999999998,318.15000000000003,264.35,348.17999999999995,325.05999999999995,292.81,306.68000000000006,18.764285714285712,19.625714285714285,21.302857142857142,24.23785714285714,23.405,26.229285714285716,27.259285714285713,27.88,28.34285714285714,29.750714285714285,29.8,29.37,33.25,33.42,33.5,35.07,33.49,35.18,36.6,37.68,6.68,7.16,9.25,16.3,12.07,20.07,19.73,21.11,22.35,23.13,1946.95,525.2,2978.4699999999993,24.679785714285714,37.68,6.68,416.39000000000004,822.6999999999998,707.86,83.28,277.27,164.64999999999998,870.2199999999999,1183.7,924.55
GAH2,2016,211.56500000000005,211.99,228.285,228.91000000000003,232.61000000000004,230.75000000000003,223.01999999999998,204.17,209.05,153.71,45.82,12.83,44.36000000000001,30.87,40.519999999999996,40.89000000000001,49.290000000000006,38.940000000000005,10.86,8.02,354.33,350.79,329.07000000000005,337.18999999999994,310.58000000000004,280.98,282.7,263.46999999999997,259.35,254.82,24.742666666666665,27.334285714285713,29.16357142857143,28.963571428571427,29.379285714285714,28.650714285714287,27.480714285714285,25.72642857142857,25.727857142857143,20.45285714285714,35.63,39.55,40.3,38.87,39.22,38.74,36.39,36.88,35.82,32.13,14.89,15.52,20.88,21.39,22.13,21.92,20.46,16.77,18.23,9.24,2134.06,322.4,3023.2799999999997,26.762195238095238,40.3,9.24,651.84,915.2900000000001,566.9300000000001,103.01,161.57,57.82000000000001,1034.19,1211.45,777.6399999999999
GAH2,2017,128.17000000000002,167.00000000000003,179.99,192.29,196.64000000000004,208.27499999999998,205.755,198.39,206.87999999999997,165.64499999999998,23.639999999999997,83.32,37.65,52.45,71.19,40.93,32.919999999999995,85.24999999999999,17.040000000000003,29.700000000000003,313.39000000000004,285.97,252.98,268.87,286.29,302.44,305.83000000000004,231.63,285.69999999999993,240.51,20.003846153846155,23.583846153846153,24.076153846153847,25.89923076923077,26.05,27.235384615384614,27.962307692307693,26.2,27.462307692307693,22.724615384615383,33.19,35.91,34.96,36.54,35.75,36.5,39.29,35.26,37.43,33.68,7.85,11.85,15.63,16.94,17.78,20.57,16.07,17.99,19.53,11.91,1849.035,474.09000000000003,2773.6099999999997,25.11976923076923,39.29,7.85,475.1600000000001,802.96,570.915,144.60999999999999,197.48999999999998,131.99,852.3400000000001,1163.4300000000003,757.8399999999999
GAH2,2018,168.35,174.015,204.02999999999997,206.275,225.20999999999998,207.1,197.97500000000002,217.89500000000007,200.005,224.50000000000003,0.75,105.33,64.25999999999999,29.990000000000002,70.44,31.550000000000004,79.98,20.950000000000003,25.92,13.11,360.05000000000007,207.58,324.45,295.76,324.68999999999994,280.38,267.85999999999996,321.18,269.15,270.79,22.677857142857142,23.021538461538462,24.877857142857142,27.361538461538462,27.540714285714284,27.654615384615383,26.62,27.164285714285715,26.388461538461538,27.716428571428573,36.04,31.71,34.3,39.45,36.04,38.35,37.22,35.8,37.29,36.58,7.74,16.96,15.78,20.18,21.21,18.46,19.35,17.38,16.73,20.69,2025.355,442.28000000000003,2921.8900000000003,26.10232967032967,39.45,7.74,546.395,836.5600000000001,642.4000000000001,170.33999999999997,211.96000000000004,59.980000000000004,892.0800000000002,1168.6899999999998,861.1199999999999
GAH2,2019,119.08500000000001,183.02999999999997,176.075,223.435,217.725,224.38499999999996,247.46,215.43,245.735,227.79000000000002,48.449999999999996,35.980000000000004,17.360000000000003,84.88,46.86,21.09,46.75999999999999,35.29,41.21,40.35,304.27,337.83,360.47,324.49999999999994,345.34,328.74,329.24999999999994,318.93,349.12000000000006,307.59,17.345333333333333,21.871333333333332,23.882142857142856,26.437333333333335,24.934,28.357857142857142,28.609333333333336,27.155,29.287333333333333,26.131333333333334,28.01,30.81,37.44,37.62,35.26,38.54,38.6,37.38,39.25,37.19,5.25,7.86,9.57,17.61,12.82,20.12,21.67,18.04,21.1,16.93,2080.15,418.23,3306.0399999999995,25.4011,39.25,5.25,478.19,913.005,688.955,101.79,199.59,116.85,1002.5699999999999,1327.83,975.6400000000001
GAH2,2020,132.23499999999999,213.78500000000003,205.685,250.18000000000004,258.99,242.755,251.325,236.155,197.78000000000003,145.58,50.53,28.42,24.37,58.63,24.640000000000004,47.57,81.82,38.97,144.4,17.640000000000004,369.83,340.74000000000007,333.43,353.89,388.40000000000003,333.65999999999997,322.96,279.37,246.94,250.82999999999998,17.8325,23.184375,23.980666666666668,26.77125,28.908125000000002,28.768,27.375,26.697333333333333,22.439375,18.61125,28.64,31.79,33.74,37.56,39.73,38.4,38.05,36.9,34.74,30.72,5.53,11.47,12.61,19.73,19.65,21.31,19.65,17.27,9.67,7.81,2134.4700000000003,516.99,3220.0499999999997,24.4567875,39.73,5.53,551.7049999999999,1003.25,579.5150000000001,103.32000000000001,212.66,201.01000000000002,1044,1398.9099999999999,777.1399999999999
GAH2,2021,118.425,135.26500000000001,186.03,232.115,215.68000000000004,229.865,255.54500000000002,235.41999999999996,239.705,228.60000000000002,39.830000000000005,71.89999999999999,3.58,43.68,62.55,47.41999999999999,65.71999999999998,24.96,78.85000000000001,29.009999999999998,357.5900000000001,317.55999999999995,380.0199999999999,332.48,336.39,314.03999999999996,344.90000000000003,327.85,284.8,306.17,16.538125,18.711333333333332,23.312,25.178124999999998,25.554,26.366,27.905,27.538,27.057333333333332,24.515,29.15,27.81,36.07,36.49,36.26,35.78,39.14,38.05,36.65,34.61,1.27,6.87,11.58,13.39,15.27,17.71,20.44,18.75,20.94,14.83,2076.65,467.4999999999999,3301.8,24.267491666666665,39.14,1.27,439.72,933.2050000000002,703.725,115.30999999999999,219.36999999999995,132.82,1055.17,1327.81,918.8200000000002
GAH2,2022,138.29500000000002,185.475,223.52999999999997,243.07500000000005,246.39,257.72499999999997,259.65500000000003,250.695,249.45,235.56999999999996,18.29000000000001,9.1,58.4,15.840000000000002,40.15,88.47000000000001,49.00000000000001,67.45,78.82,15.19,383.26,363.63,361.90999999999997,393.82,374.81,331.96000000000004,350.94,303.97,283.50999999999993,314.56000000000006,17.65529411764706,21.775625,25.04625,27.685625,28.186875,28.03,28.34875,26.4325,25.74875,24.12235294117647,28.73,34.11,37.03,40.73,40.95,39.71,37.93,36.29,36.21,36.42,5.37,9.04,15.39,16.95,16.33,19.9,20.82,20.32,18.96,14.69,2289.8599999999997,440.71,3462.37,25.303202205882354,40.95,5.37,547.3,1006.845,735.7149999999999,85.79,193.46,161.45999999999998,1108.8,1451.5300000000002,902.0400000000001
GAH2,2023,125.67999999999998,189.1,175.24000000000004,220.1,239.43500000000003,252.54000000000002,241.31500000000005,251.95,221.09500000000003,208.71500000000006,51.41,44.53,15.790000000000001,112.22999999999999,55.66,29.210000000000004,71.75999999999999,40.040000000000006,57.05,29.850000000000005,323.54,285.21999999999997,352.97,301.17999999999995,347.83,383.13,311.54,370.05,282.71999999999997,271.41,17.293125,21.57125,21.628,24.165,27.652666666666665,28.47,28.016,28.405625,25.669333333333334,23.039375,28.96,33,33.08,34.83,36.95,38.39,38.66,41.27,38.53,36.05,5.67,11.71,11.56,13.81,18.59,19.49,19.8,17.83,16.83,13.18,2125.17,507.53000000000003,3229.5899999999997,24.5910375,41.27,5.67,490.02,953.3900000000001,681.7600000000001,111.73,268.86,126.94000000000001,961.73,1343.6799999999998,924.1800000000001
GEH1,2019,80.97,145.32,150.13500000000002,179.38000000000002,169.615,186.54500000000002,88.27499999999999,53.64,50.434999999999995,4.965,60.18000000000001,68.47000000000001,6.67,30.970000000000002,35.980000000000004,16.29,18.05,87.38,35.1,49.22,357.40999999999997,375.88000000000005,454.43999999999994,312.71,304.85,300.76,228.66000000000003,127.33999999999996,116.28000000000002,59.29999999999999,13.073,17.967368421052633,18.08684210526316,19.959473684210526,18.895263157894735,19.829473684210527,13.241052631578947,11.297894736842105,9.67157894736842,4.271578947368421,26.04,27.21,32.96,36.49,29.67,32.17,25.73,22,22.66,14.81,-1.48,7.61,6.4,9.79,8.34,8.81,3.92,-0.25,-3.69,-1.86,1109.28,408.31000000000006,2637.6300000000006,14.629352631578946,36.49,-3.69,376.425,623.8149999999999,109.03999999999999,135.32000000000002,101.29,171.7,1187.73,1146.98,302.91999999999996
GEH1,2020,68.95000000000002,113.225,159.07999999999998,135.67000000000004,227.65000000000003,156.72500000000002,140.24,46.67,34.320000000000014,6.945000000000002,20.8,65.49000000000001,33.68000000000001,23.40000000000001,47.209999999999994,38.79,8.45,55.55,34.74,11.009999999999998,407.53000000000003,385.65,374.54,353.53000000000003,390.77,260.15,291.8800000000001,138.34000000000003,83.57,82.37999999999998,11.23904761904762,15.1485,18.274,16.9255,21.365714285714287,17.7125,16.1575,10.143,9.571,5.386190476190476,22.02,28.17,26.86,27.16,35.1,31.99,28.68,20.56,19.06,12.82,-1.12,5.44,10.18,7.18,10.45,7.66,6.44,3.84,1.91,-0.97,1089.475,339.12,2768.3400000000006,14.192295238095237,35.1,-1.12,341.255,660.2850000000001,87.93500000000002,119.97000000000001,117.85000000000001,101.29999999999998,1167.72,1296.33,304.29
GEH1,2021,43.69,148.84499999999997,158.92000000000002,153.155,139.23000000000002,107.625,118.30500000000002,79.46,23.304999999999996,3.885,73.56,42.64,65.78,66.46,33.23,81.53999999999999,18.75,22.35,23.560000000000002,29.550000000000008,320.58000000000004,407.60999999999996,314.41,298.65999999999997,309.89,228.10000000000002,239.07,173.13,112.35999999999999,64.90999999999998,10.4565,18.18421052631579,18.44157894736842,18.327368421052633,17.388947368421054,15.427368421052632,15.472631578947368,12.268947368421053,7.800526315789474,5.098947368421053,18.22,31.04,29.12,27.01,28.29,26.1,26.45,24.11,16.68,16.95,4.41,6.9,10.99,11.71,10.22,7.89,4.48,0.71,-0.63,-1.59,976.4200000000001,457.4200000000001,2468.7200000000003,13.886702631578949,31.04,-1.59,351.455,518.315,106.64999999999999,181.98000000000002,199.98,75.46000000000001,1042.6000000000001,1075.72,350.4
GEH1,2022,99.87,142.925,172.14499999999998,189.77500000000003,214.18,183.81499999999997,86.69999999999999,50.89,78.34,14.334999999999997,45.77,21.65,29.8,25.1,24.99,14.2,61.230000000000004,31.750000000000004,36.77,36.199999999999996,384.07,417.01,367.07,389.96,361.09000000000003,300.66999999999996,193.23000000000002,180.95999999999998,119.33999999999999,86.53000000000002,14.334999999999999,17.939473684210526,19.32263157894737,20.670526315789473,21.747894736842106,19.646842105263158,13.432105263157895,9.935263157894736,12.736842105263158,5.7095,26.09,32.7,30.47,36.39,34.93,30.38,27.06,18.7,21.7,14.61,4.18,7.8,10.11,9.96,9.14,9.34,4.38,2.02,3.86,-7.21,1232.975,327.46,2799.9300000000003,15.547607894736842,36.39,-7.21,414.94,674.47,143.56500000000003,97.22,125.52000000000001,104.72,1168.1499999999999,1244.9499999999998,386.83
IAH1,2014,153.975,158.76999999999998,202.215,158.16000000000003,182.405,189.475,207.46999999999994,106.445,108.15000000000002,48.349999999999994,21.659999999999997,63.370000000000005,173.73,56.90000000000001,33.13,19.990000000000002,108.50999999999999,102.11,22.87,67.19,358.63,344.15999999999997,301.71,344.26000000000005,367.11,271.93999999999994,258.28000000000003,254.29000000000005,218.15,196.95,19.386875,20.384375,22.86875,21.009333333333334,21.71625,21.8225,23.833333333333332,15.9975,15.850625,10.44625,29.13,29.03,29.41,29.52,30.92,30.03,32.66,30.44,27.32,20.25,2.44,8.85,10.71,10.9,12.43,13.37,14.91,1.94,0.54,0.99,1515.415,669.46,2915.48,19.331579166666668,32.66,0.54,514.96,737.51,262.94500000000005,258.76,218.53,192.17000000000002,1004.5,1241.5900000000001,669.3900000000001
IAH1,2015,129.90500000000003,119.07,192.85000000000002,176.29999999999998,204.94,212,194.565,191.78,159.35999999999999,113.6,68.67999999999999,52.9,104.40000000000002,75.94999999999999,89.88,54.11,67.81,38.65,68.39999999999999,8.37,315.78,325.65000000000003,319.32,301.37,332.28000000000003,353.28,314.38,301.13999999999993,287.78999999999996,234.19000000000003,17.288823529411765,16.931875,22.368125,21.441875,23.223125,23.543125,22.1625,22.33625,19.73375,15.97,26.42,26.79,31.35,29.35,32.63,30.58,30.22,33.89,30.72,27.75,4.82,2.7,14.01,11.57,11.62,15.17,11.02,9.87,7.78,5.09,1694.37,629.15,3085.18,20.499944852941177,33.89,2.7,441.82500000000005,787.8050000000001,464.74,225.98000000000002,287.75,115.41999999999999,960.75,1301.31,823.1199999999999
IAH1,2016,76.81,93.35499999999999,172.22500000000002,224.275,208.01,231.31000000000003,221.04500000000004,200.84999999999997,177.385,165.35999999999999,44.94,40.57000000000001,52.9,63.059999999999995,83.17999999999999,70.93,120.37000000000002,57.32,52.150000000000006,35.69999999999999,279.09999999999997,333.50999999999993,420.16,435.16,377.62,345.75,306.02,306.04,283.07,252.43999999999997,13.181176470588236,14.806875,20.861874999999998,24.79875,22.52294117647059,24.741875,24.0825,22.68375,21.09125,19.443529411764708,27.7,26.76,30.21,33.2,31.43,32.46,32.99,30.6,33.08,30.86,2.94,1.17,11.22,15.5,13.45,14.01,15.84,12.8,11.26,7.85,1770.6249999999998,621.1199999999999,3338.8700000000003,20.821452205882352,33.2,1.17,342.39,884.6400000000001,543.5949999999999,138.41,337.54,145.17,1032.77,1464.55,841.55
IAH1,2017,84.00500000000001,129.20999999999998,243.025,224.195,284.815,221.015,220.99999999999994,201.235,198.28499999999997,95.295,81.44999999999999,59.64,31.85,28.679999999999996,72.83,11.79,46.16000000000001,11.91,64.21,79.21000000000001,355.72,368.67,526.4300000000001,439.28999999999996,452.28,414.73,306.27,345.7300000000001,230.44000000000003,203.89999999999998,12.35421052631579,16.738333333333333,23.483684210526317,23.06111111111111,26.377368421052633,22.49222222222222,22.315555555555555,20.469473684210527,20.809444444444445,13.141052631578948,26.78,28.96,34.41,35.57,37.46,33.09,32.39,34.94,33.77,26.25,1.68,6.03,10.04,9.99,15.99,12,11.86,8.17,7.62,1.23,1902.08,487.73,3643.4600000000005,20.12424561403509,37.46,1.23,456.24,951.0249999999999,494.815,172.93999999999997,159.45999999999998,155.32999999999998,1250.8200000000002,1612.57,780.07
IAH1,2018,156.925,218.785,215.06999999999996,244.89000000000001,220.06500000000003,224.06,226.79,176.48,123.16000000000003,67.15999999999998,49.87,44.83,112.74999999999999,20.240000000000002,61.95,29.659999999999997,116.14999999999999,135.82999999999998,61.34,121.95,327.59,407.23,312.31,448.76,362.43999999999994,363.0400000000001,279.78,248.84,204.14,173.83999999999997,19.11941176470588,24.508125,24.20375,25.706470588235295,24.150625,24.9625,23.736470588235292,20.898125,16.879375,10.918823529411764,29.59,34.93,34.84,36.97,37.1,35.66,33.15,30.05,30.74,28.96,8.49,11.56,14.93,13.49,13.42,16.06,12.45,8.93,3.08,-1.77,1873.385,754.57,3127.97,21.508367647058822,37.1,-1.77,590.78,915.8050000000001,366.79999999999995,207.45,228,319.12,1047.1299999999999,1454.02,626.8199999999999
IAH1,2019,153.07000000000002,214.12500000000006,219.60499999999996,184.05499999999995,201.49999999999997,145.745,190.425,129.875,44.425000000000004,7.09,52.35,43.68999999999999,23.73,9.209999999999999,84.94,13.299999999999999,55.440000000000005,139.9,12.8,20.21,343.90000000000003,328.63,359.79,368.14,299.82000000000005,278.8,229.98,162.83000000000004,181.32000000000002,155.35,19.669375,24.53333333333333,24.958666666666666,22.644,22.6825,19.774,22.440666666666665,18.252,9.524666666666667,3.468125,27.48,30.75,31.95,29.66,28.76,30.65,30.49,28.14,20.4,15.51,9.35,15.59,17.12,13.86,14.03,11.26,12.65,4.17,-2.08,-4.71,1489.9149999999997,455.57000000000005,2708.56,18.794733333333333,31.95,-4.71,586.8,721.7249999999999,181.39000000000001,119.77,162.89,172.91000000000003,1032.32,1176.74,499.5000000000001
IAH1,2020,120.93,173.59999999999997,179.15499999999997,238.225,219.76500000000001,202.85999999999996,216.22500000000002,137.46499999999997,99.87500000000003,82.19000000000001,69.43999999999998,106.65,84.69,22.89,44.08000000000001,12.01,3.8600000000000003,122.50000000000001,16.860000000000003,8.23,261.05,386.86,381.1700000000001,390.91,341.46,348.85,354.83,231.40000000000003,233.25,218.95,16.70235294117647,21.16875,21.599375000000002,25.27375,24.358125,22.835625,24.479375,18.57,15.066875,12.705,28.4,30.7,28.99,31.62,32.61,33.37,37.19,33.23,28.71,27.86,1.08,9.11,10.69,17.02,14.99,12.9,13.45,7.87,3.12,0.1,1670.2899999999997,491.21000000000004,3148.73,20.275922794117648,37.19,0.1,473.68499999999995,877.0749999999999,319.53000000000003,260.78,82.84000000000002,147.59,1029.0800000000002,1436.05,683.6
IAH1,2021,89.63500000000002,152.07,233.48,218.335,214.06500000000003,237.17999999999995,241.8,200.60500000000002,181.675,151.79000000000002,86.28999999999999,27.190000000000005,26.25,82.40999999999998,77.81000000000002,23.49,57.78999999999999,28.930000000000003,13.569999999999999,61.03,360.9599999999999,333.43,435.85,366.72,327.02000000000004,343.44999999999993,378.4100000000001,287.19,295.05999999999995,208.96000000000004,13.216111111111111,18.50176470588235,24.300588235294118,23.18235294117647,22.96,24.35235294117647,25.006470588235295,21.91,20.17529411764706,16.983888888888888,27.58,28.75,33.24,31.43,33.26,33.44,35.22,32.49,32.8,28.49,1.51,1.77,11.72,10.6,15.44,14.18,13.05,11.77,6.37,3.26,1920.6349999999998,484.76,3337.05,21.058882352941175,35.22,1.51,475.185,911.3799999999999,534.07,139.73,241.5,103.53,1130.2399999999998,1415.6000000000001,791.21
IAH1,2022,148.45,146.375,218.78000000000003,204.67,231.10000000000002,216.015,199.56500000000003,213.93000000000004,155.195,96.61000000000001,26.86,49.589999999999996,58.42,43.410000000000004,24.16,28.169999999999998,23.340000000000003,36.36,33.730000000000004,5.949999999999999,315.10999999999996,342.11999999999995,384.18,353.16,381.34000000000003,359.22999999999996,281.75,287.95000000000005,246.15999999999997,256,19.025625,19.904,24.499375,24.528666666666666,25.54,25.764666666666667,23.483999999999998,23.6925,20.100666666666665,13.336875,30.93,30.32,35.5,36.61,39.1,39.11,35.46,34.26,35.81,25.86,4.54,10.38,12.29,12.25,16.67,14.65,15.47,13.64,8.59,0.92,1830.69,329.99,3207,21.987637499999998,39.11,0.92,513.605,851.35,465.735,134.87,119.08000000000001,76.04,1041.4099999999999,1375.48,790.11
IAH1,2023,150.985,151.725,191.185,188.09,213,196.39,198.01999999999995,173.84,140.31,145.015,6.1,10.059999999999997,55.09,37.31,10.860000000000001,63.38,1.5800000000000003,9.379999999999999,29.19,3.26,396.90999999999997,321.15,290.46,341.5,348.18,252.27000000000004,307.11,283.06,199.10999999999993,223.72999999999996,20.142666666666667,21.2,24.46857142857143,24.002857142857142,25.757333333333335,24.497857142857143,25.882142857142856,22.992857142857144,19.736428571428572,18.915333333333333,32.57,32.58,35.27,33.91,39.33,35,41.16,36.81,31.37,34.85,5.76,8.15,15.58,12.54,14.02,16.75,14.17,11.62,9.71,4.57,1748.56,226.21,2963.48,22.75960476190476,41.16,4.57,493.89500000000004,795.5,459.16499999999996,71.25,113.13000000000001,41.83,1008.52,1249.06,705.8999999999999
IAH2,2014,162.565,155.83499999999998,184.41500000000002,173.78,185.98999999999995,174.93500000000003,184.16999999999996,89.22000000000001,92.69000000000001,61.594999999999985,47.300000000000004,107.84,141.20999999999998,66.70000000000002,10.98,109.57000000000004,133.45,79.19999999999999,56.88,31,379.83,346.41,308.30000000000007,377.09999999999997,335.12,274.31000000000006,286.2,236.59999999999997,208.86999999999998,215.20999999999998,18.99705882352941,20.15875,21.70875,20.55470588235294,21.94125,20.945625,20.756470588235295,14.8225,14.18125,10.915882352941177,28.72,30.04,30.23,29.84,30.42,29.78,29.78,26.24,25.44,20.65,-0.71,9.23,9.93,9.92,12.48,11.14,7.96,1.94,-0.81,-0.28,1465.1950000000002,784.1300000000002,2967.9499999999994,18.498224264705883,30.42,-0.81,502.815,718.875,243.505,296.35,320.70000000000005,167.07999999999998,1034.54,1272.73,660.6799999999998
IAH2,2016,71.80000000000001,110.04499999999999,188.81,213.20999999999998,206.33999999999997,235.745,207.735,195.135,177.7,88.7,111.96000000000001,50.690000000000005,31.090000000000003,22.490000000000002,93.24999999999999,64.08,68.67,40.93,111.02000000000002,62.470000000000006,273.79,379.2200000000001,435.94999999999993,463.4,395.75,344.6400000000001,351.36,287.32000000000005,265.24,235.26000000000002,12.762941176470589,15.152352941176472,21.419999999999998,22.879411764705882,22.39941176470588,24.178823529411765,22.448823529411765,21.512941176470587,20.25235294117647,13.696470588235295,27.04,27.14,30.77,31.28,30.44,31.93,31.37,31.05,29.89,22.68,3.36,0.32,9.85,11.83,12.53,15.83,11.06,12.21,8.65,1.6,1695.22,656.6500000000001,3431.9300000000003,19.67035294117647,31.93,0.32,370.655,863.03,461.53499999999997,193.74,248.49,214.42000000000002,1088.96,1555.15,787.82
IAH2,2017,127.07,172.305,211.96500000000003,252.01999999999995,259.765,196.95999999999998,173.69500000000002,216.25,97.23500000000001,51.835,113.67,9.42,48.91,27.319999999999997,42.81999999999999,72.36,56.43,65.92,130.10000000000002,21.419999999999998,364.71999999999997,484.30999999999995,427.64,467.69000000000005,408.92,330.60999999999996,326.9,283.84,182.76999999999998,191.51,16.104444444444443,19.558333333333334,22.037222222222223,24.93,25.657222222222224,21.483529411764707,19.50111111111111,22.043333333333333,14.054444444444444,8.101666666666667,29.48,31.49,31.79,35.08,36.31,30.85,29.21,33.15,24.83,22.08,4.58,7.18,9.2,13.09,13.21,11.42,6.94,8.56,0.87,-6.25,1759.1,588.37,3468.9100000000008,19.347130718954247,36.31,-6.25,511.34000000000003,882.4399999999999,365.32,172,198.93,217.44000000000003,1276.67,1534.12,658.1199999999999
IAH2,2018,129.065,210.50500000000005,238.14999999999992,215.36,244.45999999999998,233.75,194.285,197.80499999999998,97.14500000000002,36.864999999999995,75.68000000000002,52.56,150.01,76.91,17.68,33.63,145.76999999999998,74.65,93.44,65.60000000000001,338.77000000000004,426.86,362.65,383.46000000000004,433.37000000000006,400.03,261.74,297.32,190.42000000000002,190.79,16.532222222222224,22.35388888888889,23.539444444444445,23.03,23.95277777777778,23.451666666666668,21.448823529411765,20.874444444444443,14.272777777777778,7.004444444444444,26.79,34.77,32.91,33.15,33.02,34.2,30,30.81,30.44,18.97,2.33,10.24,12.04,14.39,15.03,12.36,10.15,9.23,1.67,-4.66,1797.39,785.93,3285.4100000000003,19.646049019607844,34.77,-4.66,577.72,887.8549999999999,331.815,278.25,273.99,233.69,1128.2800000000002,1478.6000000000001,678.53
IAH2,2019,55.935,122,174.725,252.73999999999995,240.64000000000001,224.29999999999998,191.245,214.325,130.28000000000003,36.804999999999986,70.13,124.18000000000002,56.21000000000001,72.59,46.660000000000004,39.14000000000001,68.59,88.93999999999998,120.07,48.169999999999995,324.84999999999997,349.50000000000006,396.74999999999994,391.96999999999997,399.29999999999995,379.43000000000006,349.0300000000001,259.28000000000003,209.39999999999995,205.13,10.142631578947368,16.489444444444445,19.869444444444444,23.400526315789474,23.715,22.473333333333333,20.117894736842103,21.927222222222223,16.345555555555556,7.474210526315789,24.21,28.73,29.83,31.31,31.77,29.87,29.93,31.29,29.46,20.07,-2.22,2.84,7.2,14.28,12.7,12.21,11.35,11.29,2.64,-3.69,1642.9950000000001,734.68,3264.640000000001,18.195526315789472,31.77,-3.69,352.65999999999997,908.925,381.41,250.52,226.98000000000002,257.18,1071.1,1519.73,673.81
IAH2,2021,86.33999999999999,139.665,224.155,214.35500000000002,213.61499999999998,238.47,229.6,226.45499999999996,171.55999999999997,160.52,43.769999999999996,49.870000000000005,11.469999999999999,60.419999999999995,77.68,43.61,27.959999999999997,71,11.04,28.770000000000003,393.46,260.53000000000003,464.2099999999999,379.13999999999993,370.98,372.71999999999997,350.78,292.07,281.98,224.23000000000002,13.182941176470589,17.705882352941178,24.672941176470587,24.066875,23.29529411764706,25.063529411764705,24.9325,23.790588235294116,19.950588235294116,18.88529411764706,29.45,28.72,35.27,38.6,35.47,36.57,33.53,34.8,33.41,32.55,1.94,3.37,9.88,11.72,12.97,14.18,14.6,13.82,6.54,5.48,1904.7349999999997,425.59,3390.1,21.554643382352943,38.6,1.94,450.15999999999997,896.0400000000001,558.535,105.11,209.67,110.81,1118.1999999999998,1473.62,798.28
IAH2,2022,113.55000000000001,182.48000000000002,209.975,223.53500000000005,214.40999999999997,205.48,206.065,168.935,122.525,75.235,46.01,76.61999999999999,28.229999999999997,40.33,12.879999999999999,35.72,29.700000000000003,35.04,5.289999999999999,8.780000000000001,317.10999999999996,338.65,393.29,353.58,374.36999999999995,301.8999999999999,298.12,263.84000000000003,245.27,200.69000000000003,16.405625,22.71,24.954666666666668,25.834,26.118,25.034,24.196666666666665,21.016666666666666,17.394666666666666,11.675333333333333,29.88,35.19,34.34,35.54,39.39,39.37,35.63,32.62,36.57,26.98,2.98,13.64,13.58,16.33,14.53,15.74,14.63,9.02,3.6,-4.02,1722.19,318.6,3086.8199999999997,21.5339625,39.39,-4.02,506.005,849.49,366.69500000000005,150.85999999999999,118.63,49.11,1049.05,1327.9699999999998,709.8000000000001
IAH2,2023,131.72,158.98,190.45,211.735,189.29000000000002,221.67499999999998,185.23,234.12,153.875,169.35500000000002,52.35,24.43,33.559999999999995,43.83,49.42999999999999,27.82,63.779999999999994,1.54,31.39,32.63,277.97999999999996,381.59000000000003,352.73,343.5900000000001,352.35,323.93,308.14000000000004,348.89,231.07999999999998,200.54999999999995,18.135625,20.564,22.578125,25.050666666666668,21.9125,26.177333333333333,22.733999999999998,26.43875,20.081333333333333,20.544375,27.47,31.52,33.34,33.99,32.61,39.88,34.88,39.03,33.74,34.05,7.43,5.18,9.84,16.37,11.04,15.73,11.71,14.19,10.24,9.23,1846.4299999999998,360.76,3120.83,22.421670833333334,39.88,5.18,481.15,807.9300000000001,557.35,110.34,184.85999999999999,65.56,1012.3,1328.0100000000002,780.52
IAH3,2014,172.985,178.745,179.86999999999998,179.29000000000002,167.36500000000004,210.42499999999995,150.165,115.66,49.965,50.06,39.589999999999996,127.12,153.28,51.209999999999994,21.000000000000004,55.39999999999999,123.67,8.07,75.99,6.090000000000001,371.69999999999993,343.97,324.59999999999997,385.28,311.33000000000004,304.16,253.55,283.79999999999995,182.13,202.10000000000002,20.20705882352941,20.904705882352943,21.5075,20.94058823529412,20.90625,22.45294117647059,19.1875,15.869411764705882,10.718125,9.121764705882352,28.7,29.41,28.87,30.8,28.59,31.24,29.21,27.28,22.38,21.41,8.69,8.53,9.9,10.58,12.12,12.8,4.1,1.59,0.5,-5.46,1454.53,661.4200000000001,2962.6200000000003,18.18158455882353,31.24,-5.46,531.6,707.245,215.685,319.99,251.27999999999997,90.15,1040.27,1254.32,668.03
IAH3,2015,106.29000000000002,113.22,166.71,165.62499999999997,176.85999999999999,203.065,185.38000000000002,147.51999999999998,179.595,137.01500000000001,47.36000000000001,60.49,105.44000000000001,80.54,53.49000000000001,77.29,50.53,74.44000000000001,24.1,66.28999999999999,295.35,298.94,314.1,299.62000000000006,318.88,337.48,321.36999999999995,283.31,300.34,254.70000000000002,15.758125,16.930666666666667,20.563125,21.362666666666666,21.410625,23.804666666666666,22.525333333333332,19.245625,21.895333333333333,18.01625,26.31,26.8,31.57,29.77,32.33,32.41,30.54,29.71,31.98,29.98,4.03,1.85,6.04,13.03,11.86,13.91,14.73,9.45,7.04,4.93,1581.2800000000002,639.9700000000001,3024.0899999999997,20.151241666666667,32.41,1.85,386.22,730.93,464.13,213.29000000000002,261.85,164.83,908.39,1277.35,838.35
IAH3,2016,74.82499999999999,113.11,172.01999999999998,218.175,190.785,237.69,213.53,187.13,174.23999999999998,137.985,54.900000000000006,25,59.37,79.78999999999999,71.50000000000001,46.92000000000001,122.79000000000002,47.419999999999995,90.58,55.410000000000004,269.19,366.09,441.53999999999996,458.12,343.9,342.3599999999999,326.46,319.58,276.03999999999996,222.07,13.07529411764706,15.348823529411765,21.01375,23.34470588235294,22.145625,24.241764705882353,23.642500000000002,21.077058823529413,20.881875,17.804117647058824,27.77,26.4,30.82,32.23,31.28,31.84,32.89,29.86,32.91,28.44,3.28,0.23,10.55,13.03,12.39,13.72,14.83,11.29,10.79,6.85,1719.4899999999998,653.6800000000001,3365.35,20.257551470588236,32.91,0.23,359.955,860.1800000000001,499.355,139.27,321.00000000000006,193.41,1076.82,1470.84,817.6899999999998
IAH3,2017,71.36,121.62499999999997,222.85999999999999,196.79,262.505,210.77999999999997,210.15499999999997,180.535,201.28500000000003,107.74999999999999,66.2,58.24000000000001,41.46,41.69,58.7,7.44,69.09,0.2,29.41,97.22000000000001,326.22,369.1,500.02,436.92,447.6499999999999,390.57,318.91999999999996,348.7200000000001,271.23,178.27999999999994,11.403333333333334,16.252222222222223,22.856666666666666,21.109444444444446,25.604444444444443,22.64764705882353,21.477222222222224,19.75277777777778,21.157222222222224,14.614444444444445,25.83,28.71,32.51,31.64,36.5,33.58,31.69,33.34,34.57,27.84,-0.05,5.37,7.6,9.09,14.82,10.96,11.23,7.82,7.57,2.2,1785.645,469.6500000000001,3587.6300000000006,19.68754248366013,36.5,-0.05,415.8449999999999,880.2299999999999,489.57000000000005,165.9,176.92000000000002,126.83000000000001,1195.3400000000001,1594.06,798.23
IAH3,2018,133.64000000000001,207.41,227.555,220.53000000000003,232.83999999999997,197.435,219.75499999999997,186.785,155.125,56.545,58.72999999999999,48.82,89.81,93.89999999999999,57.39,68.91,48.23999999999999,219.14,73.37,125.67,334.0400000000001,387.5200000000001,393.59000000000003,378.4600000000001,414.8800000000001,357.5,325.65000000000003,248.29999999999993,268.53999999999996,142.1,17.488823529411764,22.81764705882353,23.981176470588235,23.508235294117647,24.31058823529412,22.71,23.050588235294118,21.008823529411764,18.484117647058824,10.59235294117647,27.19,34.8,33.15,32.98,35.64,34.75,32.28,31.84,30.26,28.18,7.04,10.17,11.76,15.22,13.96,12.26,11.63,9.39,4.6,-2.92,1837.62,883.9799999999999,3250.58,20.795235294117646,35.64,-2.92,568.605,870.5600000000001,398.455,197.35999999999999,268.44,418.18,1115.15,1476.4900000000002,658.9399999999999
IAH3,2019,80.435,162.13500000000002,170.24,248.16000000000003,232.75500000000002,205.62,164.97,209.98,112.86500000000002,26.740000000000002,111.39,101.55,70.36999999999999,36.04,27.81,48.94,48.24,98.32000000000001,125.12000000000002,32.9,300.18,367.03000000000003,362.68000000000006,411.27,421.24000000000007,352.38,305.7299999999999,261.7,202.16,207.35999999999999,12.878333333333334,19.699411764705882,19.62611111111111,24.769411764705882,23.447777777777777,22.240000000000002,19.68,21.60333333333333,15.685882352941176,6.858333333333333,27.64,27.96,29.01,31.16,31.86,28.91,29.38,29.84,28.4,18.95,1.93,9.98,8.57,16.12,13.45,13.19,11.47,11.52,3.03,-3.35,1613.9,700.6800000000001,3191.73,18.648859477124184,31.86,-3.35,412.81000000000006,851.5050000000001,349.58500000000004,283.31,161.03,256.34000000000003,1029.89,1490.62,671.22
IAH3,2021,100.30000000000001,163.13,233.46499999999997,211.46499999999997,235.58999999999997,237.025,225.985,182.71499999999997,175.72,122.93500000000002,62.33999999999999,18.090000000000007,48.11,42.5,34.9,36.1,86.82,18.110000000000003,10.060000000000002,50.36,300.43000000000006,384.61,419.97999999999996,318.79999999999995,358.91,337.40000000000003,353.91,288.22999999999996,280.04,188.89000000000001,14.222941176470588,19.261764705882353,24.520588235294117,23.656875,24.885882352941177,24.29764705882353,24.89,20.689411764705884,19.704117647058823,15.69235294117647,26.94,31.85,38.04,34.82,35.54,34.9,35.6,32.58,32.45,27.06,1.27,1.19,9.96,15.41,14.71,12.68,13.6,11.26,5.56,2.48,1888.33,407.39000000000004,3231.2,21.182158088235294,38.04,1.19,496.895,910.0649999999999,481.36999999999995,128.54,200.32,78.53,1105.02,1369.0200000000002,757.16
IAH3,2022,136.52999999999997,161.30499999999998,209.20000000000005,223.88,221.91500000000002,221.93999999999997,208.425,183.96999999999997,129.54000000000002,66.26,29.630000000000003,60.78,47.160000000000004,66.66000000000001,19.1,26.56,45.14,22.63,19.54,4.24,333.09999999999997,351.53000000000003,426.43000000000006,362.16,382.14,340.66,316.94,283.21000000000004,260.68,240.04,17.44235294117647,20.130625000000002,23.791875,24.54625,24.815,24.968125,23.100625,21.41625,16.70625,9.464705882352941,30.84,30.3,33.91,33.83,38.29,37.73,32.43,33.74,35.99,24.71,3.89,8.85,11.55,16.04,14.13,15.2,14.45,9.74,1.98,-5.92,1762.965,341.44000000000005,3296.89,20.638205882352942,38.29,-5.92,507.03499999999997,876.1600000000001,379.77,137.57,157.46000000000004,46.410000000000004,1111.06,1401.9,783.9300000000001
IAH3,2023,129.93999999999997,181.94000000000003,198.765,208.30500000000004,220.495,219.40499999999997,224.62000000000003,177.55499999999998,177.12999999999997,89.21499999999999,17.33,24.83,33.199999999999996,55.21,13.24,43.59,2.3299999999999996,11.91,27.26,51.35,363.73,361.86999999999995,392.52000000000004,356.19999999999993,365.14000000000004,296.38000000000005,358.15000000000003,301.99000000000007,216.13,202.1,17.846875,21.524375,23.108125,23.576875,24.951875,24.316875,25.614375,21.735625,20.80125,13.56,28.94,31.25,33.55,33.89,38.36,34.86,40.71,37.86,34.54,31.96,5.93,7.48,7.47,12.43,13.52,16.44,12.97,9.39,11.09,2.37,1827.37,280.25,3214.21,21.703625,40.71,2.37,510.645,872.825,443.8999999999999,75.35999999999999,114.37,90.52000000000001,1118.12,1375.8700000000001,720.2200000000001
IAH4,2014,178.81,166.23,183.89000000000001,172.83,192.71,204.485,168.83,90.845,83.81499999999997,65.99000000000001,60.75,81.84,156.38,17.03,53.69,54.989999999999995,140.26000000000002,34.26,42.559999999999995,46.43,362.25,340.8799999999999,295.61,369.34000000000003,330.65,292.97,269.61999999999995,239.04,218.39000000000004,183.6,20.514705882352942,20.876875,21.609375,21.295,21.609411764705882,22.759375,20.58,14.695,13.174999999999999,11.351764705882353,28.96,30.26,28.76,31.23,29.5,31.17,30.46,27.21,25.84,21.84,9.67,8.65,9.94,10.44,13.25,12.31,7.82,2.23,-0.32,3.06,1508.435,688.1899999999999,2902.35,18.846650735294116,31.23,-0.32,528.93,738.8550000000001,240.64999999999998,298.97,265.97,123.25,998.7399999999999,1262.58,641.0300000000001
IAH4,2015,111.13499999999999,100.27000000000001,161.54999999999995,169.65,169.75500000000005,202.86499999999998,192.62500000000003,136.48999999999998,172.305,140.36499999999998,52.080000000000005,60.230000000000004,85.56,84.02,58.95,92.24000000000001,48.300000000000004,123.21999999999998,41.07,48.410000000000004,270.04999999999995,291.71000000000004,280.77000000000004,315.69,312.96000000000004,327.99,326.03,265.35999999999996,290.52,238.07999999999998,16.3625,16.076,21.116666666666667,21.725333333333335,21.763333333333332,24.038666666666668,23.024,19.078,21.424,19.136,27.1,27.3,32.39,30.52,33,32.8,31.38,30.02,30.95,28.9,3.99,1.62,7.56,12.39,11.74,13.85,15.15,8.93,6.66,8.13,1557.01,694.08,2919.16,20.37445,33,1.62,372.9549999999999,734.8950000000001,449.15999999999997,197.87,283.51,212.7,842.53,1282.67,793.9599999999998
IAH4,2016,79.30000000000001,128.69499999999996,212.625,203.07000000000002,255.20999999999995,227.40000000000003,215.11500000000004,202.215,160.525,105.72500000000002,69.60000000000001,50.81,49.739999999999995,29.58,131.84,27.13,116.6,54.96000000000001,106.75999999999999,15.669999999999998,284.77000000000004,384.53999999999996,497.81,397.66999999999996,414.63999999999993,332.05,338.65,312.62,270.78000000000003,204.81,12.735555555555555,16.76823529411765,22.136111111111113,22.32294117647059,24.543333333333333,23.540588235294116,22.92,21.320555555555554,18.941176470588236,14.315555555555555,27.57,27.34,32.28,31.94,32.44,32.38,31.84,32.61,30.29,26.76,3.64,1.06,10.22,12.64,13.22,14.78,11.68,11.42,6.71,-0.19,1789.88,652.69,3438.34,19.95440522875817,32.61,-0.19,420.62,900.7950000000001,468.46500000000003,170.15,305.15,177.39,1167.12,1483.0099999999998,788.21
IAH4,2017,124.1,145.255,207.425,217.59,244.865,196.92,205.26,174.53000000000003,177.91000000000003,94.99499999999999,83.52,11.129999999999999,46.82,32.940000000000005,33.18000000000001,13.42,69.21,0.48,55.67,115.19,346.91,430.05999999999995,422.6600000000001,422.03,374.71,373.53000000000003,282.9,311.40999999999997,238.96,158.62,16.541764705882354,19.2425,23.60875,23.533529411764707,26.751875000000002,22.57125,21.87470588235294,20.878125,21.23375,14.314117647058824,29.23,31,33.38,34.64,36.11,32.93,31.54,33.76,34.8,28.23,5.86,6.51,10.78,9.88,16.13,11.39,11.27,8.05,9.03,1.79,1788.85,461.56,3361.79,21.055036764705882,36.11,1.79,476.78000000000003,864.635,447.43500000000006,141.47,148.75,171.34,1199.63,1453.17,708.99
IAH4,2018,205.91500000000002,209.49000000000004,222.71999999999997,226.625,213.07500000000002,214.08500000000004,193.245,170.64,59.47,29.685,29.6,98.57000000000001,147,35.07000000000001,32.43,83.6,146.1,46.589999999999996,113.89,7.390000000000001,400.65999999999997,376.33000000000004,349.85,417.26000000000005,394.63,311,226.47000000000006,302.01,136.79,202.20999999999998,22.821176470588235,23.6375,23.62529411764706,24.69,22.923529411764704,23.5025,22.285625,19.796470588235294,12.686875,6.107647058823529,35.88,33.58,33.34,33.41,34.99,33.31,32.05,30.81,28.49,19.18,10.53,13.22,14.91,14.2,12.44,14.34,11.26,5.54,2.18,-3.83,1744.95,740.24,3117.21,20.207661764705882,35.88,-3.83,638.125,847.0300000000001,259.79499999999996,275.17,297.2,167.87,1126.8400000000001,1349.3600000000001,641.01
IAH4,2019,138.27,165.81,183.125,191.98999999999998,173.155,152.47499999999997,139.425,164.31,123.21000000000001,38.07,27.099999999999998,74.11000000000003,32.42,35.480000000000004,16.790000000000003,70.35000000000001,5.200000000000001,72.42999999999999,102.66000000000001,49.96999999999999,327.83,267.20000000000005,310.28000000000003,326.69000000000005,321.58,232.17000000000004,250.53999999999996,184.23,159.82999999999998,174.09,20.029285714285713,22.055,24.25,24.235,22.482857142857142,21.796153846153846,19.9,22.436923076923076,18.582857142857144,8.918571428571429,29.55,31.12,30.31,31.94,29.43,29.35,29.9,30.51,29.89,20.04,7.71,14.52,16.63,13.11,12.99,13.09,11.68,13.03,5.6,-3.14,1469.84,486.51,2554.44,20.468664835164834,31.94,-3.14,487.20500000000004,657.0449999999998,325.59,133.63000000000002,127.82000000000002,225.06,905.31,1130.98,518.15
IAH4,2021,99.59500000000003,178.78,270.88,259.47,278.02,265.205,253.345,194.52999999999994,171.77500000000003,43.954999999999984,40.22,45.36000000000001,34.940000000000005,61.86000000000001,42.27,23.660000000000004,86.61999999999999,11.36,47.35,97.12,409.51,355.88999999999993,498.06000000000006,388.93000000000006,416.1,407.24000000000007,359.90000000000003,336.35999999999996,238.34999999999997,179.80000000000004,13.735263157894737,19.162105263157894,25.929473684210524,24.464736842105264,25.81684210526316,24.732105263157894,23.913684210526316,20.127894736842105,18.34578947368421,8.061578947368421,30.2,33.15,40.22,36.32,36.43,34.84,35.9,34.52,32.24,24.57,1.89,2.5,10.74,13.8,15.77,14.16,13.37,5.82,6.04,-4.08,2015.5549999999998,490.76000000000005,3590.140000000001,20.428947368421053,40.22,-4.08,549.255,1056.04,410.25999999999993,120.52000000000001,214.41000000000003,155.83,1263.46,1572.1700000000003,754.51
IAH4,2022,126.93000000000002,203.93,205.62999999999997,235.85,226.85500000000002,196.85,213.265,155.005,100.545,68.075,85.04000000000002,52.00000000000001,58.989999999999995,24.78,16.17,25.7,53.25000000000001,39.3,1.98,15.510000000000002,327.1,408.09999999999997,342.24999999999994,401.84999999999997,378.91999999999996,303.03000000000003,300.14,229.08999999999997,269.78,201.83999999999995,17.561875,23.488125,24.356666666666666,26.1475,25.904375,23.572666666666667,23.680625,20.147333333333332,14.24625,9.8375,29.83,33.63,33.92,38.46,39.29,34.4,33.71,36.17,26.74,27.59,3.68,13.52,12.33,16.5,14.78,15.9,14.51,9.83,0.29,-6.09,1732.9350000000002,372.72,3162.1000000000004,20.894291666666668,39.29,-6.09,536.49,872.82,323.625,196.03000000000003,119.9,56.78999999999999,1077.45,1383.94,700.7099999999999
IAH4,2023,150.45000000000002,201.78499999999997,208.54,214.07000000000002,234.32,226.63,238.455,184.59,190.46499999999997,70.66000000000001,58.97999999999999,35.49,50.13,65.06,8.569999999999999,72.24,2.79,10.809999999999999,31.17000000000001,38.17,357.46000000000004,418.84000000000003,414.01000000000005,387.54,373.46000000000004,320.13000000000005,376.91999999999996,305.7699999999999,240.59000000000003,204.06,18.16,21.895882352941175,23.001176470588234,23.30941176470588,25.004117647058823,23.785882352941176,25.58058823529412,21.35058823529412,21.11,11.76764705882353,28.2,31.59,33.48,33.33,38.32,33.32,39.55,37.38,34.98,22.89,5.65,8.57,9.25,11.84,13.83,12.28,13.1,10.19,10.84,2.31,1919.965,373.41,3398.78,21.496529411764705,39.55,2.31,560.775,913.475,445.715,144.6,148.66,80.15,1190.3100000000002,1458.0500000000002,750.4199999999998
ILH1,2014,118.92500000000001,172.55000000000004,186.92000000000002,192.02,177.81,165.66000000000003,180.12499999999997,236.42999999999998,102.29500000000002,113.7,77.51,56.94,73.33000000000001,80.63000000000001,66.60000000000001,23.38,31.92000000000001,69.19999999999999,78.84,67.33999999999999,325.85,345.16,351.95000000000005,344.30999999999995,382.37,323.62,238.36999999999995,273.84999999999997,229.75999999999996,237.03,16.746875,21.602,21.815625,22.912,21.444375,21.389333333333333,22.112,24.841875,16.431333333333335,15.8875,29.01,29.18,30.01,29.47,30.15,29.27,32.41,32.89,28.17,27.71,2.15,9.04,10.11,13.1,11.37,11.87,11.18,13.7,5.82,1.82,1646.4350000000004,625.69,3052.2699999999995,20.518291666666666,32.89,1.82,478.39500000000004,715.615,452.425,207.78,202.53000000000003,215.38,1022.96,1288.6699999999998,740.6399999999999
ILH1,2015,139.535,139.195,175.51,192.90000000000003,175.84499999999997,224.46499999999997,202.16,180.31499999999994,174.9,137.63500000000002,72.16000000000001,58.839999999999996,95.6,116.72000000000001,71.25000000000001,23.91,28.37,40.85,46.34,39.260000000000005,316.06,319.03000000000003,329.07,290.94,281.58,364.71,333.3,291.02000000000004,262.37,257.97999999999996,18.07375,18.4675,21.887999999999998,22.20625,22.159333333333333,24.44375,23.684666666666665,21.45375,21.914666666666665,18.095,28.45,28.35,31.08,28.77,30.14,31.35,31.18,32.11,34.11,29.63,1.72,4.35,8.13,13.18,12.71,15.3,15.26,11.05,6.85,6.59,1742.4600000000003,593.3000000000001,3046.06,21.238666666666667,34.11,1.72,454.24,795.37,492.8499999999999,226.6,240.25000000000003,126.45,964.1600000000001,1270.53,811.3700000000001
ILH1,2016,90.855,126.09,187.625,222.72,221.03,245.13999999999993,242.365,201.08999999999995,204.47000000000003,142.26999999999998,96,37.4,46.93,49.22,96.02999999999999,72.69,98.50999999999999,36.69,74.57000000000001,23.240000000000002,245.92,392.54999999999995,385.60999999999996,449.82000000000005,354.27,349.93,330.78999999999996,312.64000000000004,281.73999999999995,218.82000000000002,15.00764705882353,16.474117647058822,22.0625,23.88764705882353,23.196470588235293,25.51625,24.622941176470587,22.488125,22.105882352941176,17.771764705882354,26.14,27.51,31.45,31.91,30.64,30.63,33.33,30.82,31.87,30.47,4.65,1.92,10.92,10.91,11.15,17.78,16.62,12.65,10.68,5.03,1883.6549999999997,631.2800000000001,3322.0899999999997,21.313334558823527,33.33,1.92,404.57,931.2549999999999,547.8299999999999,180.33,316.45,134.5,1024.08,1484.81,813.2
ILH1,2017,89.07499999999999,152.11,206.30499999999998,219.995,250.79500000000002,218.66999999999996,234.24000000000007,165.65,220.09,160.44000000000003,159.19999999999996,65.89999999999999,19.4,43.98999999999999,54.959999999999994,52.07,29.88,15.439999999999998,17.77,85.43,305.29,344.14,471.66,437.72999999999996,391.34,348.2299999999999,396.99,339.15000000000003,274.28,202.24999999999994,13.54888888888889,19.04470588235294,22.524117647058823,22.60611111111111,25.462941176470586,23.26,23.491666666666667,19.44470588235294,23.441176470588236,18.155,26.44,29.39,32.04,31.88,34.04,33.64,35.18,34.07,34.73,28.95,3.04,7.09,11.49,10.46,15.47,13.02,12.72,8.48,11.2,4.09,1917.37,544.04,3511.0600000000004,21.09793137254902,35.18,3.04,447.49,923.7,546.1800000000001,244.49999999999997,180.89999999999998,118.64,1121.0900000000001,1574.2899999999997,815.6800000000001
ILH1,2018,153.155,179.82,195.165,196.39,196.65,172.74500000000003,195.61999999999998,191.275,176.90000000000003,165.88,26.119999999999997,37.400000000000006,91.42999999999999,81.26999999999998,37.85,54.459999999999994,14.97,61.08,72.84,9.219999999999999,274.73,349.34999999999997,303.05,302.87,351.37999999999994,294.12,308.99,235.97000000000003,213.00000000000003,248.97000000000003,20.986428571428572,23.23857142857143,24.246428571428574,24.22642857142857,24.787142857142857,22.425,24.285714285714285,23.65714285714286,23.142142857142858,22.137857142857143,28.75,33.25,32,31.3,31.98,30.46,32.04,32.48,34.14,34.01,9.97,11.73,12.06,16.06,13.24,14.79,15.63,14.89,11.46,8.91,1823.6,486.64,2882.4300000000003,23.313285714285715,34.14,8.91,528.14,761.405,534.0550000000001,154.95,188.54999999999998,143.14000000000001,927.1299999999999,1257.3600000000001,697.94
ILH1,2019,179.23000000000005,150.36,209.775,223.71999999999997,179.57500000000002,213.19000000000003,179.35999999999999,187.20499999999998,189.3,75.11,87.26,73,73.25,19.08,13.280000000000001,47.56,61.21000000000001,11.54,59.26,23.180000000000003,329.89000000000004,306.60999999999996,330.3299999999999,369.79999999999995,365.11,298.24000000000007,259.04,262.22,202.16,198.71,21.249375,20.182666666666666,24.162,25.397333333333332,22.393333333333334,24.292,21.98,22.541333333333334,22.436666666666667,12.368666666666666,29.21,27.29,30.95,31.95,29.65,32.08,29.43,32.48,32.83,25.1,7.66,8.94,13.31,15.82,13.06,15.06,13.51,11.65,10.82,0.28,1786.8249999999998,468.62,2922.1099999999997,21.7003375,32.83,0.28,539.365,795.845,451.615,233.51,141.13,93.98,966.8299999999999,1292.19,663.09
ILH1,2021,82.39,150.63,184.345,192.22000000000006,202.33500000000004,221.66500000000002,191.97500000000002,238.54500000000002,186.105,166.28,76.47999999999999,73.14,20.34,150.4,66.25000000000001,55.63999999999999,51.34,39.779999999999994,44.2,39.470000000000006,309.57,289.53999999999996,389.18,314.09999999999997,314.38,319.65,286.12,333.35999999999996,291.26,266.85,13.211875,19.089375,21.45875,22.989333333333335,22.918125,24.08875,22.89,25.135625,21.321875,20.12125,26.88,29.33,32.89,30.3,30.24,31.08,30.62,33.38,30.88,32.28,0.72,2.51,4.49,9.71,12.18,16.34,12.65,13.94,12.33,8.1,1816.49,617.0400000000001,3114.0099999999998,21.322495833333335,33.38,0.72,417.365,808.195,590.93,169.96,323.63,123.44999999999999,988.29,1234.25,891.4699999999999
ILH1,2022,151.6,155.38,186.04,207.97,193.14499999999998,221.36,182.185,199.595,157.625,115.35,43.5,25.419999999999998,8.94,93.02,21.939999999999998,72.56000000000002,37.74000000000001,56.51,19.67,29.7,307.68,311.15,348.59,324.17999999999995,336.68,294.4,263.62,292.36999999999995,237.23000000000002,262.03999999999996,20.101333333333333,20.568666666666665,24.00642857142857,24.564,24.507857142857144,25.062666666666665,23.149285714285714,23.182,21.085714285714285,16.176666666666666,30.45,29.97,33.26,35.57,33.88,35.55,33.29,32.92,30.12,33.25,7.04,10.07,10.6,13.2,14.89,15.75,13.45,13.63,9.89,3.68,1770.2499999999998,409,2977.9399999999996,22.240461904761904,35.57,3.68,493.02,804.6600000000001,472.57000000000005,77.86,225.26000000000002,105.88000000000001,967.4199999999998,1218.8799999999999,791.6399999999999
ILH1,2023,131.98999999999998,153.9,144.63000000000002,209.42000000000002,218.53500000000003,216.645,195.76000000000005,198.31500000000003,174.17999999999998,170.33500000000004,52.760000000000005,10.059999999999999,19.86,67.05000000000001,59.68,16.95,72.06,21.82,11.91,50.72,341.98999999999995,379.32000000000005,354.4699999999999,316.27,371.90000000000003,355.34000000000003,263.02000000000004,324.88999999999993,252.43,217.76000000000002,17.735,20.266000000000002,20.062666666666665,24.388,24.108125,25.928666666666665,23.242666666666665,24.227333333333334,21.526,20.124375,27.42,31.74,31.47,34.06,33.68,38.2,34.58,35.89,34.26,30.26,1.99,5.74,8.08,14.39,15.54,14.95,14.4,10.19,8.64,9.66,1813.7100000000003,382.87,3177.39,22.160883333333334,38.2,1.99,430.52,840.3600000000001,542.83,82.68,215.74,84.45,1075.7799999999997,1306.5300000000002,795.0799999999999
INH1,2014,197.52499999999998,235.28500000000003,194.93,182.76999999999998,217.98000000000005,240.60999999999993,105.37500000000001,98.86500000000001,54.61,12.1,89.98000000000002,56.67,58.43000000000001,24.37,74.84,78.69,70.96,76.99,32.35,19.45,419.71,412.71000000000004,407.68999999999994,357.95,318.21999999999997,312.02,266.21,230.63000000000002,167.83999999999997,132.79999999999998,21.101111111111113,23.19333333333333,21.185555555555556,21.16764705882353,22.202777777777776,23.285555555555554,15.485882352941177,13.869444444444445,10.610555555555555,1.8138888888888893,29.52,30.84,29.68,29.5,30.96,30.22,27.26,26.54,22.96,17.54,10.6,9.4,11.1,12.11,8.75,11.07,5.69,2.31,0.45,-12.23,1540.0499999999997,582.7300000000001,3025.7800000000007,17.39157516339869,30.96,-12.23,627.74,746.7349999999999,165.57500000000002,205.08000000000004,248.86,128.79,1240.1100000000001,1254.3999999999999,531.27
INH1,2015,134.245,150.74000000000004,186.16999999999996,159.11499999999998,216.32500000000005,175.825,153.86,190.02999999999997,130.79999999999998,88.21000000000001,25.200000000000003,132.28,167.95,103.16,48.71999999999999,18.19,27.809999999999995,24.779999999999998,44.34,2.92,319.30999999999995,300.78000000000003,278.01,269.68999999999994,347.31,339.65999999999997,292.98999999999995,279.55999999999995,248.67000000000002,214.72000000000003,18.13,20.236,21.883125,21.04,23.88125,22.032666666666668,20.384,21.836875,18.504,14.069375,27.4,30.78,28.47,28.87,30.8,28.97,29.29,31.43,28.33,25.74,4.75,6.33,11.51,11.35,15.71,13.68,10.84,7.38,7.93,4.91,1585.3200000000002,595.3499999999999,2890.7,20.199729166666668,31.43,4.75,471.155,705.1250000000001,409.03999999999996,325.43,197.88,72.04,898.0999999999999,1249.6499999999999,742.95
INH1,2016,155.20500000000004,156.26999999999998,175.79000000000002,170.56,206.855,203.65,188.87500000000003,181.435,154.25,114.32500000000002,16.47,51,57.01999999999999,58.36,65.87,8.25,138.48,49.2,55.879999999999995,27.840000000000003,347.40999999999997,321.04999999999995,364.92,288.17,309.65999999999997,315.51000000000005,230.43999999999997,268.21999999999997,229.54999999999998,173.35000000000002,20.00733333333333,21.569285714285712,23.11357142857143,22.42857142857143,25.160714285714285,25.416428571428572,23.492142857142856,22.945714285714285,20.955714285714286,17.822142857142858,28.88,31.79,31.57,30.36,30.4,34.33,32.56,31.76,29.47,29.36,6.14,11.4,11.13,10.14,15.22,15.6,14.25,11.87,11.32,9.32,1707.2150000000001,528.3699999999999,2848.2799999999997,22.291161904761903,34.33,6.14,487.26500000000004,769.9399999999999,450.01,124.48999999999998,270.96000000000004,132.92000000000002,1033.3799999999999,1143.78,671.12
INH1,2017,132.44500000000002,186.80500000000004,163.41,208.91,209.95,158.015,160.59000000000003,129.89000000000001,183.22,126.11500000000001,67.18999999999998,48.92999999999999,96.01999999999998,77.97,70.27999999999999,26.540000000000003,40.87999999999999,11.759999999999996,35.09,59.04,319.25999999999993,424.92,344.78999999999996,358.52,362.73,309.84,332.21,261.79999999999995,262.12,174.13000000000002,18.365,22.0625,21.14666666666667,23.32,23.385625,20.872,19.996875,18.127333333333333,21.284375,16.697499999999998,29.14,31.15,28.82,29.51,30.84,29.66,30.86,31.37,32.98,28.1,7.39,10.16,9.46,14.09,12.45,11.83,9.26,7.36,6.82,5.1,1659.3500000000001,533.6999999999999,3150.3199999999997,20.5257875,32.98,5.1,482.6600000000001,737.465,439.225,212.13999999999996,215.67,105.89,1088.9699999999998,1363.3,698.05
INH1,2018,131.60500000000002,174.095,156.23999999999998,192.595,177.73000000000002,180.80999999999997,170.23000000000002,186.975,182.36,152.79999999999998,33.10999999999999,33.769999999999996,57.06999999999999,86.71,25.42,28.849999999999998,54.74999999999999,70.75,30.15,66.43,286.28,333.29999999999995,279.96000000000004,295.38,341.0899999999999,304.81,253.05999999999995,262.64,241.69000000000003,219.51000000000002,19.355,22.911428571428573,22.247692307692308,23.975714285714286,24.266923076923078,23.080000000000002,23.23923076923077,23.295,24.40230769230769,20.95357142857143,27.63,33.54,31.18,31.89,30.9,30.57,32.22,31.21,33.51,32.47,7.82,10.83,9.82,16.03,12.4,13.75,14.81,14.32,13.92,11.81,1705.4399999999998,487.01,2817.7200000000003,22.772686813186812,33.54,7.82,461.94000000000005,721.365,522.135,123.94999999999999,195.73,167.33,899.54,1194.34,723.84
INH1,2019,120.52000000000002,161.07499999999996,185.00500000000002,177.28000000000003,169.56,161.88000000000002,138.815,152.57,153.04,113.41500000000002,49.28,60.47,27.49,40.720000000000006,14.229999999999999,39.81,40.04,17.08,53.900000000000006,23.28,250.14000000000001,287.20000000000005,327.11999999999995,295.22999999999996,313.76,215.82999999999998,240.60000000000002,210.99,206.85,177.94,19.37076923076923,22.696153846153845,24.725384615384616,23.928461538461537,23.12,23.506666666666668,20.74076923076923,21.903846153846153,21.425384615384615,18.035384615384615,27.41,30.41,31.68,31.12,29.77,30.53,28.61,31.78,31.79,31.73,8.2,11.94,13.9,12.86,13.99,14.3,12.57,10.49,11.93,2.95,1533.1599999999999,366.29999999999995,2525.66,21.94528205128205,31.79,2.95,466.6,647.5350000000001,419.02500000000003,137.24,134.8,94.26,864.46,1065.42,595.78
INH1,2020,123.755,150.67499999999998,152.57999999999998,199.495,211.93500000000003,171.32,180.36,192.995,158.90999999999997,108.81000000000002,81.85000000000001,30.409999999999997,22.46,51.629999999999995,75.83000000000001,48.839999999999996,28.849999999999998,15.020000000000001,29.89,7.640000000000001,262.46000000000004,325.59,356.84,340.88,325.7100000000001,298.11,327.56000000000006,278.28,219.88999999999996,226.96999999999997,17.936666666666667,20.927142857142858,21.275714285714287,24.785714285714285,24.508,22.529285714285713,22.95714285714286,24.271428571428572,20.909285714285716,15.962666666666667,29.14,29.56,31.05,32.3,31.04,32.45,31.52,35.01,31.15,28.86,1.19,8.31,8.12,13.94,14.62,12.63,12.9,13.34,9.73,5.42,1650.8349999999996,392.41999999999996,2962.29,21.606304761904763,35.01,1.19,427.00999999999993,763.11,460.715,134.72,205.15,52.550000000000004,944.8899999999999,1292.2600000000002,725.1399999999999
INH1,2021,119.61000000000001,171.52000000000004,166.54499999999996,143.90500000000003,179.79500000000002,167.15999999999997,173.93,193.92499999999998,156.40500000000003,129.125,37.18000000000001,31.92,120.05,49.49,42.64999999999999,8.65,26.49,36.43,28.55,52.91,271.14,325.47,242.82000000000005,236.7,270.06,298.87999999999994,222.01999999999998,259.68,233.53,196.83999999999995,18.897692307692306,23.388461538461538,23.141538461538463,22.153333333333332,23.92153846153846,22.956153846153846,24.71666666666667,25.583076923076923,21.802307692307693,19.656153846153845,30.36,33.13,30.46,30.35,31.17,31.87,32.53,34.55,31.67,33.39,4.63,11.92,9.38,11.72,16.59,13.24,13.97,13.46,11.89,7.69,1601.9199999999998,434.32000000000005,2557.1400000000003,22.621692307692307,34.55,4.63,457.675,664.79,479.45500000000004,189.15,127.27999999999999,117.89,839.4300000000001,1027.6599999999999,690.05
INH1,2022,137.00000000000003,145.01500000000001,179.69500000000002,199.065,196.15,219.41500000000002,181.95,201.82000000000002,155.62000000000003,103.28999999999999,53.769999999999996,32.980000000000004,17.710000000000004,31.750000000000004,40.09,47.400000000000006,31.97,53.71999999999999,34.980000000000004,3.6799999999999993,312.30000000000007,334.3399999999999,368.23999999999995,342.96000000000004,309.22,298.32000000000005,277.1700000000001,278.95,221.19000000000003,254.10000000000002,19.136,19.733999999999998,23.613571428571426,23.932666666666666,25.09642857142857,25.198666666666668,22.946428571428573,23.477333333333334,20.998571428571427,15.372666666666667,29.63,30.01,32.46,32.79,34.37,34.72,32.88,34.25,31.21,35.19,6.82,9.36,11.03,11.47,13.59,15.49,13.9,13.13,10.26,3.13,1719.0200000000002,348.05,2996.79,21.950633333333332,35.19,3.13,461.71000000000004,796.5800000000002,460.73,104.46000000000001,151.21,92.37999999999998,1014.8799999999999,1227.67,754.24
INH1,2023,135.14999999999998,170.49499999999998,153.465,228.74,229.98,213.16,217.745,182.16499999999996,162.49,105.41499999999999,39.77,4.18,17.810000000000002,76.15999999999998,41.10000000000001,112.46999999999998,20.01,15.529999999999998,20.979999999999997,52.239999999999995,370.02000000000004,445.8399999999999,360.98,352.16999999999996,380,318.94,329.22,293.32,246.51,211.20000000000002,17.252352941176472,20.087647058823528,19.676875,23.888823529411766,24.128235294117648,23.891875,23.31705882352941,21.395625,18.938235294117646,14.43235294117647,26.67,31.58,31.59,34.36,34.28,36.68,34.23,33.75,30.57,31.51,4.99,5.15,8.4,12.09,14.03,14.48,12.78,9.73,8.38,1.92,1798.805,400.24999999999994,3308.2,20.700908088235295,36.68,1.92,459.11,889.625,450.06999999999994,61.760000000000005,249.73999999999995,88.74999999999999,1176.84,1380.33,751.03
KSH1,2015,132.625,91.02499999999999,162.98499999999996,206.95000000000002,217.41500000000002,229.74499999999995,236.96,213.88,212.555,211.26,59.82,118.22999999999999,72.36,57.56999999999999,30.460000000000004,44.169999999999995,69.94,22.64,25.780000000000005,23.779999999999994,312.41,269.98,350.68,363.4,376.18999999999994,367.14,362.92999999999995,335.44,333.11,306.23,17.636875,15.166,21.154666666666667,24.816666666666666,26.090666666666667,27.064,27.600666666666665,25.296666666666667,25.337333333333333,23.91125,31.84,27.22,32.93,36.59,36.59,38.58,39.65,35.95,35.67,38.72,5.96,3.73,10.16,15.98,15.76,14.74,18.14,13.88,14.11,11.05,1915.4,524.75,3377.51,23.40747916666667,39.65,3.73,386.63499999999993,891.0699999999999,637.6949999999999,250.40999999999997,202.14,72.19999999999999,933.0700000000002,1469.6599999999999,974.78
KSH1,2016,95.48999999999998,116.195,166.985,250.26500000000004,243.755,279.495,244.97500000000002,236.90999999999997,212.97500000000002,196.04999999999995,121.47,38,114.41,35.42,98.75,38.97,89.85999999999999,55.94999999999999,81.72999999999999,47.35,303.66,396.13,336.34,477.43,365.58000000000004,447.09,335.18,390.75999999999993,297.01,285.27000000000004,14.199411764705882,16.021764705882354,20.38,26.06235294117647,26.203125,28.26705882352941,26.273125,24.81058823529412,23.475,21.793529411764705,26.94,29.51,29.53,36.97,37.41,39.97,36.86,35.26,33.2,33.55,2.95,5.05,8.83,12.52,16.89,19.38,18.12,13,11.77,7.08,2043.0949999999996,721.91,3634.4499999999994,22.748595588235293,39.97,2.95,378.66999999999996,1018.4900000000001,645.935,273.88,263,185.02999999999997,1036.1299999999999,1625.28,973.04
KSH1,2018,201.92499999999995,214.23500000000004,241.04999999999998,227.52500000000003,260.90500000000003,217.51999999999998,209.64000000000004,221.17999999999998,193.21999999999997,119.845,30.93,46.650000000000006,39.86,62.53000000000001,52.22,70.03999999999999,87.39,99.94999999999999,22.799999999999997,49.15,384.28000000000003,400.52,388.40999999999997,383.88999999999993,415.4800000000001,357.04,304.68000000000006,277.34999999999997,282.46000000000004,218.69000000000005,23.089375,25.79,28.345333333333333,26.896666666666665,28.5275,25.868666666666666,24.468666666666667,25.706666666666667,23.246666666666666,17.19625,32.68,36.36,39.04,38.23,37.78,36.45,34.75,38.23,34.03,33.77,12.1,14.98,16.65,15.98,19.44,14.88,15.25,15.46,12.11,6.92,2107.045,561.52,3412.8,24.913579166666665,39.04,6.92,657.2099999999999,915.5900000000001,534.245,117.44000000000001,272.18,171.89999999999998,1173.21,1461.0900000000001,778.5
MIH1,2016,166.46500000000003,197.54000000000002,208.52500000000003,245.75499999999997,243.555,174.03,172.46,93.93500000000002,65.07499999999999,39.92500000000001,22.13,17.71,46.510000000000005,57.76,173.49,32.38,50.05,65.99999999999999,61.96000000000001,25.070000000000004,412.69000000000005,434.75999999999993,390.97999999999996,392.99,352.90000000000003,328.15999999999997,275.29999999999995,205.68999999999997,156.86999999999995,166.16,19.26388888888889,21.390555555555554,22.71764705882353,24.343333333333334,24.227777777777778,20.421764705882353,19.522222222222222,14.580588235294117,10.975555555555555,8.187777777777777,27.92,31.78,33.64,35.16,34.19,30.69,31.14,25.63,25.17,22.52,6.56,9.1,10.18,14.16,14.64,9.63,9.97,2.51,-0.31,-3.49,1607.265,553.0600000000001,3116.4999999999995,18.563111111111112,35.16,-3.49,572.5300000000001,835.8,198.935,86.35000000000001,313.68,153.03,1238.43,1349.3500000000001,528.7199999999999
MIH1,2017,100.95,156.26999999999998,142.30999999999997,179.53999999999996,169.51500000000001,172.835,136.26500000000001,123.19,154.875,94.675,18.659999999999997,33.63,36.64,51.629999999999995,21.23,27.83,13.79,14.91,22.1,141.92999999999998,343.65,359.55000000000007,353.27000000000004,322.24999999999994,325.74000000000007,296.33000000000004,261.29999999999995,239.05000000000004,234.99,176.00000000000003,16.105625,20.592,19.748,22.42866666666667,21.518,21.494,18.599333333333334,17.280666666666665,20.296666666666667,14.388125,25.78,29.91,28.88,31.1,30.36,30.45,31.03,31.24,34.98,27.69,6.95,8.33,8.28,12.36,11.53,10.83,7.24,5.23,5.3,3.5,1430.425,382.34999999999997,2912.13,19.245108333333334,34.98,3.5,399.53,658.155,372.74,88.93,114.47999999999999,178.94,1056.47,1205.62,650.0400000000001
MIH1,2018,163.025,193.14000000000001,212.495,192.78,226.49999999999997,196.05499999999998,162.07,95.98000000000002,10.880000000000004,0.009999999999999787,61.28,33.050000000000004,16.13,37.34999999999999,63.970000000000006,87.1,34.419999999999995,98.6,28.259999999999998,37.53999999999999,397.15,343.21000000000004,473.66,325.65999999999997,329.75,257.15,261.53000000000003,170.25000000000003,146.53,85.64999999999999,19.445,21.619411764705884,22.48611111111111,21.618235294117646,22.513333333333332,21.57235294117647,19.151764705882353,13.6,5.529411764705882,1.2727777777777782,31.54,31.44,30.71,31.94,30.54,31.92,30.21,28.03,14.13,10.02,7.48,9.22,9.56,12.6,12.39,10.83,8.6,0.84,-2.95,-6.8,1452.9350000000002,497.69999999999993,2790.5400000000004,16.880839869281047,31.94,-6.8,568.6600000000001,777.405,106.87000000000003,110.46000000000001,222.83999999999997,164.39999999999998,1214.02,1174.09,402.43
MIH1,2019,119.225,162.58,223.85500000000002,200.13,221.11000000000004,151.47000000000003,177.7,95.16,29.555000000000003,0.5399999999999991,93.42999999999999,71.42999999999999,34.67,36.28000000000001,31.220000000000002,33.23,61.219999999999985,117.19000000000001,74.42,41.910000000000004,366.65999999999997,362.73,424.96999999999997,391.51,359.2800000000001,282.76,242.75,198.71,138.07000000000002,115.89999999999998,16.782777777777778,19.84,22.90277777777778,21.87764705882353,22.225555555555555,18.65529411764706,20.121176470588235,14.085,8.078235294117647,-0.8922222222222221,25.21,29.02,30.11,31.38,30.38,28.52,29.81,27.93,18.96,11.08,3.65,7.05,10.42,11.48,12.74,9.79,10.76,1.51,0.42,-11.48,1381.325,594.9999999999999,2883.34,16.367624183006537,31.38,-11.48,505.66,750.4100000000001,125.255,199.52999999999997,161.95,233.52,1154.36,1276.3000000000002,452.68
MIH1,2020,148.06499999999997,140.55,204.44500000000002,193.895,175.24,183.85500000000002,155.77499999999998,101.9,72.05000000000001,31.265,21.500000000000004,54.4,101.87,28.01,45.21,8.09,92.66,6.929999999999999,36.480000000000004,55.68,389.12,413.4799999999999,383.30999999999995,362.74,335.29999999999995,333.98,251.95999999999998,259.5,175.61999999999998,121.43,19.349375000000002,18.9225,24.175333333333334,22.49,21.218125,22.445333333333334,19.46625,15.649333333333333,12.5175,7.845,29.42,28.98,31.05,30.61,29.4,32.37,32.06,27.04,26.53,23.46,2.69,5.31,14.14,14.13,10.36,10.2,10.03,2.09,3.45,-1.18,1407.0400000000004,450.83000000000004,3026.4399999999996,18.407875,32.37,-1.18,493.06000000000006,708.765,205.21500000000003,177.77,173.97,99.09,1185.9099999999999,1283.98,556.55
MIH1,2021,134.46,184.45999999999998,178.16000000000003,176.205,185.99499999999998,199.27999999999997,213.29000000000002,162.355,111.9,107.06500000000001,31.15,20.889999999999997,180.02,58.290000000000006,46.21,74.39999999999999,26.089999999999996,24.59,105.93,52.86000000000001,354.17999999999995,384.25000000000006,309.35,303.11,379.32,325.24999999999994,331.36,269.32,189.69,158.90000000000003,17.084705882352942,21.775624999999998,21.423125,21.225625,21.12235294117647,22.554375,23.446875,19.795625,16.088125,15.085882352941177,30.04,33.18,30.8,29.84,29.17,31.22,31.86,30.85,26.28,25.26,1.83,1.82,5.85,12.03,10.66,11.58,10.26,10.16,4.57,2.23,1653.17,620.43,3004.7300000000005,19.960231617647057,33.18,1.82,497.08,774.77,381.32,232.06,204.98999999999998,183.38000000000002,1047.7800000000002,1339.04,617.9100000000001
MIH1,2022,134.52499999999998,159.42999999999998,185.76500000000004,200.4,214.21499999999997,180.42,171.375,122.645,68.235,64.44999999999999,37.69,51.21,46.690000000000005,49.51,53.38000000000001,56.760000000000005,31.119999999999997,26.639999999999997,29.419999999999998,25.169999999999998,349.4699999999999,413.15,404.49999999999994,358.75,354.39000000000004,329.03,254.43999999999997,234.69000000000005,219.29,163.87,17.641176470588235,19.93294117647059,21.546470588235294,22.738125,22.879411764705882,20.56235294117647,20.471249999999998,15.825882352941177,10.478823529411764,10.05764705882353,29.49,31.8,31.09,32.53,33.17,30.79,30.82,30.42,24.4,24.05,3.75,8.35,10.53,10.17,12.64,10.73,8.86,3.18,-0.83,-0.92,1501.46,407.59000000000003,3081.58,18.213408088235294,33.17,-0.92,479.71999999999997,766.41,255.32999999999998,135.59,190.77000000000004,81.22999999999999,1167.12,1296.6100000000001,617.85
MIH1,2023,147.54000000000002,168.035,215.47499999999997,215.87500000000003,187.465,186.12000000000003,134.665,114.17,53.43,20.009999999999998,0.69,23.36,91,68.69000000000001,78.83,27.1,16.660000000000004,67.44999999999999,62.290000000000006,17.560000000000002,475.7500000000001,352.69,352.13999999999993,390.47,330.64,317.14,256.62,173.68999999999997,119.60000000000001,151.25,17.750555555555554,19.313333333333333,22.973529411764705,22.19222222222222,20.415,21.11764705882353,16.90277777777778,15.088235294117647,10.254444444444445,5.16,30.29,31.13,33.11,31.23,30.69,32.84,28.17,30.53,23.99,16.3,2.29,8.63,13.04,12.67,11.33,7.44,7.34,2.3,0,-5.09,1442.785,453.63000000000005,2919.99,17.11677450980392,33.11,-5.09,531.05,724.125,187.60999999999999,115.05,191.28,147.3,1180.58,1294.87,444.53999999999996
MNH1,2014,122.41,123.865,172.505,141.63500000000002,164.58500000000004,176.70499999999998,202.53999999999996,103.54499999999999,111.28,45.684999999999995,39.730000000000004,83.58999999999999,138.46000000000004,20.800000000000004,11.669999999999998,9.959999999999999,102.06,25.38,18.39,31.800000000000004,341.73,302.71,298.11999999999995,358.72999999999996,320.99999999999994,310.89,261.06,230.54,228.95,184.81000000000003,17.175,18.506,21.79,19.204375,21.31,21.782666666666668,22.63375,15.849333333333334,16.66,9.21625,28.92,28.06,28.53,29.68,30.27,30.08,31.74,30.82,27.41,22.17,-0.37,6.8,13.81,9.33,12.14,12.69,12.93,1.05,3.5,-0.31,1364.7549999999999,481.84000000000003,2838.5399999999995,18.4127375,31.74,-0.37,418.78,685.4649999999999,260.51,261.78000000000003,144.49,75.57,942.56,1251.6799999999998,644.3000000000001
MNH1,2015,118.41000000000003,189.665,170.92999999999998,241.345,213.16,165.53499999999997,178.07,114.78500000000003,73.725,43.115,53.48,106.87,54.46,99.75,17.93,102.93,68.88999999999999,17.59,10.41,27.46,355.19000000000005,400.80000000000007,378.74999999999994,417.09999999999997,387.46000000000004,284.16,262.45000000000005,255.03000000000003,202.04,134.85,15.909444444444444,20.92,20.455882352941178,23.93611111111111,22.82470588235294,19.085,20.22705882352941,14.83,11.94,8.39611111111111,28.53,33.41,30.21,33.15,34.25,33.25,31.58,26.44,27.49,21.55,0.41,10.68,9.26,12.98,13.15,8.25,5.94,2.68,-1.4,-1.56,1508.74,559.77,3077.83,17.85243137254902,34.25,-1.56,479.005,798.1099999999999,231.62500000000003,214.81,289.5,55.46,1134.74,1351.17,591.9200000000001
MNH1,2016,131.37000000000003,170.10000000000002,158.62500000000006,187.75500000000005,216.265,187.26000000000005,142.96999999999997,127.21000000000001,113.08999999999999,49.36,54.89,93.26000000000002,29.72,128.86,41.39999999999999,95.09,71.74999999999999,111.47,110.4,41.940000000000005,346.0199999999999,365.21,393.2,384.26,343.01,307.9,286.41,215.62,205.34000000000003,186.75,17.948125,20.906875,21.083333333333332,22.03625,23.749375,22.786,19.14375,18.201999999999998,16.27375,10.205,27.94,31.72,30.37,30.42,31.46,30.37,27.48,28.16,26.2,22.92,4.84,8.34,10.44,12.85,15.39,13.79,10.42,6.94,5.22,-1.96,1484.005,778.7800000000001,3033.72,19.233445833333334,31.72,-1.96,460.0950000000001,734.25,289.66,177.87000000000003,337.1,263.81,1104.4299999999998,1321.5800000000002,607.71
MNH1,2017,100.46000000000001,171.185,144.60999999999996,202.46,204.02500000000003,161.72,137.61,175.57500000000005,85.86499999999998,50.61,92.37000000000002,38.99,62,25.01,88.93,64.58,34.03999999999999,32.18,135.96,22.980000000000004,326.26,414.38000000000005,377.2900000000001,422.99000000000007,352.9599999999999,296.03999999999996,296.36999999999995,272.71000000000004,174.34999999999997,168.86,14.433333333333334,20.09294117647059,18.62470588235294,22.454117647058823,22.33705882352941,19.51529411764706,17.935294117647057,20.235294117647058,13.828235294117647,9.408823529411764,27.55,30.74,29.04,33.61,30.56,28.87,29.15,31.98,31.12,22.2,4.3,6.54,7.36,11.96,10.79,9.49,6.63,6.93,0.06,-1.66,1434.1200000000001,597.04,3102.21,17.88650980392157,33.61,-1.66,416.25499999999994,705.815,312.05000000000007,193.36,212.56,191.12,1117.9300000000003,1368.36,615.9200000000001
MNH1,2018,216.46,193.585,233.89499999999992,176.49000000000004,229.83500000000004,180.02499999999998,156.875,47.095,15.989999999999998,4.5600000000000005,99.86999999999999,119.12000000000002,61.980000000000004,40.169999999999995,36.10999999999999,139.21,107.9,74.73,10.75,23.420000000000005,375.56,292.7,416.97,384.88000000000005,344.75,218.79,266.14,147.83,185.90999999999997,116.66,22.46388888888889,21.544117647058822,23.636666666666667,20.618823529411767,22.741666666666667,20.528823529411763,18.663529411764706,9.9655555555555555,4.465882352941176,-0.1966666666666662,34.85,31.2,32.21,27.8,31.28,29.2,30.86,26.18,18.44,12.66,10.39,11.07,14.43,10.2,11.88,9.64,4.54,-0.37,-4.45,-13.88,1454.81,713.26,2750.1899999999996,16.443228758169933,34.85,-13.88,643.9399999999999,743.225,67.645,280.97,323.39,108.9,1085.23,1214.56,450.4
MNH1,2019,149.47,200.41499999999996,219.06,188.75,164.665,133.71,141.32,43.195,15.409999999999997,0,74.7,112.16,76.62,32.75,55.67,109.69999999999999,47.69000000000001,95.75999999999998,33.160000000000004,17.12,391.71999999999997,303.89,357.46,397.30000000000007,302.18,258.37,229.69999999999996,140.73999999999998,160.16000000000003,106.97999999999998,18.879411764705882,21.985294117647058,23.216470588235293,21.281764705882352,19.64235294117647,17.93176470588235,18.053529411764707,8.904117647058824,3.478235294117647,-2.6564705882352944,29.14,29.49,31.58,28.58,28.01,26.73,28.24,28.96,18.64,6.95,5.79,13.17,12.45,11.18,10.92,9.04,6.77,-3.28,-5.48,-16.25,1255.995,655.3299999999999,2648.4999999999995,15.07164705882353,31.58,-16.25,568.9449999999999,628.4449999999999,58.605,263.48,245.81,146.04,1053.07,1187.55,407.87999999999994
MNH1,2020,121.34,184.89,222.39000000000001,203.93,206.39,209.45999999999998,106.05999999999999,119.06,64.35,20.160000000000004,118.76,58.08,73.64999999999999,34.88000000000001,69.81,59.570000000000014,71.82000000000001,12.229999999999999,16.820000000000004,23.5,338.7799999999999,432.1600000000001,406.5400000000001,389.7000000000001,371.6499999999999,352.3,269.67,231.91000000000003,205.87000000000003,139.38,16.418888888888887,20.93294117647059,22.622222222222224,22.536470588235293,21.697222222222223,22.67705882352941,15.508823529411766,15.331111111111111,10.321764705882353,1.232222222222222,29.66,31.36,30.45,31.94,30.94,33.35,27.5,28.75,26.66,22.1,5.11,10.96,11.84,12.61,11.5,11.69,4.32,2.86,-1.28,-9.62,1458.0299999999997,539.12,3137.96,16.927872549019607,33.35,-9.62,528.62,725.8399999999999,203.57,250.49,236.08000000000004,52.550000000000004,1177.48,1383.3200000000002,577.1600000000001
MNH1,2021,134.39000000000001,225.73999999999998,201.05999999999997,204.32000000000005,234.46499999999995,220.58499999999998,191.99500000000003,133.475,145.40500000000003,54.794999999999995,85.74000000000001,3.5900000000000003,51.29,58.779999999999994,13.340000000000003,36.370000000000005,144.51000000000002,19.520000000000003,12.459999999999999,36.83,330.59,483.71999999999997,378.4800000000001,374.40999999999997,341.37000000000006,332.26000000000005,287.89,265.79999999999995,209.51,167.18999999999997,17.191176470588236,24.831176470588236,23.296875,22.888823529411766,24.967058823529413,24.30625,21.22,17.99375,17.764117647058825,9.951764705882352,29.37,35.8,36.11,36.39,37.02,33.73,33.42,30.56,28.95,23.91,2.83,8.64,9.92,12.38,13.57,13.09,12.08,6.76,5.27,-1.92,1746.23,462.42999999999995,3171.22,20.441099264705883,37.02,-1.92,561.1899999999999,851.3649999999999,333.675,140.62,253.00000000000003,68.81,1192.79,1335.9299999999998,642.4999999999999
MNH1,2022,123.50999999999999,215.655,231.10999999999996,232.40500000000003,212.44000000000003,196.33499999999998,175.3,113.34,49.065,54.885000000000005,47.91,37.830000000000005,54.64,37.31,66.65,62.309999999999995,15.479999999999999,7.4399999999999995,3.4399999999999995,21.229999999999997,354.49,407.09000000000003,380.92999999999995,399.63000000000005,332.99000000000007,292.7,275.88,244.54000000000002,194.51999999999998,138.59,16.99705882352941,23.295294117647057,24.206470588235295,24.588823529411766,23.062941176470588,22.21875,19.97235294117647,15.508823529411764,7.604705882352942,9.114117647058823,29.66,34.59,33.57,35.66,37.86,31.88,33.3,35.17,26.05,26.17,6.29,13.36,11.69,13.58,13.24,12.91,8.59,1.42,-6.41,-4.99,1604.0449999999998,354.24,3021.36,18.65693382352941,37.86,-6.41,570.2749999999999,816.48,217.29000000000002,140.38,181.75,32.11,1142.51,1301.2000000000003,577.65
MNH1,2023,197.42,201.455,206.99499999999998,238.425,227.63000000000005,239.53000000000003,168.20499999999998,145.105,59.295,17.33,19.029999999999998,36.82,32.81999999999999,24.180000000000003,63.91,3.43,14.26,60.96,100.03,1.6900000000000002,432.3,417.94000000000005,392.55000000000007,405.54,352.18,344.46,269.47999999999996,188.59,158.2,127.76000000000002,20.91611111111111,21.560555555555556,22.86235294117647,24.226111111111113,23.24222222222222,25.765882352941176,19.08277777777778,17.432352941176468,10.400555555555556,3.5594444444444444,30.19,32.44,34.56,37.25,35.49,40.08,34.66,33.16,20.76,16.59,8.2,8.86,10.99,11.58,11.42,12.8,7.75,2.21,-3.63,-5.94,1701.39,357.13,3089,18.90483660130719,40.08,-5.94,605.87,873.79,221.72999999999996,88.66999999999999,105.78000000000002,162.68,1242.79,1371.66,474.54999999999995
MOH1,2014,139.52999999999997,209.44,225.725,236.9,222.51500000000004,223.51500000000004,269.69000000000005,161.315,161.3,77.55000000000001,56.839999999999996,83.94,51.160000000000004,63.09,10.5,63.99,64.96000000000001,90.58,122.72000000000001,86.02999999999999,373.94000000000005,304.96,393.18,405.69999999999993,394.5199999999999,316.86000000000007,345.15,246.89999999999998,287.37,208.92000000000002,17.701176470588237,22.394117647058824,23.550588235294118,24.458823529411763,24.07176470588235,24.22375,27.62,19.211176470588235,18.67705882352941,12.847058823529412,29.69,29.65,32,34.94,35.44,35.04,38.34,33.21,30.55,22.92,1.61,13.42,11.32,11.99,11.71,14.83,19.06,5.12,1.75,2.97,1927.48,693.81,3277.5000000000005,21.475551470588236,38.34,1.61,574.6949999999999,952.6200000000001,400.165,191.94,202.54000000000002,299.33,1072.0800000000002,1462.23,743.19
MOH1,2015,146.20999999999998,129.67,211.29500000000002,212.95,223.36,239.60500000000002,204.04500000000002,204.35999999999999,185.33000000000004,149.76500000000004,96.53000000000002,89.99999999999999,93.68999999999998,118.73000000000002,114.38,56.75,22.490000000000002,7.89,37.85,0.36000000000000004,303.90000000000003,254.06,298.34,332.56,289.94000000000005,354.39,315,324.44,266.72,253.73000000000008,18.899375,17.96625,24.174666666666667,23.811875,25.172666666666668,25.750625,23.937333333333335,23.53125,22.598,18.5275,27.47,26.42,31.39,31.07,33.04,34.44,31.5,35.31,35.58,31.8,6,3.27,17.08,14.43,13.53,17.05,11.9,10.13,9.34,5.25,1906.5900000000004,638.67,2993.0800000000004,22.436954166666666,35.58,3.27,487.175,879.96,539.4550000000002,280.21999999999997,312.35,46.1,856.3,1291.8899999999999,844.8900000000001
MOH1,2016,159.99499999999998,203.435,205.57,199.515,224.67999999999998,211.60999999999999,174.675,192.92000000000002,172.645,121.72999999999998,62.89,1.8900000000000003,153.65,78.56,19.01,103.77999999999999,46.260000000000005,77.79999999999998,41.13999999999999,48.99,301.65,402.7899999999999,303.38000000000005,283.42,335.32000000000005,275.55,244.60000000000002,256.39,261.53000000000003,210.58999999999997,21.542142857142856,26.275,26.14785714285714,25.447692307692307,26.914285714285715,25.249285714285715,23.751538461538463,24.00785714285714,22.097142857142856,18.19,28.22,36.34,36.62,31.31,34.69,32.52,31.75,33.5,30.7,30.71,12.58,13.38,17.19,17.77,17.6,17.77,13.25,13.16,13.58,8.53,1866.7749999999999,633.9699999999999,2875.2200000000003,23.96228021978022,36.62,8.53,569,810.48,487.295,218.43,247.61,167.92999999999998,1007.8199999999999,1138.8899999999999,728.51
MOH1,2017,142.72999999999996,208.24500000000003,211.115,227.22499999999997,245.535,206.15,182.18499999999997,175.825,207.195,134.32500000000002,77.66,17.509999999999998,136.35999999999999,39.080000000000005,57.67,63.16,66.49,15.129999999999999,9.67,88.19000000000001,355.39,428.65999999999997,394.72,382.56999999999994,390.2200000000001,312.94,323.7699999999999,316.58000000000004,263.24,200.33,19.088125,23.60625,23.670625,26.328666666666667,27.23,23.149375,22.36466666666667,21.21625,23.234375,17.26625,28.52,33.71,33.69,35.98,39.3,33.7,33.68,33.77,34.46,29.96,7.55,12.59,13.19,17.55,14.88,13.53,12.47,8.4,10.84,3.86,1940.5300000000002,570.92,3368.42,22.715458333333334,39.3,3.86,562.09,861.0949999999999,517.345,231.52999999999997,226.39999999999998,112.99000000000001,1178.77,1409.5,780.1500000000001
MOH1,2018,187.77,188.02999999999997,198.56,206.23500000000004,225.76999999999998,180.06,201.07999999999998,190.875,169.46,176.04500000000004,41.40999999999999,21.51,27.46,43.19000000000001,37.04,26.19,51.47,49.71,91.65000000000002,12.1,306.44,322.01,296.06,335.03000000000003,333.05999999999995,285.76,263.96,214.57999999999998,207.36999999999998,247.47,23.965714285714284,25.91923076923077,27.007692307692306,28.043846153846154,28.81142857142857,25.066923076923075,26.91076923076923,25.386923076923075,23.23,23.077857142857145,34.96,35.96,37.97,36.58,39.25,36.74,37.6,36.97,33.46,33.88,14.82,13.3,16.47,14.79,19.55,16.22,18.87,14.66,11.71,9.9,1923.885,401.73,2811.7399999999993,25.74203846153846,39.25,9.9,574.3599999999999,813.145,536.3800000000001,90.38,157.89000000000001,153.46,924.51,1217.81,669.42
MOH1,2019,170.24,156.775,185.10999999999999,230.385,206.35999999999999,220.42499999999998,210.27999999999997,188.45,201.04499999999996,155.25000000000006,123.27999999999997,27.230000000000004,87.74,37.15,44.92,37.129999999999995,92.86999999999999,89.13,33.91,57.190000000000005,303.3400000000001,370.90000000000003,268.65,365.4,355.46000000000004,321.66999999999996,255.13,264.53,242.29000000000002,219.33000000000004,21.187333333333335,20.733999999999998,23.359285714285715,25.692,25.39857142857143,25.32,25.376428571428573,22.802,24.876428571428573,19.83866666666667,29.02,29.47,30.47,32.14,35.67,35.4,36.69,31.21,34.01,31.81,7.54,9.66,15.26,18.85,15.17,15.62,17.1,13.81,13.54,6.65,1924.3200000000002,630.5500000000001,2966.7,23.45847142857143,36.69,6.65,512.125,867.4499999999999,544.745,238.25,212.07,180.23,942.8900000000001,1297.6599999999999,726.1500000000001
MOH1,2020,197.10500000000005,192.07999999999998,216.02000000000004,215.51,199.19,189.33500000000004,183.62,126.74500000000002,95.94,102.685,97.78,37.70000000000001,37.379999999999995,84.94999999999999,87.99000000000002,1.03,57.750000000000014,30.66,23.139999999999997,17.300000000000004,396.73999999999995,326.01,346.64,300.42999999999995,279.53999999999996,337.49000000000007,221.49000000000004,221.87000000000003,238.34000000000003,183.27,23.352666666666668,23.984285714285715,26.354285714285716,26.24142857142857,23.378,24.404285714285713,23.422857142857143,18.375,15.197857142857142,15.052666666666667,31.78,31,34.62,34.86,31.94,36.03,34.01,27.42,31.66,29.95,11.87,14.45,18.22,18.38,11.89,12.93,12.3,8.31,3.61,1.71,1718.2300000000002,475.68,2851.8199999999997,21.976333333333333,36.03,1.71,605.2050000000002,787.6550000000001,325.37,172.86,231.72000000000003,71.1,1069.3899999999999,1138.95,643.48
MOH1,2023,214.29499999999993,223.20499999999998,260.28499999999997,269.325,241.20499999999998,226.555,197.665,222.31999999999996,106.07999999999998,92.66,12.57,27.35,30.830000000000005,37.06,173.59,8.450000000000001,9.729999999999999,16.64,10.64,54.62,417.9799999999999,419.42999999999995,390.11,351.56,306.65,360.4,326.31000000000006,256.61,247.2,164.17999999999998,23.354705882352942,24.728823529411766,27.731176470588235,28.58529411764706,24.332941176470587,25.280625,21.78470588235294,23.283529411764707,14.318823529411764,11.706470588235295,34.16,37.24,40.22,41.28,34.83,38.01,35.22,35.03,28.53,29.64,10.81,11.74,16.87,18.17,13.96,12.05,11.06,13.48,3.43,-5.27,2053.595,381.47999999999996,3240.43,22.510709558823528,41.28,-5.27,697.7849999999999,934.75,421.05999999999995,70.75,228.82999999999998,81.9,1227.52,1344.92,667.99
MOH2,2014,169.64,230.695,273.88,239.13499999999996,286.92,287.61,206.055,177.365,87.96000000000002,56.21,59.42999999999999,92.49999999999999,53.18000000000001,52.93000000000001,68.19,43.86,112.77000000000001,124.92,86.40999999999998,11.129999999999997,433.8500000000001,335.21999999999997,467.04,457.37,417.50000000000006,401.57,303.41,304.6700000000001,225.05,230.45999999999998,18.0715,22.146315789473686,24.80894736842105,23.102631578947367,25.233,26.48315789473684,20.887894736842107,18.541052631578946,12.957894736842105,7.7085,29.69,29.65,32.87,34.94,35.44,38.34,34.57,30.55,22.92,25.9,1.61,13.42,11.32,11.71,15.86,14.83,5.12,1.75,2.97,-7.08,2015.4700000000003,705.3199999999999,3576.1400000000003,19.99408947368421,38.34,-7.08,674.2149999999999,1019.72,321.535,205.10999999999999,277.75,222.45999999999998,1236.1100000000001,1579.8500000000001,760.1800000000001
MOH2,2015,137.225,127.71,211.29500000000002,199.18499999999997,221.25,226.94000000000003,215.64999999999998,174.035,202.085,156.94000000000003,110.54000000000002,74.33,93.68999999999998,118.73000000000002,98.45,59.52,34.959999999999994,8.46,35.010000000000005,3.32,292.28999999999996,248.16999999999996,298.34,311.11,293.95,346.37,302.34999999999997,300.44000000000005,279.05999999999995,260.26,18.225,18.465333333333334,24.174666666666667,23.77,25.087333333333333,25.895333333333333,24.784,21.987333333333332,24.045333333333332,19.971333333333334,27.47,26.42,31.39,31.07,33.04,34.44,31.5,34.24,35.58,32.86,5.1,3.27,17.08,14.43,13.53,17.05,17.11,10.13,9.34,6.2,1872.3150000000003,637.0100000000001,2932.34,22.640566666666665,35.58,3.27,476.23,863.025,533.0600000000001,278.56,311.65999999999997,46.790000000000006,838.8,1253.78,839.76
MOH2,2022,172.24499999999998,194.085,254.64000000000001,250.135,261.55499999999995,262.51,230.76000000000002,226.05499999999998,144.885,106.62,59.65,86.85000000000001,12.620000000000001,35.459999999999994,56.309999999999995,71.30999999999999,9.450000000000001,24.64,6.51,41.33,321.62999999999994,377.18999999999994,457.24,391.06999999999994,363.70000000000005,369.54,333.7,323.86,298.22,247.56999999999996,20.19470588235294,21.738235294117647,26.735882352941175,28.08625,27.654705882352943,27.11529411764706,25.294375,23.860588235294117,17.430588235294117,13.236470588235294,31.63,30.93,37.26,39.4,41.28,38.59,34.63,37.47,35.19,29.1,6.46,9.82,14.24,18.24,16.05,17.07,16.36,11.58,5.74,-5.81,2103.49,404.12999999999994,3483.72,23.13470955882353,41.28,-5.81,620.97,1004.9599999999999,477.55999999999995,159.12,172.52999999999997,72.47999999999999,1156.06,1458.01,869.65
MOH2,2023,184.95499999999998,201.80999999999997,210.2,243.26999999999995,270.325,237.09499999999997,225.12,189.06499999999994,202.305,128.265,47.38999999999999,23.740000000000002,13.78,18.520000000000003,48.64000000000001,174.31,8.46,5.699999999999999,16.26,15.05,352.22999999999996,387.16999999999996,402.28,367.85,346.18000000000006,290.28999999999996,355.33000000000004,324.45000000000005,253.07000000000002,243.25,20.692941176470587,23.405625,24.826875,27.601875,28.653529411764705,25.144375,25.205625,22.0125,22.81625,16.038823529411765,29.88,34.16,37.24,40.22,41.28,36.86,38.01,35.22,35.03,33.01,7.49,10.81,11.74,16.87,18.17,18.01,13.43,11.3,11.06,3.43,2092.4100000000003,371.84999999999997,3322.1,23.639841911764705,41.28,3.43,596.9649999999999,975.8099999999998,519.635,84.91,249.93000000000004,37.010000000000005,1141.6799999999998,1359.65,820.7700000000001
NCH1,2014,188.08499999999998,172.65,217.605,260.35,242.77,233.735,241.65999999999997,242.975,206.25,156.25,49.800000000000004,71.21000000000001,54.830000000000005,52.349999999999994,101.08,136.12,83.71000000000001,30.36,120.85999999999999,41.709999999999994,363.76000000000005,374.45000000000005,396.26,426.69000000000005,369.68,276.43000000000006,326.43000000000006,328.05,230.60999999999999,245.29999999999995,21.028235294117646,20.899375,23.645,26.098235294117647,25.641875,24.736874999999998,24.26823529411765,25.7125,22.65875,18.97470588235294,30.47,30.93,31.35,34.58,34.67,31.87,30.86,35.11,31.15,27.95,11.26,9.37,11.32,16.9,16.31,18.15,16.39,15.9,15.08,6.1,2162.33,742.0300000000001,3337.6600000000008,23.36637867647059,35.11,6.1,578.34,978.515,605.475,175.84000000000003,373.26,192.92999999999995,1134.47,1399.2300000000002,803.9599999999999
NCH1,2015,128.34,149.39,182.585,229.105,224.73999999999998,229.80499999999998,224.96,216.4,211.79000000000002,209.685,84.97,15.15,67.71000000000001,29.74,54.61000000000001,51.519999999999996,42.54000000000001,49.05,61.160000000000004,64.78,297.03999999999996,352.72,307.13,377.48999999999995,328.56999999999994,313.86,334.27,279.95,249.95999999999998,267.95,18.067333333333334,20.702142857142857,22.924285714285713,28.03214285714286,26.727857142857143,28.236428571428572,27.364285714285714,26.333571428571428,25.443571428571428,24.228666666666665,28.74,29.55,30.38,36.3,34.17,36.73,35.48,35.42,33.14,34.33,5.49,10.91,15.81,20.7,17.36,20.8,18.87,17.93,17.3,11.5,2006.8000000000002,521.2300000000001,3108.9399999999996,24.80602857142857,36.73,5.49,460.31500000000005,908.61,637.875,167.83,178.41000000000003,174.99,956.89,1354.19,797.8599999999999
NCH1,2016,119.33000000000001,140.97500000000002,142.9,202.44500000000005,214.48499999999999,243.76000000000002,246.26500000000001,251.98999999999998,242.07999999999998,229.70999999999998,41.04,80.32999999999998,72.61999999999999,68,54.309999999999995,118.70999999999998,52.92,80.18999999999998,29.42,146.81,346.04999999999995,282.26,289.19,361.16,343.78000000000003,356.33000000000004,377.48,305.14,332.08,294.76,16.65875,19.286,19.513333333333332,23.701333333333334,24.708000000000002,27.156,27.817333333333334,27.599999999999998,27.526666666666667,24.61,27.98,27.69,29.19,32.05,32.67,34.4,36.5,33.89,36.23,33.94,2.55,9.3,6.89,12.45,14.95,20.16,20.57,20.98,18.12,14.63,2033.9400000000003,744.3499999999999,3288.2299999999996,23.857741666666666,36.5,2.55,403.20500000000004,906.955,723.78,193.98999999999995,293.94,256.41999999999996,917.5,1438.75,931.98
NCH1,2017,124.97000000000001,182.265,182.535,216.49999999999997,223.17000000000002,229.26500000000004,208.22499999999997,228.01,193.71999999999997,177.00000000000003,55.49000000000001,53.90999999999999,55.57,82.46000000000001,58.230000000000004,47.47,50.540000000000006,87.97,108.37999999999998,39.6,318.93,309.6000000000001,321.34,301.71999999999997,330.87,328.36,299.34000000000003,275.84000000000003,256.48999999999995,259.76,18.478666666666665,23.059285714285714,23.349285714285713,25.58642857142857,26.458571428571428,27.269285714285715,25.124285714285715,26.747142857142858,23.709285714285713,21.724,28.96,31.47,31.86,32.28,34.03,35.3,32.49,32.78,33.61,31.1,7.05,14.71,12.23,18.45,15.24,20.91,15.31,18.28,16.5,12.01,1965.66,639.62,3002.25,24.150623809523807,35.3,7.05,489.77,877.1599999999999,598.73,164.97,238.7,235.94999999999996,949.8700000000001,1260.29,792.0899999999999
NCH1,2018,190.835,196.91,205.955,230.99,210.79000000000002,220.98999999999995,226.16500000000002,211.40999999999997,225.70000000000002,207.38499999999996,71.25,82.04999999999998,36.9,49.01000000000001,34.230000000000004,192.65,100.84,62.57,30.77,253.43000000000004,292.20000000000005,300.08,319.78,340.20000000000005,333.94,255.03,286.03999999999996,308.88,291.13,196.16999999999996,22.587333333333333,23.99357142857143,25.207142857142856,27.952857142857145,26.32785714285714,25.837142857142858,26.272142857142857,25.24142857142857,26.42214285714286,24.559285714285714,31.5,31.25,35.78,35.35,36.14,33.36,32.21,31.39,32.07,31.2,11.53,16.35,16.24,21.19,15.04,19.69,20.62,15.44,20.65,17.74,2127.13,913.7000000000002,2923.4500000000003,25.440090476190477,36.14,11.53,593.7,888.935,644.495,190.2,376.73,346.77000000000004,912.06,1215.21,796.18
NCH1,2019,191.62500000000003,221.86,215.20999999999998,227.91000000000003,247.04000000000002,232.30500000000006,233.71500000000003,221.325,204.715,215.1,5.800000000000002,106.57000000000001,30.969999999999995,32.51,85.84,62.589999999999996,69.89999999999999,109.86999999999999,18.46,4.749999999999999,393.64000000000004,320.04999999999995,367.90000000000003,334.68,370.05000000000007,351.27000000000004,285.58000000000004,262.28,284.45,246.70999999999998,23.476,25.415333333333333,25.015333333333334,28.327142857142857,28.429333333333332,26.624,27.485,24.902666666666665,23.466,24.668666666666667,35.52,37.1,34.29,37.11,36.96,35.35,35.04,34.11,32.4,36.63,8.99,16.61,13.67,20.68,19.09,18.76,20.51,17.95,12.08,15.73,2210.805,527.26,3216.6099999999997,25.78094761904762,37.11,8.99,628.6949999999999,940.9700000000001,641.14,143.34,250.83999999999997,133.07999999999998,1081.5900000000001,1341.58,793.44
NCH1,2020,104.75500000000001,99.13000000000002,152.93,183.885,172.38000000000002,207.27499999999998,216.83499999999998,217.615,207.66000000000003,217.10500000000002,62.59,30.5,107.15,47.440000000000005,105.95999999999997,44.17,31.369999999999997,114.76999999999998,101.30000000000001,52.03,278.84,300.65000000000003,238.11,279.32000000000005,271.89,302.76000000000005,335.88000000000005,280.34,255.19,249.92,17.47,16.819230769230767,21.77846153846154,24.16846153846154,23.31153846153846,26.46,28.093076923076925,27.45846153846154,26.026153846153846,25.419285714285714,28.41,30.69,28.73,31.24,30.76,33.57,34.57,35.54,31.11,31.41,7.22,3,13.48,14.73,16.23,20.81,21.3,22.79,18.32,20.17,1779.5700000000002,697.28,2792.9,23.700467032967033,35.54,3,356.81500000000005,780.375,642.3800000000001,200.24,228.94,268.1,817.6,1189.8500000000001,785.4499999999999
NCH1,2021,129.455,128.88000000000002,193.34000000000003,229.08,225.675,238.935,241.35999999999999,246.945,234.605,221.13500000000005,18.009999999999998,13.979999999999999,118.3,99.72000000000001,73.53999999999999,71.72,152.82,75.07999999999998,14.849999999999998,53.160000000000004,371.85,377.63,303.94,337.26,379.63000000000005,338.85,309.6,325.03000000000003,347.5300000000001,270.79999999999995,17.486875,17.59,23.492,24.4175,24.548125,26.134666666666668,25.423125,26.791333333333334,25.0025,23.68875,28.37,30.46,34.4,31.92,32.2,32.8,32.95,32.48,32.76,32.4,1.29,4.7,9.32,16.79,12.62,20.11,18.15,20.71,13.9,13.94,2089.41,691.1799999999998,3362.120000000001,23.4574875,34.4,1.29,451.67500000000007,935.0500000000001,702.685,150.29,397.79999999999995,143.08999999999997,1053.42,1365.3400000000001,943.3600000000001
NCH1,2022,159.58500000000004,156.39000000000001,213.89499999999998,213.51,223.44000000000003,244.73,241.47500000000002,237.14499999999998,233.32999999999998,226.10500000000002,16.03,39.39,53.68999999999999,23.57,21.18,117.42999999999999,52.769999999999996,59.709999999999994,50.820000000000014,46.919999999999995,346.24000000000007,321.46999999999997,335.95,329.63,358.20000000000005,289.77000000000004,307.45000000000005,327.74999999999994,283.07,257.78,20.112000000000002,20.555333333333333,24.986666666666668,26.812857142857144,26.196666666666665,27.408666666666665,28.925,27.106,25.822666666666667,25.315333333333335,31.16,35.94,37.25,37.89,37.61,39.03,37.28,36.43,33.51,33.73,5.68,6.86,14.31,14.58,15.28,18.68,23.52,16.24,18.44,16.36,2149.605,481.50999999999993,3157.3100000000004,25.32411904761905,39.03,5.68,529.87,923.1550000000001,696.5799999999999,109.10999999999999,214.95,157.45,1003.6600000000001,1285.0500000000002,868.5999999999999
NCH1,2023,124.00500000000001,158.265,166.48499999999999,189.76500000000001,250.11499999999998,266.195,242.93500000000003,264.84499999999997,240.02999999999997,223.26999999999998,67.67999999999999,17.77,66.88000000000001,18.769999999999996,77.51000000000002,96.23999999999998,36.47,35.7,118.5,39.88,340.65,372.64,277.24,354.11,356.85999999999996,336.94,337.43,364.36999999999995,316.49999999999994,308.23,17.4425,19.761875,19.97,23.126,26.454375,27.63,27.353333333333335,28.586875,26.303124999999998,24.040625,28.37,29.58,30.62,32.84,33.69,34.2,35.56,38.51,37.46,33.82,6.93,6.32,12.18,12.05,20.25,20.5,18.73,20.01,14.31,11.89,2125.91,575.4,3364.97,24.066870833333333,38.51,6.32,448.755,949.0100000000001,728.145,152.32999999999998,228.98999999999998,194.07999999999998,990.53,1385.3400000000001,989.0999999999999
NEH1,2014,159.515,168.61,212.69499999999994,186.485,221.36000000000004,215,218.305,111.345,118.60499999999998,69.38500000000002,33.529999999999994,117.01,92.56,25.64,6.289999999999999,50.11,142.05999999999997,63.019999999999996,71.08000000000001,27.82,366.0199999999999,376.04,347.41,400.45,400.2200000000001,314.03000000000003,286.74,257.11,234.61,216.91000000000003,19.38125,20.93375,23.645,22.075625,25.201875,23.86125,24.1125,16.24875,16.22625,11.7825,30.15,30.4,33.47,33.54,39.61,35.22,34.41,30.38,28.37,24.3,1.21,8.92,11.43,10.68,14.3,12.15,13.49,2.54,0.33,1.82,1681.305,629.1200000000001,3199.54,20.346875,39.61,0.33,540.8199999999999,841.1500000000001,299.33500000000004,243.1,224.09999999999997,161.92000000000002,1089.47,1401.44,708.6300000000001
NEH1,2015,197.36499999999998,185.985,237.935,221.62500000000003,191.315,200.42999999999998,161.55,96.875,74.945,56.24000000000001,113.75000000000001,41.45000000000001,47.870000000000005,41.230000000000004,67.44,44.99,55.220000000000006,0.37,19.419999999999998,45.010000000000005,352.5,349.04,374.35,355.57000000000005,342.86999999999995,298.31,246.45000000000002,246.09999999999997,184.82,164.02,22.24058823529412,21.78875,25.71,24.37875,21.259411764705884,22.836875,19.80625,14.383125,11.861875,9.641764705882354,33.24,30.96,35.46,34.24,32.84,36.88,31.61,31.73,27.1,23.98,12.4,12.24,14.71,15.41,9.66,9.47,7.73,2.59,-0.31,-2.09,1624.265,476.75000000000006,2914.0299999999997,19.390738970588234,36.88,-2.09,621.2850000000001,774.9200000000001,228.06,203.07000000000002,208.88,64.80000000000001,1075.8899999999999,1243.2,594.9399999999999
NEH1,2016,125.33,220.055,263.345,260.31500000000005,285.255,243.63,227.795,180.26500000000001,109.985,100.8,97.33000000000003,59.55,32.96,81.60000000000001,51.830000000000005,40.78000000000001,65.91000000000001,47.730000000000004,46.199999999999996,2.4699999999999998,402.28000000000003,500.66,465.56,401.25,415.9100000000001,368.89,312.12,294.93,236.02999999999997,205.31,15.574736842105263,21.895263157894735,25.528333333333332,24.243684210526315,26.286315789473683,24.177777777777777,21.911052631578947,19.713333333333335,13.706842105263158,13.32842105263158,28.67,33.01,35.29,33.26,39.24,36.18,33.34,32.74,25.78,27.74,1.46,10.91,15.95,13.8,16.39,11.93,11.41,7.22,-0.71,2.89,2016.7750000000003,526.3600000000001,3602.939999999999,20.63657602339181,39.24,-0.71,608.73,1016.995,391.05,189.84000000000003,240.12,96.4,1368.5,1498.17,736.27
NEH1,2019,145.28000000000003,196.51500000000001,256.00000000000006,249.60999999999996,246.335,205.68,238.47999999999996,147.12,49.955,9.450000000000001,150.42,79.29,68.06000000000002,59.78000000000001,65.9,72.88000000000001,20.500000000000004,99.25999999999999,23.92,2.6500000000000004,376.62999999999994,417.83000000000004,437.37,453.4400000000001,363.82000000000005,295.65,320.63000000000005,225.81000000000003,241.00000000000006,173.93,17.334736842105265,21.02722222222222,24.341666666666665,24.41777777777778,23.49388888888889,21.434444444444445,23.40833333333333,17.25722222222222,8.507777777777777,1.0347368421052634,32.44,29.86,32.12,33.7,30.92,32.67,32.85,30.97,22.79,18.8,5.68,9.27,11.95,14.07,15.36,12.23,11.79,4.29,-2.69,-10.28,1744.425,642.66,3306.11,18.225780701754385,33.7,-10.28,597.7950000000001,940.105,206.52499999999998,297.77,219.06,125.83,1231.83,1433.5400000000004,640.74
NEH1,2020,127.67499999999998,227.935,239.63500000000008,255.51,226.895,242.61999999999995,214.43,134.85500000000005,129.01999999999998,28.440000000000005,89.7,37.9,65.18,35.95,73.31,21,25.41,25.149999999999995,3.74,7.5200000000000005,285.81,458.86,398.69,440.7,368.03000000000003,379.77,342.82000000000005,259.48,263.96,182.86999999999998,16.610555555555557,24.26764705882353,24.535882352941176,25.966470588235293,23.50470588235294,24.988235294117647,23.62235294117647,17.229411764705883,16.41941176470588,4.903333333333333,27.03,34.27,33.7,37.13,33.07,34.15,36.64,32.14,32.98,23.76,2.3,12.28,13.94,15.47,12.21,14.78,6.46,4.98,3.92,-6.47,1827.015,384.86,3380.9900000000002,20.20480065359477,37.13,-6.47,595.2450000000001,939.4549999999999,292.315,192.78,155.67,36.41,1143.3600000000001,1531.3200000000002,706.3100000000001
NEH1,2021,142.58999999999997,187.25,249.20999999999995,248.365,281.96500000000003,269.825,239.49500000000003,193.63999999999996,141.04999999999998,49.73499999999999,39.57000000000001,57.849999999999994,57.35,47.65,19.2,39.580000000000005,95.64999999999999,9.360000000000001,19.28,72.52000000000001,329.69999999999993,423.95,438.99,403.67,434.26000000000005,397.86999999999995,337.76,300.77,241.04,183.84000000000003,16.42736842105263,20.823333333333334,24.60222222222222,24.566111111111113,26.296315789473685,26.66888888888889,23.833333333333332,20.814444444444444,16.663888888888888,8.736315789473684,27.73,33.49,37.93,34.47,38.13,37.92,38.35,34.02,29.77,25.53,2.19,3.9,14.44,15.08,14.37,15.07,12.52,6.92,3.1,-3.23,2003.125,458.01,3491.85,20.94322222222222,38.35,-3.23,579.05,1039.65,384.42499999999995,154.77,202.07999999999998,101.16000000000001,1192.6399999999999,1573.56,725.65
NEH1,2022,139.79999999999998,159.16999999999996,225.77999999999997,235.51999999999998,229.82500000000002,225.215,229.47000000000003,213.2,170.155,126.63,65.6,42.53,41.239999999999995,48.230000000000004,11.370000000000001,12.489999999999998,18.36,5.240000000000001,37.56999999999999,0.76,335.67999999999995,354.02,370.8100000000001,381.98,369.52000000000004,366.86,342.9699999999999,300.02000000000004,233.56,283.45,18.49375,20.581333333333333,26.418,25.848125,27.837333333333333,27.356666666666666,25.775625,25.684,21.691333333333333,16.48875,33.45,31.2,37.36,37.82,40.63,40.36,37.43,38.55,36.17,28.8,4.3,8.68,15.87,14.24,16.63,16.13,15.87,13.89,9.23,1.51,1954.7649999999999,283.39000000000004,3338.8699999999994,23.617491666666666,40.63,1.51,524.7499999999999,920.0300000000001,509.985,149.37,90.45,43.56999999999999,1060.51,1461.33,817.03
NEH1,2023,185.90000000000006,208.80499999999998,229.32000000000002,209.86999999999998,242.60999999999996,218.35500000000002,240.26,178.52499999999998,165.36,91.83,17.27,24.01,45.17,100.17999999999998,54.71,26.930000000000003,23.369999999999997,16.12,39.92999999999999,12.809999999999999,426.87999999999994,372.46,403.92999999999995,330.99,325.31,360.58,361.00000000000006,283.53000000000003,253.42000000000002,202.53000000000003,20.973529411764705,24.11875,26.26375,23.49875,26.633125,24.883125,27.451875,21.0075,20.056875,13.763125,30.95,36.01,37.22,36.16,42.05,40.49,42,34.12,35.2,28.44,6.51,10.19,16.58,12.93,15.89,13.07,14.84,10.58,2.34,2.72,1970.835,360.5,3320.6300000000006,22.865040441176472,42.05,2.34,624.0250000000001,911.0949999999999,435.715,86.45,205.19,68.86,1203.27,1377.8799999999999,739.48
NEH2,2014,170.17999999999998,162.965,211.93499999999997,216.35999999999996,249.42000000000002,227.70500000000007,147.805,176.77999999999997,76.42,83.24499999999999,43.07,121.04999999999998,75.29,22.609999999999996,59.660000000000004,62.60000000000001,32.41,21.339999999999996,19.360000000000003,2.23,418.84,398.96,480.29999999999995,419.53,435.53999999999996,370.34,303.46999999999997,320.7900000000001,251.40999999999997,220.55000000000007,19.04277777777778,19.84764705882353,22.323888888888888,23.93764705882353,25.116666666666667,23.609411764705882,18.14294117647059,19.232222222222223,11.828823529411766,10.851666666666667,33.03,33.56,35.45,39.47,39.1,33.74,33,33.38,25.48,27.27,1.82,9.19,11.45,9.94,15.69,14.91,1.83,6.33,0.57,-4.51,1722.815,459.62000000000006,3619.73,19.393369281045754,39.47,-4.51,545.0799999999999,841.29,336.445,239.40999999999997,177.28,42.93,1298.1,1528.8799999999999,792.7500000000001
NEH2,2015,100.87500000000003,102.78500000000001,195.925,245.01,262.14500000000004,258.045,224.45999999999998,225.35000000000002,147.385,115.47499999999998,42.8,63.970000000000006,103.98,26.700000000000003,43.13,58.13,27.5,12,45.779999999999994,21,362.75000000000006,381.49999999999994,409.06999999999994,487.61,461.7,422.05999999999995,385.10999999999996,341.45,220.02,255.49,13.708947368421052,14.095263157894736,20.973333333333333,23.82894736842105,25.04842105263158,25.41611111111111,22.53578947368421,23.560555555555556,17.05736842105263,14.16157894736842,29.6,25.38,34.27,37.98,37.07,37.37,36.76,37.14,34.3,33.88,0.84,1.77,6.21,13.19,13.3,15.05,8.96,9.78,5.18,2.23,1877.4550000000002,444.98999999999995,3726.7599999999993,20.038631578947367,37.98,0.84,399.58500000000004,989.6600000000001,488.21,210.75,155.46,78.78,1153.32,1756.4799999999998,816.96
NEH2,2018,108.955,162.71,195.26000000000002,163.42999999999998,215.20499999999996,168.11499999999998,190.48000000000002,158.89499999999995,153.81500000000003,151.03,104.7,39.66,56.620000000000005,70.80999999999999,62.18,36.72,33.32999999999999,23.89,39.940000000000005,14.979999999999999,298.79,369.04999999999995,338.84,332.35,403.0599999999999,331.46999999999997,320.14,272.7,229.76000000000002,265.84000000000003,16.804666666666666,22.265714285714285,24.911428571428573,22.369285714285713,25.354,22.125714285714285,24.052142857142858,21.687142857142856,20.725,19.947333333333333,29.32,34.55,36.66,35.53,35.88,32.75,33.5,35.06,32.44,34.09,6.87,10.69,14.52,11.86,16.06,11.81,15.15,10.61,11.68,4.79,1667.895,482.83000000000004,3161.9999999999995,22.024242857142855,36.66,4.79,466.92500000000007,737.2299999999999,463.74,200.98000000000002,203.03999999999996,78.81,1006.6799999999998,1387.02,768.3000000000001
NEH2,2019,123.06499999999998,162.30999999999995,236.16500000000002,245.22500000000002,245.755,204.95000000000005,220.625,118.37000000000003,55.21,10.374999999999998,157.74999999999997,71.51,122.88000000000001,46.19000000000001,74.67999999999999,68.77,16.639999999999997,26.95,3.369999999999999,9.149999999999999,394.36,438.16,473.06999999999994,458.69000000000005,379.75999999999993,350.49000000000007,346.15,272.69000000000005,244.09000000000003,157.90000000000003,15.522631578947369,19.16611111111111,23.592222222222222,24.286666666666665,23.579444444444444,21.375,22.273888888888887,15.417777777777777,7.714444444444444,0.1466666666666667,30.7,29.3,35.06,35.95,33.49,33.82,34.52,31.31,23.31,22.27,2.61,8.56,10.19,12.94,13.75,11.12,10.34,1.3,-4.43,-10.37,1622.0500000000002,597.89,3515.3600000000006,17.307485380116958,35.95,-10.37,521.54,916.5550000000001,183.95500000000004,352.14,206.27999999999997,39.47,1305.59,1535.0900000000001,674.6800000000001
NEH2,2020,115.565,206.51999999999998,211.595,230.79999999999995,219.275,213.295,220.865,125.95500000000001,135.3,85.48000000000002,91.47000000000001,22.91,19.05,30.65,67.34,9.889999999999997,0.27,17.400000000000002,1.22,10,387.01,429.22999999999996,426.46000000000004,439.16999999999996,371.41999999999996,390.08000000000004,345.54999999999995,266.82,262.43999999999994,220.08000000000004,16.29705882352941,24.29625,24.435,25.9725,24.146875,24.64125,25.46625,17.07375,17.13875,11.565294117647058,25.92,35.95,36.47,37.38,36.17,36.65,38.01,37.49,32.93,30.69,5.94,10.97,13.25,15.87,13.29,12.99,11.81,1.43,3.93,-2.91,1764.6499999999999,270.20000000000005,3538.26,21.103297794117648,38.01,-2.91,533.68,884.2349999999999,346.735,133.43,108.15,28.62,1242.7,1546.22,749.34
NEH2,2021,118.31,155.17000000000002,203.375,205.27000000000004,205.80500000000004,237.51,207.01,202.055,156.34000000000003,133.95999999999998,69.67,36.63,12.48,41.31,47.14,11.94,52.769999999999996,48.519999999999996,4.790000000000001,38.78,294.15,399.39,379.04999999999995,414.80000000000007,368.46,359.4899999999999,323.75,308.53999999999996,270.11000000000007,247.44000000000003,16.58875,19.964375,25.320666666666668,23.74375,24.340666666666667,26.991875,24.63533333333333,23.030625,20.377333333333333,17.58625,28.35,33.75,41.31,35.07,36.38,40.42,35.26,35.91,35.77,33.94,2.48,4.94,12.49,14.54,14.14,15.37,13.12,12.09,6.8,7.54,1824.8050000000003,364.03,3365.18,22.2579625,41.31,2.48,476.855,855.595,492.355,118.78000000000002,153.16,92.09,1072.59,1466.5,826.0900000000001
NEH2,2022,107.11,153.53500000000003,216.46999999999997,202.32999999999998,234.125,211.47500000000002,194.075,209.35500000000005,175.94500000000002,128.04999999999998,21.85,41.73,6.76,51.63,25.19,23.86,8.7,5,31.730000000000004,5.78,330.94,359.84,423.36,368.51000000000005,411.82,335.9700000000001,321.23,333.67999999999995,264.35,239.98999999999995,16.565333333333335,20.602666666666668,27.001333333333335,25.98,29.035333333333334,25.745333333333335,25.862857142857145,25.991333333333333,22.342666666666666,17.622,34.92,34.14,41.44,38.65,42.09,40.31,38.61,39.53,38.87,30.14,2.67,9.43,12.62,14.42,17.61,14.34,15.86,13.17,9.05,5.2,1832.47,222.23,3389.6899999999996,23.674885714285715,42.09,2.67,477.115,842.0050000000001,513.35,70.34,109.38000000000001,42.510000000000005,1114.1399999999999,1437.5300000000002,838.02
NEH3,2014,171.505,171.49499999999998,227.60999999999996,236.085,257.89,235.435,147.625,158.59500000000003,105.69,44.870000000000005,49.68000000000001,128.42000000000002,69.96,22.1,43.65,68.3,22.720000000000006,29.029999999999998,1.86,1.49,440.46,430.87,503.4200000000001,443.72999999999996,457.37,365.24000000000007,321.28,317.73,246.14999999999998,199.27999999999997,18.525263157894738,19.831666666666667,22.6,24.788333333333334,24.41526315789474,23.490555555555556,17.541666666666668,17.432105263157894,13.492777777777778,4.3784210526315785,33.17,35.45,36.17,39.76,35.55,34.75,33.98,30.86,28.86,21.74,2.11,8.64,11.5,10.48,15.03,11.97,1.66,1.1,3.09,-14,1756.8000000000002,437.21000000000004,3725.5299999999997,18.649605263157895,39.76,-14,570.6099999999999,877.0350000000001,309.15500000000003,248.06,156.77,32.379999999999995,1374.75,1587.62,763.16
NEH3,2015,222.02,253.275,275.37500000000006,220.31500000000003,250.59,193.70500000000004,110.93499999999999,76.66499999999999,22.919999999999998,11.534999999999998,69.25999999999999,37.31,56.41,43.210000000000015,7.679999999999999,30.32,9.68,42.85,28.259999999999998,6.21,451.94,474.0300000000001,460.09,378.96,367.10999999999996,299.63,232.15,199.26999999999998,172.84999999999997,117.26,21.99578947368421,24.74684210526316,25.803684210526317,22.692222222222224,24.33684210526316,20.295263157894738,14.716666666666667,10.703157894736842,3.440526315789474,0.9278947368421052,32.75,37.62,36.21,34.27,37.1,36.55,33.98,29.2,18.92,18.3,11.62,13.83,14.86,8.77,10.91,5.19,2.75,-3.18,-7.75,-6.55,1637.3350000000003,331.19,3153.2900000000004,16.96588888888889,37.62,-7.75,750.6700000000001,775.5450000000001,111.11999999999999,162.98,90.89000000000001,77.32,1386.06,1277.85,489.37999999999994
NEH3,2017,120.68,239.55499999999998,228.86000000000004,277.05000000000007,199.075,226.34000000000003,203.77000000000004,113.06499999999997,84.68,15.795,67.58000000000003,2.44,30.349999999999994,33.239999999999995,100.35,42.61000000000001,12.190000000000001,127.38,3.8899999999999997,1.49,407.26,476.75,488.07,427.96000000000004,379.03000000000003,388.51,351.06000000000006,226.19000000000003,257.71000000000004,164.19000000000003,15.196842105263158,24.95777777777778,24.198888888888888,27.75611111111111,20.95388888888889,22.74,21.738333333333333,15.297777777777778,11.348333333333333,2.4433333333333334,29.62,39.16,38.8,39.92,30.38,34.4,37.76,35.4,25.52,20,1.61,13.29,12.01,17.26,10.72,12.92,8.69,6.25,-0.49,-6.03,1708.8700000000001,421.52,3566.73,18.66312865497076,39.92,-6.03,589.095,906.2350000000001,213.53999999999996,100.37000000000002,188.39,132.76,1372.08,1546.56,648.0900000000001
NEH3,2020,94.795,212.99,243.625,259.66,237.69500000000002,260.465,188.625,173.52500000000003,116.94999999999999,41.45500000000001,61.92999999999999,18.41,19.85,34.44,75.20000000000002,6.539999999999999,17.189999999999998,0.99,4.07,7.19,346.3,489.58000000000004,479.38,475.28999999999996,428.84999999999997,416.79,350.81000000000006,300.85,276.01,183.98,13.564444444444446,23.150555555555556,25.285555555555558,26.31,23.453333333333333,26.709444444444443,20.72,19.136666666666667,14.393888888888888,4.279444444444445,26.05,36.49,38.2,37.77,33.38,38.03,38.09,32.39,31.53,25.98,-0.5,9.78,12.8,15.56,13.26,15.11,1.24,6.31,0.33,-9.43,1829.785,245.81,3747.8399999999997,19.700333333333333,38.2,-9.43,551.4100000000001,946.4449999999999,331.93000000000006,100.19,133.37,12.25,1315.2600000000002,1671.7399999999998,760.84
NEH3,2021,136.09000000000003,213.205,188.80000000000004,216.74,224.80499999999998,219.42000000000002,208.57999999999996,180.51999999999998,132.005,89.19500000000001,58.99,9.17,22.950000000000006,45.54,11.389999999999999,53.03,40.94,5.1,29.279999999999998,11.639999999999999,362.69,408.4200000000001,361.06999999999994,397.97999999999996,353.33,335.51000000000005,311.43,279.46,254.66,225.63000000000005,18.53125,26.022666666666666,23.659333333333333,24.314375,27.253333333333334,26.542666666666666,23.84625,22.616666666666667,18.501333333333335,12.845625,32.28,40.82,37.07,37.11,39.15,40.84,35.89,36.34,35.55,29.05,4.73,12.84,14.26,14.68,15.96,16.74,12.78,12.12,7.2,0.83,1809.36,288.03,3290.18,22.41335,40.84,0.83,538.0950000000001,869.5449999999998,401.71999999999997,91.11,150.9,46.019999999999996,1132.18,1398.25,759.75
NEH3,2022,131.16999999999996,185.65,241.19500000000002,246.23000000000002,249.79500000000002,239.17000000000002,224.44,190.815,141.34000000000003,88.08,16.97,33.36,16.28,34.36,33.38000000000001,11.729999999999999,3.2500000000000004,24.909999999999997,11.52,0.44,385.05,423.79,466.91999999999996,427.53999999999996,412.32,386.2,361.25000000000006,293.17,275.10999999999996,237.38000000000002,17.500588235294117,21.798235294117646,26.483529411764707,28.14125,27.21,26.22705882352941,26.134375,22.095882352941178,16.92705882352941,11.73764705882353,35.11,41.47,38.91,42.89,41.59,39.08,38.88,40.1,30.63,29.55,3.25,9.03,12.32,17.01,15.1,14.79,13.96,8.81,1.37,-1,1937.8850000000002,186.20000000000002,3668.73,22.425562499999998,42.89,-1,558.015,959.635,420.235,66.61,82.72000000000001,36.86999999999999,1275.76,1587.31,805.66
NEH3,2023,172.85000000000005,166.33499999999998,170.88999999999993,205.53,215.075,209.97500000000002,205.36,149.425,135.40499999999997,90.33999999999999,70.03,25.339999999999996,42.39999999999999,40.75000000000001,72.52999999999999,5.13,3.4,40.85999999999999,12.069999999999999,20.83,362.95000000000005,360.27,357.07,369.09000000000003,353.2800000000001,357.46000000000004,320.58,252.6,260.87,210.93000000000004,20.89125,21.580000000000002,21.869333333333334,24.954,25.866,26.367333333333335,25.869333333333334,19.932666666666666,18.490666666666666,13.0825,31.94,33.62,33.56,38.55,39.55,40.72,40.5,33.73,33.39,28.51,13.8,11.25,11.59,13.96,15.14,12.75,10.84,9.72,1.42,0.66,1721.1850000000002,333.3399999999999,3205.1,21.890308333333333,40.72,0.66,510.075,835.94,375.16999999999996,137.76999999999998,121.81,73.75999999999999,1080.29,1400.41,724.4000000000001
NEH4,2015,201.94,184.95499999999998,240.30999999999997,221.635,187.35999999999996,198.085,159.415,92.13500000000002,72.75999999999999,62.135000000000005,111.36,36.72,63.71,58.03,82.21000000000001,46.759999999999984,78.99999999999999,0.08,17.790000000000003,43.56,358.31,348.35,388.09999999999997,335.05,327.72999999999996,292.28,236.35,237.11999999999998,178.87000000000003,152.13999999999996,22.573529411764707,21.823125,25.84875,24.350625,21.068823529411766,22.656875,19.666875,13.939375,11.7175,9.920588235294117,33.07,31.07,35.1,33.99,32.3,36.38,32.36,30.65,27.18,23.98,12.7,13.02,15.08,15.49,9.46,8.27,6.83,2.39,0.28,-2.49,1620.7299999999998,539.22,2854.2999999999993,19.35660661764706,36.38,-2.49,627.2049999999999,766.4949999999999,227.03000000000003,211.79,266,61.43000000000001,1094.76,1191.4099999999999,568.13
NEH4,2016,233.71999999999997,208.17500000000007,228.85000000000002,228.45000000000002,204.765,199.46499999999997,171.97,108.265,81.08500000000001,81.88499999999999,43.36,75.18,41.650000000000006,37.050000000000004,84.33000000000001,45.40999999999998,59.52999999999999,53.5,7.549999999999999,1.64,435.29,363.25999999999993,350.82,354.25000000000006,320.61,266.31,227.12999999999994,236.79999999999998,176.97,150.49999999999997,25.430625,23.313125,26.318,24.689375,24.412666666666667,22.41125,21.34,15.376875,13.027333333333333,13.2,34.73,31.98,37.69,35.29,37.04,33,31.93,29.44,26.28,27.84,11.26,13.56,14.8,16.31,11.94,13.09,10.8,1.86,-0.29,2.72,1746.63,449.2,2881.94,20.951925,37.69,-0.29,670.7450000000001,804.6500000000001,271.235,160.19,226.32,62.69,1149.37,1168.3,564.27
NEH4,2017,149.07499999999996,248.40999999999997,227.57500000000002,282.13,227.06000000000003,226.14,204.70999999999998,176.135,80.75500000000001,8.070000000000002,116.02000000000001,52.93,56.95,64.99,16.35,85.09000000000002,24.5,144.95999999999998,24.970000000000002,1.29,432.42,472.95,466.0599999999999,433.69999999999993,364.4,378.46000000000004,301.18000000000006,227.50000000000003,222.56,159.21999999999997,17.364736842105263,24.90277777777778,23.572777777777777,28.13888888888889,22.74277777777778,22.497222222222224,21.550555555555555,19.763333333333335,12.03,2.648947368421053,31.71,35.36,36.16,40.18,32.17,34.48,35.29,35.6,24.06,17.94,3.6,13.21,10.33,17.06,11.83,12.75,7.91,8.89,1.48,-6.37,1830.06,588.0500000000001,3458.45,19.521201754385963,40.18,-6.37,625.06,940.04,264.96,225.90000000000003,190.93,171.21999999999997,1371.4299999999998,1477.74,609.28
NYH1,2014,154.98999999999998,196.14499999999998,196.80499999999998,187.44499999999994,184.53500000000003,135.655,108.31000000000002,57.88,10.669999999999998,3.744999999999999,71.85,58.370000000000005,55.660000000000004,113.17,61.32000000000001,28.139999999999997,24.110000000000007,51.99,35.98,45.46000000000001,407.0599999999999,451.03,393.13999999999993,374.15999999999997,314.42,290.15999999999997,269.37000000000006,144.95,129.58,98.49000000000001,17.7015,20.412105263157894,20.462105263157895,19.1995,19.49421052631579,16.183684210526316,13.8675,10.642631578947368,2.6142105263157895,-1.4409999999999998,27.95,30.26,31.27,28.99,30.66,30.7,27.64,24.98,16.18,17.49,7.88,8.29,10.27,10.07,9.13,2.75,1.43,0.74,-8.99,-11.86,1236.1799999999998,546.0500000000001,2872.3599999999997,13.913644736842105,31.27,-11.86,547.9399999999999,615.945,72.295,185.88,226.74,133.43,1251.2299999999998,1248.11,373.02
NYH1,2016,160.695,152.59999999999997,214.855,246.61999999999998,254.935,209.41000000000003,198.285,105.07,59.68500000000002,23.46,35.150000000000006,18.36,12.629999999999999,35.18999999999999,73.01,34.13999999999999,45.21,44.78,138.21,25.57,383.57,450.07,411.18,405.40999999999997,342.8,358.70000000000005,323.91,232.45,164.95000000000005,144.29,18.663333333333334,18.358888888888888,22.314444444444444,24.27,24.35611111111111,21.69388888888889,20.508333333333333,14.582222222222223,9.693888888888889,6.282222222222222,31.17,31.67,33.53,33.83,33.95,32.77,32.99,29.69,26.43,21.01,3.51,6.51,11.03,13.74,14.48,10.1,7.5,5.29,-0.3,-3.91,1625.615,462.24999999999994,3217.33,18.072333333333333,33.95,-3.91,528.15,909.2499999999999,188.215,66.14,187.54999999999998,208.56,1244.82,1430.8200000000002,541.69
NYH1,2017,104.50999999999999,194.535,191.965,212.77999999999997,203.125,121.07999999999998,199.13500000000002,121.46000000000001,55.705,2.9299999999999997,73.17999999999999,69.46,94.45000000000002,67.81,35.72,59.480000000000004,12.52,60.849999999999994,109.30000000000001,40.019999999999996,340.66,434.91,368.6,375.21999999999997,367.48,290.42999999999995,322.66,202.76999999999998,169.82,113.3,14.727894736842105,20.316315789473684,20.620555555555555,21.186315789473685,20.54421052631579,16.102777777777778,19.915263157894735,15.560555555555556,9.888947368421054,1.5505263157894735,23.05,29.26,28.75,30.97,30.63,29.85,33.18,27.43,22.99,13.02,6.59,10.84,9.19,12.48,10.71,5.74,6.88,5.81,-0.67,-7.27,1407.225,622.79,2985.8500000000004,16.04133625730994,33.18,-7.27,491.01,736.1199999999999,180.09500000000003,237.09,175.53,210.17000000000002,1144.17,1355.7900000000002,485.89
NYH1,2018,158.16999999999996,163.11999999999998,220.82,200.40999999999994,210.255,196.84000000000003,167.54999999999995,94.45,42.03500000000001,10.465,31.379999999999995,51.129999999999995,33.93,121.85000000000001,116.62,34.379999999999995,94.86,74.88000000000001,33.43,84.13999999999999,358.16,388.25,458.56000000000006,328.54999999999995,284.8900000000001,288.94,227.16,174.75000000000003,147.68,113.24,18.71,19.771764705882354,23.88764705882353,21.673529411764704,22.243529411764705,21.611176470588234,19.58764705882353,14.747058823529411,8.127058823529412,4.061111111111111,29.42,31.3,35.82,33.95,31.86,31.88,31.66,26.77,26.76,15.72,7.87,8.55,10.48,13.16,15.96,11.29,8.65,5.03,-1.31,-4.15,1464.1149999999998,676.6,2770.18,17.4420522875817,35.82,-4.15,542.1099999999999,775.055,146.95000000000002,116.44,367.71000000000004,192.45,1204.9700000000003,1129.5400000000002,435.6700000000001
NYH1,2019,142.66500000000002,227.595,244.49,225.75499999999997,186.11999999999995,154.68,93.50500000000002,44.88999999999999,0,1.7800000000000011,95.72999999999999,39.07,60.140000000000015,74.72,49.37,23.630000000000003,48.69,93.54,16.61,42.84,415.2000000000001,449.75000000000006,404.94000000000005,386.11,342.48,286.76,213.32,145.85,113.08000000000001,87.25,16.8675,22.15736842105263,23.111052631578946,21.646315789473686,19.016,17.90684210526316,12.651052631578947,8.982105263157894,-0.808421052631579,-1.5174999999999998,27.53,30.9,31.77,30.79,30.32,30.62,30.6,20.88,8.08,12.78,3.87,11.12,13.08,11.84,9.45,8.45,0.45,-2.37,-9.92,-13.17,1321.4800000000002,544.34,2844.7400000000007,14.001231578947369,31.77,-13.17,614.75,660.0599999999998,46.669999999999995,194.94,196.41,152.99,1269.8900000000003,1228.67,346.18
NYH2,2014,142.76999999999998,200.385,192.185,181.2,169.23499999999999,160.225,117.48,63.71500000000001,20.549999999999997,3.744999999999999,65.13999999999999,70.25999999999999,48.64,87.22000000000001,70.76,47.66999999999999,22.33,52.089999999999996,30.169999999999998,37.16,363.01,449.47,405.5,381.23,317.0200000000001,291.08,267.56000000000006,170.65000000000003,131.91,102.06,17.425789473684212,20.688947368421054,20.216315789473683,19.38736842105263,18.70157894736842,17.740000000000002,14.90842105263158,10.93578947368421,5.792631578947368,-1.343157894736842,27.67,30.26,31.27,28.99,29.16,30.7,27.64,24.98,21.53,17.49,7.88,8.29,10.27,10.07,9.13,5.77,1.43,0.74,-4.27,-11.86,1251.4899999999998,531.4399999999999,2879.49,14.445368421052631,31.27,-11.86,535.3399999999999,628.14,88.01000000000002,184.03999999999996,227.98000000000002,119.41999999999999,1217.98,1256.8900000000003,404.62000000000006
NYH2,2015,154.845,159.94500000000005,168.58999999999997,209.275,215.84,203.52499999999998,225.75499999999994,102.71000000000001,45.49499999999999,42.195,61.43,119.35999999999999,94.82999999999998,66.72,45,36.660000000000004,48.99,80.47,39.449999999999996,56.74,439.14,381.65999999999997,357.1599999999999,423.01,428.09999999999997,339.4,328.15999999999997,243.3,187.78,148.25,16.5845,18.15736842105263,19.109473684210528,20.6435,21.523157894736844,20.752105263157894,21.351,13.941052631578946,8.748947368421053,8.361,30.48,30.08,27.31,31.26,33.34,32.43,33.81,25.52,21.87,22.16,-1.03,5.56,10.31,9.22,11.38,10.47,9.58,4.89,-3.19,-1.7,1528.1749999999997,649.6500000000001,3275.96,16.917210526315788,33.81,-3.19,483.38000000000005,854.395,190.39999999999998,275.62,197.37,176.66,1177.9599999999998,1518.6699999999996,579.33
NYH2,2016,142.405,187.05500000000004,245.06000000000003,288.50499999999994,293.13000000000005,243.26499999999996,155.79500000000002,80.68500000000002,25.625000000000004,9.315,27.830000000000002,35.89000000000001,12.76,47.96999999999999,86.79,23.380000000000003,64.01,131.37,43.690000000000005,49.019999999999996,471.11999999999995,491.53,483.2299999999999,443.84999999999997,444,400.7200000000001,304.5,210.89,161.94,95.57,15.12409090909091,18.82952380952381,22.081904761904763,23.98761904761905,23.621363636363636,21.50761904761905,16.271428571428572,10.853333333333333,6.032380952380953,1.7518181818181817,31.17,31.67,33.53,33.83,33.95,32.99,30.68,26.43,21.01,19.86,0.49,6.51,11.03,13.74,11.56,9.8,5.29,0.23,-3.91,-7.47,1670.8400000000001,522.71,3507.35,16.006108225108225,33.95,-7.47,574.5200000000001,980.6949999999999,115.62500000000001,76.48000000000002,222.14999999999998,224.07999999999998,1445.8799999999997,1593.07,468.4
NYH2,2017,117.69499999999998,193.42,197.96,212.77999999999997,203.125,124.47999999999999,199.59,120.67000000000002,54.15,1.42,77.82,65.94999999999999,98.24000000000002,67.81,35.72,59.61000000000001,12.459999999999999,61.279999999999994,120.55000000000001,28.3,355.98,441.56,389.37,375.21999999999997,367.48,300.84999999999997,321.3400000000001,217.94000000000003,155.05,118.61999999999999,15.2515,20.17,20.384736842105262,21.186315789473685,20.54421052631579,15.877368421052632,20.03736842105263,14.74,9.926315789473684,0.7410526315789474,27.29,29.26,28.75,30.97,30.63,29.85,33.18,27.43,22.99,12.84,6.59,7.84,9.19,12.48,10.71,5.74,6.88,-0.67,0.44,-7.27,1425.29,627.7399999999999,3043.4100000000003,15.885886842105263,33.18,-7.27,509.07499999999993,739.975,176.24,242.01,175.60000000000002,210.13000000000002,1186.9099999999999,1364.89,491.61
NYH2,2018,173.405,192.68999999999997,269.41,244.87000000000003,238.40500000000003,223.01999999999998,127.25000000000003,29.40499999999999,10.465,0,59.449999999999996,52.019999999999996,54.230000000000004,129.79000000000002,116.73,88.03,87.76000000000002,71.91,89.14999999999999,40.77,410.69,480.71999999999997,559.3100000000001,355.80999999999995,351.45,294.12,214.71000000000006,167.79000000000002,110.40000000000002,78.31,18.10142857142857,19.319523809523808,23.596190476190475,22.0955,21.254285714285714,20.44952380952381,15.615,6.095714285714285,2.1438095238095243,-3.0995238095238093,29.42,31.3,35.82,31.86,31.07,31.88,27.15,26.14,15.72,7.51,6.71,8.55,10.48,13.16,11.29,8.65,5.03,-2.22,-7.2,-17.58,1508.9199999999998,789.8399999999999,3023.31,14.557145238095238,35.82,-17.58,635.505,833.5450000000001,39.86999999999999,165.7,422.31000000000006,201.83,1450.72,1216.0900000000001,356.50000000000006
NYH2,2019,140.94,186.07,263.28000000000003,240.35,220.965,161.46500000000003,124.84999999999998,56.865,0,1.7800000000000011,61.93,86.88,69.47999999999999,48.36,73.38000000000001,32.2,55.49,94.47,16.490000000000002,43.940000000000005,425.89000000000004,420.68,427.03999999999996,447.26000000000005,361.71999999999997,330.47,226.94,167.95000000000002,125.77,91.07,16.31142857142857,19.4825,23.3475,21.8985,20.25190476190476,17.7095,14.9805,9.8935,-0.619,-0.9214285714285716,25.34,30.73,31.77,30.79,30.32,30.62,30.6,20.88,9.09,12.78,3.87,9.77,13.5,11.84,10.97,8.45,0.45,0.17,-9.92,-13.17,1396.565,582.62,3024.7900000000004,14.233490476190475,31.77,-13.17,590.29,747.63,58.645,218.29,209.43,154.9,1273.6100000000001,1366.39,384.79
NYH2,2020,149.705,168.91000000000003,223.615,231.45999999999998,224.04000000000002,186.56500000000003,156.13,99.88,59.044999999999995,36.525,28.020000000000003,21.05,73.05999999999999,43.29999999999999,36.970000000000006,49.93000000000001,13.339999999999998,37.63,35.43,41.6,379.14,452.71000000000004,399.46,387.96000000000004,360.3399999999999,310.38,259.71000000000004,252.57999999999998,164.37,120.66999999999996,18.66176470588235,20.01764705882353,23.70235294117647,23.81705882352941,23.18941176470588,21.55,18.761176470588236,14.17470588235294,11.38,7.381764705882353,30.45,32.07,35.5,33.2,32.91,33.48,32.25,27.94,25.5,24.32,5.72,4.25,12.76,15.7,12.13,11.86,6.28,1.96,0.14,-3.38,1535.8750000000005,380.33,3087.3199999999997,18.26358823529412,35.5,-3.38,542.23,798.195,195.45,122.13,143.54,114.66,1231.31,1318.3899999999999,537.6199999999999
NYH2,2021,149.04,170.855,214.30499999999998,192.175,204.75500000000005,219.99,143.29999999999998,109.55,94.81,21.655000000000005,56.330000000000005,47.31999999999999,110.19,83.15,39.38,126.12,51.8,89.99,46.980000000000004,112.32000000000001,367.57,370.75,365,323.03,365.35,243.13,252.07,213.78,165.81,155.07999999999998,17.602777777777778,20.05,22.16722222222222,21.257058823529412,21.415,22.761764705882353,18.09764705882353,15.211111111111112,14.370588235294118,6.716111111111111,30.04,29.83,34.89,28.54,31.73,31.22,27.67,24.97,24.95,17.52,4.4,6.99,10.75,11.84,9.17,12.83,10.41,4.3,2.93,-3.19,1520.435,763.58,2821.57,17.964928104575165,34.89,-3.19,534.1999999999999,760.22,226.01500000000001,213.84,300.45,249.29000000000002,1103.32,1183.58,534.6700000000001
NYH2,2022,132.76500000000001,158.825,189.89499999999998,225.42999999999998,240.815,198.2,178.65999999999997,93.51,48.010000000000005,80.02000000000001,46.14,61.48,25.400000000000002,26.709999999999997,48.1,71.60000000000001,89.01,53.45,17.929999999999996,7.660000000000001,356.11999999999995,407.74,454.71,410.40999999999997,369.6500000000001,346.79999999999995,265.7099999999999,228.20999999999998,185.48000000000002,186.64,17.172777777777778,18.75888888888889,20.927777777777777,22.884444444444444,24.065555555555555,20.78388888888889,19.65833333333333,13.686666666666667,9.096666666666666,11.343333333333334,28.01,29.42,32.86,34.28,33.78,30.88,32.13,26.93,22.29,23.06,4.94,7.13,7.24,10.92,13.57,10.8,10.4,2.15,0.09,-0.85,1546.13,447.48,3211.4700000000003,17.837833333333332,34.28,-0.85,481.485,843.1049999999999,221.54000000000002,133.02,235.42000000000002,79.03999999999999,1218.57,1392.5700000000002,600.3299999999999
NYH2,2023,115.08500000000002,126.67499999999998,200.89,224.90999999999997,214.39,190.39499999999998,178.435,117.13000000000001,52.785,40.80499999999999,11.33,70.92000000000002,80.91,57.24,83.79,70.24000000000001,43.050000000000004,15.05,48.99999999999999,31.680000000000003,482.50000000000006,368.80999999999995,348.81999999999994,372.7800000000001,357.95,277.06999999999994,305.46999999999997,262.19,137.26,132.23,14.512631578947369,16.955,21.185,22.516666666666666,21.203157894736844,20.223333333333333,19.601111111111113,15.44,10.550555555555556,7.664210526315789,29.47,32,33.75,31.41,33.82,30.19,33.84,29.54,26.58,24.61,-0.8,7.73,10.75,13.95,10.79,11.8,7.39,6.95,3.32,-3.13,1461.5,513.21,3045.0799999999995,16.985166666666668,33.84,-3.13,442.65,808.1299999999999,210.72000000000003,163.16000000000003,254.32000000000002,95.73,1200.1299999999999,1313.27,531.68
NYH3,2015,141.07999999999998,174.95,169.285,211.19000000000003,201.665,201.44000000000005,160.10499999999996,81.16000000000001,31.240000000000002,36.589999999999996,86.45999999999998,101.14,80.92,31.369999999999994,61.93,1.7400000000000002,48.6,99.98,44.36,32.25,363.99000000000007,361.61,349.33,430.33,354.56000000000006,312.78,288.32,193.6,160.51,134.38,17.254444444444445,19.985555555555557,19.487777777777776,22.09277777777778,21.317777777777778,21.162777777777777,18.442777777777778,12.788333333333332,7.581111111111111,8.141666666666666,28.88,30.08,29,33.34,32.43,33.08,33.81,24.14,20.09,22.16,-1.03,10.31,10.74,9.22,10.65,10.47,7.38,4.89,-3.19,-2.74,1408.7050000000002,588.75,2949.4100000000008,16.8255,33.81,-3.19,485.31499999999994,774.4000000000001,148.99,268.52,143.64,176.59,1074.93,1385.99,488.49
NYH3,2017,117.69499999999998,193.42,197.96,212.77999999999997,203.125,124.47999999999999,199.59,120.67000000000002,54.15,1.42,77.82,65.94999999999999,98.24000000000002,67.81,35.72,59.61000000000001,12.459999999999999,61.279999999999994,120.55000000000001,28.3,355.98,441.56,389.37,375.21999999999997,367.48,300.84999999999997,321.3400000000001,217.94000000000003,155.05,118.61999999999999,15.2515,20.17,20.384736842105262,21.186315789473685,20.54421052631579,15.877368421052632,20.03736842105263,14.74,9.926315789473684,0.7410526315789474,27.29,29.26,28.75,30.97,30.63,29.85,33.18,27.43,22.99,12.84,6.59,7.84,9.19,12.48,10.71,5.74,6.88,-0.67,0.44,-7.27,1425.29,627.7399999999999,3043.4100000000003,15.885886842105263,33.18,-7.27,509.07499999999993,739.975,176.24,242.01,175.60000000000002,210.13000000000002,1186.9099999999999,1364.89,491.61
NYH3,2018,173.405,192.68999999999997,269.41,244.87000000000003,238.40500000000003,223.01999999999998,127.25000000000003,29.40499999999999,10.465,0,59.449999999999996,52.019999999999996,54.230000000000004,129.79000000000002,116.73,88.03,87.76000000000002,71.91,89.14999999999999,40.77,410.69,480.71999999999997,559.3100000000001,355.80999999999995,351.45,294.12,214.71000000000006,167.79000000000002,110.40000000000002,78.31,18.10142857142857,19.319523809523808,23.596190476190475,22.0955,21.254285714285714,20.44952380952381,15.615,6.095714285714285,2.1438095238095243,-3.0995238095238093,29.42,31.3,35.82,31.86,31.07,31.88,27.15,26.14,15.72,7.51,6.71,8.55,10.48,13.16,11.29,8.65,5.03,-2.22,-7.2,-17.58,1508.9199999999998,789.8399999999999,3023.31,14.557145238095238,35.82,-17.58,635.505,833.5450000000001,39.86999999999999,165.7,422.31000000000006,201.83,1450.72,1216.0900000000001,356.50000000000006
NYH3,2019,140.94,186.07,263.28000000000003,251.375,209.94000000000003,161.46500000000003,127.59499999999998,54.12,0,1.7800000000000011,61.93,86.88,69.47999999999999,48.74,73,32.2,57.31,93.15,16.16,43.77,425.89000000000004,420.68,427.03999999999996,466.23,342.75,330.47,230.98,169.92,126.2,90.67999999999999,16.31142857142857,19.4825,23.3475,21.884285714285713,20.1845,17.7095,14.744285714285713,9.554499999999999,-0.6575000000000001,-1.3276190476190477,25.34,30.73,31.77,30.79,30.32,30.62,30.6,20.88,9.09,12.78,3.87,9.77,13.5,11.84,10.97,8.45,0.45,-1.23,-9.92,-13.17,1396.565,582.6199999999999,3030.84,14.123338095238095,31.77,-13.17,590.29,750.3750000000001,55.9,218.29,211.25,153.08,1273.6100000000001,1370.43,386.8
NYH3,2020,149.705,168.91000000000003,223.615,231.45999999999998,224.04000000000002,186.56500000000003,156.13,99.88,59.044999999999995,36.525,28.020000000000003,21.05,73.05999999999999,43.29999999999999,36.970000000000006,49.93000000000001,13.339999999999998,37.63,35.43,41.6,379.14,452.71000000000004,399.46,387.96000000000004,360.3399999999999,310.38,259.71000000000004,252.57999999999998,164.37,120.66999999999996,18.66176470588235,20.01764705882353,23.70235294117647,23.81705882352941,23.18941176470588,21.55,18.761176470588236,14.17470588235294,11.38,7.381764705882353,30.45,32.07,35.5,33.2,32.91,33.48,32.25,27.94,25.5,24.32,5.72,4.25,12.76,15.7,12.13,11.86,6.28,1.96,0.14,-3.38,1535.8750000000005,380.33,3087.3199999999997,18.26358823529412,35.5,-3.38,542.23,798.195,195.45,122.13,143.54,114.66,1231.31,1318.3899999999999,537.6199999999999
NYH3,2021,149.04,170.855,214.30499999999998,192.175,204.75500000000005,219.99,143.29999999999998,109.55,94.81,21.655000000000005,56.330000000000005,47.31999999999999,110.19,83.15,39.38,126.12,51.8,89.99,46.980000000000004,112.32000000000001,367.57,370.75,365,323.03,365.35,243.13,252.07,213.78,165.81,155.07999999999998,17.602777777777778,20.05,22.16722222222222,21.257058823529412,21.415,22.761764705882353,18.09764705882353,15.211111111111112,14.370588235294118,6.716111111111111,30.04,29.83,34.89,28.54,31.73,31.22,27.67,24.97,24.95,17.52,4.4,6.99,10.75,11.84,9.17,12.83,10.41,4.3,2.93,-3.19,1520.435,763.58,2821.57,17.964928104575165,34.89,-3.19,534.1999999999999,760.22,226.01500000000001,213.84,300.45,249.29000000000002,1103.32,1183.58,534.6700000000001
NYH3,2022,132.76500000000001,158.825,189.89499999999998,225.42999999999998,240.815,198.2,178.65999999999997,93.51,48.010000000000005,80.02000000000001,46.14,61.48,25.400000000000002,26.709999999999997,48.1,71.60000000000001,89.01,53.45,17.929999999999996,7.660000000000001,356.11999999999995,407.74,454.71,410.40999999999997,369.6500000000001,346.79999999999995,265.7099999999999,228.20999999999998,185.48000000000002,186.64,17.172777777777778,18.75888888888889,20.927777777777777,22.884444444444444,24.065555555555555,20.78388888888889,19.65833333333333,13.686666666666667,9.096666666666666,11.343333333333334,28.01,29.42,32.86,34.28,33.78,30.88,32.13,26.93,22.29,23.06,4.94,7.13,7.24,10.92,13.57,10.8,10.4,2.15,0.09,-0.85,1546.13,447.48,3211.4700000000003,17.837833333333332,34.28,-0.85,481.485,843.1049999999999,221.54000000000002,133.02,235.42000000000002,79.03999999999999,1218.57,1392.5700000000002,600.3299999999999
NYH3,2023,115.08500000000002,126.67499999999998,200.89,224.90999999999997,214.39,190.39499999999998,178.435,117.13000000000001,52.785,40.80499999999999,11.33,70.92000000000002,80.91,57.24,83.79,70.24000000000001,43.050000000000004,15.05,48.99999999999999,31.680000000000003,482.50000000000006,368.80999999999995,348.81999999999994,372.7800000000001,357.95,277.06999999999994,305.46999999999997,262.19,137.26,132.23,14.512631578947369,16.955,21.185,22.516666666666666,21.203157894736844,20.223333333333333,19.601111111111113,15.44,10.550555555555556,7.664210526315789,29.47,32,33.75,31.41,33.82,30.19,33.84,29.54,26.58,24.61,-0.8,7.73,10.75,13.95,10.79,11.8,7.39,6.95,3.32,-3.13,1461.5,513.21,3045.0799999999995,16.985166666666668,33.84,-3.13,442.65,808.1299999999999,210.72000000000003,163.16000000000003,254.32000000000002,95.73,1200.1299999999999,1313.27,531.68
NYS1,2020,149.705,168.91000000000003,223.615,231.45999999999998,224.04000000000002,186.56500000000003,156.13,99.88,59.044999999999995,36.525,28.020000000000003,21.05,73.05999999999999,43.29999999999999,36.970000000000006,49.93000000000001,13.339999999999998,37.63,35.43,41.6,379.14,452.71000000000004,399.46,387.96000000000004,360.3399999999999,310.38,259.71000000000004,252.57999999999998,164.37,120.66999999999996,18.66176470588235,20.01764705882353,23.70235294117647,23.81705882352941,23.18941176470588,21.55,18.761176470588236,14.17470588235294,11.38,7.381764705882353,30.45,32.07,35.5,33.2,32.91,33.48,32.25,27.94,25.5,24.32,5.72,4.25,12.76,15.7,12.13,11.86,6.28,1.96,0.14,-3.38,1535.8750000000005,380.33,3087.3199999999997,18.26358823529412,35.5,-3.38,542.23,798.195,195.45,122.13,143.54,114.66,1231.31,1318.3899999999999,537.6199999999999
NYS1,2021,149.04,170.855,214.30499999999998,192.175,204.75500000000005,219.99,143.29999999999998,109.55,94.81,21.655000000000005,56.330000000000005,47.31999999999999,110.19,83.15,39.38,126.12,51.8,89.99,46.980000000000004,112.32000000000001,367.57,370.75,365,323.03,365.35,243.13,252.07,213.78,165.81,155.07999999999998,17.602777777777778,20.05,22.16722222222222,21.257058823529412,21.415,22.761764705882353,18.09764705882353,15.211111111111112,14.370588235294118,6.716111111111111,30.04,29.83,34.89,28.54,31.73,31.22,27.67,24.97,24.95,17.52,4.4,6.99,10.75,11.84,9.17,12.83,10.41,4.3,2.93,-3.19,1520.435,763.58,2821.57,17.964928104575165,34.89,-3.19,534.1999999999999,760.22,226.01500000000001,213.84,300.45,249.29000000000002,1103.32,1183.58,534.6700000000001
OHH1,2015,128.10999999999996,193.75000000000003,151.745,174.435,190.36,174.51499999999996,165.48000000000002,171.65,128.40500000000003,86.205,28.71,98.44000000000001,89.29,85.89,26.349999999999998,18.1,26.529999999999994,24.75,15.409999999999998,5.289999999999999,297.13,306.38,259,260.24,369.19,306.78000000000003,304.78000000000003,287.50000000000006,200.36999999999998,216.33999999999997,18.372666666666667,22.990666666666666,20.403333333333332,21.879333333333335,23.028666666666666,21.816,21.163333333333334,21.222,18.126,13.930666666666667,27.94,31.2,28.34,28.72,31.07,30.19,30.92,32.73,28.74,26.72,5.66,13.17,12.23,12.29,12.73,13.84,10.73,8.14,8.02,-0.32,1564.655,418.76000000000005,2807.71,20.293266666666668,32.73,-0.32,473.605,704.79,386.26000000000005,216.44,156.87,45.449999999999996,862.51,1240.99,704.21
OHH1,2016,163.69000000000005,172.76999999999998,165.82999999999998,202.87,215.25,208.61,189.63500000000002,172.35999999999999,142.14000000000001,101.21499999999997,27.38,37.88,20.38,26.5,12.47,68.37,28.74,33.99,47.29,4.219999999999999,347.10999999999996,332.11999999999995,292.26,332.31,296.26,260.42,291.64,283.8299999999999,201.21,227.5,21.004666666666665,22.89857142857143,22.21785714285714,25.085714285714285,26.575,25.380714285714287,23.84,22.545714285714286,20.076428571428572,15.386,28.82,30.85,32.05,33.26,34.32,34.47,33.52,33.28,32.14,28.31,8.37,10.68,12.02,16.55,19.09,18.13,13.41,11.79,8.17,4.33,1734.37,307.22,2864.66,22.501066666666667,34.47,4.33,502.29,816.365,415.715,85.64,136.08,85.5,971.4899999999999,1180.63,712.54
OHH1,2017,138.84,169.22,171.57,185.545,197.32999999999998,180.42000000000002,150.555,133.43,173.755,121.1,70.69,31.29,92.01,98.06,37.00000000000001,26.06,24.1,32.10000000000001,5.87,61.170000000000016,333.11999999999995,387.0200000000001,377.80999999999995,318.63,342.73,329.92999999999995,267.69,256.59999999999997,281.34000000000003,183.23000000000002,18.945625,20.8925,20.991875,22.720666666666666,22.607499999999998,21.4875,19.880666666666666,17.826249999999998,20.513125,16.456875,28.02,30.15,29.07,29.05,29.84,30.99,31.17,30.1,32.68,28.37,8.38,9.54,9.65,11.86,12.45,11.31,10.51,7.1,5.45,3.59,1621.7649999999999,478.3500000000001,3078.1,20.232258333333334,32.68,3.59,479.63,713.8500000000001,428.28499999999997,193.99,185.22,99.14000000000001,1097.95,1258.98,721.1700000000001
OHH1,2018,164.50000000000003,164.06,192.51,187.84,192.98999999999998,196.32,170.68,206.09,162.67,150.825,40.55,57.85000000000001,62.73,16.35,40.11,54.59,42.38999999999999,92.69999999999999,30.1,17.67,326.76,314.64,331.98999999999995,362.36,313.05,282.55999999999995,261.44,248.83,201.49999999999997,202.59,21.094666666666665,20.951333333333334,23.098666666666666,23.802142857142858,23.038,23.131333333333334,22.236428571428572,24.199333333333335,20.795333333333332,19.88533333333333,30.21,28.41,31.55,30.57,30.95,31.67,29.43,34.16,31.3,30.19,11.76,9.1,12.75,12.69,15.08,14.23,11.18,13.45,10.34,6.85,1788.4850000000001,455.03999999999996,2845.72,22.223257142857143,34.16,6.85,521.07,747.8299999999999,519.585,161.13,153.44,140.46999999999997,973.3899999999999,1219.41,652.92
OHH1,2019,127.60000000000002,166.04,184.78499999999997,170.185,158.975,170.76,135.565,163.93,161.09,82.17999999999999,127.04000000000002,28.469999999999995,21.160000000000004,27.81,14.6,32.1,29.360000000000007,2,20.459999999999997,13.19,237.79,314.34999999999997,318.32000000000005,304.06,310.39,246.78999999999996,237.42999999999998,243.94,217.17,191.1,19.236428571428572,22.98846153846154,24.48,23.35153846153846,22.466153846153848,23.048461538461538,20.34769230769231,22.426153846153845,22.49230769230769,14.616153846153846,25.58,30.1,30.38,30.81,29.41,31.54,28.3,33.36,32.82,31.02,7.08,13.19,16.02,13.99,13,12.61,11.62,13.7,10.72,2.02,1521.11,316.19,2621.3399999999997,21.545335164835166,33.36,2.02,478.42499999999995,635.4849999999999,407.2,176.67000000000002,103.87,35.65,870.46,1098.67,652.21
OHH1,2020,173.33500000000004,208.98000000000005,233.795,210.48499999999996,196.39499999999998,210.23000000000002,145.83499999999998,100.92,86.11000000000001,50.605000000000004,22.340000000000003,34.82,26.96,77.79,22.69,26.35000000000001,45.160000000000004,17.58,57.43000000000001,38.330000000000005,403.78999999999996,375.8399999999999,397.98,327.12,330.65,282.67999999999995,284.21000000000004,222.21999999999997,152.83999999999997,169.45999999999998,20.407647058823528,23.38875,25.13,23.40375,22.44,23.17875,18.18375,14.520625,13.789375,9.290588235294118,29.84,31.4,32.88,32.21,30.93,32.59,30.79,27.72,26.15,24.48,9.38,14.3,15.62,12.12,12.02,11.9,4.77,4.32,-0.2,-4.25,1616.69,369.45000000000005,2946.79,19.373323529411763,32.88,-4.25,616.11,762.9449999999999,237.63500000000005,84.12,171.99,113.34,1177.61,1224.6599999999999,544.52
OHH1,2022,173.10000000000002,188.975,203.57000000000002,211.715,192.135,187.77,162.96499999999997,80.34999999999998,66.55,77.64,61.699999999999996,35.03,94.27000000000001,34.65,41.6,55.54,25.799999999999997,1.96,8.77,13.920000000000002,382.73,423.86,339.03999999999996,296.79,312.54,278.5199999999999,279.60999999999996,244.76,219.99,161.53,21.209375,22.339375,22.965,23.509375,21.9975,22.547333333333334,20.080000000000002,12.72,10.618125,12.14125,31.6,31.18,30.82,32.06,31.57,32.51,33.18,24.41,24.41,24.73,8.64,10.4,13.9,14.04,11.89,13.13,8.68,0.09,-0.37,-0.17,1544.77,373.24,2939.3700000000003,19.012733333333333,33.18,-0.37,565.6450000000001,754.585,224.53999999999996,191,157.58999999999997,24.650000000000002,1145.63,1167.4599999999998,626.28
OHH1,2023,176.80499999999995,186.305,258.89,257.73,242.55499999999998,205.32,178.97000000000003,85.345,78.54,22.09,29.03,51.33999999999999,78.07,59.34000000000001,76.34,7.509999999999999,10.83,39.02,29.400000000000002,33.190000000000005,507.05999999999995,352.03999999999996,398.36,417.0799999999999,375.6599999999999,357.74,300.7,211.97,189.9,163.09,18.706,19.962105263157895,23.726315789473684,23.836315789473684,22.899473684210527,20.79736842105263,18.802105263157895,12.19,10.655263157894737,3.9736842105263155,30.96,30.82,31.02,32.42,33.21,33.37,30.82,29.81,25.28,19.47,5.22,8.23,14.88,15.17,12.75,9.06,8.24,2.93,-3.52,-7.73,1692.55,414.06999999999994,3273.5999999999995,17.554863157894737,33.37,-7.73,622,884.575,185.975,158.44,154.02,101.61000000000001,1257.46,1451.1799999999998,564.96
ONH1,2014,97.57499999999999,115.75500000000001,167.57500000000005,142.55499999999998,149.36,149.565,145.21,92.58,46.36,16.57,26.47,38.199999999999996,76.85000000000001,29.509999999999998,81.34,21.679999999999993,87.28000000000002,34.739999999999995,45.949999999999996,31.659999999999997,386.57,396.39,362.5399999999999,371.68,342.66,299.72,252.53000000000003,256.25,153.55,124.76,14.940588235294118,16.564705882352943,19.987058823529413,18.73,18.786470588235293,18.50764705882353,17.97705882352941,14.19470588235294,10.58235294117647,6.188235294117647,24.59,27.03,28.39,30.38,27.67,30.46,30.35,25.15,22.49,17.5,4.4,6.31,8.07,9.42,9.83,9.58,6.41,3.42,0.89,-4.63,1123.1049999999998,473.67999999999995,2946.650000000001,15.645882352941177,30.46,-4.63,380.90500000000003,586.6899999999999,155.51,141.51999999999998,219.81,112.35,1145.5,1266.5900000000001,534.5600000000001
ONH1,2015,97.745,101.96,118.71,124.82,160.35,179.74,177.69,188.83,131.43499999999997,60.87,10.909999999999998,51.24999999999999,83.56,58.27,34.03,22.389999999999997,47.23,42.050000000000004,17.61,34.18,326.12000000000006,375.73999999999995,360.79,363.59,377.9800000000001,369.64000000000004,319.12000000000006,272.03000000000003,263.09000000000003,180.86999999999998,13.897058823529411,14.318235294117647,16.57941176470588,17.584705882352942,19.54235294117647,21.565625,20.461176470588235,20.801176470588235,16.935294117647057,11.569411764705883,27.31,26.12,25.69,27.99,30.52,33.1,32.36,31.97,28.52,22.07,-0.28,-1.2,4.82,8.39,8.56,10.62,10,11.04,7.41,2.62,1342.1499999999996,401.4800000000001,3208.9700000000003,17.325444852941175,33.1,-1.2,318.41499999999996,642.5999999999999,381.135,145.72,161.92000000000002,93.84,1062.65,1430.3300000000002,715.9900000000001
ONH1,2016,48.955,129.74,122.71500000000002,169.30499999999998,209.93499999999997,211.12,204.395,185.43499999999997,127.16,84.47500000000001,29.080000000000002,33.81,17.069999999999997,17.57,36.300000000000004,15.660000000000004,80.28999999999999,31.48,24.970000000000002,24.14,366.66999999999996,391.79999999999995,432.34,397.04999999999995,397.59,368.47,297.1,326.30000000000007,241.85,203.70999999999998,9.40764705882353,17.659375,16.706470588235295,20.903125,23.024117647058823,23.448125,22.628125,20.533529411764707,17.255,13.086470588235294,22.1,28.4,30.6,32.15,34.26,34.32,33.59,32.24,29.11,25.85,-1.04,5.94,4.37,9.66,11.33,12.88,11.89,9.23,6.06,-0.22,1493.235,310.37,3422.88,18.465198529411765,34.32,-1.04,301.41,794.7549999999999,397.07,79.96,149.82,80.59,1190.81,1460.21,771.8600000000001
ONH1,2017,81.35000000000001,143.59,130.28,162.72499999999997,154.19999999999996,159.47499999999994,98.41,193.82500000000002,96.68499999999999,50.465,50.26,44.28000000000001,96.01000000000002,64.37,38.28,26.069999999999997,21.389999999999997,17.819999999999997,29.699999999999996,27.59,355.59000000000003,369.21,383.64000000000004,311.15000000000003,327.72,304.2600000000001,287.97999999999996,280.92,190.11000000000004,157.20999999999998,13.975294117647058,18.241764705882353,17.967058823529413,20.2325,19.212941176470586,19.383529411764705,14.97625,20.77235294117647,14.41470588235294,9.415882352941177,26.53,28.15,26.99,27.89,27.76,29.97,26.25,32.12,25.29,23.48,4.48,5.2,8.83,12.62,10.43,8.12,4.33,7.13,3.93,0.12,1271.0049999999997,415.77,2967.7900000000004,16.85922794117647,32.12,0.12,355.22,574.8099999999998,340.975,190.55,150.10999999999999,75.11,1108.44,1231.1100000000001,628.24
ONH2,2014,143.11,209.41999999999996,184.67000000000002,194.65,205.445,178.79000000000002,116.80499999999999,55.419999999999995,26.07,5.285,49.67000000000001,71.32,52.31,58.83,64.42999999999999,61.78,36.73,36.11,41.120000000000005,30.350000000000005,433.97,446.6499999999999,403.12,403.9500000000001,376.25000000000006,268.2,287.11,167.71000000000004,152.1,88.36,17.571052631578947,21.11421052631579,20.517777777777777,20.409473684210525,20.75,19.713333333333335,15.781052631578946,11.773333333333333,8.191578947368422,0.37315789473684213,25.2,28.37,27.44,28.38,28.51,29.36,24.11,22.65,18.52,16.32,8.85,12.15,11.75,12.15,11.47,10.38,6.54,3.86,-1.38,-8.45,1319.6650000000002,502.6500000000001,3027.42,15.619497076023391,29.36,-8.45,537.2,695.6899999999999,86.77499999999999,173.3,221.76999999999998,107.58000000000001,1283.7399999999998,1335.5100000000002,408.1700000000001
ONH2,2015,92.81500000000003,104.4,145.975,136.70999999999998,182.25500000000002,184.10500000000002,190.33499999999998,203.065,140.105,91.32000000000004,37.93,58.03,61.669999999999995,65.48,57.02000000000001,26.160000000000004,33.93,35.82,40.18000000000001,18.33,326.24,356.12,315.47999999999996,317.15999999999997,375.31,361.55,329.69,278.98,257.0400000000001,189.61999999999998,14.744375,16.16,19.404375,18.606875,21.65625,22.496666666666666,21.913125,22.53375,18.558125,15.325,25.76,25.14,27.02,26.52,29.06,30.27,29.66,30.3,25.93,24.83,2.68,4.98,12.17,11.84,12.8,14.29,12.97,13.19,10.36,7.18,1471.085,434.55,3107.19,19.139854166666666,30.3,2.68,343.19000000000005,693.405,434.49,157.63,182.59000000000003,94.33,997.8399999999999,1383.71,725.6400000000001
ONH2,2016,102.115,144.03499999999997,197.985,227.70499999999998,273.485,248.20999999999995,233.87500000000003,192.735,115.50500000000002,69.04,14.779999999999998,31.919999999999998,20.070000000000004,33.589999999999996,32.480000000000004,28.759999999999998,19.08,20.369999999999997,17.759999999999998,23.85,418.15000000000003,422.95,447.26000000000005,405.91,417.98999999999995,344.84000000000003,336.24,292.74,209.16,143.02,14.530555555555555,18.324117647058824,21.27777777777778,23.511176470588236,25.522777777777776,24.569411764705883,23.67,20.577222222222222,16.211764705882352,12.476111111111111,27.21,28.26,30.34,30.15,32.57,33.06,31.48,28.86,24.82,25.08,2.84,8.42,12.35,15.41,16.04,16.5,14.58,13.44,5.41,2.4,1804.69,242.65999999999994,3438.2599999999998,20.067091503267974,33.06,2.4,444.135,983.275,377.28000000000003,66.77,113.90999999999998,61.98,1288.3600000000001,1504.98,644.92
ONH2,2017,98.83500000000001,159.665,156.565,197.81500000000003,196.81999999999996,185.21499999999997,123.93,171.73000000000002,143.71500000000003,77.41500000000002,51.11000000000001,42.230000000000004,57.19,48.91999999999999,44.14999999999999,28.89,38.11,25.82,34.75,32.629999999999995,372.9700000000001,370.0799999999999,377.43000000000006,350.37,337.71999999999997,311.04999999999995,271.93000000000006,276.78000000000003,218.42000000000002,159.10999999999999,15.633529411764705,19.959375,19.913125,22.47125,21.731176470588235,21.761875,17.6125,20.238125,18.71875,13.947647058823529,25.62,27.99,26.98,29.94,28.78,29.14,26.14,31.26,29.84,21.7,7.17,9.85,11.28,15.03,14.24,14.09,9.98,7.83,8.73,5.4,1511.705,403.79999999999995,3045.8600000000006,19.198735294117647,31.26,5.4,415.065,703.78,392.86000000000007,150.53,160.07,93.19999999999999,1120.48,1271.07,654.3100000000001
ONH2,2019,174.37000000000003,198.33500000000004,205.58500000000004,198.20999999999998,170.51,145.62,140.95500000000004,61.37,27.299999999999997,0,36.96000000000001,55.919999999999995,32.220000000000006,44.120000000000005,45.459999999999994,62.88,42.86,31.570000000000004,54.03,23.370000000000005,398.18,348.49,377.86000000000007,315.18,301.95000000000005,238.11,192.37,187.18999999999997,105.48999999999998,93.22999999999999,20.9675,23.457333333333334,22.799375,23.12,20.766875,19.596,19.321333333333335,12.690625,9.877333333333333,1.2218750000000003,28.55,30.35,30.82,28.57,29.05,27.67,28.01,21.54,18.83,9.3,9.19,15.12,15.25,15.91,12.9,11.61,9.97,5.93,1.34,-8.69,1322.2549999999999,429.39,2558.05,17.381825,30.82,-8.69,578.2900000000001,655.295,88.66999999999999,125.1,195.32,108.97000000000001,1124.5300000000002,1047.6100000000001,385.90999999999997
SCH1,2018,99.17500000000001,176.135,210.44,220.58999999999997,239.81000000000003,217.06499999999994,230.17000000000002,232.34999999999994,226.10999999999996,239.91500000000002,63.620000000000005,79.9,141.66,18.790000000000003,75.06,56.8,78.62999999999998,72.97999999999999,25.070000000000004,35.91,343.98999999999995,333.96000000000004,287.01,391.23,367.39000000000004,314.44999999999993,323.60999999999996,335.42,322.61,275.8,15.836,21.932666666666666,23.642,25.124666666666666,27.000666666666667,26.45642857142857,25.831333333333333,26.304666666666666,25.924666666666667,27.144000000000002,28.04,33.26,31.44,36.43,35.98,35.75,34,34.5,35.76,34.94,2.57,11.91,17.86,15.26,20.44,17.5,19.39,19.28,14.34,21.52,2091.7599999999998,648.4200000000001,3295.4700000000007,24.519709523809524,36.43,2.57,485.75,907.635,698.375,285.18,229.27999999999997,133.95999999999998,964.96,1396.68,933.8299999999999
SCH1,2019,144.32999999999998,177.85,170.81500000000003,169.60500000000002,202.99000000000004,197.325,200.79000000000002,187.66500000000002,208.95000000000005,185.65499999999997,58.35,2.8399999999999994,60.82,57.23,32.03,43.12,25.45,50.800000000000004,57.25,21.03,268.40999999999997,343.33000000000004,259.67,289.80999999999995,327.0799999999999,256.88,298.63000000000005,261.59,288.13,261.86,20.93846153846154,24.373846153846152,24.675833333333333,23.016153846153845,27.016153846153845,27.999166666666667,26.963846153846156,27.3975,28.323076923076922,25.056153846153848,28.49,34.43,33.66,32.94,37.14,36.88,36.22,37.81,37.65,35.74,8.84,9.53,16.85,11.49,19.58,21.94,17.03,20.04,21.36,16.31,1845.975,408.91999999999996,2855.3900000000003,25.57601923076923,37.81,8.84,492.995,770.71,582.27,122.00999999999999,157.82999999999998,129.08,871.4100000000001,1172.3999999999999,811.58
SCH1,2020,130.49,186.565,163.76999999999998,214.58499999999998,200.94,228.32000000000005,206.425,213.47000000000003,197.755,155.765,107.58000000000001,33.95,29.119999999999997,38.32,40.22999999999999,54.99,66.28999999999999,78.9,12.049999999999999,111.77999999999999,287.94,304.71000000000004,290.98,324.41,322.03999999999996,323.55999999999995,293.45,254.54,273.24,216.50000000000006,19.039285714285715,23.285714285714285,22.69846153846154,25.64785714285714,26.982307692307693,28.34357142857143,27.80923076923077,25.410714285714285,25.863846153846154,20.827142857142857,30.27,31.99,31.99,36.42,37.02,36.82,35.43,33.79,34.74,32.77,4.79,15.99,12.66,19.84,19.2,20.71,20.54,18.47,15.19,8.18,1898.085,573.21,2891.37,24.590813186813186,37.02,4.79,480.825,850.27,566.99,170.65000000000003,199.82999999999998,202.73,883.6300000000001,1263.46,744.28
SCH1,2021,123.52999999999999,144.53999999999996,228.885,264.95,266.14,265.895,279.095,283.37,242.91,209.85999999999999,34.24,71.75000000000001,24.71,107.38,41.06,97.74000000000001,43.89,95.25000000000001,54.66,135.38,406.59000000000003,383.3799999999999,434.99000000000007,402.57,417.40000000000003,371.87,378.84000000000003,355.64,311.92,262.13,15.99,17.708333333333332,22.997222222222224,24.977222222222224,25.672777777777778,26.716470588235293,26.808888888888887,26.587222222222223,23.40388888888889,21.2,27.27,27.06,32.59,34.19,34.3,36.45,36.94,35.73,33.32,31.91,0.84,5.46,12.41,17.18,15.37,19.06,18.09,18.08,14.63,9.83,2309.175,706.06,3725.3300000000004,23.206202614379084,36.94,0.84,496.9549999999999,1076.08,736.14,130.70000000000002,290.07,285.29,1224.96,1570.6800000000003,929.6899999999999
SCH1,2022,149.395,204.75000000000003,229.86999999999995,245.605,254.45500000000004,244.71,252.88000000000002,245.905,224.065,160.14499999999998,10.120000000000001,83.42,20.599999999999998,30.999999999999996,84.21000000000001,32.97,42.41,41.179999999999986,78.57000000000002,17.710000000000004,381.63,359.58000000000004,399.7800000000001,379.78000000000003,339.34,339.92999999999995,323.39,297.78999999999996,274.3,292.44,19.02,23.104375,25.618125,27.514375,27.57375,28.490666666666666,26.93875,26.173750000000002,23.831875,19.964375,29.1,33.31,39.58,39.32,36.77,38.29,37.67,35.92,33.91,35.38,7.72,13.16,15.17,15.33,18.92,21.38,19.77,19.35,14.31,8.64,2211.78,442.19,3387.96,24.823004166666667,39.58,7.72,584.015,997.6500000000001,630.115,114.14,190.59,137.46,1140.9900000000002,1382.44,864.53
SCH1,2023,156.85500000000002,126.975,167.07,177.58,223.10999999999999,222.27499999999998,205.38000000000002,216.90000000000003,213.25499999999997,198.105,47.15,36.349999999999994,52.419999999999995,84.07999999999997,30.300000000000004,38.37999999999999,63.64,24.869999999999997,41.6,48.59000000000001,274.90999999999997,293.66999999999996,320.32000000000005,269.58,322.96,326.28000000000003,263.06,317.56,295.25,248.98000000000002,20.98857142857143,18.815,21.777142857142856,23.993076923076924,27.265,27.835,27.09846153846154,27.314285714285713,26.955714285714286,24.247857142857143,29.96,28.18,30.61,32.86,36.13,38.14,36.08,37.24,39.05,35.03,12.65,10.93,11.97,16.95,18.7,19.67,19.05,18.48,17.25,14.04,1907.505,467.38,2932.57,24.62901098901099,39.05,10.93,450.90000000000003,828.3449999999999,628.26,135.92,216.39999999999998,115.06,888.9,1181.8799999999999,861.79
SDH1,2015,101.08500000000001,161.83,184.44,207.59999999999997,207.23000000000005,169.84,194.61499999999995,148.96000000000004,97.31000000000002,61.595,85.17999999999998,81.96999999999998,41.900000000000006,12.949999999999998,35.44,38.56999999999999,10.209999999999999,1.32,37.13999999999999,17.560000000000002,315.98,386.48999999999995,381.6,419.72,409.63000000000005,351.1700000000001,300.59999999999997,291.36,168.73999999999998,184.89000000000004,15.456875,20.29375,22.13125,23.916249999999998,23.84,21.45,22.744374999999998,18.86125,14.64375,9.83625,29.09,35.41,34.08,35.72,36.28,39.26,38.88,35.19,30.75,28.41,2.52,10.86,12.37,12.85,11.62,6.51,9.28,7.64,4.46,-3.01,1534.5049999999999,362.2399999999999,3210.18,19.317375,39.26,-3.01,447.355,779.2850000000001,307.865,209.04999999999998,97.16999999999997,56.019999999999996,1084.0700000000002,1481.1200000000001,644.99
TXH1,2014,73.96,127.38499999999999,131.04,219.73999999999998,213.615,258.28000000000003,295.395,277.16999999999996,280.52000000000004,306.59999999999997,54.77,13.62,25.44,40.230000000000004,145.11,104.71,35.39,73.24,27.89,14.840000000000002,261.88,299.12000000000006,327.92,402.42,373.43000000000006,384.85999999999996,404.41,414.37000000000006,366.61000000000007,435.51000000000005,10.771666666666667,16.77176470588235,16.808823529411764,22.476666666666667,22.42705882352941,25.696470588235293,27.095,28.21764705882353,28.560588235294116,29.905555555555555,26.36,28.31,28.95,33.48,33.31,32.84,35.62,37.36,37.98,38.71,-6.38,5.89,2.48,10.13,10,17.83,21.07,21.35,20.05,19.18,2183.705,535.24,3670.53,22.873124183006535,38.71,-6.38,332.385,987.03,864.29,93.83,325.44,115.97,888.9200000000001,1565.1200000000001,1216.4900000000002
TXH1,2015,91.78999999999999,123.475,156.705,152.12499999999997,194.375,200.34000000000003,232.72000000000003,227.515,229.19,248.07000000000002,149.02,6.38,88.1,57.58,142.6,166.10999999999999,24.4,116.37999999999998,14.960000000000004,0.35,149.04,266.96999999999997,203.10999999999999,326.33000000000004,195.73999999999998,258.87,386.60999999999996,284.2,338.36999999999995,412.43,15.259333333333334,18.362142857142857,20.904285714285713,20.303333333333335,23.635,24.13142857142857,26.060666666666666,26.23,26.85214285714286,28.31266666666667,25.94,27.95,28.77,30.39,29.09,30.33,32.15,31.8,32.8,36.66,1.81,5.68,12.67,8.7,15.24,18.49,16.77,21.73,20.61,22,1856.305,765.88,2821.6699999999996,23.0051,36.66,1.81,371.97,779.5600000000001,704.775,243.5,390.68999999999994,131.68999999999997,619.12,1167.55,1035
TXH1,2016,138.16500000000002,99.59500000000001,159.69,172.525,199.34000000000003,218.91000000000003,240.785,267.495,256.72,274.04,116.67999999999999,19.32,147.11,75.25999999999999,103.63,251.67,20.939999999999998,20.86,1.8499999999999999,31.040000000000003,243.48,305.71999999999997,260.70000000000005,324.24,304.28,251.11,379.37999999999994,402.9999999999999,393.26,391.67999999999995,18.2725,15.414666666666667,19.626875000000002,21.386,22.238125,24.386,26.514,27.673125,28.859333333333332,29.7875,27.94,27.05,28.35,30.16,29.93,30.72,32.99,33.31,36.6,38.3,6.47,1.47,8.22,11.46,12.7,18.96,19.21,20.79,22.45,22.57,2027.265,788.3599999999999,3256.85,23.4158125,38.3,1.47,397.45000000000005,831.5600000000001,798.2550000000001,283.11,451.49999999999994,53.75,809.9,1259.01,1187.9399999999998
TXH1,2017,131.65,174.425,175.43,167.55,224.71,232.985,261.39,270.375,276.69500000000005,273.98,40.87,57.93,75.26,10.02,71.31,78.36,7.260000000000001,52.85000000000001,30.370000000000008,75.16,235.79,331.41,304.58,388.51000000000005,301.90000000000003,352.15999999999997,384.11999999999995,387.31,390.92999999999995,343.77,16.85,20.559375,20.595625,20.925625,24.39125,25.08125,28.0225,28.593125,29.76,29.8325,27.16,29.08,28.89,33.01,34.6,34.08,37.38,37.08,38.47,40.65,3.14,10.37,7.75,8.87,13.57,11.54,19.39,22,23.64,22.12,2189.19,499.39,3420.4799999999996,24.461125,40.65,3.14,481.50500000000005,886.635,821.0500000000001,174.06,166.95,158.38,871.78,1426.69,1122.01
TXH1,2018,138.565,149.18499999999997,138.72,201.06,247.18,269.595,269.7300000000001,266.825,274.86,288.04999999999995,10.73,113.89999999999999,36.690000000000005,16.23,36.70999999999999,15.37,50.97,52.71999999999999,0.6000000000000001,32.849999999999994,304.64,252.20999999999998,362.61999999999995,356.16,377.15000000000003,414.81,367.62000000000006,378.5400000000001,419.61999999999995,372.25000000000006,17.000588235294117,18.62125,17.91375,23.033125,27.41125,30.049375,29.0325,28.990000000000002,31.567500000000003,29.688823529411764,28.94,29.82,29.98,34.19,37.19,39.07,37.88,39.12,42.42,38.99,4.8,5.75,4.23,8.83,19.05,22.25,22.97,21.33,22.22,21.24,2243.7700000000004,366.77,3605.62,25.330816176470588,42.42,4.23,426.47,987.565,829.7349999999999,161.32,119.27999999999999,86.16999999999999,919.4699999999998,1515.7400000000002,1170.41
TXH1,2019,110.32999999999998,145.245,179.03500000000003,205.685,260.565,241.44500000000002,263.16499999999996,258.71000000000004,270.87500000000006,289.6,2.34,103.41,130.41,58.16,53.330000000000005,60.449999999999996,65.02,8.9,14.020000000000001,7.56,293.44,317.99,299.07,294.59000000000003,352.7,381.67,355.63,387.6699999999999,392.99000000000007,393.60999999999996,15.8225,19.076875,21.650666666666666,22.9025,26.7725,27.07133333333333,27.190625,29.544666666666668,30.024375,32.47,28.09,29.3,29.41,31.83,33.02,34.51,34.5,38.18,39.42,41.55,2.43,7.09,10.95,13.15,21.48,18.56,21.02,23.43,19.08,25.09,2224.655,503.5999999999999,3469.3600000000006,25.252604166666668,41.55,2.43,434.61,970.86,819.1850000000001,236.16,236.95999999999998,30.48,910.5,1384.5900000000001,1174.27
TXH1,2020,190.04000000000002,149.505,153.29,186.475,229.38,230.77000000000004,235.525,272.895,257.00499999999994,274,59.69,59.42,24.89,27.179999999999996,122.06999999999998,9.299999999999997,125.41000000000001,8.65,25.970000000000002,24.870000000000008,212.70000000000002,218.03000000000003,327.24000000000007,371.94999999999993,330.7900000000001,387.41999999999996,341.1,358.08,351.0299999999999,391.86,21.32375,19.978666666666665,19.104375,22.814666666666668,24.76625,27.076666666666668,27.443333333333335,28.525625,29.438,30.025,30.64,31.52,33.35,34.52,34.1,37.43,37.2,37.89,39.38,38.46,8.61,8.04,5.73,11.11,15.8,17.46,18.27,21.92,23.23,22.47,2178.885,487.45000000000005,3290.2,25.049633333333333,39.38,5.73,492.83500000000004,882.15,803.8999999999999,144,283.96,59.49000000000001,757.97,1431.2599999999998,1100.9699999999998
TXH1,2021,133.28000000000003,148.57,146.11,213.98000000000002,194.03500000000003,240.495,247.46,260.375,246.17499999999995,272.28,26.599999999999998,4.409999999999999,50.470000000000006,99.67,127.51000000000002,113.28,25.750000000000004,117.14,30.189999999999994,29.980000000000004,271,289.64000000000004,259.79999999999995,286.78999999999996,221.92,321.18,378.71000000000004,295.23,361.5,347.03,17.39375,18.925625,19.272666666666666,23.3925,22.622666666666667,24.9725,27.805333333333333,26.5,27.212,28.68,28.28,31.76,32.45,33.23,29.85,31.77,33.56,33.23,34.74,36.16,4.49,5.26,5.9,12.81,14.88,18.3,20.69,22.07,21.81,22.77,2102.76,625,3032.8,23.677704166666665,36.16,4.49,427.96000000000004,895.97,778.8299999999999,81.48,366.21000000000004,177.31,820.44,1208.6,1003.76
TXH1,2022,133.93,169.635,216.06,245.21000000000004,245.035,274.085,282.7950000000001,290.56,288.325,301.655,71.8,12.840000000000002,44.4,25.94,55.5,3.2700000000000005,8.879999999999999,6.709999999999999,7.05,50.27,360.7999999999999,340.7199999999999,277.96,388.47,398.6199999999999,423.3300000000001,424.8299999999999,427.11000000000007,402.18,353.36,17.08705882352941,20.118125,23.673125,27.075625,27.036875,30.681875,32.161875,33.63375,32.714999999999996,30.904117647058822,28.52,33.29,33.45,37.14,38.43,40.17,41.41,44.1,42.18,41,4.7,6.38,11.48,13.57,15.07,20.88,22.58,24.6,25.22,24.09,2447.29,286.66,3797.3799999999997,27.508742647058824,44.1,4.7,519.625,1047.125,880.54,129.04,93.58999999999999,64.03,979.4799999999998,1635.25,1182.65
TXH1,2023,132.545,118.43000000000002,143.28,130.265,189.29,204.91,207.005,260.84999999999997,261.28000000000003,272.475,12.670000000000002,22.169999999999998,90.88,92.56000000000002,86.38999999999999,53.190000000000005,46.39,7.71,13.49,0.67,232.73,208.58999999999997,211.00999999999996,253.17,264.36999999999995,332.54,340.59999999999997,376.12000000000006,369.5000000000001,415.42,18.175333333333334,17.108,19.462,19.189285714285713,22.590666666666667,23.688666666666666,25.482142857142858,30.365333333333332,31.030666666666665,33.690666666666665,28.81,29.09,33.7,29.07,30.95,30.76,34.56,39.74,40.92,42.57,6.03,2.25,10.9,10.57,9.36,17.11,19.26,22.88,22.33,24.91,1920.33,426.12,3004.0499999999997,24.07827619047619,42.57,2.25,394.255,731.4699999999999,794.605,125.72,278.53,21.87,652.3299999999999,1190.6799999999998,1161.0400000000002
TXH2,2014,207.96,196.75000000000006,235.00500000000002,261.27500000000003,258.6,262.64,265.98,278.08500000000004,256.72999999999996,230.125,20.67,86.84,90.22,46.51,15.759999999999998,44.589999999999996,15.54,12.979999999999999,27.999999999999996,60.699999999999996,417.87,361.0700000000001,351.94,341.25,415.05000000000007,362.33000000000004,367.62,367.28,308.24,268.45,22.98294117647059,22.515,25.69375,27.138125,28.593125,28.76125,29.721875,30.870625,28.11625,24.44625,35.88,33.9,35.65,34.63,37.8,39.1,40.28,39.58,37.98,32.9,8.72,8.21,15.79,17.7,20.46,18.69,18.88,20.23,14.62,14.4,2453.15,421.81,3561.0999999999995,26.88391911764706,40.28,8.21,639.715,1048.495,764.94,197.73000000000002,122.39999999999998,101.67999999999999,1130.88,1486.25,943.97
TXH2,2015,191.335,196.25,217.26500000000001,240.30500000000004,246.85499999999996,246.79500000000002,258.555,260.345,250.94500000000002,238.695,62.64,190.21,46.19,71.07,30.27,0,0.2,8.22,10.37,19.300000000000004,321.0300000000001,189.41,384.22999999999996,338.92,350.36,432.28999999999996,406.87,342.35999999999996,312.88,301.37999999999994,21.838124999999998,22.766,24.918,26.274666666666665,27.148666666666667,29.726666666666667,31.648666666666667,31.240666666666666,29.294,27.349333333333334,31.44,29.82,33.42,33.69,33.87,38.75,40.78,42.39,39.13,38.41,8.15,16.09,16.86,21.06,20.71,20.51,22.98,22.22,20.74,17.33,2347.3450000000003,438.47,3379.7300000000005,27.220479166666667,42.39,8.15,604.85,992.51,749.9850000000001,299.04,101.53999999999999,37.89,894.6700000000001,1528.44,956.6199999999999
TXH2,2016,165.85999999999999,189.16500000000002,213.76499999999996,248.2,256.19,239.48499999999999,258.05000000000007,244,242.91000000000003,243.39499999999998,56.330000000000005,114.03,81.09,6.2299999999999995,27.59,3.7199999999999998,10.989999999999998,194.88,27.240000000000002,4.669999999999999,338.22999999999996,238.05,351.2,385.7800000000001,388.46999999999997,381.09000000000003,390.56999999999994,246.02,313.45000000000005,311.57,21.195999999999998,22.426,24.407333333333334,28.032,29.516666666666666,30.572857142857142,30.461333333333332,27.124,26.558,27.499333333333333,30.49,30.11,31.71,35.07,38.39,39.27,39.72,40.63,33.82,35.97,8.84,13.63,16.63,21.43,22.81,22.56,21.61,21.61,21.35,18.56,2301.02,526.77,3344.4300000000007,26.779352380952382,40.63,8.84,568.79,1001.9250000000001,730.3050000000001,251.45000000000002,48.53,226.79,927.48,1545.91,871.04
TXH2,2017,206.51999999999998,215.91000000000003,251.97500000000002,263.85499999999996,275.285,277.98499999999996,273.86,240.14499999999998,239.78499999999997,236.835,8.76,111.96000000000001,15.659999999999998,53.3,10.129999999999999,27.589999999999996,50.179999999999986,90.45,1.1,55.00999999999999,363.49000000000007,291.3800000000001,389.23,380.02,407.5,370.13,367.14000000000004,312.8,340.93000000000006,254.05999999999997,23.36375,23.67125,27.336875,28.598125,30.30875,30.868125,30.018125,25.83875,26.23125,24.833125,34.75,33.8,37.38,40.48,39.72,40.92,39.74,37.57,36.34,34.05,10.9,11.86,18.59,21.06,23.43,22.61,22.22,13.59,14.24,16.03,2482.1549999999997,424.14,3476.68,27.1068125,40.92,10.9,674.405,1090.9850000000001,716.765,136.38000000000002,141.19999999999996,146.56,1044.1000000000001,1524.7900000000002,907.79
TXH2,2018,221.74499999999995,226.19,232.255,237.59499999999994,234.80499999999998,247.57500000000002,234.82999999999998,241.88000000000002,226.92000000000002,216.34500000000006,37.67,25.82,6.36,8.2,28.159999999999997,2.4,49.16000000000001,6.42,101.14999999999999,71.91,354.45000000000005,379.58000000000004,350.67999999999995,382.26,340.42,359.41999999999996,296.59000000000003,345.15,241.51,227.4,25.876,28.90714285714286,29.327142857142857,30.50357142857143,29.22357142857143,33.23357142857143,29.42142857142857,30.697142857142858,27.338571428571427,25.519285714285715,36.89,40.43,37.58,40.81,40.59,44.92,39.65,39.51,38.12,33.31,16.5,19.57,21.1,23.27,22.02,23.66,21.87,23.59,20.53,18.09,2320.1400000000003,337.25,3277.4600000000005,29.00474285714286,44.92,16.5,680.1899999999999,954.8049999999998,685.1450000000001,69.85000000000001,87.92000000000002,179.48,1084.71,1378.69,814.06
TXH2,2019,115.03500000000001,137.36499999999998,169.46999999999997,187.98000000000002,233.09,232.07500000000002,261.46999999999997,253.115,247.58,284.61499999999995,0.89,77.01999999999998,128.12,56.769999999999996,15.969999999999999,73.71,51.75000000000001,16.59,7.92,3.6000000000000005,298.64,288.67,278.65,304.99,308.43,364.09999999999997,382.53000000000003,402.61,375.08000000000004,405.92999999999995,16.0825,18.734,21.04,21.85875,25.964666666666666,26.200666666666667,27.0025,29.178,29.590666666666667,32.3025,30.15,30.85,28.38,31.4,32.63,34.73,34.84,37.88,39.17,41.1,2.87,5.82,10.58,10.78,16.96,18.17,20.71,21.6,17.81,24.06,2121.7949999999996,432.34,3409.6299999999997,24.795425,41.1,2.87,421.86999999999995,914.615,785.31,206.02999999999997,198.2,28.11,865.9599999999999,1360.05,1183.62
TXH2,2020,158.87000000000003,127.245,118.44999999999999,174.05499999999998,174.86499999999998,198.93,216.34,227.38,239.235,259.17499999999995,71.77999999999999,34.72,45.92,23.650000000000002,57.040000000000006,53.25,0.8700000000000001,54.92,11.11,18.86,185.08999999999997,189.47,258.65000000000003,374.39,309.93,321.84000000000003,410.69,301.97,346.6000000000001,359.83000000000004,19.941333333333333,18.83,17.56,22.771428571428572,23.03,24.369285714285716,28.61857142857143,27.002142857142857,30.73857142857143,30.322,30.33,33.21,30.77,35.38,34.88,33.36,39.61,35.02,42.53,39.47,6.38,6.51,3.55,12.55,10.77,14.88,16.74,20.8,21.69,23.32,1894.5449999999998,372.12000000000006,3058.4599999999996,24.318333333333335,42.53,3.55,404.565,764.1899999999999,725.79,152.42,134.81,84.89,633.21,1416.85,1008.4000000000002
TXH2,2021,135.155,134.125,136.155,204.55,189.84499999999997,213.34,262.565,248.20999999999998,245.95,266.41499999999996,30.04,2.1500000000000004,25.930000000000003,71.75000000000003,83.96,106.65,12.78,68.65,42.22999999999999,20.950000000000003,281.31,298.83,257.71000000000004,291.25,211.71000000000004,259.8900000000001,424.38999999999993,301.02000000000004,347.54,375.05000000000007,17.259999999999998,18.542,18.29,22.900625,22.167333333333332,24.272,28.645,27.200666666666667,27.477999999999998,28.9925,29.86,34.69,32.35,33.06,29.36,31.92,36.66,36.64,38.28,38.21,4.08,5.31,4.67,11.53,13.79,18.31,19.87,22.14,21.51,21.18,2036.31,465.09,3048.7000000000003,23.5748125,38.28,4.08,405.43499999999995,870.3,760.5749999999999,58.120000000000005,275.14,131.82999999999998,837.85,1187.24,1023.6100000000001
TXH2,2022,138.46,166.825,192.42500000000004,244.285,238.065,255.55499999999998,274.165,270.78999999999996,285.505,286.81,17.509999999999998,24.589999999999996,12.839999999999998,20.550000000000004,46.519999999999996,12.39,23.15,6.01,2.9299999999999997,6.56,336.39000000000004,376.9699999999999,249.38000000000002,364.92999999999995,394.02000000000004,388.90000000000003,447.00999999999993,406.51000000000005,438.59999999999997,378.32,17.415,20.2525,23.13533333333333,27.480625,27.016875,30.397333333333332,31.6175,33.30733333333333,33.070625,32.03875,32.89,35.44,34.25,39.01,39.17,42.23,41.43,44.35,42.39,40.93,4.1,6.3,11.85,12.62,14.92,20.87,19.29,24.06,24.8,24.53,2352.8849999999998,173.04999999999998,3781.0299999999997,27.5731875,44.35,4.1,497.71000000000004,1012.0699999999999,843.105,54.93999999999999,102.60999999999999,15.5,962.7399999999999,1594.8600000000001,1223.43
TXH2,2023,131.16000000000003,120.425,128.39000000000001,152.415,176.01999999999998,201.18999999999997,204.26500000000001,263.63,244.47999999999996,269.715,19.98,11.030000000000001,30.210000000000004,60.849999999999994,47.5,60.91,19.720000000000002,11.450000000000001,3.2199999999999993,0.65,224.85000000000002,248.09,237.64999999999998,265.45,280.24000000000007,309.13,330.9799999999999,346.22,353.84,404.36,17.842,16.88,19.152857142857144,19.822,22.68857142857143,23.476,25.8,31.946,31.86285714285714,33.961999999999996,31.59,30.45,35.67,33.21,33.84,32.2,37.95,44.32,42.54,43.46,6.02,1.69,9.79,9.95,9.79,15.66,17.72,23.04,23.49,23.81,1891.6899999999998,265.52,3000.81,24.343228571428572,44.32,1.69,379.975,733.8899999999999,777.8249999999999,61.220000000000006,188.98,15.32,710.59,1185.8,1104.42
TXH3,2019,110.32999999999998,137.95000000000002,174.76999999999998,200.495,244.40999999999997,239.11999999999998,265.69,257.19,252.05499999999998,289.20500000000004,2.34,103.41,130.4,56.45,30.670000000000005,83.95,65.9,7.630000000000001,11.97,9.309999999999999,293.44,289.5,300.77,307.76,329.18,370.81,349.62000000000006,393.09,366.55000000000007,398.65000000000003,15.8225,19.216,21.323999999999998,22.626875,26.738666666666667,26.831333333333333,27.178125,29.394,29.654666666666667,32.60625,28.09,29.3,29.41,31.83,33.02,34.51,34.07,38.18,38.73,41.55,2.43,7.09,10.51,13.15,21.48,18.56,21.02,22.55,19.08,25.3,2171.215,502.03000000000003,3399.3700000000003,25.139241666666667,41.55,2.43,423.04999999999995,949.7149999999999,798.45,236.15,236.97,28.91,883.71,1357.3700000000001,1158.2900000000002
TXH3,2020,122.43499999999997,156.63,170.95,187.95,202.12500000000006,189.41,215.38,223.99,223.315,222.35500000000002,35.010000000000005,34.37,63.18000000000001,65.83,3.4599999999999995,72.15,55.58,9.11,43.720000000000006,4.34,247.94999999999996,313.72,270.93999999999994,298.67999999999995,335.56999999999994,301.6,251.02999999999997,328.51,282.23,331.87,18.762307692307694,22.299230769230768,23.354615384615386,24.942307692307693,27.521538461538462,28.039166666666667,27.114615384615384,29.96846153846154,28.97230769230769,30.696923076923078,31.52,33.38,34.52,34.1,37.43,37.2,35.81,39.38,36.71,40.9,5.73,11.26,11.11,15.8,17.46,18.27,21.92,23.88,23.23,22.47,1914.5400000000002,386.75,2962.1,26.167147435897437,40.9,5.73,450.01499999999993,794.865,669.6600000000001,132.56,197.01999999999998,57.17,832.6099999999999,1186.8799999999999,942.61
TXH3,2021,159.25,211.74500000000003,207.83000000000004,240.495,264.05,243.785,263.23499999999996,272.40999999999997,273.29,259.47,51.11000000000001,90.73,136.51,113.28,32.290000000000006,110.59999999999998,30.669999999999995,29.800000000000004,28.380000000000003,11.530000000000001,279.02,298.38,233.85999999999999,321.18,395.31000000000006,278.63,386.55,344.44999999999993,342.84000000000003,340.02,19.47625,23.235625,22.695625,24.9725,27.755625000000002,26.466,27.32625,28.701249999999998,29.160625,28.500625,32.45,33.23,29.97,31.77,33.56,33.23,34.74,36.16,37.84,38.33,5.9,12.81,14.88,18.3,20.69,22.07,21.81,22.77,22.08,17.98,2395.5600000000004,634.8999999999999,3220.2400000000002,25.8290375,38.33,5.9,578.825,1011.565,805.1700000000001,278.35,286.84,69.71000000000001,811.26,1381.67,1027.31
TXH3,2022,176.755,190.42000000000002,229.19000000000005,211.875,256.015,245.28999999999996,253.88000000000002,269.07000000000005,251.27499999999998,263.94,13.580000000000002,43.76,25.81,49.86,8.82,8.35,2.97,7.78,14.879999999999999,57.61,293.06,242.46999999999997,370.61000000000007,355.8999999999999,384.2900000000001,378.32,374.06,386.75999999999993,335.47999999999996,292.11,21.551333333333332,23.80142857142857,27.106666666666666,26.890714285714285,30.205333333333332,32.29142857142857,33.27428571428572,32.83,31.98857142857143,30.204666666666668,33.29,33.45,37.14,38.43,40.17,41.41,44.1,42.3,40.8,41,6.38,11.48,13.57,15.07,20.88,22.58,24.85,24.6,24.09,23.98,2347.7100000000005,233.41999999999996,3413.06,29.014442857142857,44.1,6.38,596.365,967.06,784.2850000000001,83.15,70,80.27,906.1400000000001,1492.57,1014.3499999999999
TXH3,2023,121.735,150.525,166.655,183.885,204.45,210.25,226.57,218.48000000000005,236.61500000000004,240.255,66.89000000000001,54.730000000000004,104.42,28.389999999999997,26,6.88,13.49,0.4,0.61,0.04,221.44,253.58999999999997,219.06,313.81,314.59,311.82000000000005,311.19000000000005,334.01,350.29999999999995,351.0100000000001,19.22923076923077,21.662307692307692,23.815,24.355384615384615,27.11769230769231,31.023333333333333,30.95230769230769,33.73416666666667,34.09923076923077,34.11615384615384,29.07,30.95,30.76,31.71,37.66,40.03,40.92,42.57,43.17,43.52,10.57,9.36,17.56,17.11,19.26,24.45,22.33,24.91,25.37,23.47,1959.42,301.85,2980.8200000000006,28.01048076923077,43.52,9.36,438.91499999999996,825.155,695.3500000000001,226.04000000000002,74.76,1.05,694.0899999999999,1251.41,1035.3200000000002
WIH1,2014,101.81500000000001,136.17000000000002,183.53500000000003,155.40000000000003,175.84000000000003,187.14,203.87500000000003,93.82,83.81,46.75,53.51000000000001,76.01,136.67999999999998,73.23,10.190000000000001,48.03,92.32000000000001,29.280000000000005,23.639999999999997,57.94,366.0400000000001,392.79,369.69,353.93,384.72,348.95,269.92999999999995,259.3,216.8,163.18,14.602222222222222,18.12,21.111176470588237,19.53764705882353,20.245,20.94,22.141176470588235,14.255882352941176,12.58529411764706,9.6594444444444445,25.72,27.95,27.96,28.89,30.23,29.91,30.99,26.58,26.86,20.86,2.79,7.47,8.63,9.44,10.78,10.33,10.16,3,-0.77,-0.17,1368.155,600.8299999999999,3125.3300000000004,17.319784313725492,30.99,-0.77,421.52000000000004,722.2550000000001,224.38,266.2,223.76999999999998,110.86,1128.5200000000002,1357.5300000000002,639.28
WIH1,2015,141.61,122.87,155.215,181.995,191.98999999999995,136.675,165.02999999999997,131.98499999999999,63.785,51.684999999999995,85.93,48.46999999999999,63.449999999999996,20.21,13.290000000000001,81.91999999999999,36.449999999999996,69.34000000000003,28.02,12.770000000000001,299.6,300.38,324.51,331.32,313.28000000000003,204.96000000000004,226.00000000000003,246.3,179.87000000000003,170.54999999999998,19.706666666666667,19.107142857142858,20.745333333333335,23.305714285714284,23.312666666666665,19.767142857142858,21.640714285714285,18.347333333333335,12.876428571428571,10.241333333333333,29.71,27.29,31.02,30.96,35.19,34.29,33.02,28.97,25.15,21.67,9.19,8.12,11.28,14.28,13.13,10.1,8.26,7.04,4.71,-3.49,1342.84,459.84999999999997,2596.77,18.905047619047618,35.19,-3.49,419.69500000000005,675.6899999999999,247.45499999999998,197.85,151.86999999999998,110.13000000000002,924.49,1075.5600000000002,596.72
WIH1,2016,72.17999999999999,143.85,180.79,167.59999999999997,213.285,188.69500000000002,182.69,159.48999999999998,130.065,75.62999999999998,36.92,63.400000000000006,71.28,56.76,86.56,60.33999999999999,105.18999999999998,73.25,77.14999999999999,19.320000000000004,338.05,361.46,386.62999999999994,392.60999999999996,348.79999999999995,308.29,281.8,280.42,189.67999999999998,176.63,12.8275,19.066875,21.766875,20.869374999999998,23.690625,22.865333333333332,21.485,20.015625,17.734375,13.07375,25.65,26.16,29.46,28.95,31.33,29.89,28.94,30.34,26.55,22.66,-2.16,8.06,12.36,11,12.23,15.06,11.37,10.32,7.33,0.83,1514.2749999999999,650.1700000000001,3064.37,19.339533333333332,31.33,-2.16,396.81999999999994,752.27,365.18499999999995,171.60000000000002,308.84999999999997,169.71999999999997,1086.1399999999999,1331.4999999999998,646.73
WIH1,2017,82.24000000000001,112.29000000000002,185.50999999999996,156.66500000000002,195.64000000000004,153.105,139.65,115.575,168.01500000000001,92.36,67.95,32.339999999999996,108.88999999999999,90.47,134.25,24.34,48.24,9.530000000000001,14.089999999999998,90.03999999999998,331.7,401.5099999999999,378.27000000000004,367.16999999999996,343.66,368.64,269.41,300.34999999999997,260.71,162.43,13.359411764705882,16.57176470588235,21.24705882352941,20.07375,21.827058823529413,19.271764705882354,18.9425,16.31529411764706,19.545882352941177,14.153529411764707,27,28.16,29.1,29.38,28.91,27.04,27.4,28.22,32.12,27.86,-0.21,4.92,10.68,8.67,10.66,10.67,8.27,7.15,6.32,2.28,1401.0500000000002,620.14,3183.8499999999995,18.130801470588235,32.12,-0.21,380.03999999999996,645.0600000000001,375.95000000000005,209.17999999999998,297.3,113.65999999999997,1111.4799999999998,1348.8799999999999,723.49
WIH1,2018,102.86499999999998,160.48999999999998,177.95499999999998,201.35,191.45499999999998,204.435,180.055,162.51000000000002,94.855,48.42,96.92999999999999,49.60000000000001,151.72,20.95,62.01000000000001,48.260000000000005,165.65,97.26,142.3,74.4,314.64,344.37999999999994,308.89,413.73999999999995,362.37,311.09999999999997,234.76999999999998,285.48,164.78000000000003,151.79,15.256470588235294,20.605625,20.494117647058825,23.18375,21.59941176470588,22.985,21.225625,19.507058823529412,14.72375,9.33529411764706,28.17,32.37,31.11,30.92,30.7,31.31,29.23,28.85,29.48,26.98,3.71,8.67,13.22,11.82,13,15.1,11.31,9.62,0.75,-3.05,1524.39,909.08,2891.94,18.891610294117648,32.37,-3.05,441.30999999999995,777.2950000000001,305.785,298.25,296.87,313.96000000000004,967.91,1321.9799999999998,602.0500000000001
WIH1,2019,84.84,126.685,172.87,225.13000000000002,204.18500000000003,174.11999999999998,139.75000000000003,164.04,95.655,20.560000000000002,98.35000000000001,45.82999999999999,81.95,82.28,39.61000000000001,84.28999999999999,29.500000000000004,148.72,133.14999999999998,34.550000000000004,295.3,369.7300000000001,308.27,410.88999999999993,398.7299999999999,305.76000000000005,287.46,189.46000000000004,192.76999999999998,149.69,13.755882352941176,17.50294117647059,20.437058823529412,23.524117647058823,22.30529411764706,21.080625,18.185294117647057,19.61529411764706,14.722941176470588,6.185294117647059,25.11,26.78,30.22,30.3,30.17,27.61,27.09,27.39,27.52,17.27,0.28,6.1,9.38,13.63,13.71,12.07,9.96,10.06,5.21,-2.05,1407.835,778.2299999999999,2908.0600000000004,17.73147426470588,30.3,-2.05,384.395,743.1850000000001,280.255,226.13,235.68,316.42,973.3000000000001,1402.84,531.9200000000001
WIH1,2020,57.910000000000004,166.725,152.13,225.35000000000002,206.85999999999999,175.72000000000003,190.00500000000002,103.61500000000001,73.63,50.01999999999999,90.80000000000001,64.81,59.2,113.25,56.08,43.699999999999996,42.66,100.50000000000001,16.43,19.819999999999997,327.18,404.44,404.45000000000005,388.83000000000004,378.12999999999994,344.2,325.90999999999997,216.48,207.92,183.01,11.050588235294118,19.994705882352942,19.114117647058823,24.295,22.71,20.58529411764706,22.01125,16.014117647058825,12.560588235294118,9.347058823529412,22.42,29.07,28.04,30.07,30.13,28.73,31.8,25.85,24.56,24.14,-3.33,6.96,7.31,17.22,14.24,10.68,11.15,8.09,1.25,-3.52,1401.9650000000001,607.25,3180.55,17.76827205882353,31.8,-3.52,376.765,797.9350000000001,227.265,214.81,255.68999999999997,136.75,1136.0700000000002,1437.0700000000002,607.41
WIH1,2021,127.535,170.25000000000003,182.245,197.46500000000003,218.27,202.04000000000005,223.92499999999995,160.405,148.92499999999995,94.295,26.430000000000003,19.269999999999996,75.67,57.53000000000001,19.37,66.11,39.21,17.499999999999996,37.33,46.849999999999994,327.21000000000004,417.04000000000013,338.0200000000001,344.55999999999995,354.28000000000003,303.76000000000005,299.41,250.83999999999997,238.74,159.73,16.713529411764707,19.68294117647059,21.695,22.02235294117647,23.44235294117647,22.805625,23.268823529411765,19.883125,17.766470588235293,13.515882352941178,27.67,31.99,31.88,32.88,33.76,30.82,31.78,31.4,29.72,25.95,0.24,1.17,9.57,12.26,13.44,13.31,12.07,9.91,6.71,-1.1,1725.355,405.27,3033.5900000000006,20.079610294117646,33.76,-1.1,480.03000000000003,841.7,403.62499999999994,121.37,182.22,101.67999999999999,1082.2700000000004,1302.01,649.31
WIH1,2022,133.53,128.85999999999999,180.10000000000002,212.755,201.625,205.235,175.865,162.09500000000003,80.02,42.36500000000001,45.83,65.12,44.089999999999996,61.910000000000004,58.71,69.66,67.78,104.5,13.959999999999999,15.18,332.8299999999999,324.41,419.50999999999993,369.02,363.45,320.2999999999999,289.82,232.79000000000005,231.00000000000003,189.57,17.38470588235294,17.874117647058824,21.931875,22.854705882352942,23.105,22.570588235294117,21.025000000000002,19.305882352941175,13.071875,7.619411764705882,29.09,28.33,32.39,31.16,33.23,33.72,28.76,28.68,29.29,21.96,4.28,9.6,10.21,13.77,13.74,13.37,13.61,10.3,1.89,-4.92,1522.45,546.7399999999999,3072.7000000000003,18.67431617647059,33.72,-4.92,442.49,795.48,284.48,155.04,258.06,133.64,1076.75,1342.59,653.3600000000001
WIH1,2023,100.255,153.38,159.77,214.56,225.805,212.70499999999998,200.16499999999996,170.87500000000003,162.74999999999997,52.660000000000004,33.940000000000005,5.16,16.48,31.03,101.09000000000002,57.089999999999996,7.06,35.6,48.28000000000001,66.46,339.02000000000004,440.45999999999987,430.65,387.54,388.17999999999995,357.25999999999993,351.78999999999996,270.26,191.79,177.02999999999997,14.547777777777778,18.824117647058824,19.16,22.906470588235294,22.99888888888889,22.57,22.348823529411764,19.540555555555557,18.845294117647057,9.99388888888889,26.41,29.33,31.65,32.91,33.69,31,38.64,35.98,30.38,24.95,-0.72,3.81,6.08,12.78,12.37,12.7,9.42,8.45,7.35,1.7,1652.925,402.19000000000005,3333.9799999999996,19.173581699346407,38.64,-0.72,413.405,853.2349999999999,386.285,55.58000000000001,196.27,150.34,1210.1299999999999,1484.77,639.0799999999999
WIH2,2015,97.22499999999997,132.87,128.99,149.05,194.57499999999996,191.39,128.91000000000003,166.255,132.23499999999999,60.45,75.69999999999999,78.11,33.21,66.1,20.15,24.290000000000003,71.86,43.97,82.07000000000001,2.69,318.34000000000003,299.6,324.49,300.4,356.25,310.7900000000001,196.51,253.86,234.34000000000006,188.76999999999998,15.326666666666666,19.201333333333334,18.949333333333332,21.050714285714285,23.342,23.339333333333332,19.056428571428572,21.059333333333335,18.408,11.752666666666666,27.08,29.53,27.21,30.46,31.97,34.79,29.88,33.33,29.31,25.24,2.3,8.41,8.22,9.95,13.95,13.11,9.7,6.65,7.31,1.79,1381.9499999999998,498.15,2783.3500000000004,19.148580952380954,34.79,1.79,359.085,663.925,358.94,187.02,182.4,128.73000000000002,942.4300000000001,1163.95,676.97
WIH2,2016,139.605,154,160.54999999999998,196.755,203.625,182.13,159.04499999999996,136.13000000000002,74.85499999999998,57.98500000000001,72.17,68.88000000000002,62.17,63.9,36,85.63,90.02,88.45,23.57,27.84,363.62,345.19,408.88,313.31999999999994,352.03999999999996,276.10999999999996,256.7,208.67,164.65,163.66000000000003,18.833125,20.751333333333335,20.636875,23.485333333333333,22.9625,22.392,20.562666666666665,18.4975,13.725333333333333,11.115625,25.88,29.4,29.25,31.24,30.94,31.6,30.39,26.08,25.09,24.82,7.43,11.48,10.89,12.01,14.8,10.99,10.17,9.79,1.26,-0.16,1464.68,618.6300000000001,2852.8399999999997,19.296229166666667,31.6,-0.16,454.155,741.555,268.97,203.22000000000003,275.55,139.86,1117.69,1198.1699999999998,536.98
WIH2,2017,94.964999999999975,168.575,151.72999999999996,201.82999999999996,176.625,155.88500000000002,120.00000000000001,176.25499999999997,95.58499999999998,22.755000000000003,74.36999999999999,66.01,103.11,98.05,41.16000000000001,34.4,39.71,36.93000000000001,76.45,32.76,328.14000000000004,459.89,379.28999999999996,400.77000000000004,390,330.47,300.56999999999994,286.90999999999997,173.62,124.3,14.54888888888889,19.641666666666666,18.572222222222223,21.656666666666666,20.051111111111112,18.836111111111112,16.09722222222222,19.37,14.077777777777778,5.199999999999999,26.83,28.98,27.9,29.21,27.37,27.62,27.05,31.52,27.86,23.58,3,8.65,8.32,10.5,10.35,8.26,7.15,5.69,2.76,-5.53,1364.205,602.95,3173.96,16.80516666666667,31.52,-5.53,415.2699999999999,654.3399999999999,294.5949999999999,243.49,213.32000000000002,146.14000000000001,1167.32,1421.81,584.8299999999999
WIH2,2018,149.44,149.94500000000002,163.65999999999997,198.71499999999997,161.39999999999998,205.60500000000005,173.70000000000002,133.54,72.63000000000001,36.28,49.27,92.61999999999999,49.64,38.519999999999996,45.38,80.3,240.76,34.150000000000006,102.64000000000001,68.34,310.4,312.94000000000005,315.32000000000005,390.34000000000003,299.75000000000006,273.64,220.87999999999997,264.72,150.06000000000003,141.63000000000002,19.513125,20.200666666666667,21.194666666666667,22.964375,21.080000000000002,23.949333333333332,20.953125,18.697333333333333,13.389333333333333,8.2125,32.68,30.89,31.01,30.85,28.83,32.09,28.87,29.57,26.89,24.42,6.75,8.51,12.66,12.25,12.77,15.73,10.98,8.32,0.66,-3.46,1444.9150000000002,801.62,2679.68,19.015445833333334,32.68,-3.46,463.04499999999996,739.4200000000001,242.45000000000002,191.52999999999997,404.96,205.13000000000002,938.6600000000001,1184.6100000000001,556.4100000000001
WIH2,2019,123.87000000000003,202.47,216.80999999999995,193.05,166.89499999999995,133.60500000000002,149.925,38.995000000000005,10.655000000000003,0,45.64,105.84,62.73,60.379999999999995,50.99,86.35999999999999,123.86000000000001,63.94,42.739999999999995,29.51,365.79999999999995,342.24000000000007,410.46,401.5,305.79,228.49999999999997,204.66,168.01999999999998,129.72,112.99,16.870555555555555,22.18235294117647,23.091764705882355,21.699411764705882,19.411666666666665,18.056470588235296,18.77294117647059,8.753529411764706,3.1435294117647055,-3.096111111111111,26.34,29.79,30.53,28.92,26.85,26.68,28.07,20.51,16.94,7.72,4.92,10.36,14.09,11.84,10.56,9.26,8.41,-2.21,-7.2,-16.62,1236.2749999999999,671.99,2669.6799999999994,14.888611111111112,30.53,-16.62,543.15,643.4749999999999,49.650000000000006,214.21,321.59000000000003,136.19,1118.5,1140.45,410.73
WIH2,2020,106.64,141.78000000000003,188.11499999999998,225.52500000000003,178.36,178.875,172.405,87.77499999999999,67.29,12.889999999999999,114.45,60.42,59.38,97.19999999999999,33.8,20.770000000000003,95.8,60.269999999999996,18.23,93.93,296.49,445.37000000000006,390.2,393.9,365.77999999999986,351.35,305.05,202.78,195.33999999999997,141.27999999999997,15.789411764705882,18.098823529411764,21.495882352941177,23.56823529411765,20.99235294117647,21.3475,20.26529411764706,14.206470588235295,11.982941176470588,3.835882352941176,27.03,29.29,29.81,30.29,30.24,28.91,32.67,25.65,24.1,17.02,-0.35,6.16,9.62,15.67,10.68,12.57,8.14,3.57,0.13,-4.77,1359.6550000000002,654.25,3087.54,17.158279411764706,32.67,-4.77,436.53499999999997,755.165,167.95499999999998,234.25,247.57,172.43,1132.0600000000002,1416.0799999999997,539.4
WIH2,2021,157.425,194.085,177.675,213.85,189.14000000000001,219.385,137.79500000000002,144.2,109.505,18.45,25.560000000000002,86.39999999999999,41.46999999999999,61.17,85.36000000000001,44.71,25.92,36.589999999999996,30.04,13.68,407.11,380.20000000000005,331.92999999999995,341.76,290.01000000000005,329.8,240.26999999999995,266.75,149.13000000000002,151.41,18.804117647058824,21.948823529411765,21.5425,23.222941176470588,21.974375000000002,23.078823529411764,18.613125,17.59,15.328125,6.010588235294118,31.41,32.08,32.46,33.1,30.11,31.09,30.33,30.86,25.71,21.95,1.15,9.06,11.75,13.77,12.6,12.96,9.65,6.09,3.12,-4.06,1561.51,450.9,2888.37,18.811341911764707,33.1,-4.06,529.185,760.1700000000001,272.155,153.42999999999998,217.16000000000003,80.31,1119.24,1201.84,567.29
WIH2,2022,137.34500000000003,214.945,233.29999999999995,244.075,209.60000000000002,183.855,115.17999999999999,53.395,67.015,0,101.58,58.279999999999994,61.13999999999999,93.13,49.28,112.24000000000001,18.310000000000002,16.45,78.26000000000002,13.499999999999998,369.87,487.44999999999993,400.37,428.59000000000003,340.3099999999999,280.53,273.32,218.04999999999998,163.09000000000003,112.78999999999999,16.7815,21.89421052631579,22.77578947368421,23.59842105263158,21.065263157894737,19.64263157894737,14.640526315789474,8.288947368421052,10.165263157894737,-1.4557894736842107,28.58,32.41,31.85,33.72,30.51,30.07,28.8,23.58,23.13,9.58,4.91,10.3,13.58,13.47,13.51,9.52,1.26,-4.89,-1.75,-14.91,1458.71,602.17,3074.3700000000003,15.739676315789474,33.72,-14.91,585.5899999999999,752.7099999999999,120.41,220.99999999999997,272.96000000000004,108.21000000000002,1257.69,1322.7499999999998,493.92999999999995
WIH2,2023,137.145,174.16000000000003,252.09499999999997,243.99,238.38499999999996,241.69000000000003,168.775,107.29,46.565,13.13,10.77,29.02,26.699999999999996,87.91999999999999,74.64999999999999,8.42,64.69,56.18000000000001,28.270000000000007,20,491.4699999999999,463.61,467.26000000000005,440.59999999999997,419.94,370.56,247.11999999999995,235.09999999999994,147.52,150.55999999999997,15.688571428571429,18.7775,23.127,22.6925,22.217,22.8855,17.8255,13.18,7.1865,2.3234999999999997,29.62,29.35,32.7,34.18,31.76,38.91,27.97,31.44,25.01,17.19,2.94,5.52,12.06,11.89,10.97,9.93,7.63,1.93,-6.01,-11.99,1623.2250000000004,406.61999999999995,3433.7399999999993,16.590357142857144,38.91,-11.99,563.4000000000001,892.84,166.985,66.49,235.67999999999998,104.45000000000002,1422.34,1478.2199999999998,533.18
WIH3,2020,152.02499999999998,143.215,227.33000000000004,197.625,172.73499999999996,190.07500000000002,87.89,72.005,40.709999999999994,28.424999999999997,81.86000000000001,101.05000000000001,63.72,46.080000000000005,21.48,77.27000000000001,60.219999999999985,23.62,22.73,78.76000000000002,397.9,387.07,405.77000000000004,360.80999999999995,351.0799999999999,322.89,231.03999999999996,200.67000000000002,179.40999999999997,160.79,18.49,18.45,23.671176470588236,22.04,20.55764705882353,21.32764705882353,14.725882352941177,12.33235294117647,8.175882352941176,4.054444444444445,29.43,28.22,29.84,30.34,27.99,30.97,25.08,25.76,22.92,21,5.28,6.43,11.65,13.71,9.72,11.02,5.88,-0.12,-4.74,-5.18,1312.035,576.7900000000001,2997.43,16.382503267973856,30.97,-5.18,522.57,648.3249999999999,141.14,246.63000000000002,205.05,125.11000000000001,1190.74,1265.8199999999997,540.87
WIH3,2021,55.28500000000001,113.845,190.91500000000002,164.59500000000006,163.15999999999997,182.64,181.55499999999998,179.91500000000002,126.82000000000001,118.80999999999999,34.24,53.33,10.040000000000001,122.84999999999998,93.13000000000001,35.8,89.42999999999999,82.48,11.8,29.75,342.12,263.15999999999997,419.77000000000004,331.88,364.54,339.1,285.76000000000005,270.34000000000003,262.79999999999995,213.33999999999997,10.835,16.41375,22.3075,20.57,20.7225,21.880625,21.646875,21.433125,17.905625,16.448125,26.48,27.8,31.27,30.29,30.68,30.31,30.22,29.37,29.25,28.47,-0.99,0.91,7.75,9.18,10.99,13.31,11.47,11.27,7.86,5.83,1477.54,562.8499999999999,3092.8100000000004,19.0163125,31.27,-0.99,360.045,691.9499999999999,425.545,97.61,341.21,124.03,1025.05,1321.28,746.48
WIH3,2022,102.32500000000002,129.755,199.33000000000004,199.015,199.46,180.44,167.46499999999997,107.14999999999999,59.86499999999998,49.074999999999996,61.54,93.89000000000001,30.28,54.030000000000015,88.91000000000001,37.63,79.81,43.02999999999999,14.709999999999999,14.09,330.42,365.69000000000005,382.25,371.29,363.56999999999994,305.32,278.55,225.43,204.76000000000002,175.94,15.592941176470589,18.14,22.054117647058824,22.225882352941177,22.474117647058822,20.744117647058825,19.838823529411766,15.525294117647059,10.241764705882353,8.23,28.51,32,31.45,31.73,32.64,29.25,29.92,27.18,23.36,23.11,3.97,8.15,11.4,13.27,13.01,13.49,9.29,1.12,-1.7,-4.46,1393.88,517.92,3003.2200000000003,17.506705882352943,32.64,-4.46,431.4100000000001,746.3799999999999,216.08999999999997,185.71,260.38,71.82999999999998,1078.3600000000001,1318.7299999999998,606.1300000000001
WIH3,2023,84.83000000000001,160.655,170.51500000000004,231.01999999999998,254.87999999999997,236.29000000000002,189.77000000000004,185.07500000000002,51.71500000000002,26.125,46.20000000000001,6.99,50.010000000000005,39.59,59.69999999999999,64.15,19.91,48.43,82.56,30.56,331.65,493.72,442.57000000000005,445.02,463.90000000000003,379.63999999999993,322.30000000000007,211.14000000000004,183.54000000000002,146.39,11.77,17.475,18.7265,21.9105,22.63095238095238,22.237,19.776,18.8795,9.647,4.871904761904762,24.89,29.44,30.7,31.36,32.87,37.47,36.8,31.12,23.92,19.72,-1.65,2.69,5.13,11.66,11.56,10.81,7.11,9.62,1.24,-6.32,1590.875,448.1,3419.87,16.792435714285713,37.47,-6.32,416.00000000000006,911.96,262.915,103.20000000000002,183.35,161.55,1267.94,1610.8600000000001,541.07
